[
    {
        "url": "http://localhost/api/v2/form-definitions/6676a882-6364-4b5a-9709-281dff85dc76",
        "uuid": "6676a882-6364-4b5a-9709-281dff85dc76",
        "name": "Woning",
        "slug": "woning",
        "configuration": {
            "display": "form",
            "components": [
                {
                    "label": "Waarvoor wilt u een lening aanvragen?",
                    "optionsLabelPosition": "right",
                    "inline": false,
                    "tableView": false,
                    "values": [
                        {
                            "label": "voor een woning die al bestaat",
                            "value": "bestaandeWoning",
                            "shortcut": ""
                        },
                        {
                            "label": "een monument",
                            "value": "monument",
                            "shortcut": ""
                        }
                    ],
                    "validate": {
                        "required": true
                    },
                    "key": "waarvoorWiltUEenLeningAanvragen",
                    "type": "radio",
                    "input": true
                },
                {
                    "label": "Naam Vve",
                    "tableView": true,
                    "validate": {
                        "required": true
                    },
                    "key": "naamVve",
                    "customConditional": "show = data.bsn && data.bsn.length > 0;",
                    "type": "textfield",
                    "input": true,
                    "prefill": {
                        "plugin": "",
                        "attribute": "",
                        "identifierRole": "main"
                    }
                },
                {
                    "label": "Adres VvE",
                    "disablestreetcity": false,
                    "validate": {
                        "required": true
                    },
                    "tableView": true,
                    "key": "adres",
                    "type": "adres",
                    "input": true
                },
                {
                    "label": "Uit hoeveel woningen bestaat de Vereniging van Eigenaren (VvE)?",
                    "optionsLabelPosition": "right",
                    "inline": false,
                    "tableView": false,
                    "values": [
                        {
                            "label": "uit maximaal 7 woningen",
                            "value": "a",
                            "shortcut": ""
                        },
                        {
                            "label": "uit 8 woningen of meer",
                            "value": "b",
                            "shortcut": ""
                        }
                    ],
                    "validate": {
                        "required": true
                    },
                    "key": "uitHoeveelWoningenVvE",
                    "type": "radio",
                    "input": true
                },
                {
                    "label": "Wilt u een lening aanvragen met NHG-borg?",
                    "optionsLabelPosition": "right",
                    "description": "Klik&nbsp<a href=\"http://www.svn.nl/toekomstbestendig-wonen-gelderland\" target=\"_blank\" >hier</a>&nbspvoor informatie over NHG-borg?",
                    "inline": false,
                    "tableView": false,
                    "values": [
                        {
                            "label": "ja",
                            "value": "ja",
                            "shortcut": ""
                        },
                        {
                            "label": "nee",
                            "value": "nee",
                            "shortcut": ""
                        }
                    ],
                    "validate": {
                        "required": true
                    },
                    "key": "wiltUEenLeningAanvragenMetNbspAHrefHttpWwwSvnNlToekomstbestendigWonenGelderlandTargetBlankNhgBorgA",
                    "type": "radio",
                    "input": true
                },
                {
                    "label": "Columns",
                    "columns": [
                        {
                            "components": [],
                            "width": 3,
                            "offset": 0,
                            "push": 0,
                            "pull": 0,
                            "size": "sm",
                            "currentWidth": 3
                        },
                        {
                            "components": [],
                            "width": 6,
                            "offset": 0,
                            "push": 0,
                            "pull": 0,
                            "size": "md",
                            "currentWidth": 6
                        }
                    ],
                    "key": "columns2",
                    "type": "columns",
                    "input": false,
                    "tableView": false
                }
            ]
        }
    },
    {
        "url": "http://localhost/api/v2/form-definitions/716f18fb-0a19-43f9-aea1-3bb165da9d06",
        "uuid": "716f18fb-0a19-43f9-aea1-3bb165da9d06",
        "name": "Maatregelen",
        "slug": "maatregelen",
        "configuration": {
            "display": "form",
            "components": [
                {
                    "label": "Maatregelen",
                    "attrs": [
                        {
                            "attr": "",
                            "value": ""
                        }
                    ],
                    "content": "Aan het einde van het formulier moet u offertes en/of prijsopgaven uploaden. In de offertes staat:\n<ul><li>De datum waarop de offerte gemaakt is. De offerte moet nog geldig zijn</li>\n<li>Het adres van de VvE</li>\n<li>De adressen waar u de maatregelen laat uitvoeren</li>\n<li>Bij isolatiemaatregelen:\n<ul><li>Rd-waarde bij dak-, gevel-, spouwmuur- en vloer-/bodemisolatie</li>\n<li>Alleen voor isolatiemateriaal en het plaatsen daarvan kunt u een lening aanvragen. Deze kosten moeten duidelijk in de offerte staan</li>\n<li>Het aantal m2 hoogrendementsglas (HR++/HR+++) en waar u dit laat plaatsen (u kunt met de lening alleen 1 op 1 vervangen)</li>\n<li>Als u witte dakbedekking wilt, moet u dit duidelijk in de offerte laten zetten</li></ul></li></ul>",
                    "refreshOnChange": false,
                    "key": "maatregelen",
                    "type": "content",
                    "input": false,
                    "tableView": false,
                    "html": "Aan het einde van het formulier moet u offertes en/of prijsopgaven uploaden. In de offertes staat:\n<ul><li>De datum waarop de offerte gemaakt is. De offerte moet nog geldig zijn</li>\n<li>Het adres van de VvE</li>\n<li>De adressen waar u de maatregelen laat uitvoeren</li>\n<li>Bij isolatiemaatregelen:\n<ul><li>Rd-waarde bij dak-, gevel-, spouwmuur- en vloer-/bodemisolatie</li>\n<li>Alleen voor isolatiemateriaal en het plaatsen daarvan kunt u een lening aanvragen. Deze kosten moeten duidelijk in de offerte staan</li>\n<li>Het aantal m2 hoogrendementsglas (HR++/HR+++) en waar u dit laat plaatsen (u kunt met de lening alleen 1 op 1 vervangen)</li>\n<li>Als u witte dakbedekking wilt, moet u dit duidelijk in de offerte laten zetten</li></ul></li></ul>"
                },
                {
                    "label": "Welke maatregelen gaat u uitvoeren?",
                    "optionsLabelPosition": "right",
                    "tableView": false,
                    "defaultValue": {
                        "energiebesparendeMaatregelen": true
                    },
                    "values": [
                        {
                            "label": "energiebesparende maatregelen (verplicht)",
                            "value": "energiebesparendeMaatregelen",
                            "shortcut": ""
                        }
                    ],
                    "validate": {
                        "required": true,
                        "onlyAvailableItems": false
                    },
                    "key": "welkeMaatregelenGaatUUitvoeren",
                    "type": "selectboxes",
                    "input": true,
                    "inputType": "checkbox"
                },
                {
                    "label": "levensloopbestendige maatregelen: woning aanpassen voor het ouder worden",
                    "tableView": false,
                    "defaultValue": false,
                    "key": "levensloopbestendigeMaatregelen",
                    "type": "checkbox",
                    "input": true
                },
                {
                    "label": "overige maatregelen",
                    "tableView": false,
                    "key": "overigeMaatregelen",
                    "type": "checkbox",
                    "input": true,
                    "defaultValue": false
                },
                {
                    "label": "Overzicht van energiemaatregelen",
                    "attrs": [
                        {
                            "attr": "",
                            "value": ""
                        }
                    ],
                    "content": "Bekijk het <a href=\"http://app5.nijmegen.nl/diensten/energiebesparende-maatregelen\" target=\"_blank\">complete overzicht van energiemaatregelen</a>",
                    "refreshOnChange": false,
                    "key": "overzichtVanEnergiemaatregelen",
                    "type": "content",
                    "input": false,
                    "tableView": false,
                    "html": "Bekijk het <a href=\"http://app5.nijmegen.nl/diensten/energiebesparende-maatregelen\" target=\"_blank\">complete overzicht van energiemaatregelen</a>"
                },
                {
                    "label": "Energiebesparende maatregelen",
                    "optionsLabelPosition": "right",
                    "tableView": false,
                    "values": [
                        {
                            "label": "energieadvies en -monitoring",
                            "value": "energieadviesEnMonitoring",
                            "shortcut": ""
                        },
                        {
                            "label": "isolatie",
                            "value": "isolatie",
                            "shortcut": ""
                        },
                        {
                            "label": "energie opwekken (bijvoorbeeld zonnepanelen of een windturbine plaatsen)",
                            "value": "energieOpwekken",
                            "shortcut": ""
                        },
                        {
                            "label": "verwarmen van uw woning (bijvoorbeeld een zonneboiler of warmtepompsysteem plaatsen)",
                            "value": "verwarmenVanUwWoning",
                            "shortcut": ""
                        },
                        {
                            "label": "warm water",
                            "value": "warmWater",
                            "shortcut": ""
                        },
                        {
                            "label": "ventilatie",
                            "value": "ventilatie",
                            "shortcut": ""
                        },
                        {
                            "label": "waterbesparing van klimaatadaptie (bijvoorbeeld een groendak, groene gevel plaatsen of het opvangen van regenwater op uw grond)",
                            "value": "waterbesparingVanKlimaatadaptie",
                            "shortcut": ""
                        }
                    ],
                    "validate": {
                        "required": true,
                        "onlyAvailableItems": false
                    },
                    "key": "energiebesparendeMaatregelen",
                    "type": "selectboxes",
                    "input": true,
                    "inputType": "checkbox"
                },
                {
                    "label": "Overzicht van levensloopbestendige maatregelen",
                    "attrs": [
                        {
                            "attr": "",
                            "value": ""
                        }
                    ],
                    "content": "Bekijk het <a href=\"http://app5.nijmegen.nl/diensten/levensloopbestendige-maatregelen\" target=\"_blank\">complete overzicht van levensloopbestendige maatregelen</a>",
                    "refreshOnChange": false,
                    "key": "overzichtVanLevensloopbestendigeMaatregelen",
                    "type": "content",
                    "input": false,
                    "tableView": false,
                    "html": "Bekijk het <a href=\"http://app5.nijmegen.nl/diensten/levensloopbestendige-maatregelen\" target=\"_blank\">complete overzicht van levensloopbestendige maatregelen</a>"
                },
                {
                    "label": "Levensloopbestendige maatregelen",
                    "optionsLabelPosition": "right",
                    "tableView": false,
                    "values": [
                        {
                            "label": "bouwkundige aanpassingen (Bijvoorbeeld slaapkamer en badkamer op de begane grond of deuren verbreden)",
                            "value": "bouwkundigeAanpassingen",
                            "shortcut": ""
                        },
                        {
                            "label": "toegankelijkheid (bijvoorbeeld drempels verlagen of wandbeugels plaatsen)",
                            "value": "toegankelijkheid",
                            "shortcut": ""
                        },
                        {
                            "label": "elektra/installaties",
                            "value": "elektraInstallaties",
                            "shortcut": ""
                        },
                        {
                            "label": "trap (bijvoorbeeld traplift of een tweede trapleuning plaatsen)",
                            "value": "trap",
                            "shortcut": ""
                        },
                        {
                            "label": "badkamer en toilet",
                            "value": "badkamerEnToilet",
                            "shortcut": ""
                        },
                        {
                            "label": "keuken",
                            "value": "keuken",
                            "shortcut": ""
                        },
                        {
                            "label": "automatiseren (domotica) (bijvoorbeeld het voorprogrammeren van een oven, openen van deuren via uw mobiele telefoon of ramen automatisch laten sluiten",
                            "value": "automatiserenDomotica",
                            "shortcut": ""
                        },
                        {
                            "label": "verlichting",
                            "value": "verlichting",
                            "shortcut": ""
                        },
                        {
                            "label": "beveiliging",
                            "value": "beveiliging",
                            "shortcut": ""
                        },
                        {
                            "label": "telecommunicatie (bijvoorbeeld een wandscherm of geluidbox plaatsen waarop u alles kunt zien en horen van televisie, radio, video, telefoon en/of computer)",
                            "value": "telecommunicatieBijvoorbeeldEenWandschermOfGeluidboxPlaatsenWaaropUAllesKuntZienEnHorenVanTelevisieRadioVideoTelefoonEnOfComputer",
                            "shortcut": ""
                        }
                    ],
                    "validate": {
                        "required": true,
                        "onlyAvailableItems": false
                    },
                    "key": "levensloopbestendigeMaatregelen1",
                    "type": "selectboxes",
                    "input": true,
                    "inputType": "checkbox"
                },
                {
                    "label": "Overige maatregelen",
                    "optionsLabelPosition": "right",
                    "tableView": false,
                    "values": [
                        {
                            "label": "asbest verwijderen door een gecertificeerd asbestsaneringsbedrijf (asbestsanering)",
                            "value": "asbestVerwijderen",
                            "shortcut": ""
                        },
                        {
                            "label": "sloop van bijgebouwen in slechte staat",
                            "value": "sloop",
                            "shortcut": ""
                        },
                        {
                            "label": "herstel van de fundering/basis waarop uw woning is gebouwd",
                            "value": "herstel",
                            "shortcut": ""
                        }
                    ],
                    "validate": {
                        "required": true,
                        "onlyAvailableItems": false
                    },
                    "key": "overigeMaatregelen1",
                    "type": "selectboxes",
                    "input": true,
                    "inputType": "checkbox"
                },
                {
                    "label": "Datum planning start werk",
                    "placeholder": "dag-maand-jaar",
                    "tableView": false,
                    "enableMinDateInput": false,
                    "datePicker": {
                        "disableWeekends": false,
                        "disableWeekdays": false
                    },
                    "enableMaxDateInput": false,
                    "timePicker": {
                        "hourStep": "",
                        "minuteStep": "",
                        "showMeridian": false
                    },
                    "validate": {
                        "required": true
                    },
                    "key": "datumPlanningStartWerk",
                    "type": "datetime",
                    "input": true,
                    "widget": {
                        "type": "calendar",
                        "displayInTimezone": "viewer",
                        "locale": "nl",
                        "useLocaleSettings": false,
                        "allowInput": true,
                        "mode": "single",
                        "enableTime": false,
                        "noCalendar": false,
                        "format": "dd-MM-yyyy",
                        "time_24hr": true,
                        "minDate": null,
                        "disableWeekends": false,
                        "disableWeekdays": false,
                        "maxDate": null
                    }
                },
                {
                    "label": "Datum planning werk af",
                    "placeholder": "dag-maand-jaar",
                    "tableView": false,
                    "enableMinDateInput": false,
                    "datePicker": {
                        "disableWeekends": false,
                        "disableWeekdays": false
                    },
                    "enableMaxDateInput": false,
                    "timePicker": {
                        "hourStep": "",
                        "minuteStep": "",
                        "showMeridian": false
                    },
                    "validate": {
                        "required": true
                    },
                    "key": "datumPlanningWerkAf",
                    "type": "datetime",
                    "input": true,
                    "widget": {
                        "type": "calendar",
                        "displayInTimezone": "viewer",
                        "locale": "nl",
                        "useLocaleSettings": false,
                        "allowInput": true,
                        "mode": "single",
                        "enableTime": false,
                        "noCalendar": false,
                        "format": "dd-MM-yyyy",
                        "time_24hr": true,
                        "minDate": null,
                        "disableWeekends": false,
                        "disableWeekdays": false,
                        "maxDate": null
                    }
                },
                {
                    "label": "Heeft u voor uw bouwactiviteiten een vergunning nodig?",
                    "optionsLabelPosition": "right",
                    "inline": false,
                    "tableView": false,
                    "values": [
                        {
                            "label": "ja",
                            "value": "ja",
                            "shortcut": ""
                        },
                        {
                            "label": "nee",
                            "value": "nee",
                            "shortcut": ""
                        }
                    ],
                    "validate": {
                        "required": true
                    },
                    "key": "heeftUVoorUwBouwactiviteitenEenVergunningNodig",
                    "type": "radio",
                    "input": true
                },
                {
                    "html": "<p>U kunt deze lening alleen aanvragen als u de vergunning heeft. Aan het einde van dit formulier moet u de vergunning uploaden.</p>",
                    "label": "Content",
                    "refreshOnChange": false,
                    "key": "content2",
                    "type": "content",
                    "input": false,
                    "tableView": false
                },
                {
                    "label": "Columns",
                    "columns": [
                        {
                            "components": [],
                            "width": 3,
                            "offset": 0,
                            "push": 0,
                            "pull": 0,
                            "size": "sm",
                            "currentWidth": 3
                        },
                        {
                            "components": [],
                            "width": 6,
                            "offset": 0,
                            "push": 0,
                            "pull": 0,
                            "size": "md",
                            "currentWidth": 6
                        }
                    ],
                    "key": "columns3",
                    "type": "columns",
                    "input": false,
                    "tableView": false
                }
            ]
        }
    },
    {
        "url": "http://localhost/api/v2/form-definitions/60ccff19-7d97-418d-b522-ff9ea6ead2de",
        "uuid": "60ccff19-7d97-418d-b522-ff9ea6ead2de",
        "name": "Bijlage(n)",
        "slug": "bijlagen",
        "configuration": {
            "display": "form",
            "components": [
                {
                    "label": "Toevoegen",
                    "description": "Toegestaan zijn .jpg, .png, .jpeg of .pdf documenten die niet groter zijn dan 20MB.",
                    "tableView": false,
                    "storage": "url",
                    "webcam": false,
                    "fileTypes": [
                        {
                            "label": "",
                            "value": ""
                        }
                    ],
                    "filePattern": ".jpg,.png,.jpeg,.pdf",
                    "fileMinSize": "1KB",
                    "fileMaxSize": "20MB",
                    "multiple": true,
                    "validate": {
                        "required": true,
                        "customMessage": "U moet een bijlage(n) meesturen."
                    },
                    "key": "toevoegen",
                    "type": "file",
                    "url": "/cloud/s3",
                    "input": true
                },
                {
                    "html": "<p>Ik heb deze bijlage(n) toegevoegd:</p>",
                    "label": "Content",
                    "refreshOnChange": false,
                    "key": "content4",
                    "type": "content",
                    "input": false,
                    "tableView": false
                },
                {
                    "label": "Kopie inschrijving KvK",
                    "tableView": false,
                    "validate": {
                        "required": true
                    },
                    "key": "kopieInschrijvingKvK",
                    "type": "checkbox",
                    "input": true,
                    "defaultValue": false
                },
                {
                    "label": "Kopie offerte(s) van de maatregelen die u gaat uitvoeren",
                    "tableView": false,
                    "validate": {
                        "required": true
                    },
                    "key": "kopieOfferteSVanDeMaatregelenDieUGaatUitvoeren",
                    "type": "checkbox",
                    "input": true,
                    "defaultValue": false
                },
                {
                    "label": "Kopie omgevingsvergunning als u die nodig heeft",
                    "tableView": false,
                    "validate": {
                        "required": true
                    },
                    "key": "kopieOmgevingsvergunningAlsUDieNodigHeeft",
                    "type": "checkbox",
                    "input": true,
                    "defaultValue": false
                },
                {
                    "label": "Columns",
                    "columns": [
                        {
                            "components": [],
                            "width": 3,
                            "offset": 0,
                            "push": 0,
                            "pull": 0,
                            "size": "sm",
                            "currentWidth": 3
                        },
                        {
                            "components": [],
                            "width": 6,
                            "offset": 0,
                            "push": 0,
                            "pull": 0,
                            "size": "md",
                            "currentWidth": 6
                        }
                    ],
                    "key": "columns5",
                    "type": "columns",
                    "input": false,
                    "tableView": false
                }
            ]
        }
    },
    {
        "url": "http://localhost/api/v2/form-definitions/267138ae-8eb3-4b5c-8f74-59149b87a832",
        "uuid": "267138ae-8eb3-4b5c-8f74-59149b87a832",
        "name": "Uw gegevens",
        "slug": "uw-gegevens",
        "configuration": {
            "display": "form",
            "components": [
                {
                    "components": [
                        {
                            "label": "Naam",
                            "customClass": "naamingelogdegebruikerfieldnonhidden nonhiddenfield",
                            "tableView": true,
                            "persistent": false,
                            "key": "naamIngelogdeGebruiker",
                            "type": "textfield",
                            "input": true,
                            "prefill": {
                                "plugin": "haalcentraal",
                                "attribute": "verblijfplaats.huisnummer",
                                "identifierRole": "main"
                            }
                        },
                        {
                            "label": "Straatnaam",
                            "customClass": "straatnaamfieldnonhidden nonhiddenfield",
                            "tableView": true,
                            "persistent": false,
                            "key": "straatnaam",
                            "type": "textfield",
                            "input": true,
                            "prefill": {
                                "plugin": "haalcentraal",
                                "attribute": "verblijfplaats.woonplaats",
                                "identifierRole": "main"
                            }
                        },
                        {
                            "label": "Huisnummer",
                            "customClass": "huisnummerfieldnonhidden nonhiddenfield",
                            "tableView": true,
                            "persistent": false,
                            "key": "huisnummerfield",
                            "type": "textfield",
                            "input": true,
                            "prefill": {
                                "plugin": "haalcentraal",
                                "attribute": "verblijfplaats.huisnummer",
                                "identifierRole": "main"
                            }
                        },
                        {
                            "label": "Postcode",
                            "customClass": "postcodefieldnonhidden nonhiddenfield",
                            "tableView": true,
                            "persistent": false,
                            "key": "postcode",
                            "type": "textfield",
                            "input": true,
                            "prefill": {
                                "plugin": "haalcentraal",
                                "attribute": "verblijfplaats.huisnummer",
                                "identifierRole": "main"
                            }
                        },
                        {
                            "label": "Woonplaats",
                            "customClass": "woonplaatsfieldnonhidden nonhiddenfield",
                            "tableView": true,
                            "persistent": false,
                            "key": "woonplaats",
                            "type": "textfield",
                            "input": true,
                            "prefill": {
                                "plugin": "haalcentraal",
                                "attribute": "verblijfplaats.huisnummer",
                                "identifierRole": "main"
                            }
                        }
                    ],
                    "key": "fieldSet",
                    "type": "fieldset",
                    "label": "Field Set",
                    "tree": false,
                    "input": false,
                    "hidden": false,
                    "legend": "",
                    "prefix": "",
                    "suffix": "",
                    "unique": false,
                    "widget": null,
                    "dbIndex": false,
                    "overlay": {
                        "top": "",
                        "left": "",
                        "style": "",
                        "width": "",
                        "height": ""
                    },
                    "tooltip": "",
                    "disabled": false,
                    "multiple": false,
                    "redrawOn": "",
                    "tabindex": "",
                    "validate": {
                        "custom": "",
                        "unique": false,
                        "multiple": false,
                        "required": false,
                        "customPrivate": false,
                        "strictDateValidation": false
                    },
                    "autofocus": false,
                    "encrypted": false,
                    "hideLabel": false,
                    "modalEdit": false,
                    "protected": false,
                    "refreshOn": "",
                    "tableView": false,
                    "attributes": {},
                    "errorLabel": "",
                    "hideHeader": false,
                    "persistent": false,
                    "properties": {},
                    "validateOn": "change",
                    "clearOnHide": true,
                    "customClass": "",
                    "description": "",
                    "placeholder": "",
                    "defaultValue": null,
                    "dataGridLabel": false,
                    "labelPosition": "top",
                    "showCharCount": false,
                    "showWordCount": false,
                    "calculateValue": "",
                    "calculateServer": false,
                    "allowMultipleMasks": false,
                    "customDefaultValue": "",
                    "allowCalculateOverride": false,
                    "originalFormName": "nonhiddenfieldsform1"
                },
                {
                    "label": "Volledig postbusadres",
                    "applyMaskOn": "change",
                    "tableView": true,
                    "calculateValue": "value = data.volledigadres;",
                    "key": "volledigPostbusadres",
                    "customConditional": "show = !(_.isEmpty(data.postbusnummer));",
                    "type": "textfield",
                    "input": true,
                    "lang": "nl",
                    "prefill": {
                        "plugin": "",
                        "attribute": "",
                        "identifierRole": "main"
                    }
                },
                {
                    "label": "Bent u zelf de contactpersoon voor deze aanvraag?",
                    "optionsLabelPosition": "right",
                    "inline": false,
                    "tableView": false,
                    "values": [
                        {
                            "label": "ja",
                            "value": "ja",
                            "shortcut": ""
                        },
                        {
                            "label": "nee",
                            "value": "nee",
                            "shortcut": ""
                        }
                    ],
                    "validate": {
                        "required": true
                    },
                    "key": "bentUZelfDeContactpersoonVoorDezeAanvraag",
                    "customConditional": "show = data.bsn && data.bsn.length > 0;",
                    "type": "radio",
                    "input": true
                },
                {
                    "label": "Naam contactpersoon",
                    "tableView": true,
                    "validate": {
                        "required": true
                    },
                    "key": "naamContactpersoon",
                    "customConditional": "show = false;\n\nif (data.bentUZelfDeContactpersoonVoorDezeAanvraag == 'nee') {\n  show = true;\n} else if (data.inlogmiddel == 'eherkenning') {\n  show = true;\n} else {\n  show = false;\n}",
                    "type": "textfield",
                    "input": true,
                    "prefill": {
                        "plugin": "",
                        "attribute": "",
                        "identifierRole": "main"
                    }
                },
                {
                    "label": "E-mailadres",
                    "autocomplete": "email",
                    "tableView": true,
                    "validateOn": "blur",
                    "validate": {
                        "required": true
                    },
                    "key": "eMailadres",
                    "type": "email",
                    "input": true
                },
                {
                    "label": "Telefoonnummer",
                    "autocomplete": "tel",
                    "tableView": true,
                    "validate": {
                        "required": true
                    },
                    "key": "telefoonnummer",
                    "type": "textfield",
                    "input": true,
                    "prefill": {
                        "plugin": "",
                        "attribute": "",
                        "identifierRole": "main"
                    }
                },
                {
                    "label": "Columns",
                    "columns": [
                        {
                            "components": [],
                            "width": 3,
                            "offset": 0,
                            "push": 0,
                            "pull": 0,
                            "size": "sm",
                            "currentWidth": 3
                        },
                        {
                            "components": [],
                            "width": 6,
                            "offset": 0,
                            "push": 0,
                            "pull": 0,
                            "size": "md",
                            "currentWidth": 6
                        }
                    ],
                    "key": "columns",
                    "type": "columns",
                    "input": false,
                    "tableView": false
                }
            ]
        }
    }
]