[
    {
        "uuid": "5d250dec-3db5-4450-b316-c4f1ee65acc7",
        "name": "Lening toekomst bestendig wonen aanvragen door vv",
        "internal_name": "",
        "login_required": false,
        "authentication_backends": [],
        "slug": "leningtoekomstbestendigwonenaanvragendoorvve",
        "url": "http://localhost/api/v2/forms/5d250dec-3db5-4450-b316-c4f1ee65acc7",
        "show_progress_indicator": true,
        "maintenance_mode": false,
        "active": true,
        "is_deleted": false,
        "suspension_allowed": true,
        "send_confirmation_email": true,
        "display_main_website_link": true,
        "required_fields_with_asterisk": true,
        "resume_link_lifetime": 7,
        "hide_non_applicable_steps": true
    }
]