[
    {
        "url": "http://localhost/api/v2/form-definitions/aef5d15a-210d-4d41-9c05-9c8e1d31282e",
        "uuid": "aef5d15a-210d-4d41-9c05-9c8e1d31282e",
        "name": "Uw gegevens",
        "slug": "uw-gegevens",
        "configuration": {
            "display": "form",
            "components": [
                {
                    "id": "e5yod5d",
                    "components": [
                        {
                            "label": "Naam",
                            "customClass": "naamingelogdegebruikerfieldnonhidden nonhiddenfield",
                            "tableView": true,
                            "persistent": false,
                            "key": "naamIngelogdeGebruiker",
                            "type": "textfield",
                            "input": true,
                            "prefill": {
                                "plugin": "haalcentraal",
                                "attribute": "verblijfplaats.huisnummer",
                                "identifierRole": "main"
                            }
                        },
                        {
                            "label": "Straatnaam",
                            "customClass": "straatnaamfieldnonhidden nonhiddenfield",
                            "tableView": true,
                            "persistent": false,
                            "key": "straatnaam",
                            "type": "textfield",
                            "input": true,
                            "prefill": {
                                "plugin": "haalcentraal",
                                "attribute": "verblijfplaats.woonplaats",
                                "identifierRole": "main"
                            }
                        },
                        {
                            "label": "Huisnummer",
                            "customClass": "huisnummerfieldnonhidden nonhiddenfield",
                            "tableView": true,
                            "persistent": false,
                            "key": "huisnummerfield",
                            "type": "textfield",
                            "input": true,
                            "prefill": {
                                "plugin": "haalcentraal",
                                "attribute": "verblijfplaats.huisnummer",
                                "identifierRole": "main"
                            }
                        },
                        {
                            "label": "Postcode",
                            "customClass": "postcodefieldnonhidden nonhiddenfield",
                            "tableView": true,
                            "persistent": false,
                            "key": "postcode",
                            "type": "textfield",
                            "input": true,
                            "prefill": {
                                "plugin": "haalcentraal",
                                "attribute": "verblijfplaats.huisnummer",
                                "identifierRole": "main"
                            }
                        },
                        {
                            "label": "Woonplaats",
                            "customClass": "woonplaatsfieldnonhidden nonhiddenfield",
                            "tableView": true,
                            "persistent": false,
                            "key": "woonplaats",
                            "type": "textfield",
                            "input": true,
                            "prefill": {
                                "plugin": "haalcentraal",
                                "attribute": "verblijfplaats.huisnummer",
                                "identifierRole": "main"
                            }
                        }
                    ],
                    "key": "fieldSet-1",
                    "type": "fieldset",
                    "label": "Field Set",
                    "tree": false,
                    "input": false,
                    "hidden": false,
                    "legend": "",
                    "prefix": "",
                    "suffix": "",
                    "unique": false,
                    "widget": null,
                    "dbIndex": false,
                    "overlay": {
                        "top": "",
                        "left": "",
                        "style": "",
                        "width": "",
                        "height": ""
                    },
                    "tooltip": "",
                    "disabled": false,
                    "multiple": false,
                    "redrawOn": "",
                    "tabindex": "",
                    "validate": {
                        "custom": "",
                        "unique": false,
                        "multiple": false,
                        "required": false,
                        "customPrivate": false,
                        "strictDateValidation": false
                    },
                    "autofocus": false,
                    "encrypted": false,
                    "hideLabel": false,
                    "modalEdit": false,
                    "protected": false,
                    "refreshOn": "",
                    "tableView": false,
                    "attributes": {},
                    "errorLabel": "",
                    "hideHeader": false,
                    "persistent": false,
                    "properties": {},
                    "validateOn": "change",
                    "clearOnHide": true,
                    "customClass": "",
                    "description": "",
                    "placeholder": "",
                    "defaultValue": null,
                    "dataGridLabel": false,
                    "labelPosition": "top",
                    "showCharCount": false,
                    "showWordCount": false,
                    "calculateValue": "",
                    "calculateServer": false,
                    "allowMultipleMasks": false,
                    "customDefaultValue": "",
                    "allowCalculateOverride": false,
                    "originalFormName": "nonhiddenfieldsform1"
                },
                {
                    "label": "Telefoonnummer",
                    "tableView": true,
                    "validate": {
                        "required": true,
                        "custom": "",
                        "customPrivate": false,
                        "strictDateValidation": false,
                        "multiple": false,
                        "unique": false,
                        "minLength": "",
                        "maxLength": "",
                        "pattern": ""
                    },
                    "key": "telefoonnummer",
                    "type": "textfield",
                    "input": true,
                    "placeholder": "",
                    "prefix": "",
                    "customClass": "",
                    "suffix": "",
                    "multiple": false,
                    "defaultValue": null,
                    "protected": false,
                    "unique": false,
                    "persistent": true,
                    "hidden": false,
                    "clearOnHide": true,
                    "refreshOn": "",
                    "redrawOn": "",
                    "modalEdit": false,
                    "dataGridLabel": false,
                    "labelPosition": "top",
                    "description": "",
                    "errorLabel": "",
                    "tooltip": "",
                    "hideLabel": false,
                    "tabindex": "",
                    "disabled": false,
                    "autofocus": false,
                    "dbIndex": false,
                    "customDefaultValue": "",
                    "calculateValue": "",
                    "calculateServer": false,
                    "widget": {
                        "type": "input"
                    },
                    "attributes": {},
                    "validateOn": "change",
                    "overlay": {
                        "style": "",
                        "left": "",
                        "top": "",
                        "width": "",
                        "height": ""
                    },
                    "allowCalculateOverride": false,
                    "encrypted": false,
                    "showCharCount": false,
                    "showWordCount": false,
                    "properties": {},
                    "allowMultipleMasks": false,
                    "addons": [],
                    "mask": false,
                    "inputType": "text",
                    "inputFormat": "plain",
                    "inputMask": "",
                    "displayMask": "",
                    "spellcheck": true,
                    "truncateMultipleSpaces": false,
                    "id": "enzfakq",
                    "prefill": {
                        "plugin": "",
                        "attribute": "",
                        "identifierRole": "main"
                    }
                },
                {
                    "label": "E-mailadres",
                    "tableView": true,
                    "validate": {
                        "required": true,
                        "custom": "",
                        "customPrivate": false,
                        "strictDateValidation": false,
                        "multiple": false,
                        "unique": false,
                        "minLength": "",
                        "maxLength": "",
                        "pattern": ""
                    },
                    "key": "eMailadres",
                    "type": "email",
                    "input": true,
                    "placeholder": "",
                    "prefix": "",
                    "customClass": "",
                    "suffix": "",
                    "multiple": false,
                    "defaultValue": null,
                    "protected": false,
                    "unique": false,
                    "persistent": true,
                    "hidden": false,
                    "clearOnHide": true,
                    "refreshOn": "",
                    "redrawOn": "",
                    "modalEdit": false,
                    "dataGridLabel": false,
                    "labelPosition": "top",
                    "description": "",
                    "errorLabel": "",
                    "tooltip": "",
                    "hideLabel": false,
                    "tabindex": "",
                    "disabled": false,
                    "autofocus": false,
                    "dbIndex": false,
                    "customDefaultValue": "",
                    "calculateValue": "",
                    "calculateServer": false,
                    "widget": {
                        "type": "input"
                    },
                    "attributes": {},
                    "validateOn": "change",
                    "overlay": {
                        "style": "",
                        "left": "",
                        "top": "",
                        "width": "",
                        "height": ""
                    },
                    "allowCalculateOverride": false,
                    "encrypted": false,
                    "showCharCount": false,
                    "showWordCount": false,
                    "properties": {},
                    "allowMultipleMasks": false,
                    "addons": [],
                    "mask": false,
                    "inputType": "email",
                    "inputFormat": "plain",
                    "inputMask": "",
                    "displayMask": "",
                    "spellcheck": true,
                    "truncateMultipleSpaces": false,
                    "kickbox": {
                        "enabled": false
                    },
                    "id": "e0y5wlv"
                },
                {
                    "label": "Voor wie vraagt u dit aan?",
                    "optionsLabelPosition": "right",
                    "inline": false,
                    "tableView": false,
                    "values": [
                        {
                            "label": "Mijzelf",
                            "value": "a",
                            "shortcut": ""
                        },
                        {
                            "label": "Iemand anders",
                            "value": "b",
                            "shortcut": ""
                        }
                    ],
                    "validate": {
                        "required": true,
                        "custom": "",
                        "customPrivate": false,
                        "strictDateValidation": false,
                        "multiple": false,
                        "unique": false,
                        "onlyAvailableItems": false
                    },
                    "key": "voorWieVraagtUDitAan",
                    "type": "radio",
                    "input": true,
                    "placeholder": "",
                    "prefix": "",
                    "customClass": "",
                    "suffix": "",
                    "multiple": false,
                    "defaultValue": null,
                    "protected": false,
                    "unique": false,
                    "persistent": true,
                    "hidden": false,
                    "clearOnHide": true,
                    "refreshOn": "",
                    "redrawOn": "",
                    "modalEdit": false,
                    "dataGridLabel": false,
                    "labelPosition": "top",
                    "description": "",
                    "errorLabel": "",
                    "tooltip": "",
                    "hideLabel": false,
                    "tabindex": "",
                    "disabled": false,
                    "autofocus": false,
                    "dbIndex": false,
                    "customDefaultValue": "",
                    "calculateValue": "",
                    "calculateServer": false,
                    "widget": null,
                    "attributes": {},
                    "validateOn": "change",
                    "overlay": {
                        "style": "",
                        "left": "",
                        "top": "",
                        "width": "",
                        "height": ""
                    },
                    "allowCalculateOverride": false,
                    "encrypted": false,
                    "showCharCount": false,
                    "showWordCount": false,
                    "properties": {},
                    "allowMultipleMasks": false,
                    "addons": [],
                    "inputType": "radio",
                    "fieldSet": false,
                    "id": "e49duk95"
                },
                {
                    "label": "Geboortedatum",
                    "placeholder": "dag-maand-jaar",
                    "tableView": false,
                    "enableMinDateInput": false,
                    "datePicker": {
                        "disableWeekends": false,
                        "disableWeekdays": false,
                        "showWeeks": true,
                        "startingDay": 0,
                        "initDate": "",
                        "minMode": "day",
                        "maxMode": "year",
                        "yearRows": 4,
                        "yearColumns": 5,
                        "minDate": null,
                        "maxDate": null
                    },
                    "enableMaxDateInput": false,
                    "timePicker": {
                        "hourStep": "",
                        "minuteStep": "",
                        "showMeridian": false
                    },
                    "key": "geboortedatum1",
                    "type": "datetime",
                    "input": true,
                    "widget": {
                        "type": "calendar",
                        "displayInTimezone": "viewer",
                        "locale": "nl",
                        "useLocaleSettings": false,
                        "allowInput": true,
                        "mode": "single",
                        "enableTime": false,
                        "noCalendar": false,
                        "format": "dd-MM-yyyy",
                        "hourIncrement": "",
                        "minuteIncrement": "",
                        "time_24hr": true,
                        "minDate": null,
                        "disableWeekends": false,
                        "disableWeekdays": false,
                        "maxDate": null
                    },
                    "prefix": "",
                    "customClass": "",
                    "suffix": "",
                    "multiple": false,
                    "defaultValue": "dag/maand/jaar",
                    "protected": false,
                    "unique": false,
                    "persistent": true,
                    "hidden": false,
                    "clearOnHide": true,
                    "refreshOn": "",
                    "redrawOn": "",
                    "modalEdit": false,
                    "dataGridLabel": false,
                    "labelPosition": "top",
                    "description": "",
                    "errorLabel": "",
                    "tooltip": "",
                    "hideLabel": false,
                    "tabindex": "",
                    "disabled": false,
                    "autofocus": false,
                    "dbIndex": false,
                    "customDefaultValue": "",
                    "calculateValue": "",
                    "calculateServer": false,
                    "attributes": {},
                    "validateOn": "change",
                    "validate": {
                        "required": false,
                        "custom": "",
                        "customPrivate": false,
                        "strictDateValidation": false,
                        "multiple": false,
                        "unique": false
                    },
                    "overlay": {
                        "style": "",
                        "left": "",
                        "top": "",
                        "width": "",
                        "height": ""
                    },
                    "allowCalculateOverride": false,
                    "encrypted": false,
                    "showCharCount": false,
                    "showWordCount": false,
                    "properties": {},
                    "allowMultipleMasks": false,
                    "addons": [],
                    "format": "dd-MM-yyyy",
                    "useLocaleSettings": false,
                    "allowInput": true,
                    "enableDate": true,
                    "enableTime": false,
                    "defaultDate": "dag/maand/jaar",
                    "displayInTimezone": "viewer",
                    "timezone": "",
                    "datepickerMode": "day",
                    "customOptions": {},
                    "id": "eapjb6",
                    "shortcutButtons": []
                },
                {
                    "label": "Bent u (gast)lid van een vereniging (die sport op de Atletiekbaan)?",
                    "optionsLabelPosition": "right",
                    "inline": false,
                    "tableView": false,
                    "values": [
                        {
                            "label": "Ja",
                            "value": "ja",
                            "shortcut": ""
                        },
                        {
                            "label": "Nee",
                            "value": "nee",
                            "shortcut": ""
                        }
                    ],
                    "validate": {
                        "required": true,
                        "custom": "",
                        "customPrivate": false,
                        "strictDateValidation": false,
                        "multiple": false,
                        "unique": false,
                        "onlyAvailableItems": false
                    },
                    "key": "bentUGastLidVanEenVerenigingDieSportOpDeAtletiekbaan",
                    "type": "radio",
                    "input": true,
                    "placeholder": "",
                    "prefix": "",
                    "customClass": "",
                    "suffix": "",
                    "multiple": false,
                    "defaultValue": null,
                    "protected": false,
                    "unique": false,
                    "persistent": true,
                    "hidden": false,
                    "clearOnHide": true,
                    "refreshOn": "",
                    "redrawOn": "",
                    "modalEdit": false,
                    "dataGridLabel": false,
                    "labelPosition": "top",
                    "description": "",
                    "errorLabel": "",
                    "tooltip": "",
                    "hideLabel": false,
                    "tabindex": "",
                    "disabled": false,
                    "autofocus": false,
                    "dbIndex": false,
                    "customDefaultValue": "",
                    "calculateValue": "",
                    "calculateServer": false,
                    "widget": null,
                    "attributes": {},
                    "validateOn": "change",
                    "overlay": {
                        "style": "",
                        "left": "",
                        "top": "",
                        "width": "",
                        "height": ""
                    },
                    "allowCalculateOverride": false,
                    "encrypted": false,
                    "showCharCount": false,
                    "showWordCount": false,
                    "properties": {},
                    "allowMultipleMasks": false,
                    "addons": [],
                    "inputType": "radio",
                    "fieldSet": false,
                    "id": "efvtnoq"
                },
                {
                    "legend": "Gegevens van de persoon voor wie u aanvraagt",
                    "key": "fieldSet",
                    "type": "fieldset",
                    "label": "Field Set",
                    "input": false,
                    "tableView": false,
                    "components": [
                        {
                            "label": "Voornaam",
                            "tableView": true,
                            "validate": {
                                "required": true,
                                "custom": "",
                                "customPrivate": false,
                                "strictDateValidation": false,
                                "multiple": false,
                                "unique": false,
                                "minLength": "",
                                "maxLength": "",
                                "pattern": ""
                            },
                            "key": "voornaam",
                            "type": "textfield",
                            "input": true,
                            "placeholder": "",
                            "prefix": "",
                            "customClass": "",
                            "suffix": "",
                            "multiple": false,
                            "defaultValue": null,
                            "protected": false,
                            "unique": false,
                            "persistent": true,
                            "hidden": false,
                            "clearOnHide": true,
                            "refreshOn": "",
                            "redrawOn": "",
                            "modalEdit": false,
                            "dataGridLabel": false,
                            "labelPosition": "top",
                            "description": "",
                            "errorLabel": "",
                            "tooltip": "",
                            "hideLabel": false,
                            "tabindex": "",
                            "disabled": false,
                            "autofocus": false,
                            "dbIndex": false,
                            "customDefaultValue": "",
                            "calculateValue": "",
                            "calculateServer": false,
                            "widget": {
                                "type": "input"
                            },
                            "attributes": {},
                            "validateOn": "change",
                            "conditional": {
                                "show": null,
                                "when": null,
                                "eq": ""
                            },
                            "overlay": {
                                "style": "",
                                "left": "",
                                "top": "",
                                "width": "",
                                "height": ""
                            },
                            "allowCalculateOverride": false,
                            "encrypted": false,
                            "showCharCount": false,
                            "showWordCount": false,
                            "properties": {},
                            "allowMultipleMasks": false,
                            "addons": [],
                            "mask": false,
                            "inputType": "text",
                            "inputFormat": "plain",
                            "inputMask": "",
                            "displayMask": "",
                            "spellcheck": true,
                            "truncateMultipleSpaces": false,
                            "id": "eej0mq",
                            "prefill": {
                                "plugin": "",
                                "attribute": "",
                                "identifierRole": "main"
                            }
                        },
                        {
                            "label": "Achternaam",
                            "tableView": true,
                            "validate": {
                                "required": true,
                                "custom": "",
                                "customPrivate": false,
                                "strictDateValidation": false,
                                "multiple": false,
                                "unique": false,
                                "minLength": "",
                                "maxLength": "",
                                "pattern": ""
                            },
                            "key": "achternaam",
                            "type": "textfield",
                            "input": true,
                            "placeholder": "",
                            "prefix": "",
                            "customClass": "",
                            "suffix": "",
                            "multiple": false,
                            "defaultValue": null,
                            "protected": false,
                            "unique": false,
                            "persistent": true,
                            "hidden": false,
                            "clearOnHide": true,
                            "refreshOn": "",
                            "redrawOn": "",
                            "modalEdit": false,
                            "dataGridLabel": false,
                            "labelPosition": "top",
                            "description": "",
                            "errorLabel": "",
                            "tooltip": "",
                            "hideLabel": false,
                            "tabindex": "",
                            "disabled": false,
                            "autofocus": false,
                            "dbIndex": false,
                            "customDefaultValue": "",
                            "calculateValue": "",
                            "calculateServer": false,
                            "widget": {
                                "type": "input"
                            },
                            "attributes": {},
                            "validateOn": "change",
                            "conditional": {
                                "show": null,
                                "when": null,
                                "eq": ""
                            },
                            "overlay": {
                                "style": "",
                                "left": "",
                                "top": "",
                                "width": "",
                                "height": ""
                            },
                            "allowCalculateOverride": false,
                            "encrypted": false,
                            "showCharCount": false,
                            "showWordCount": false,
                            "properties": {},
                            "allowMultipleMasks": false,
                            "addons": [],
                            "mask": false,
                            "inputType": "text",
                            "inputFormat": "plain",
                            "inputMask": "",
                            "displayMask": "",
                            "spellcheck": true,
                            "truncateMultipleSpaces": false,
                            "id": "er8iovg",
                            "prefill": {
                                "plugin": "",
                                "attribute": "",
                                "identifierRole": "main"
                            }
                        },
                        {
                            "label": "Geboortedatum",
                            "placeholder": "dag-maand-jaar",
                            "tableView": false,
                            "enableMinDateInput": false,
                            "datePicker": {
                                "disableWeekends": false,
                                "disableWeekdays": false,
                                "showWeeks": true,
                                "startingDay": 0,
                                "initDate": "",
                                "minMode": "day",
                                "maxMode": "year",
                                "yearRows": 4,
                                "yearColumns": 5,
                                "minDate": null,
                                "maxDate": null
                            },
                            "enableMaxDateInput": false,
                            "timePicker": {
                                "hourStep": "",
                                "minuteStep": "",
                                "showMeridian": false
                            },
                            "validate": {
                                "required": true,
                                "custom": "",
                                "customPrivate": false,
                                "strictDateValidation": false,
                                "multiple": false,
                                "unique": false
                            },
                            "key": "geboortedatum",
                            "type": "datetime",
                            "input": true,
                            "widget": {
                                "type": "calendar",
                                "displayInTimezone": "viewer",
                                "locale": "nl",
                                "useLocaleSettings": false,
                                "allowInput": true,
                                "mode": "single",
                                "enableTime": false,
                                "noCalendar": false,
                                "format": "dd-MM-yyyy",
                                "hourIncrement": "",
                                "minuteIncrement": "",
                                "time_24hr": true,
                                "minDate": null,
                                "disableWeekends": false,
                                "disableWeekdays": false,
                                "maxDate": null
                            },
                            "prefix": "",
                            "customClass": "",
                            "suffix": "",
                            "multiple": false,
                            "defaultValue": "dag/maand/jaar",
                            "protected": false,
                            "unique": false,
                            "persistent": true,
                            "hidden": false,
                            "clearOnHide": true,
                            "refreshOn": "",
                            "redrawOn": "",
                            "modalEdit": false,
                            "dataGridLabel": false,
                            "labelPosition": "top",
                            "description": "",
                            "errorLabel": "",
                            "tooltip": "",
                            "hideLabel": false,
                            "tabindex": "",
                            "disabled": false,
                            "autofocus": false,
                            "dbIndex": false,
                            "customDefaultValue": "",
                            "calculateValue": "",
                            "calculateServer": false,
                            "attributes": {},
                            "validateOn": "change",
                            "conditional": {
                                "show": null,
                                "when": null,
                                "eq": ""
                            },
                            "overlay": {
                                "style": "",
                                "left": "",
                                "top": "",
                                "width": "",
                                "height": ""
                            },
                            "allowCalculateOverride": false,
                            "encrypted": false,
                            "showCharCount": false,
                            "showWordCount": false,
                            "properties": {},
                            "allowMultipleMasks": false,
                            "addons": [],
                            "format": "dd-MM-yyyy",
                            "useLocaleSettings": false,
                            "allowInput": true,
                            "enableDate": true,
                            "enableTime": false,
                            "defaultDate": "dag/maand/jaar",
                            "displayInTimezone": "viewer",
                            "timezone": "",
                            "datepickerMode": "day",
                            "customOptions": {},
                            "id": "euej8j4",
                            "shortcutButtons": []
                        },
                        {
                            "label": "Adres",
                            "disablestreetcity": false,
                            "validate": {
                                "required": true,
                                "custom": "",
                                "customPrivate": false,
                                "strictDateValidation": false,
                                "multiple": false,
                                "unique": false,
                                "minLength": "",
                                "maxLength": "",
                                "pattern": ""
                            },
                            "description": "Het jaarabonnement wordt naar dit adres gestuurd",
                            "tableView": true,
                            "key": "adres",
                            "type": "adres",
                            "input": true,
                            "placeholder": "",
                            "prefix": "",
                            "customClass": "",
                            "suffix": "",
                            "multiple": false,
                            "defaultValue": null,
                            "protected": false,
                            "unique": false,
                            "persistent": true,
                            "hidden": false,
                            "clearOnHide": true,
                            "refreshOn": "",
                            "redrawOn": "",
                            "modalEdit": false,
                            "dataGridLabel": false,
                            "labelPosition": "top",
                            "errorLabel": "",
                            "tooltip": "",
                            "hideLabel": false,
                            "tabindex": "",
                            "disabled": false,
                            "autofocus": false,
                            "dbIndex": false,
                            "customDefaultValue": "",
                            "calculateValue": "",
                            "calculateServer": false,
                            "widget": {
                                "type": "input"
                            },
                            "attributes": {},
                            "validateOn": "change",
                            "conditional": {
                                "show": null,
                                "when": null,
                                "eq": ""
                            },
                            "overlay": {
                                "style": "",
                                "left": "",
                                "top": "",
                                "width": "",
                                "height": ""
                            },
                            "allowCalculateOverride": false,
                            "encrypted": false,
                            "showCharCount": false,
                            "showWordCount": false,
                            "properties": {},
                            "allowMultipleMasks": false,
                            "addons": [],
                            "mask": false,
                            "inputType": "text",
                            "inputFormat": "plain",
                            "inputMask": "",
                            "spellcheck": true,
                            "id": "e5euulu"
                        },
                        {
                            "label": "Telefoonnummer",
                            "tableView": true,
                            "validate": {
                                "required": true,
                                "custom": "",
                                "customPrivate": false,
                                "strictDateValidation": false,
                                "multiple": false,
                                "unique": false,
                                "minLength": "",
                                "maxLength": "",
                                "pattern": ""
                            },
                            "key": "telefoonnummer1",
                            "type": "textfield",
                            "input": true,
                            "placeholder": "",
                            "prefix": "",
                            "customClass": "",
                            "suffix": "",
                            "multiple": false,
                            "defaultValue": null,
                            "protected": false,
                            "unique": false,
                            "persistent": true,
                            "hidden": false,
                            "clearOnHide": true,
                            "refreshOn": "",
                            "redrawOn": "",
                            "modalEdit": false,
                            "dataGridLabel": false,
                            "labelPosition": "top",
                            "description": "",
                            "errorLabel": "",
                            "tooltip": "",
                            "hideLabel": false,
                            "tabindex": "",
                            "disabled": false,
                            "autofocus": false,
                            "dbIndex": false,
                            "customDefaultValue": "",
                            "calculateValue": "",
                            "calculateServer": false,
                            "widget": {
                                "type": "input"
                            },
                            "attributes": {},
                            "validateOn": "change",
                            "conditional": {
                                "show": null,
                                "when": null,
                                "eq": ""
                            },
                            "overlay": {
                                "style": "",
                                "left": "",
                                "top": "",
                                "width": "",
                                "height": ""
                            },
                            "allowCalculateOverride": false,
                            "encrypted": false,
                            "showCharCount": false,
                            "showWordCount": false,
                            "properties": {},
                            "allowMultipleMasks": false,
                            "addons": [],
                            "mask": false,
                            "inputType": "text",
                            "inputFormat": "plain",
                            "inputMask": "",
                            "displayMask": "",
                            "spellcheck": true,
                            "truncateMultipleSpaces": false,
                            "id": "eqj4h6r",
                            "prefill": {
                                "plugin": "",
                                "attribute": "",
                                "identifierRole": "main"
                            }
                        },
                        {
                            "label": "E-mailadres",
                            "tableView": true,
                            "validate": {
                                "required": true,
                                "custom": "",
                                "customPrivate": false,
                                "strictDateValidation": false,
                                "multiple": false,
                                "unique": false,
                                "minLength": "",
                                "maxLength": "",
                                "pattern": ""
                            },
                            "key": "eMailadres1",
                            "type": "email",
                            "input": true,
                            "placeholder": "",
                            "prefix": "",
                            "customClass": "",
                            "suffix": "",
                            "multiple": false,
                            "defaultValue": null,
                            "protected": false,
                            "unique": false,
                            "persistent": true,
                            "hidden": false,
                            "clearOnHide": true,
                            "refreshOn": "",
                            "redrawOn": "",
                            "modalEdit": false,
                            "dataGridLabel": false,
                            "labelPosition": "top",
                            "description": "",
                            "errorLabel": "",
                            "tooltip": "",
                            "hideLabel": false,
                            "tabindex": "",
                            "disabled": false,
                            "autofocus": false,
                            "dbIndex": false,
                            "customDefaultValue": "",
                            "calculateValue": "",
                            "calculateServer": false,
                            "widget": {
                                "type": "input"
                            },
                            "attributes": {},
                            "validateOn": "change",
                            "conditional": {
                                "show": null,
                                "when": null,
                                "eq": ""
                            },
                            "overlay": {
                                "style": "",
                                "left": "",
                                "top": "",
                                "width": "",
                                "height": ""
                            },
                            "allowCalculateOverride": false,
                            "encrypted": false,
                            "showCharCount": false,
                            "showWordCount": false,
                            "properties": {},
                            "allowMultipleMasks": false,
                            "addons": [],
                            "mask": false,
                            "inputType": "email",
                            "inputFormat": "plain",
                            "inputMask": "",
                            "displayMask": "",
                            "spellcheck": true,
                            "truncateMultipleSpaces": false,
                            "kickbox": {
                                "enabled": false
                            },
                            "id": "euxlcg"
                        }
                    ],
                    "placeholder": "",
                    "prefix": "",
                    "customClass": "",
                    "suffix": "",
                    "multiple": false,
                    "defaultValue": null,
                    "protected": false,
                    "unique": false,
                    "persistent": false,
                    "hidden": false,
                    "clearOnHide": true,
                    "refreshOn": "",
                    "redrawOn": "",
                    "modalEdit": false,
                    "dataGridLabel": false,
                    "labelPosition": "top",
                    "description": "",
                    "errorLabel": "",
                    "tooltip": "",
                    "hideLabel": false,
                    "tabindex": "",
                    "disabled": false,
                    "autofocus": false,
                    "dbIndex": false,
                    "customDefaultValue": "",
                    "calculateValue": "",
                    "calculateServer": false,
                    "widget": null,
                    "attributes": {},
                    "validateOn": "change",
                    "validate": {
                        "required": false,
                        "custom": "",
                        "customPrivate": false,
                        "strictDateValidation": false,
                        "multiple": false,
                        "unique": false
                    },
                    "overlay": {
                        "style": "",
                        "left": "",
                        "top": "",
                        "width": "",
                        "height": ""
                    },
                    "allowCalculateOverride": false,
                    "encrypted": false,
                    "showCharCount": false,
                    "showWordCount": false,
                    "properties": {},
                    "allowMultipleMasks": false,
                    "addons": [],
                    "tree": false,
                    "lazyLoad": false,
                    "id": "etsab03"
                },
                {
                    "label": "Is de persoon waarvoor u een abonnement aanvraagt of verlengt (gast)lid  van een vereniging (die sport op de Atletiekbaan)?",
                    "optionsLabelPosition": "right",
                    "inline": false,
                    "tableView": false,
                    "values": [
                        {
                            "label": "Ja",
                            "value": "ja",
                            "shortcut": ""
                        },
                        {
                            "label": "Nee",
                            "value": "nee",
                            "shortcut": ""
                        }
                    ],
                    "validate": {
                        "required": true,
                        "custom": "",
                        "customPrivate": false,
                        "strictDateValidation": false,
                        "multiple": false,
                        "unique": false,
                        "onlyAvailableItems": false
                    },
                    "key": "isDePersoonWaarvoorUEenAbonnementAanvraagtOfVerlengtGastLidVanEenVerenigingDieSportOpDeAtletiekbaan",
                    "type": "radio",
                    "input": true,
                    "placeholder": "",
                    "prefix": "",
                    "customClass": "",
                    "suffix": "",
                    "multiple": false,
                    "defaultValue": null,
                    "protected": false,
                    "unique": false,
                    "persistent": true,
                    "hidden": false,
                    "clearOnHide": true,
                    "refreshOn": "",
                    "redrawOn": "",
                    "modalEdit": false,
                    "dataGridLabel": false,
                    "labelPosition": "top",
                    "description": "",
                    "errorLabel": "",
                    "tooltip": "",
                    "hideLabel": false,
                    "tabindex": "",
                    "disabled": false,
                    "autofocus": false,
                    "dbIndex": false,
                    "customDefaultValue": "",
                    "calculateValue": "",
                    "calculateServer": false,
                    "widget": null,
                    "attributes": {},
                    "validateOn": "change",
                    "overlay": {
                        "style": "",
                        "left": "",
                        "top": "",
                        "width": "",
                        "height": ""
                    },
                    "allowCalculateOverride": false,
                    "encrypted": false,
                    "showCharCount": false,
                    "showWordCount": false,
                    "properties": {},
                    "allowMultipleMasks": false,
                    "addons": [],
                    "inputType": "radio",
                    "fieldSet": false,
                    "id": "eusl9iw"
                },
                {
                    "label": "Columns",
                    "columns": [
                        {
                            "components": [],
                            "width": 3,
                            "offset": 0,
                            "push": 0,
                            "pull": 0,
                            "size": "sm",
                            "currentWidth": 3
                        },
                        {
                            "components": [],
                            "width": 3,
                            "offset": 0,
                            "push": 0,
                            "pull": 0,
                            "size": "sm",
                            "currentWidth": 3
                        }
                    ],
                    "key": "columns",
                    "type": "columns",
                    "input": false,
                    "tableView": false,
                    "placeholder": "",
                    "prefix": "",
                    "customClass": "",
                    "suffix": "",
                    "multiple": false,
                    "defaultValue": null,
                    "protected": false,
                    "unique": false,
                    "persistent": false,
                    "hidden": false,
                    "clearOnHide": false,
                    "refreshOn": "",
                    "redrawOn": "",
                    "modalEdit": false,
                    "dataGridLabel": false,
                    "labelPosition": "top",
                    "description": "",
                    "errorLabel": "",
                    "tooltip": "",
                    "hideLabel": false,
                    "tabindex": "",
                    "disabled": false,
                    "autofocus": false,
                    "dbIndex": false,
                    "customDefaultValue": "",
                    "calculateValue": "",
                    "calculateServer": false,
                    "widget": null,
                    "attributes": {},
                    "validateOn": "change",
                    "validate": {
                        "required": false,
                        "custom": "",
                        "customPrivate": false,
                        "strictDateValidation": false,
                        "multiple": false,
                        "unique": false
                    },
                    "overlay": {
                        "style": "",
                        "left": "",
                        "top": "",
                        "width": "",
                        "height": ""
                    },
                    "allowCalculateOverride": false,
                    "encrypted": false,
                    "showCharCount": false,
                    "showWordCount": false,
                    "properties": {},
                    "allowMultipleMasks": false,
                    "addons": [],
                    "tree": false,
                    "lazyLoad": false,
                    "autoAdjust": false,
                    "id": "epshnlv"
                }
            ]
        }
    },
    {
        "url": "http://localhost/api/v2/form-definitions/96458f88-6d9b-4ce0-b8bc-81ec9b445b37",
        "uuid": "96458f88-6d9b-4ce0-b8bc-81ec9b445b37",
        "name": "Aanvraag",
        "slug": "aanvraag",
        "configuration": {
            "display": "form",
            "components": [
                {
                    "label": "Ik wil:",
                    "optionsLabelPosition": "right",
                    "inline": false,
                    "tableView": false,
                    "values": [
                        {
                            "label": "een jaarabonnement voor het krachthonk aanvragen ",
                            "value": "a",
                            "shortcut": ""
                        },
                        {
                            "label": "een jaarabonnement verlengen ",
                            "value": "b",
                            "shortcut": ""
                        },
                        {
                            "label": "een nieuwe pas aanvragen omdat de oude pas kwijt is",
                            "value": "c",
                            "shortcut": ""
                        }
                    ],
                    "validate": {
                        "required": true
                    },
                    "key": "ikWil",
                    "type": "radio",
                    "input": true
                },
                {
                    "label": "Pasnummer van de krachthonkpas die u nu heeft.",
                    "description": "Dit nummer staat rechts onder op de pas en bestaat uit 3 letters en 4 cijfers.",
                    "tableView": true,
                    "validate": {
                        "required": true
                    },
                    "key": "pasnummerVanDeKrachthonkpasDieUNuHeeft",
                    "type": "textfield",
                    "input": true,
                    "prefill": {
                        "plugin": "",
                        "attribute": "",
                        "identifierRole": "main"
                    }
                },
                {
                    "label": "Columns",
                    "columns": [
                        {
                            "components": [],
                            "width": 3,
                            "offset": 0,
                            "push": 0,
                            "pull": 0,
                            "size": "sm",
                            "currentWidth": 3
                        },
                        {
                            "components": [],
                            "width": 3,
                            "offset": 0,
                            "push": 0,
                            "pull": 0,
                            "size": "sm",
                            "currentWidth": 3
                        }
                    ],
                    "key": "columns1",
                    "type": "columns",
                    "input": false,
                    "tableView": false
                }
            ]
        }
    },
    {
        "url": "http://localhost/api/v2/form-definitions/54cdea58-fb53-4d56-b731-78d20ce5495a",
        "uuid": "54cdea58-fb53-4d56-b731-78d20ce5495a",
        "name": "Huisregels",
        "slug": "huisregels",
        "configuration": {
            "display": "form",
            "components": [
                {
                    "label": "Huisregels Krachthonk",
                    "attrs": [
                        {
                            "attr": "",
                            "value": ""
                        }
                    ],
                    "content": "Bekijk <a href=\"http://www.atletiekbaannijmegen.nl/huisregels.html\" target=\"_blank\">de huisregels van het Krachthonk</a>.",
                    "refreshOnChange": false,
                    "key": "html",
                    "type": "content",
                    "input": false,
                    "tableView": false,
                    "html": "Bekijk <a href=\"http://www.atletiekbaannijmegen.nl/huisregels.html\" target=\"_blank\">de huisregels van het Krachthonk</a>."
                },
                {
                    "label": "Ik heb de huisregels van het Krachthonk gelezen en accepteer deze regels.",
                    "tableView": false,
                    "validate": {
                        "required": true
                    },
                    "key": "ikHebDeHuisregelsVanHetKrachthonkGelezenEnAccepteerDezeRegels",
                    "type": "checkbox",
                    "input": true,
                    "defaultValue": false
                },
                {
                    "label": "Columns",
                    "columns": [
                        {
                            "components": [],
                            "width": 3,
                            "offset": 0,
                            "push": 0,
                            "pull": 0,
                            "size": "sm",
                            "currentWidth": 3
                        },
                        {
                            "components": [],
                            "width": 3,
                            "offset": 0,
                            "push": 0,
                            "pull": 0,
                            "size": "sm",
                            "currentWidth": 3
                        }
                    ],
                    "key": "columns2",
                    "type": "columns",
                    "input": false,
                    "tableView": false
                }
            ]
        }
    },
    {
        "url": "http://localhost/api/v2/form-definitions/13ca8fe9-473d-4c92-a282-3dafe381e49a",
        "uuid": "13ca8fe9-473d-4c92-a282-3dafe381e49a",
        "name": "Bijlagen",
        "slug": "bijlagen",
        "configuration": {
            "display": "form",
            "components": [
                {
                    "label": "Toevoegen",
                    "description": "Toegestaan zijn .jpg, .png, .jpeg of .pdf documenten die niet groter zijn dan 20MB.",
                    "tableView": false,
                    "storage": "url",
                    "webcam": false,
                    "fileTypes": [
                        {
                            "label": "",
                            "value": ""
                        }
                    ],
                    "filePattern": ".jpg,.png,.jpeg,.pdf",
                    "fileMinSize": "1KB",
                    "fileMaxSize": "20MB",
                    "multiple": true,
                    "validate": {
                        "required": true
                    },
                    "key": "toevoegen",
                    "type": "file",
                    "input": true,
                    "url": "/cloud/s3"
                },
                {
                    "html": "<p>Ik heb deze bijlage(n) toegevoegd:</p>",
                    "label": "Content",
                    "refreshOnChange": false,
                    "key": "content",
                    "type": "content",
                    "input": false,
                    "tableView": false
                },
                {
                    "label": "Pasfoto",
                    "tableView": false,
                    "defaultValue": false,
                    "validate": {
                        "required": true
                    },
                    "key": "pasfoto",
                    "customConditional": "show = (data.ikWil == 'a') || (data.ikWil == 'c');",
                    "type": "checkbox",
                    "input": true
                },
                {
                    "label": "Bewijs van inschrijving van uw sportvereniging",
                    "tableView": false,
                    "defaultValue": false,
                    "validate": {
                        "required": true
                    },
                    "key": "bewijsVanInschrijvingVanUwSportvereniging",
                    "type": "checkbox",
                    "input": true
                },
                {
                    "label": "Columns",
                    "columns": [
                        {
                            "components": [],
                            "width": 3,
                            "offset": 0,
                            "push": 0,
                            "pull": 0,
                            "size": "sm",
                            "currentWidth": 3
                        },
                        {
                            "components": [],
                            "width": 3,
                            "offset": 0,
                            "push": 0,
                            "pull": 0,
                            "size": "sm",
                            "currentWidth": 3
                        }
                    ],
                    "key": "columns3",
                    "type": "columns",
                    "input": false,
                    "tableView": false
                }
            ]
        }
    }
]