[
    {
        "uuid": "9c218fc9-f23b-469e-801c-8937bf5c8199",
        "name": "Jaarabonnement krachthonk aanvragen of verlengen ",
        "internal_name": "",
        "login_required": false,
        "authentication_backends": [],
        "slug": "jaarabonnementkrachthonkaanvragenofverlengenoud",
        "url": "http://localhost/api/v2/forms/9c218fc9-f23b-469e-801c-8937bf5c8199",
        "show_progress_indicator": true,
        "maintenance_mode": false,
        "active": true,
        "is_deleted": false,
        "suspension_allowed": true,
        "send_confirmation_email": true,
        "display_main_website_link": true,
        "required_fields_with_asterisk": true,
        "resume_link_lifetime": 7,
        "hide_non_applicable_steps": true
    }
]