[
    {
        "uuid": "89fa7b6a-56f8-4824-9845-63fda3d9e5d8",
        "index": "0",
        "slug": "algemeen",
        "form_definition": "http://localhost/api/v2/form-definitions/3265393f-e08d-4ed1-becb-fec511900740"
    },
    {
        "uuid": "32cafb95-2985-4575-9b5f-2c448a34475d",
        "index": "1",
        "slug": "aanvraag",
        "form_definition": "http://localhost/api/v2/form-definitions/c2b06996-cad9-43af-838c-5ebd72e116de"
    },
    {
        "uuid": "e140ad05-b5a7-40b0-885b-314913894bbb",
        "index": "2",
        "slug": "gegevens-standplaats",
        "form_definition": "http://localhost/api/v2/form-definitions/ad030047-1c7c-45d0-972e-f19a2fd723cb"
    },
    {
        "uuid": "03acec2b-584c-4169-870c-2d48371c6c84",
        "index": "3",
        "slug": "gegevens-standplaats-wijziging",
        "form_definition": "http://localhost/api/v2/form-definitions/f93707a0-0e12-4e8b-af52-44058eefc1f4"
    },
    {
        "uuid": "83c8090f-0b0d-4bf9-aaa9-6cf08a47e394",
        "index": "4",
        "slug": "aanpassing-standplaatsvergunning",
        "form_definition": "http://localhost/api/v2/form-definitions/f8100e36-d347-4267-9dc5-a72eb91e6d0b"
    },
    {
        "uuid": "2ad3b748-fd16-458a-8834-5e350868ed91",
        "index": "5",
        "slug": "standplaatsvergunning-opzeggen",
        "form_definition": "http://localhost/api/v2/form-definitions/30fa48da-1e47-4786-8782-a64b557faf73"
    },
    {
        "uuid": "534d35fc-fee2-4ad7-82be-32304bbdcb3d",
        "index": "6",
        "slug": "gegevens-vervanging",
        "form_definition": "http://localhost/api/v2/form-definitions/90cc6bd9-3f98-4db9-8b06-6d4e1121b58b"
    },
    {
        "uuid": "6e1b5637-180e-4df4-aed0-59df475839f8",
        "index": "7",
        "slug": "bijlagen",
        "form_definition": "http://localhost/api/v2/form-definitions/bb4ec995-d726-43e2-9541-50ea03cc4039"
    }
]