[
    {
        "uuid": "afc7cd4f-135f-4258-bca2-3fb128fad14c",
        "index": "0",
        "slug": "uw-gegevens",
        "form_definition": "http://localhost/api/v2/form-definitions/6421660b-74ae-4b5e-b9ea-c8c29e003c5c"
    },
    {
        "uuid": "3023ff6b-30bf-4fd2-ad53-41ee7311abd6",
        "index": "1",
        "slug": "burgerinitiatief",
        "form_definition": "http://localhost/api/v2/form-definitions/6de6a84b-f135-4445-9a9a-433ceacceadf"
    },
    {
        "uuid": "f31148fe-e0fb-4f88-b791-5959d2c22cf1",
        "index": "2",
        "slug": "bijlagen",
        "form_definition": "http://localhost/api/v2/form-definitions/e3f01e3e-8b2b-4bbf-8f45-b322721f5ee8"
    }
]