[
    {
        "uuid": "d812dfc6-5221-424b-960e-ed6f5a69640a",
        "name": "Statusformulier",
        "internal_name": "",
        "login_required": false,
        "authentication_backends": [],
        "slug": "statusformulier",
        "url": "http://localhost/api/v2/forms/d812dfc6-5221-424b-960e-ed6f5a69640a",
        "show_progress_indicator": true,
        "maintenance_mode": false,
        "active": true,
        "is_deleted": false,
        "suspension_allowed": true,
        "send_confirmation_email": true,
        "display_main_website_link": true,
        "required_fields_with_asterisk": true,
        "resume_link_lifetime": 7,
        "hide_non_applicable_steps": true
    }
]