[
    {
        "uuid": "5b98412b-6462-4c6d-a812-5d9ea06cbe6a",
        "name": "Subsidie Urban sport en cultuur aanvragen",
        "internal_name": "",
        "login_required": false,
        "authentication_backends": [],
        "slug": "subsidieurbansportencultuuraanvragen",
        "url": "http://localhost/api/v2/forms/5b98412b-6462-4c6d-a812-5d9ea06cbe6a",
        "show_progress_indicator": true,
        "maintenance_mode": false,
        "active": true,
        "is_deleted": false,
        "suspension_allowed": true,
        "send_confirmation_email": true,
        "display_main_website_link": true,
        "required_fields_with_asterisk": true,
        "resume_link_lifetime": 7,
        "hide_non_applicable_steps": true
    }
]