[
    {
        "uuid": "bb1a67b6-f1f7-40a0-8610-e9137114574f",
        "name": "Vermist paspoort of identiteitskaart melden",
        "internal_name": "",
        "login_required": false,
        "authentication_backends": [],
        "slug": "vermistpaspoortofidentiteitskaartmelden",
        "url": "http://localhost/api/v2/forms/bb1a67b6-f1f7-40a0-8610-e9137114574f",
        "show_progress_indicator": true,
        "maintenance_mode": false,
        "active": true,
        "is_deleted": false,
        "suspension_allowed": true,
        "send_confirmation_email": true,
        "display_main_website_link": true,
        "required_fields_with_asterisk": true,
        "resume_link_lifetime": 7,
        "hide_non_applicable_steps": true
    }
]