[
    {
        "url": "http://localhost/api/v2/form-definitions/9406b6e8-9b4c-4cde-8f2f-b07c61a67574",
        "uuid": "9406b6e8-9b4c-4cde-8f2f-b07c61a67574",
        "name": "Algemeen",
        "slug": "algemeen",
        "configuration": {
            "display": "form",
            "components": [
                {
                    "html": "<h2>Ontheffing openingstijden winkel aanvragen</h2>",
                    "label": "Content",
                    "refreshOnChange": false,
                    "key": "content-1",
                    "type": "content",
                    "input": false,
                    "tableView": false
                },
                {
                    "components": [
                        {
                            "collapsible": false,
                            "key": "page1",
                            "type": "panel",
                            "label": "Panel",
                            "components": [
                                {
                                    "html": "<p>TEST: digid &amp; Yivi bsn</p>",
                                    "label": "Content",
                                    "refreshOnChange": false,
                                    "key": "content",
                                    "customConditional": "show = (data.bsn && data.bsn.length > 0) || (data.inlogmiddel == 'digid'); ",
                                    "type": "content",
                                    "input": false,
                                    "tableView": false
                                },
                                {
                                    "html": "<p>TEST: eherkenning</p>",
                                    "label": "Content",
                                    "refreshOnChange": false,
                                    "key": "content1-1",
                                    "conditional": {
                                        "show": true,
                                        "conjunction": "all",
                                        "conditions": [
                                            {
                                                "component": "inlogmiddel",
                                                "operator": "isEqual",
                                                "value": "eherkenning"
                                            }
                                        ]
                                    },
                                    "type": "content",
                                    "input": false,
                                    "tableView": false
                                },
                                {
                                    "label": "Naam organisatie of bedrijf",
                                    "tableView": true,
                                    "validate": {
                                        "required": true,
                                        "custom": "show = false;\nif (data.inlogmiddel == 'digid') {\n  show = true;\n}"
                                    },
                                    "key": "naamOrganisatieOfBedrijf",
                                    "properties": {
                                        "dms_key": "initiator.niet_natuurlijk_persoon.statutaireNaam"
                                    },
                                    "conditional": {
                                        "show": true,
                                        "conjunction": "all",
                                        "conditions": [
                                            {
                                                "component": "inlogmiddel",
                                                "operator": "isEqual",
                                                "value": "digid"
                                            }
                                        ]
                                    },
                                    "customConditional": "show = data.bsn && data.bsn.length > 0;",
                                    "type": "textfield",
                                    "input": true,
                                    "prefill": {
                                        "plugin": "",
                                        "attribute": "",
                                        "identifierRole": "main"
                                    }
                                },
                                {
                                    "label": "Inschrijfnummer Kamer van Koophandel",
                                    "tableView": true,
                                    "validateOn": "blur",
                                    "validate": {
                                        "required": true,
                                        "minLength": 8,
                                        "maxLength": 8,
                                        "pattern": "^[0-9]*$",
                                        "customMessage": "Het inschrijfnummer Kamer van Koophandel heeft 8 cijfers",
                                        "custom": "show = false;\nif (data.inlogmiddel == 'digid') {\n  show = true;\n}"
                                    },
                                    "key": "inschrijfnummerKamerVanKoophandel",
                                    "properties": {
                                        "vip_key": "kvk"
                                    },
                                    "conditional": {
                                        "show": true,
                                        "conjunction": "all",
                                        "conditions": [
                                            {
                                                "component": "inlogmiddel",
                                                "operator": "isEqual",
                                                "value": "digid"
                                            }
                                        ]
                                    },
                                    "customConditional": "show = data.bsn && data.bsn.length > 0;",
                                    "type": "textfield",
                                    "input": true,
                                    "prefill": {
                                        "plugin": "",
                                        "attribute": "",
                                        "identifierRole": "main"
                                    }
                                },
                                {
                                    "label": "Adres bedrijf",
                                    "disablestreetcity": false,
                                    "tableView": true,
                                    "key": "adresBedrijf",
                                    "type": "adres",
                                    "input": true
                                },
                                {
                                    "label": "Bent u zelf de contactpersoon voor deze aanvraag?",
                                    "optionsLabelPosition": "right",
                                    "inline": false,
                                    "tableView": false,
                                    "values": [
                                        {
                                            "label": "ja",
                                            "value": "ja",
                                            "shortcut": ""
                                        },
                                        {
                                            "label": "nee",
                                            "value": "nee",
                                            "shortcut": ""
                                        }
                                    ],
                                    "validate": {
                                        "required": true,
                                        "custom": "show = false;\nif (data.inlogmiddel == 'digid') {\n  show = true;\n}"
                                    },
                                    "key": "contactpersoon",
                                    "properties": {
                                        "vip_key": "initiator_is_contact"
                                    },
                                    "conditional": {
                                        "show": true,
                                        "conjunction": "all",
                                        "conditions": [
                                            {
                                                "component": "inlogmiddel",
                                                "operator": "isEqual",
                                                "value": "digid"
                                            }
                                        ]
                                    },
                                    "customConditional": "show = data.bsn && data.bsn.length > 0;",
                                    "type": "radio",
                                    "input": true
                                },
                                {
                                    "label": "Naam contactpersoon",
                                    "tableView": true,
                                    "validate": {
                                        "required": true
                                    },
                                    "key": "naamContactpersoon",
                                    "properties": {
                                        "vip_key": "name"
                                    },
                                    "customConditional": "show = false;\n\nif(data.inlogmiddel && data.inlogmiddel == 'eherkenning') {\n  show = true;\n}else if(data.contactpersoon && data.contactpersoon == 'nee') {\n  show = true;\n}",
                                    "type": "textfield",
                                    "input": true,
                                    "prefill": {
                                        "plugin": "",
                                        "attribute": "",
                                        "identifierRole": "main"
                                    }
                                },
                                {
                                    "label": "E-mailadres",
                                    "tableView": true,
                                    "validateOn": "blur",
                                    "validate": {
                                        "required": true,
                                        "customMessage": "Vul een geldig e-mailadres in."
                                    },
                                    "key": "eMailadres",
                                    "properties": {
                                        "vip_key": "email",
                                        "oz_api": "zaakeigenschappen",
                                        "oz_name": "email_adres"
                                    },
                                    "type": "email",
                                    "input": true
                                },
                                {
                                    "label": "De gemeente mag dit e-mailadres gebruiken om te reageren op mijn aanvraag.",
                                    "optionsLabelPosition": "right",
                                    "inline": false,
                                    "tableView": false,
                                    "values": [
                                        {
                                            "label": "ja",
                                            "value": "ja",
                                            "shortcut": ""
                                        },
                                        {
                                            "label": "nee",
                                            "value": "nee",
                                            "shortcut": ""
                                        }
                                    ],
                                    "key": "deGemeenteMagDitEMailadresGebruikenOmTeReagerenOpMijnAanvraag",
                                    "customConditional": "show = false;\nif(data.eMailadres.length) {\n  var re = /^(([^<>()[\\]\\\\.,;:\\s@\"]+(\\.[^<>()[\\]\\\\.,;:\\s@\"]+)*)|(\".+\"))@((\\[[0-9]{1,3}\\.[0-9]{1,3}\\.[0-9]{1,3}\\.[0-9]{1,3}\\])|(([a-zA-Z\\-0-9]+\\.)+[a-zA-Z]{2,}))$/;\n  show = re.test(data.eMailadres);\n}",
                                    "type": "radio",
                                    "input": true
                                },
                                {
                                    "label": "Telefoonnummer",
                                    "tableView": true,
                                    "validate": {
                                        "required": true
                                    },
                                    "key": "telefoonnummer",
                                    "properties": {
                                        "vip_key": "phone",
                                        "oz_api": "zaakeigenschappen",
                                        "oz_name": "telefoonnummer"
                                    },
                                    "type": "textfield",
                                    "input": true,
                                    "prefill": {
                                        "plugin": "",
                                        "attribute": "",
                                        "identifierRole": "main"
                                    }
                                }
                            ],
                            "input": false,
                            "tableView": false
                        }
                    ],
                    "key": "fieldSet-1-2",
                    "type": "fieldset",
                    "label": "Field Set",
                    "tree": false,
                    "input": false,
                    "hidden": false,
                    "legend": "",
                    "prefix": "",
                    "suffix": "",
                    "unique": false,
                    "widget": null,
                    "dbIndex": false,
                    "overlay": {
                        "top": "",
                        "left": "",
                        "style": "",
                        "width": "",
                        "height": ""
                    },
                    "tooltip": "",
                    "disabled": false,
                    "multiple": false,
                    "redrawOn": "",
                    "tabindex": "",
                    "validate": {
                        "custom": "",
                        "unique": false,
                        "multiple": false,
                        "required": false,
                        "customPrivate": false,
                        "strictDateValidation": false
                    },
                    "autofocus": false,
                    "encrypted": false,
                    "hideLabel": false,
                    "modalEdit": false,
                    "protected": false,
                    "refreshOn": "",
                    "tableView": false,
                    "attributes": {},
                    "errorLabel": "",
                    "hideHeader": false,
                    "persistent": false,
                    "properties": {},
                    "validateOn": "change",
                    "clearOnHide": true,
                    "customClass": "",
                    "description": "",
                    "placeholder": "",
                    "defaultValue": null,
                    "dataGridLabel": false,
                    "labelPosition": "top",
                    "showCharCount": false,
                    "showWordCount": false,
                    "calculateValue": "",
                    "calculateServer": false,
                    "allowMultipleMasks": false,
                    "customDefaultValue": "",
                    "allowCalculateOverride": false,
                    "originalFormName": "apvBlok1A"
                },
                {
                    "label": "Columns",
                    "columns": [
                        {
                            "components": [],
                            "width": 3,
                            "offset": 0,
                            "push": 0,
                            "pull": 0,
                            "size": "sm",
                            "currentWidth": 3
                        },
                        {
                            "components": [],
                            "width": 6,
                            "offset": 0,
                            "push": 0,
                            "pull": 0,
                            "size": "md",
                            "currentWidth": 6
                        }
                    ],
                    "key": "columns",
                    "type": "columns",
                    "input": false,
                    "tableView": false,
                    "hideOnChildrenHidden": false
                }
            ]
        }
    },
    {
        "url": "http://localhost/api/v2/form-definitions/4100bd3c-9784-4e54-b80f-3d83fffb042a",
        "uuid": "4100bd3c-9784-4e54-b80f-3d83fffb042a",
        "name": "Gegevens ontheffing",
        "slug": "gegevens-ontheffing",
        "configuration": {
            "display": "form",
            "components": [
                {
                    "html": "<h2>Ontheffing openingstijden winkel aanvragen</h2>",
                    "label": "Content",
                    "refreshOnChange": false,
                    "key": "content1",
                    "type": "content",
                    "input": false,
                    "tableView": false
                },
                {
                    "label": "Waarvoor wilt u een ontheffing aanvragen?",
                    "optionsLabelPosition": "right",
                    "inline": false,
                    "tableView": false,
                    "values": [
                        {
                            "label": "voor een nachtwinkel",
                            "value": "nachtwinkel",
                            "shortcut": ""
                        },
                        {
                            "label": "andere winkel",
                            "value": "anders",
                            "shortcut": ""
                        }
                    ],
                    "key": "waarvoorWiltUEenOntheffingAanvragen",
                    "type": "radio",
                    "input": true
                },
                {
                    "label": "Waarom wilt u een ontheffing hebben?",
                    "tableView": true,
                    "validate": {
                        "required": true
                    },
                    "key": "waaromWiltUEenOntheffingHebben",
                    "type": "textarea",
                    "autoExpand": false,
                    "input": true
                },
                {
                    "label": "Vanaf welke datum mag de ontheffing voor de nachtwinkel ingaan?",
                    "placeholder": "dag-maand-jaar",
                    "tableView": false,
                    "enableMinDateInput": false,
                    "datePicker": {
                        "disableWeekends": false,
                        "disableWeekdays": false
                    },
                    "enableMaxDateInput": false,
                    "timePicker": {
                        "showMeridian": false
                    },
                    "validate": {
                        "required": true
                    },
                    "validateOn": "blur",
                    "key": "vanafWelkeDatumMagDeOntheffingIngaan",
                    "type": "datetime",
                    "input": true,
                    "widget": {
                        "type": "calendar",
                        "displayInTimezone": "viewer",
                        "locale": "nl",
                        "useLocaleSettings": false,
                        "allowInput": true,
                        "mode": "single",
                        "enableTime": false,
                        "noCalendar": false,
                        "format": "dd-MM-yyyy",
                        "hourIncrement": 1,
                        "minuteIncrement": 5,
                        "time_24hr": true,
                        "minDate": null,
                        "disableWeekends": false,
                        "disableWeekdays": false,
                        "maxDate": null
                    }
                },
                {
                    "label": "Geef voor elke dag de tijden voor de ontheffing aan",
                    "reorder": false,
                    "addAnother": "Datum toevoegen",
                    "addAnotherPosition": "bottom",
                    "layoutFixed": false,
                    "enableRowGroups": false,
                    "initEmpty": false,
                    "tableView": false,
                    "defaultValue": [
                        {
                            "container": {
                                "rtyrtyrty": ""
                            }
                        }
                    ],
                    "validate": {
                        "required": true
                    },
                    "key": "lijstweergaveVoorDeNachtwinkel",
                    "type": "datagrid",
                    "defaultOpen": false,
                    "input": true,
                    "components": [
                        {
                            "components": [
                                {
                                    "label": "Kies een dag",
                                    "widget": "choicesjs",
                                    "tableView": true,
                                    "data": {
                                        "values": [
                                            {
                                                "label": "maandag",
                                                "value": "maandag"
                                            },
                                            {
                                                "label": "dinsdag",
                                                "value": "dinsdag"
                                            },
                                            {
                                                "label": "woensdag",
                                                "value": "woensdag"
                                            },
                                            {
                                                "label": "donderdag",
                                                "value": "donderdag"
                                            },
                                            {
                                                "label": "vrijdag",
                                                "value": "vrijdag"
                                            },
                                            {
                                                "label": "zaterdag",
                                                "value": "zaterdag"
                                            },
                                            {
                                                "label": "zondag",
                                                "value": "zondag"
                                            }
                                        ]
                                    },
                                    "validate": {
                                        "required": true
                                    },
                                    "key": "rtyrtyrty",
                                    "type": "select",
                                    "input": true
                                },
                                {
                                    "label": "Vanaf hoe laat?",
                                    "inputType": "text",
                                    "tableView": true,
                                    "dataFormat": "HH:mm",
                                    "validate": {
                                        "required": true
                                    },
                                    "validateOn": "blur",
                                    "key": "starttijd",
                                    "type": "time",
                                    "input": true,
                                    "inputMask": "99:99"
                                },
                                {
                                    "label": "Tot hoe laat?",
                                    "inputType": "text",
                                    "tableView": true,
                                    "dataFormat": "HH:mm",
                                    "validate": {
                                        "required": true,
                                        "custom": "var valueToCheck = '';\r\nif (typeof row.container !== 'undefined') {\r\n  valueToCheck = row.container.starttijd;\r\n} else {\r\n  valueToCheck = row.starttijd;\r\n}\r\n\r\nif(valueToCheck == '') {\r\nvalid = 'Vul de starttijd van de ontheffing in.';\r\n} else {\r\n  var start = valueToCheck;\r\n  var totWanneer = input;\r\n  if(totWanneer >= start) {\r\n    valid = true;\r\n} else {\r\nvalid = 'De eindtijd van de ontheffing moet later zijn dan de starttijd.';\r\n}\r\n}"
                                    },
                                    "validateOn": "blur",
                                    "key": "totHoeLaat-1",
                                    "type": "time",
                                    "input": true,
                                    "inputMask": "99:99"
                                }
                            ],
                            "key": "fieldSet-1",
                            "type": "fieldset",
                            "label": "Field Set",
                            "tree": false,
                            "input": false,
                            "hidden": false,
                            "legend": "",
                            "prefix": "",
                            "suffix": "",
                            "unique": false,
                            "widget": null,
                            "dbIndex": false,
                            "overlay": {
                                "top": "",
                                "left": "",
                                "style": "",
                                "width": "",
                                "height": ""
                            },
                            "tooltip": "",
                            "disabled": false,
                            "multiple": false,
                            "redrawOn": "",
                            "tabindex": "",
                            "validate": {
                                "custom": "",
                                "unique": false,
                                "multiple": false,
                                "required": false,
                                "customPrivate": false,
                                "strictDateValidation": false
                            },
                            "autofocus": false,
                            "encrypted": false,
                            "hideLabel": false,
                            "modalEdit": false,
                            "protected": false,
                            "refreshOn": "",
                            "tableView": false,
                            "attributes": {},
                            "errorLabel": "",
                            "hideHeader": false,
                            "persistent": false,
                            "properties": {},
                            "validateOn": "change",
                            "clearOnHide": true,
                            "conditional": {
                                "eq": "",
                                "show": null,
                                "when": null
                            },
                            "customClass": "",
                            "description": "",
                            "placeholder": "",
                            "defaultValue": null,
                            "dataGridLabel": false,
                            "labelPosition": "top",
                            "showCharCount": false,
                            "showWordCount": false,
                            "calculateValue": "",
                            "calculateServer": false,
                            "allowMultipleMasks": false,
                            "customDefaultValue": "",
                            "allowCalculateOverride": false
                        }
                    ]
                },
                {
                    "label": "Geef voor elke datum de tijden van de ontheffing aan",
                    "reorder": false,
                    "addAnother": "Datum toevoegen",
                    "addAnotherPosition": "bottom",
                    "layoutFixed": false,
                    "enableRowGroups": false,
                    "initEmpty": false,
                    "tableView": false,
                    "defaultValue": [
                        {
                            "container": {
                                "datum": "",
                                "vanaf": ""
                            }
                        }
                    ],
                    "validate": {
                        "required": true
                    },
                    "key": "geefDeDatumsEnTijdenAan",
                    "type": "datagrid",
                    "defaultOpen": false,
                    "input": true,
                    "components": [
                        {
                            "components": [
                                {
                                    "label": "Datum",
                                    "placeholder": "dag-maand-jaar",
                                    "tableView": false,
                                    "enableMinDateInput": false,
                                    "datePicker": {
                                        "disableWeekends": false,
                                        "disableWeekdays": false
                                    },
                                    "enableMaxDateInput": false,
                                    "timePicker": {
                                        "showMeridian": false
                                    },
                                    "validate": {
                                        "required": true,
                                        "customMessage": "De datum moet in de toekomst zijn.",
                                        "custom": "var gisteren = new Date((new Date()).valueOf() - 1000*60*60*24);\nvar invulDatum = new Date(input.split('-')[2] + '-' + input.split('-')[1] + '-' + input.split('-')[0]).getTime();\nif(gisteren >= invulDatum) {\n  valid = 'Deze datum mag niet in het verleden liggen.';\n} else {\nvalid = true;\n}"
                                    },
                                    "validateOn": "blur",
                                    "key": "datum",
                                    "type": "datetime",
                                    "input": true,
                                    "widget": {
                                        "type": "calendar",
                                        "displayInTimezone": "viewer",
                                        "locale": "nl",
                                        "useLocaleSettings": false,
                                        "allowInput": true,
                                        "mode": "single",
                                        "enableTime": false,
                                        "noCalendar": false,
                                        "format": "dd-MM-yyyy",
                                        "hourIncrement": 1,
                                        "minuteIncrement": 5,
                                        "time_24hr": true,
                                        "minDate": null,
                                        "disableWeekends": false,
                                        "disableWeekdays": false,
                                        "maxDate": null
                                    }
                                },
                                {
                                    "label": "Vanaf hoe laat",
                                    "inputType": "text",
                                    "tableView": true,
                                    "dataFormat": "HH:mm",
                                    "validate": {
                                        "required": true
                                    },
                                    "validateOn": "blur",
                                    "key": "vanaf",
                                    "type": "time",
                                    "input": true,
                                    "inputMask": "99:99"
                                },
                                {
                                    "label": "Tot hoe laat?",
                                    "inputType": "text",
                                    "tableView": true,
                                    "dataFormat": "HH:mm",
                                    "validate": {
                                        "required": true,
                                        "custom": "var valueToCheck = '';\r\nif (typeof row.container !== 'undefined') {\r\n  valueToCheck = row.container.vanaf;\r\n} else {\r\n  valueToCheck = row.vanaf;\r\n}\r\n\r\nif(valueToCheck == '') {\r\nvalid = 'Vul eerst de starttijd van de ontheffing in.';\r\n} else {\r\n  var start = valueToCheck;\r\n  var totWanneer = input;\r\n  if(totWanneer >= start) {\r\n    valid = true;\r\n} else {\r\nvalid = 'De eindtijd van de ontheffing moet later zijn dan de starttijd.';\r\n}\r\n}"
                                    },
                                    "validateOn": "blur",
                                    "key": "totHoeLaat",
                                    "type": "time",
                                    "input": true,
                                    "inputMask": "99:99"
                                }
                            ],
                            "key": "fieldSet",
                            "type": "fieldset",
                            "label": "Field Set",
                            "tree": false,
                            "input": false,
                            "hidden": false,
                            "legend": "",
                            "prefix": "",
                            "suffix": "",
                            "unique": false,
                            "widget": null,
                            "dbIndex": false,
                            "overlay": {
                                "top": "",
                                "left": "",
                                "style": "",
                                "width": "",
                                "height": ""
                            },
                            "tooltip": "",
                            "disabled": false,
                            "multiple": false,
                            "redrawOn": "",
                            "tabindex": "",
                            "validate": {
                                "custom": "",
                                "unique": false,
                                "multiple": false,
                                "required": false,
                                "customPrivate": false,
                                "strictDateValidation": false
                            },
                            "autofocus": false,
                            "encrypted": false,
                            "hideLabel": false,
                            "modalEdit": false,
                            "protected": false,
                            "refreshOn": "",
                            "tableView": false,
                            "attributes": {},
                            "errorLabel": "",
                            "hideHeader": false,
                            "persistent": false,
                            "properties": {},
                            "validateOn": "change",
                            "clearOnHide": true,
                            "conditional": {
                                "eq": "",
                                "show": null,
                                "when": null
                            },
                            "customClass": "",
                            "description": "",
                            "placeholder": "",
                            "defaultValue": null,
                            "dataGridLabel": false,
                            "labelPosition": "top",
                            "showCharCount": false,
                            "showWordCount": false,
                            "calculateValue": "",
                            "calculateServer": false,
                            "allowMultipleMasks": false,
                            "customDefaultValue": "",
                            "allowCalculateOverride": false
                        }
                    ]
                },
                {
                    "label": "Columns",
                    "columns": [
                        {
                            "components": [],
                            "width": 3,
                            "offset": 0,
                            "push": 0,
                            "pull": 0,
                            "size": "sm",
                            "currentWidth": 3
                        },
                        {
                            "components": [],
                            "size": "sm",
                            "width": 3,
                            "offset": 0,
                            "push": 0,
                            "pull": 0,
                            "currentWidth": 3
                        }
                    ],
                    "key": "columns1",
                    "type": "columns",
                    "input": false,
                    "tableView": false,
                    "hideOnChildrenHidden": false
                }
            ]
        }
    }
]