[
    {
        "uuid": "8779367c-96fa-4cc3-a196-5f4059ffd2b4",
        "name": "Test Betaling 1cent",
        "internal_name": "",
        "login_required": false,
        "authentication_backends": [],
        "slug": "testbetaling1cent",
        "url": "http://localhost/api/v2/forms/8779367c-96fa-4cc3-a196-5f4059ffd2b4",
        "show_progress_indicator": true,
        "maintenance_mode": false,
        "active": true,
        "is_deleted": false,
        "suspension_allowed": true,
        "send_confirmation_email": true,
        "display_main_website_link": true,
        "required_fields_with_asterisk": true,
        "resume_link_lifetime": 7,
        "hide_non_applicable_steps": true
    }
]