[
    {
        "uuid": "f255c7a6-a49e-4e03-bb36-a001dd7674c7",
        "name": "Ingebrekestelling",
        "internal_name": "",
        "login_required": false,
        "authentication_backends": [],
        "slug": "ingebrekestelling",
        "url": "http://localhost/api/v2/forms/f255c7a6-a49e-4e03-bb36-a001dd7674c7",
        "show_progress_indicator": true,
        "maintenance_mode": false,
        "active": true,
        "is_deleted": false,
        "suspension_allowed": true,
        "send_confirmation_email": true,
        "display_main_website_link": true,
        "required_fields_with_asterisk": true,
        "resume_link_lifetime": 7,
        "hide_non_applicable_steps": true
    }
]