[
    {
        "uuid": "8ee93c0a-a075-4e99-a6a2-3244baad3657",
        "name": "Ondersteunen verzoek referendum",
        "internal_name": "",
        "login_required": false,
        "authentication_backends": [],
        "slug": "ondersteunenverzoekreferendum",
        "url": "http://localhost/api/v2/forms/8ee93c0a-a075-4e99-a6a2-3244baad3657",
        "show_progress_indicator": true,
        "maintenance_mode": false,
        "active": true,
        "is_deleted": false,
        "suspension_allowed": true,
        "send_confirmation_email": true,
        "display_main_website_link": true,
        "required_fields_with_asterisk": true,
        "resume_link_lifetime": 7,
        "hide_non_applicable_steps": true
    }
]