[
    {
        "uuid": "7e6520e5-c429-4cfc-a63a-f1c1ab532d23",
        "name": "onderwerpvooragendagemeenteraadondersteunenveilig",
        "internal_name": "",
        "login_required": false,
        "authentication_backends": [],
        "slug": "onderwerpvooragendagemeenteraadondersteunenveilig",
        "url": "http://localhost/api/v2/forms/7e6520e5-c429-4cfc-a63a-f1c1ab532d23",
        "show_progress_indicator": true,
        "maintenance_mode": false,
        "active": true,
        "is_deleted": false,
        "suspension_allowed": true,
        "send_confirmation_email": true,
        "display_main_website_link": true,
        "required_fields_with_asterisk": true,
        "resume_link_lifetime": 7,
        "hide_non_applicable_steps": true
    }
]