[
    {
        "uuid": "39a6806c-e57b-4404-a88a-74f83d0134e3",
        "name": "Melden eigen planten in boomspiegel",
        "internal_name": "",
        "login_required": false,
        "authentication_backends": [],
        "slug": "meldeneigenplanteninboomspiegel",
        "url": "http://localhost/api/v2/forms/39a6806c-e57b-4404-a88a-74f83d0134e3",
        "show_progress_indicator": true,
        "maintenance_mode": false,
        "active": true,
        "is_deleted": false,
        "suspension_allowed": true,
        "send_confirmation_email": true,
        "display_main_website_link": true,
        "required_fields_with_asterisk": true,
        "resume_link_lifetime": 7,
        "hide_non_applicable_steps": true
    }
]