[
    {
        "uuid": "c9a2de12-7550-4735-96a9-a6cce334fc4d",
        "name": "Subsidie voor monument aanvragen",
        "internal_name": "",
        "login_required": false,
        "authentication_backends": [],
        "slug": "subsidievoormonumentaanvragen",
        "url": "http://localhost/api/v2/forms/c9a2de12-7550-4735-96a9-a6cce334fc4d",
        "show_progress_indicator": true,
        "maintenance_mode": false,
        "active": true,
        "is_deleted": false,
        "suspension_allowed": true,
        "send_confirmation_email": true,
        "display_main_website_link": true,
        "required_fields_with_asterisk": true,
        "resume_link_lifetime": 7,
        "hide_non_applicable_steps": true
    }
]