[
    {
        "uuid": "fb248157-44fd-4342-8d10-b868072608c6",
        "index": "0",
        "slug": "uw-gegevens",
        "form_definition": "http://localhost/api/v2/form-definitions/7ea7d1fe-374c-4f00-a018-1921cab883d7"
    },
    {
        "uuid": "7ae38fb1-c85c-4e3b-97c7-35ac06d6ada8",
        "index": "1",
        "slug": "subsidie",
        "form_definition": "http://localhost/api/v2/form-definitions/3b9e6549-af9e-4666-9fa4-5cd9b8ed98a1"
    },
    {
        "uuid": "3baaedd1-03ca-4f68-b1e8-412744d71e95",
        "index": "2",
        "slug": "gegevens-monument",
        "form_definition": "http://localhost/api/v2/form-definitions/623f685b-d67d-4d90-b0a6-f64f56f20f5f"
    },
    {
        "uuid": "a7c0521b-d8ee-4a6e-9c5f-dbc6ca46b930",
        "index": "3",
        "slug": "iban",
        "form_definition": "http://localhost/api/v2/form-definitions/8def7d29-d79b-4a12-be68-d9b0bbb681ff"
    },
    {
        "uuid": "5d5a9954-c943-4660-a8f9-9ca1bad21d7d",
        "index": "4",
        "slug": "bijlagen",
        "form_definition": "http://localhost/api/v2/form-definitions/94b84982-65ce-4f1f-9554-e0ec20e09f5e"
    }
]