[
    {
        "uuid": "1526317d-7eb6-40f1-9a9b-a09bd8308235",
        "name": "Bezwaar maken",
        "internal_name": "",
        "login_required": false,
        "authentication_backends": [],
        "slug": "bezwaarmaken",
        "url": "http://localhost/api/v2/forms/1526317d-7eb6-40f1-9a9b-a09bd8308235",
        "show_progress_indicator": true,
        "maintenance_mode": false,
        "active": true,
        "is_deleted": false,
        "suspension_allowed": true,
        "send_confirmation_email": true,
        "display_main_website_link": true,
        "required_fields_with_asterisk": true,
        "resume_link_lifetime": 7,
        "hide_non_applicable_steps": true
    }
]