[
    {
        "url": "http://localhost/api/v2/form-definitions/fea5cf28-01cb-4679-b5d7-379d62cf4206",
        "uuid": "fea5cf28-01cb-4679-b5d7-379d62cf4206",
        "name": "Uw gegevens",
        "slug": "uw-gegevens",
        "configuration": {
            "display": "form",
            "components": [
                {
                    "components": [
                        {
                            "label": "Naam",
                            "customClass": "naamingelogdegebruikerfieldnonhidden nonhiddenfield",
                            "tableView": true,
                            "persistent": false,
                            "key": "naamIngelogdeGebruiker",
                            "type": "textfield",
                            "input": true,
                            "prefill": {
                                "plugin": "haalcentraal",
                                "attribute": "verblijfplaats.huisnummer",
                                "identifierRole": "main"
                            }
                        },
                        {
                            "label": "Straatnaam",
                            "customClass": "straatnaamfieldnonhidden nonhiddenfield",
                            "tableView": true,
                            "persistent": false,
                            "key": "straatnaam",
                            "type": "textfield",
                            "input": true,
                            "prefill": {
                                "plugin": "haalcentraal",
                                "attribute": "verblijfplaats.woonplaats",
                                "identifierRole": "main"
                            }
                        },
                        {
                            "label": "Huisnummer",
                            "customClass": "huisnummerfieldnonhidden nonhiddenfield",
                            "tableView": true,
                            "persistent": false,
                            "key": "huisnummerfield",
                            "type": "textfield",
                            "input": true,
                            "prefill": {
                                "plugin": "haalcentraal",
                                "attribute": "verblijfplaats.huisnummer",
                                "identifierRole": "main"
                            }
                        },
                        {
                            "label": "Postcode",
                            "customClass": "postcodefieldnonhidden nonhiddenfield",
                            "tableView": true,
                            "persistent": false,
                            "key": "postcode",
                            "type": "textfield",
                            "input": true,
                            "prefill": {
                                "plugin": "haalcentraal",
                                "attribute": "verblijfplaats.huisnummer",
                                "identifierRole": "main"
                            }
                        },
                        {
                            "label": "Woonplaats",
                            "customClass": "woonplaatsfieldnonhidden nonhiddenfield",
                            "tableView": true,
                            "persistent": false,
                            "key": "woonplaats",
                            "type": "textfield",
                            "input": true,
                            "prefill": {
                                "plugin": "haalcentraal",
                                "attribute": "verblijfplaats.huisnummer",
                                "identifierRole": "main"
                            }
                        }
                    ],
                    "key": "fieldSet-1-2-3-4-5-6-7-8-9-10-11",
                    "type": "fieldset",
                    "label": "Field Set",
                    "tree": false,
                    "input": false,
                    "hidden": false,
                    "legend": "",
                    "prefix": "",
                    "suffix": "",
                    "unique": false,
                    "widget": null,
                    "dbIndex": false,
                    "overlay": {
                        "top": "",
                        "left": "",
                        "style": "",
                        "width": "",
                        "height": ""
                    },
                    "tooltip": "",
                    "disabled": false,
                    "multiple": false,
                    "redrawOn": "",
                    "tabindex": "",
                    "validate": {
                        "custom": "",
                        "unique": false,
                        "multiple": false,
                        "required": false,
                        "customPrivate": false,
                        "strictDateValidation": false
                    },
                    "autofocus": false,
                    "encrypted": false,
                    "hideLabel": false,
                    "modalEdit": false,
                    "protected": false,
                    "refreshOn": "",
                    "tableView": false,
                    "attributes": {},
                    "errorLabel": "",
                    "hideHeader": false,
                    "persistent": false,
                    "properties": {},
                    "validateOn": "change",
                    "clearOnHide": true,
                    "customClass": "",
                    "description": "",
                    "placeholder": "",
                    "defaultValue": null,
                    "dataGridLabel": false,
                    "labelPosition": "top",
                    "showCharCount": false,
                    "showWordCount": false,
                    "calculateValue": "",
                    "calculateServer": false,
                    "allowMultipleMasks": false,
                    "customDefaultValue": "",
                    "allowCalculateOverride": false,
                    "originalFormName": "nonhiddenfieldsform1"
                },
                {
                    "label": "Wilt u bezwaar maken tegen belastingen?",
                    "optionsLabelPosition": "right",
                    "inline": false,
                    "tableView": false,
                    "values": [
                        {
                            "label": "ja",
                            "value": "ja",
                            "shortcut": ""
                        },
                        {
                            "label": "nee",
                            "value": "nee",
                            "shortcut": ""
                        }
                    ],
                    "key": "wiltUBezwaarMakenTegenBelastingen",
                    "type": "radio",
                    "input": true
                },
                {
                    "label": "belastingen portaal",
                    "attrs": [
                        {
                            "attr": "",
                            "value": ""
                        }
                    ],
                    "content": "U kunt met dit formulier geen bezwaar maken tegen belastingen. U kunt dit doen bij het <a href=\"https://belastingen.nijmegen.nl\" target=\"_blank\">belastingen portaal</a>",
                    "refreshOnChange": false,
                    "key": "belastingenPortaal",
                    "type": "content",
                    "input": false,
                    "tableView": false,
                    "html": "U kunt met dit formulier geen bezwaar maken tegen belastingen. U kunt dit doen bij het <a href=\"https://belastingen.nijmegen.nl\" target=\"_blank\">belastingen portaal</a>"
                },
                {
                    "components": [
                        {
                            "components": [
                                {
                                    "html": "<p>digid &amp; bsn</p>",
                                    "label": "Content",
                                    "refreshOnChange": false,
                                    "key": "content-1-2-3-4",
                                    "type": "content",
                                    "input": false,
                                    "tableView": false
                                },
                                {
                                    "label": "Namens wie maakt u bezwaar?",
                                    "optionsLabelPosition": "right",
                                    "inline": false,
                                    "tableView": false,
                                    "values": [
                                        {
                                            "label": "mijzelf",
                                            "value": "mijzelf",
                                            "shortcut": ""
                                        },
                                        {
                                            "label": "iemand anders (u bent gemachtigd)",
                                            "value": "iemandAnders",
                                            "shortcut": ""
                                        },
                                        {
                                            "label": "een bedrijf of organisatie (u bent gemachtigd)",
                                            "value": "org",
                                            "shortcut": ""
                                        }
                                    ],
                                    "validate": {
                                        "required": true
                                    },
                                    "key": "voorWie",
                                    "type": "radio",
                                    "input": true
                                },
                                {
                                    "components": [
                                        {
                                            "label": "Telefoonnummer",
                                            "autocomplete": "tel",
                                            "tableView": true,
                                            "validate": {
                                                "required": true
                                            },
                                            "key": "telefoonnummer1",
                                            "properties": {
                                                "jz4all_key": "phone"
                                            },
                                            "type": "textfield",
                                            "input": true,
                                            "prefill": {
                                                "plugin": "",
                                                "attribute": "",
                                                "identifierRole": "main"
                                            }
                                        },
                                        {
                                            "label": "E-mailadres",
                                            "autocomplete": "email",
                                            "tableView": true,
                                            "validateOn": "blur",
                                            "validate": {
                                                "required": true
                                            },
                                            "key": "eMailadres1",
                                            "properties": {
                                                "jz4all_key": "email"
                                            },
                                            "type": "email",
                                            "input": true
                                        }
                                    ],
                                    "key": "fieldSet-1-2-3-4-5-6-7-8-9-10",
                                    "type": "fieldset",
                                    "label": "Field Set",
                                    "tree": false,
                                    "input": false,
                                    "hidden": false,
                                    "legend": "",
                                    "prefix": "",
                                    "suffix": "",
                                    "unique": false,
                                    "widget": null,
                                    "dbIndex": false,
                                    "overlay": {
                                        "top": "",
                                        "left": "",
                                        "style": "",
                                        "width": "",
                                        "height": ""
                                    },
                                    "tooltip": "",
                                    "disabled": false,
                                    "multiple": false,
                                    "redrawOn": "",
                                    "tabindex": "",
                                    "validate": {
                                        "custom": "",
                                        "unique": false,
                                        "multiple": false,
                                        "required": false,
                                        "customPrivate": false,
                                        "strictDateValidation": false
                                    },
                                    "autofocus": false,
                                    "encrypted": false,
                                    "hideLabel": false,
                                    "modalEdit": false,
                                    "protected": false,
                                    "refreshOn": "",
                                    "tableView": false,
                                    "attributes": {},
                                    "errorLabel": "",
                                    "hideHeader": false,
                                    "persistent": false,
                                    "properties": {},
                                    "validateOn": "change",
                                    "clearOnHide": true,
                                    "conditional": {
                                        "eq": "",
                                        "show": null,
                                        "when": null
                                    },
                                    "customClass": "",
                                    "description": "",
                                    "placeholder": "",
                                    "defaultValue": null,
                                    "dataGridLabel": false,
                                    "labelPosition": "top",
                                    "showCharCount": false,
                                    "showWordCount": false,
                                    "calculateValue": "",
                                    "calculateServer": false,
                                    "allowMultipleMasks": false,
                                    "customDefaultValue": "",
                                    "allowCalculateOverride": false
                                },
                                {
                                    "label": "Bent u een advocaat of bewindvoerder?",
                                    "optionsLabelPosition": "right",
                                    "inline": false,
                                    "tableView": false,
                                    "values": [
                                        {
                                            "label": "ja",
                                            "value": "ja",
                                            "shortcut": ""
                                        },
                                        {
                                            "label": "nee",
                                            "value": "nee",
                                            "shortcut": ""
                                        }
                                    ],
                                    "validate": {
                                        "required": true
                                    },
                                    "key": "advocaatDigidIemandAnders",
                                    "conditional": {
                                        "show": true,
                                        "when": "geenBelasting.digiD.voorWie",
                                        "eq": "iemandAnders"
                                    },
                                    "type": "radio",
                                    "input": true
                                },
                                {
                                    "label": "Bent u een advocaat of bewindvoerder?",
                                    "optionsLabelPosition": "right",
                                    "inline": false,
                                    "tableView": false,
                                    "values": [
                                        {
                                            "label": "ja",
                                            "value": "ja",
                                            "shortcut": ""
                                        },
                                        {
                                            "label": "nee",
                                            "value": "nee",
                                            "shortcut": ""
                                        }
                                    ],
                                    "validate": {
                                        "required": true
                                    },
                                    "key": "advocaatDigidOrg",
                                    "conditional": {
                                        "show": true,
                                        "when": "geenBelasting.digiD.voorWie",
                                        "eq": "org"
                                    },
                                    "type": "radio",
                                    "input": true
                                },
                                {
                                    "html": "<p><span style=\"background-color:rgb(255,255,255);color:rgb(0,0,0);\">U moet een kopie van de machtiging, waarop staat dat u voor die persoon bezwaar mag maken, bij uw bezwaar doen. U leest aan het einde van dit formulier hoe u dit kunt doen.</span></p>",
                                    "label": "Content",
                                    "refreshOnChange": false,
                                    "key": "content2-1",
                                    "conditional": {
                                        "show": true,
                                        "when": "geenBelasting.digiD.advocaatDigidIemandAnders",
                                        "eq": "nee"
                                    },
                                    "type": "content",
                                    "input": false,
                                    "tableView": false
                                },
                                {
                                    "html": "<p><span style=\"background-color:rgb(255,255,255);color:rgb(36,41,47);\">U moet een bewijs waarop staat dat u gemachtigd bent om voor het bedrijf of organisatie bezwaar te maken, bij uw bezwaar doen. U leest aan het einde van dit formulier hoe u dit kunt doen.</span></p>",
                                    "label": "Content",
                                    "refreshOnChange": false,
                                    "key": "content1-1",
                                    "conditional": {
                                        "show": true,
                                        "when": "geenBelasting.digiD.advocaatDigidOrg",
                                        "eq": "nee"
                                    },
                                    "type": "content",
                                    "input": false,
                                    "tableView": false
                                }
                            ],
                            "key": "fieldSet-1-2-3-4-5-6-7-8-9",
                            "type": "fieldset",
                            "label": "Field Set",
                            "tree": false,
                            "input": false,
                            "hidden": false,
                            "legend": "",
                            "prefix": "",
                            "suffix": "",
                            "unique": false,
                            "widget": null,
                            "dbIndex": false,
                            "overlay": {
                                "top": "",
                                "left": "",
                                "style": "",
                                "width": "",
                                "height": ""
                            },
                            "tooltip": "",
                            "disabled": false,
                            "multiple": false,
                            "redrawOn": "",
                            "tabindex": "",
                            "validate": {
                                "custom": "",
                                "unique": false,
                                "multiple": false,
                                "required": false,
                                "customPrivate": false,
                                "strictDateValidation": false
                            },
                            "autofocus": false,
                            "encrypted": false,
                            "hideLabel": false,
                            "modalEdit": false,
                            "protected": false,
                            "refreshOn": "",
                            "tableView": false,
                            "attributes": {},
                            "errorLabel": "",
                            "hideHeader": false,
                            "persistent": false,
                            "properties": {},
                            "validateOn": "change",
                            "clearOnHide": true,
                            "conditional": {
                                "eq": "",
                                "show": null,
                                "when": null
                            },
                            "customClass": "",
                            "description": "",
                            "placeholder": "",
                            "defaultValue": null,
                            "dataGridLabel": false,
                            "labelPosition": "top",
                            "showCharCount": false,
                            "showWordCount": false,
                            "calculateValue": "",
                            "calculateServer": false,
                            "allowMultipleMasks": false,
                            "customDefaultValue": "",
                            "allowCalculateOverride": false
                        },
                        {
                            "components": [
                                {
                                    "html": "<p>eherkenning</p>",
                                    "label": "Content",
                                    "refreshOnChange": false,
                                    "key": "content-1-2-3",
                                    "type": "content",
                                    "input": false,
                                    "tableView": false
                                },
                                {
                                    "label": "Namens wie maakt u bezwaar?",
                                    "optionsLabelPosition": "right",
                                    "inline": false,
                                    "tableView": false,
                                    "values": [
                                        {
                                            "label": "mijn bedrijf of organisatie",
                                            "value": "mijnBedrijfOfOrganisatie",
                                            "shortcut": ""
                                        },
                                        {
                                            "label": "iemand anders (uw bedrijf of organisatie is gemachtigd)",
                                            "value": "iemandAndersOrg",
                                            "shortcut": ""
                                        },
                                        {
                                            "label": "een ander bedrijf of organisatie (uw bedrijf of organisatie is gemachtigd)",
                                            "value": "andereOrg",
                                            "shortcut": ""
                                        }
                                    ],
                                    "validate": {
                                        "required": true
                                    },
                                    "key": "voorWie1",
                                    "type": "radio",
                                    "input": true
                                },
                                {
                                    "components": [
                                        {
                                            "label": "Naam contactpersoon",
                                            "tableView": true,
                                            "key": "naamContactpersoon-1",
                                            "properties": {
                                                "jz4all_key": "contact.naam"
                                            },
                                            "type": "textfield",
                                            "input": true,
                                            "prefill": {
                                                "plugin": "",
                                                "attribute": "",
                                                "identifierRole": "main"
                                            }
                                        },
                                        {
                                            "label": "Telefoonnummer",
                                            "tableView": true,
                                            "validate": {
                                                "required": true
                                            },
                                            "key": "telefoonnummer-1",
                                            "properties": {
                                                "jz4all_key": "phone"
                                            },
                                            "type": "textfield",
                                            "input": true,
                                            "prefill": {
                                                "plugin": "",
                                                "attribute": "",
                                                "identifierRole": "main"
                                            }
                                        },
                                        {
                                            "label": "E-mailadres",
                                            "tableView": true,
                                            "validateOn": "blur",
                                            "validate": {
                                                "required": true
                                            },
                                            "key": "eMailadres-1",
                                            "properties": {
                                                "jz4all_key": "email"
                                            },
                                            "type": "email",
                                            "input": true
                                        }
                                    ],
                                    "key": "fieldSet-1-2-3-4-5-6-7-8",
                                    "type": "fieldset",
                                    "label": "Field Set",
                                    "tree": false,
                                    "input": false,
                                    "hidden": false,
                                    "legend": "",
                                    "prefix": "",
                                    "suffix": "",
                                    "unique": false,
                                    "widget": null,
                                    "dbIndex": false,
                                    "overlay": {
                                        "top": "",
                                        "left": "",
                                        "style": "",
                                        "width": "",
                                        "height": ""
                                    },
                                    "tooltip": "",
                                    "disabled": false,
                                    "multiple": false,
                                    "redrawOn": "",
                                    "tabindex": "",
                                    "validate": {
                                        "custom": "",
                                        "unique": false,
                                        "multiple": false,
                                        "required": false,
                                        "customPrivate": false,
                                        "strictDateValidation": false
                                    },
                                    "autofocus": false,
                                    "encrypted": false,
                                    "hideLabel": false,
                                    "modalEdit": false,
                                    "protected": false,
                                    "refreshOn": "",
                                    "tableView": false,
                                    "attributes": {},
                                    "errorLabel": "",
                                    "hideHeader": false,
                                    "persistent": false,
                                    "properties": {},
                                    "validateOn": "change",
                                    "clearOnHide": true,
                                    "conditional": {
                                        "eq": "",
                                        "show": null,
                                        "when": null
                                    },
                                    "customClass": "",
                                    "description": "",
                                    "placeholder": "",
                                    "defaultValue": null,
                                    "dataGridLabel": false,
                                    "labelPosition": "top",
                                    "showCharCount": false,
                                    "showWordCount": false,
                                    "calculateValue": "",
                                    "calculateServer": false,
                                    "allowMultipleMasks": false,
                                    "customDefaultValue": "",
                                    "allowCalculateOverride": false
                                },
                                {
                                    "label": "Bent u een advocaat of bewindvoerder?",
                                    "optionsLabelPosition": "right",
                                    "inline": false,
                                    "tableView": false,
                                    "values": [
                                        {
                                            "label": "ja",
                                            "value": "ja",
                                            "shortcut": ""
                                        },
                                        {
                                            "label": "nee",
                                            "value": "nee",
                                            "shortcut": ""
                                        }
                                    ],
                                    "validate": {
                                        "required": true
                                    },
                                    "key": "advocaatEherkenning",
                                    "customConditional": "show = false;\n\nvar isEherkenningIemandAnders = data.geenBelasting && data.geenBelasting.eHerkenning && data.geenBelasting.eHerkenning.voorWie1 && data.geenBelasting.eHerkenning.voorWie1 == 'iemandAndersOrg' ? true:false;\nvar isEherkenningBedrijf = data.geenBelasting && data.geenBelasting.eHerkenning && data.geenBelasting.eHerkenning.voorWie1 && data.geenBelasting.eHerkenning.voorWie1 == 'andereOrg' ? true:false;\n\nif ( isEherkenningIemandAnders || isEherkenningBedrijf){\n  show = true;\n} else{\n  show = false;\n}",
                                    "type": "radio",
                                    "input": true
                                },
                                {
                                    "html": "<p><span style=\"background-color:rgb(255,255,255);color:rgb(36,41,47);\">U moet een bewijs waarop staat dat u gemachtigd bent om voor het bedrijf of organisatie bezwaar te maken, bij uw bezwaar doen. U leest aan het einde van dit formulier hoe u dit kunt doen.</span></p>",
                                    "label": "Content",
                                    "refreshOnChange": false,
                                    "key": "content1",
                                    "conditional": {
                                        "show": true,
                                        "when": "geenBelasting.eHerkenning.advocaatEherkenning",
                                        "eq": "nee"
                                    },
                                    "type": "content",
                                    "input": false,
                                    "tableView": false
                                }
                            ],
                            "key": "fieldSet-1-2-3-4-5-6-7",
                            "type": "fieldset",
                            "label": "Field Set",
                            "tree": false,
                            "input": false,
                            "hidden": false,
                            "legend": "",
                            "prefix": "",
                            "suffix": "",
                            "unique": false,
                            "widget": null,
                            "dbIndex": false,
                            "overlay": {
                                "top": "",
                                "left": "",
                                "style": "",
                                "width": "",
                                "height": ""
                            },
                            "tooltip": "",
                            "disabled": false,
                            "multiple": false,
                            "redrawOn": "",
                            "tabindex": "",
                            "validate": {
                                "custom": "",
                                "unique": false,
                                "multiple": false,
                                "required": false,
                                "customPrivate": false,
                                "strictDateValidation": false
                            },
                            "autofocus": false,
                            "encrypted": false,
                            "hideLabel": false,
                            "modalEdit": false,
                            "protected": false,
                            "refreshOn": "",
                            "tableView": false,
                            "attributes": {},
                            "errorLabel": "",
                            "hideHeader": false,
                            "persistent": false,
                            "properties": {},
                            "validateOn": "change",
                            "clearOnHide": true,
                            "conditional": {
                                "eq": "",
                                "show": null,
                                "when": null
                            },
                            "customClass": "",
                            "description": "",
                            "placeholder": "",
                            "defaultValue": null,
                            "dataGridLabel": false,
                            "labelPosition": "top",
                            "showCharCount": false,
                            "showWordCount": false,
                            "calculateValue": "",
                            "calculateServer": false,
                            "allowMultipleMasks": false,
                            "customDefaultValue": "",
                            "allowCalculateOverride": false
                        },
                        {
                            "label": "Voor welk kantoor werkt u?",
                            "tableView": true,
                            "validate": {
                                "required": true
                            },
                            "key": "voorWelkKantoorWerktU",
                            "properties": {
                                "jz4all_key": "contact_business_name"
                            },
                            "customConditional": "show = false;\n\nvar iemandAnders = data.geenBelasting && data.geenBelasting.digiD && data.geenBelasting.digiD.advocaatDigidIemandAnders && data.geenBelasting.digiD.advocaatDigidIemandAnders == 'ja' ? true:false;\nvar organisatie = data.geenBelasting && data.geenBelasting.digiD && data.geenBelasting.digiD.advocaatDigidOrg && data.geenBelasting.digiD.advocaatDigidOrg == 'ja' ? true:false;\nvar isEherkenning = data.geenBelasting && data.geenBelasting.eHerkenning && data.geenBelasting.eHerkenning.advocaatEherkenning && data.geenBelasting.eHerkenning.advocaatEherkenning == 'ja' ? true:false;\n\nif (iemandAnders || organisatie || isEherkenning){\n  show = true;\n} else{\n  show = false;\n}",
                            "type": "textfield",
                            "input": true,
                            "prefill": {
                                "plugin": "",
                                "attribute": "",
                                "identifierRole": "main"
                            }
                        },
                        {
                            "components": [
                                {
                                    "label": "Bent u zelf de contactpersoon?",
                                    "optionsLabelPosition": "right",
                                    "inline": false,
                                    "tableView": false,
                                    "values": [
                                        {
                                            "label": "ja",
                                            "value": "ja",
                                            "shortcut": ""
                                        },
                                        {
                                            "label": "nee",
                                            "value": "nee",
                                            "shortcut": ""
                                        }
                                    ],
                                    "validate": {
                                        "required": true
                                    },
                                    "key": "contactpersoon",
                                    "properties": {
                                        "jz4all_key": "initiator_is_contact"
                                    },
                                    "conditional": {
                                        "show": true,
                                        "when": "geenBelasting.digiD.voorWie",
                                        "eq": "org"
                                    },
                                    "type": "radio",
                                    "input": true
                                },
                                {
                                    "components": [
                                        {
                                            "label": "Naam contactpersoon",
                                            "tableView": true,
                                            "key": "naamContactpersoon",
                                            "properties": {
                                                "jz4all_key": "contact.naam"
                                            },
                                            "type": "textfield",
                                            "input": true,
                                            "prefill": {
                                                "plugin": "",
                                                "attribute": "",
                                                "identifierRole": "main"
                                            }
                                        },
                                        {
                                            "label": "Telefoonnummer",
                                            "tableView": true,
                                            "validate": {
                                                "required": true
                                            },
                                            "key": "telefoonnummer",
                                            "properties": {
                                                "jz4all_key": "phone"
                                            },
                                            "type": "textfield",
                                            "input": true,
                                            "prefill": {
                                                "plugin": "",
                                                "attribute": "",
                                                "identifierRole": "main"
                                            }
                                        },
                                        {
                                            "label": "E-mailadres",
                                            "tableView": true,
                                            "validateOn": "blur",
                                            "validate": {
                                                "required": true
                                            },
                                            "key": "eMailadres",
                                            "properties": {
                                                "jz4all_key": "email"
                                            },
                                            "type": "email",
                                            "input": true
                                        }
                                    ],
                                    "key": "fieldSet-1-2-3-4-5-6",
                                    "type": "fieldset",
                                    "label": "Field Set",
                                    "tree": false,
                                    "input": false,
                                    "hidden": false,
                                    "legend": "",
                                    "prefix": "",
                                    "suffix": "",
                                    "unique": false,
                                    "widget": null,
                                    "dbIndex": false,
                                    "overlay": {
                                        "top": "",
                                        "left": "",
                                        "style": "",
                                        "width": "",
                                        "height": ""
                                    },
                                    "tooltip": "",
                                    "disabled": false,
                                    "multiple": false,
                                    "redrawOn": "",
                                    "tabindex": "",
                                    "validate": {
                                        "custom": "",
                                        "unique": false,
                                        "multiple": false,
                                        "required": false,
                                        "customPrivate": false,
                                        "strictDateValidation": false
                                    },
                                    "autofocus": false,
                                    "encrypted": false,
                                    "hideLabel": false,
                                    "modalEdit": false,
                                    "protected": false,
                                    "refreshOn": "",
                                    "tableView": false,
                                    "attributes": {},
                                    "errorLabel": "",
                                    "hideHeader": false,
                                    "persistent": false,
                                    "properties": {},
                                    "validateOn": "change",
                                    "clearOnHide": true,
                                    "conditional": {
                                        "eq": "",
                                        "show": null,
                                        "when": null
                                    },
                                    "customClass": "",
                                    "description": "",
                                    "placeholder": "",
                                    "defaultValue": null,
                                    "dataGridLabel": false,
                                    "labelPosition": "top",
                                    "showCharCount": false,
                                    "showWordCount": false,
                                    "calculateValue": "",
                                    "calculateServer": false,
                                    "allowMultipleMasks": false,
                                    "customDefaultValue": "",
                                    "allowCalculateOverride": false
                                }
                            ],
                            "key": "fieldSet-1-2-3-4-5",
                            "type": "fieldset",
                            "label": "Field Set",
                            "tree": false,
                            "input": false,
                            "hidden": false,
                            "legend": "",
                            "prefix": "",
                            "suffix": "",
                            "unique": false,
                            "widget": null,
                            "dbIndex": false,
                            "overlay": {
                                "top": "",
                                "left": "",
                                "style": "",
                                "width": "",
                                "height": ""
                            },
                            "tooltip": "",
                            "disabled": false,
                            "multiple": false,
                            "redrawOn": "",
                            "tabindex": "",
                            "validate": {
                                "custom": "",
                                "unique": false,
                                "multiple": false,
                                "required": false,
                                "customPrivate": false,
                                "strictDateValidation": false
                            },
                            "autofocus": false,
                            "encrypted": false,
                            "hideLabel": false,
                            "modalEdit": false,
                            "protected": false,
                            "refreshOn": "",
                            "tableView": false,
                            "attributes": {},
                            "errorLabel": "",
                            "hideHeader": false,
                            "persistent": false,
                            "properties": {},
                            "validateOn": "change",
                            "clearOnHide": true,
                            "conditional": {
                                "eq": "",
                                "show": null,
                                "when": null
                            },
                            "customClass": "",
                            "description": "",
                            "placeholder": "",
                            "defaultValue": null,
                            "dataGridLabel": false,
                            "labelPosition": "top",
                            "showCharCount": false,
                            "showWordCount": false,
                            "calculateValue": "",
                            "calculateServer": false,
                            "allowMultipleMasks": false,
                            "customDefaultValue": "",
                            "allowCalculateOverride": false
                        },
                        {
                            "components": [
                                {
                                    "html": "<p><strong>Gegevens van de persoon voor wie u bezwaar maakt:</strong></p>",
                                    "label": "Content",
                                    "refreshOnChange": false,
                                    "key": "content-1-2",
                                    "type": "content",
                                    "input": false,
                                    "tableView": false
                                },
                                {
                                    "label": "Naam",
                                    "tableView": true,
                                    "validate": {
                                        "required": true
                                    },
                                    "key": "naam-1",
                                    "properties": {
                                        "jz4all_key": "webform_initiator.naam"
                                    },
                                    "type": "textfield",
                                    "input": true,
                                    "prefill": {
                                        "plugin": "",
                                        "attribute": "",
                                        "identifierRole": "main"
                                    }
                                },
                                {
                                    "label": "Adres",
                                    "disablestreetcity": false,
                                    "validate": {
                                        "required": true
                                    },
                                    "tableView": true,
                                    "key": "adres",
                                    "properties": {
                                        "jz4all_key": "webform_initiator.adres"
                                    },
                                    "type": "adres",
                                    "input": true
                                }
                            ],
                            "key": "fieldSet-1-2-3-4",
                            "type": "fieldset",
                            "label": "Field Set",
                            "tree": false,
                            "input": false,
                            "hidden": false,
                            "legend": "",
                            "prefix": "",
                            "suffix": "",
                            "unique": false,
                            "widget": null,
                            "dbIndex": false,
                            "overlay": {
                                "top": "",
                                "left": "",
                                "style": "",
                                "width": "",
                                "height": ""
                            },
                            "tooltip": "",
                            "disabled": false,
                            "multiple": false,
                            "redrawOn": "",
                            "tabindex": "",
                            "validate": {
                                "custom": "",
                                "unique": false,
                                "multiple": false,
                                "required": false,
                                "customPrivate": false,
                                "strictDateValidation": false
                            },
                            "autofocus": false,
                            "encrypted": false,
                            "hideLabel": false,
                            "modalEdit": false,
                            "protected": false,
                            "refreshOn": "",
                            "tableView": false,
                            "attributes": {},
                            "errorLabel": "",
                            "hideHeader": false,
                            "persistent": false,
                            "properties": {},
                            "validateOn": "change",
                            "clearOnHide": true,
                            "conditional": {
                                "eq": "",
                                "show": null,
                                "when": null
                            },
                            "customClass": "",
                            "description": "",
                            "placeholder": "",
                            "defaultValue": null,
                            "dataGridLabel": false,
                            "labelPosition": "top",
                            "showCharCount": false,
                            "showWordCount": false,
                            "calculateValue": "",
                            "calculateServer": false,
                            "allowMultipleMasks": false,
                            "customDefaultValue": "",
                            "allowCalculateOverride": false
                        },
                        {
                            "components": [
                                {
                                    "html": "<p><strong>Gegevens van het bedrijf voor wie u bezwaar maakt:</strong></p>",
                                    "label": "Content",
                                    "refreshOnChange": false,
                                    "key": "content-1",
                                    "type": "content",
                                    "input": false,
                                    "tableView": false
                                },
                                {
                                    "label": "Naam organisatie / bedrijf",
                                    "tableView": true,
                                    "validate": {
                                        "required": true
                                    },
                                    "key": "naam",
                                    "properties": {
                                        "jz4all_key": "webform_initiator.naam"
                                    },
                                    "type": "textfield",
                                    "input": true,
                                    "prefill": {
                                        "plugin": "",
                                        "attribute": "",
                                        "identifierRole": "main"
                                    }
                                },
                                {
                                    "label": "Inschrijfnummer Kamer van Koophandel",
                                    "tableView": true,
                                    "validate": {
                                        "required": true,
                                        "maxLength": 8,
                                        "pattern": "^[0-9]*$",
                                        "customMessage": "Vul een KvK nummer in"
                                    },
                                    "key": "kvKNummer",
                                    "properties": {
                                        "jz4all_key": "webform_initiator.kvk"
                                    },
                                    "type": "textfield",
                                    "input": true,
                                    "prefill": {
                                        "plugin": "",
                                        "attribute": "",
                                        "identifierRole": "main"
                                    }
                                }
                            ],
                            "key": "fieldSet-1-2-3",
                            "type": "fieldset",
                            "label": "Field Set",
                            "tree": false,
                            "input": false,
                            "hidden": false,
                            "legend": "",
                            "prefix": "",
                            "suffix": "",
                            "unique": false,
                            "widget": null,
                            "dbIndex": false,
                            "overlay": {
                                "top": "",
                                "left": "",
                                "style": "",
                                "width": "",
                                "height": ""
                            },
                            "tooltip": "",
                            "disabled": false,
                            "multiple": false,
                            "redrawOn": "",
                            "tabindex": "",
                            "validate": {
                                "custom": "",
                                "unique": false,
                                "multiple": false,
                                "required": false,
                                "customPrivate": false,
                                "strictDateValidation": false
                            },
                            "autofocus": false,
                            "encrypted": false,
                            "hideLabel": false,
                            "modalEdit": false,
                            "protected": false,
                            "refreshOn": "",
                            "tableView": false,
                            "attributes": {},
                            "errorLabel": "",
                            "hideHeader": false,
                            "persistent": false,
                            "properties": {},
                            "validateOn": "change",
                            "clearOnHide": true,
                            "conditional": {
                                "eq": "",
                                "show": null,
                                "when": null
                            },
                            "customClass": "",
                            "description": "",
                            "placeholder": "",
                            "defaultValue": null,
                            "dataGridLabel": false,
                            "labelPosition": "top",
                            "showCharCount": false,
                            "showWordCount": false,
                            "calculateValue": "",
                            "calculateServer": false,
                            "allowMultipleMasks": false,
                            "customDefaultValue": "",
                            "allowCalculateOverride": false
                        }
                    ],
                    "key": "fieldSet-1-2",
                    "type": "fieldset",
                    "label": "Field Set",
                    "tree": false,
                    "input": false,
                    "hidden": false,
                    "legend": "",
                    "prefix": "",
                    "suffix": "",
                    "unique": false,
                    "widget": null,
                    "dbIndex": false,
                    "overlay": {
                        "top": "",
                        "left": "",
                        "style": "",
                        "width": "",
                        "height": ""
                    },
                    "tooltip": "",
                    "disabled": false,
                    "multiple": false,
                    "redrawOn": "",
                    "tabindex": "",
                    "validate": {
                        "custom": "",
                        "unique": false,
                        "multiple": false,
                        "required": false,
                        "customPrivate": false,
                        "strictDateValidation": false
                    },
                    "autofocus": false,
                    "encrypted": false,
                    "hideLabel": false,
                    "modalEdit": false,
                    "protected": false,
                    "refreshOn": "",
                    "tableView": false,
                    "attributes": {},
                    "errorLabel": "",
                    "hideHeader": false,
                    "persistent": false,
                    "properties": {},
                    "validateOn": "change",
                    "clearOnHide": true,
                    "customClass": "",
                    "description": "",
                    "placeholder": "",
                    "defaultValue": null,
                    "dataGridLabel": false,
                    "labelPosition": "top",
                    "showCharCount": false,
                    "showWordCount": false,
                    "calculateValue": "",
                    "calculateServer": false,
                    "allowMultipleMasks": false,
                    "customDefaultValue": "",
                    "allowCalculateOverride": false
                },
                {
                    "label": "Columns",
                    "columns": [
                        {
                            "components": [],
                            "width": 3,
                            "offset": 0,
                            "push": 0,
                            "pull": 0,
                            "size": "sm",
                            "currentWidth": 3
                        },
                        {
                            "components": [],
                            "width": 6,
                            "offset": 0,
                            "push": 0,
                            "pull": 0,
                            "size": "md",
                            "currentWidth": 6
                        }
                    ],
                    "key": "columns",
                    "type": "columns",
                    "input": false,
                    "tableView": false,
                    "hideOnChildrenHidden": false
                }
            ]
        }
    },
    {
        "url": "http://localhost/api/v2/form-definitions/1db68d07-97a4-4028-a3d8-f39a4c334045",
        "uuid": "1db68d07-97a4-4028-a3d8-f39a4c334045",
        "name": "Gegevens besluit of beschikking",
        "slug": "gegevens-besluit-of-beschikking",
        "configuration": {
            "display": "form",
            "components": [
                {
                    "label": "Op welke datum heeft de gemeente het besluit bekend gemaakt of de beschikking gegeven?",
                    "placeholder": "dag-maand-jaar",
                    "description": "Heeft u een brief van de gemeente ontvangen (met daarin het besluit waartegen u bezwaar maakt) dan ziet u de datum bovenaan in deze brief. Maakt u bezwaar tegen een openbare bekendmaking op <a href=\"https://www.overheid.nl\" target=\"_blank\">overheid.nl</a>, vul dan de verzenddatum in die bij de bekendmaking staat.",
                    "tableView": false,
                    "enableMinDateInput": false,
                    "datePicker": {
                        "disableWeekends": false,
                        "disableWeekdays": false
                    },
                    "enableMaxDateInput": false,
                    "timePicker": {
                        "hourStep": "",
                        "minuteStep": "",
                        "showMeridian": false
                    },
                    "validate": {
                        "required": true
                    },
                    "validateOn": "blur",
                    "key": "opWelkeDatumHeeftDeGemeenteHetBesluitBekendGemaaktOfDeBeschikkingGegeven",
                    "properties": {
                        "jz4all_key": "datum_primair_besluit"
                    },
                    "type": "datetime",
                    "input": true,
                    "widget": {
                        "type": "calendar",
                        "displayInTimezone": "viewer",
                        "locale": "nl",
                        "useLocaleSettings": false,
                        "allowInput": true,
                        "mode": "single",
                        "enableTime": false,
                        "noCalendar": false,
                        "format": "dd-MM-yyyy",
                        "time_24hr": true,
                        "minDate": null,
                        "disableWeekends": false,
                        "disableWeekdays": false,
                        "maxDate": null
                    }
                },
                {
                    "label": "Welk kenmerk of referentienummer heeft het besluit of de beschikking waartegen u bezwaar maakt?",
                    "description": "Als u bezwaar maakt tegen een besluit van de gemeente dat in een brief aan u is gestuurd, dan ziet u het kenmerk bij 'ons kenmerk'. Maakt u bezwaar tegen een openbare bekendmaking op <a href=\"https://www.overheid.nl\" target=\"_blank\">overheid.nl</a>, vul dan het referentienummer in dat bij de bekendmaking staat.",
                    "tableView": true,
                    "validate": {
                        "required": true
                    },
                    "key": "welkKenmerkOfReferentienummerHeeftHetBesluitOfDeBeschikkingWaartegenUBezwaarMaakt",
                    "properties": {
                        "jz4all_key": "primair_dossier"
                    },
                    "type": "textfield",
                    "input": true,
                    "prefill": {
                        "plugin": "",
                        "attribute": "",
                        "identifierRole": "main"
                    }
                },
                {
                    "label": "Waarom bent u het niet eens met het besluit of de beschikking?",
                    "tableView": true,
                    "inputFormat": "plain",
                    "validate": {
                        "required": true
                    },
                    "key": "waaromBentUHetNietEensMetHetBesluitOfDeBeschikking",
                    "type": "textarea",
                    "input": true,
                    "autoExpand": false
                },
                {
                    "label": "Columns",
                    "columns": [
                        {
                            "components": [],
                            "width": 3,
                            "offset": 0,
                            "push": 0,
                            "pull": 0,
                            "size": "sm",
                            "currentWidth": 3
                        },
                        {
                            "components": [],
                            "size": "sm",
                            "width": 3,
                            "offset": 0,
                            "push": 0,
                            "pull": 0,
                            "currentWidth": 3
                        }
                    ],
                    "key": "columns1",
                    "type": "columns",
                    "input": false,
                    "tableView": false,
                    "hideOnChildrenHidden": false
                }
            ]
        }
    },
    {
        "url": "http://localhost/api/v2/form-definitions/5b85edf9-ff87-4097-8040-b744a3b012c5",
        "uuid": "5b85edf9-ff87-4097-8040-b744a3b012c5",
        "name": "Bijlagen",
        "slug": "bijlagen",
        "configuration": {
            "display": "form",
            "components": [
                {
                    "html": "<p>U moet een kopie van de machtiging, waarop staat dat u namens iemand anders bezwaar mag maken, bij uw bezwaar doen.</p>",
                    "label": "Content",
                    "refreshOnChange": false,
                    "key": "content3",
                    "customConditional": "show = true;\n\nvar a = data.geenBelasting && data.geenBelasting.digiD && data.geenBelasting.digiD.advocaatDigidIemandAnders == 'nee' ? true:false;\nvar b = data.geenBelasting && data.geenBelasting.digiD && data.geenBelasting.digiD.advocaatDigidOrg == 'nee' ? true:false;\nvar c = data.geenBelasting && data.geenBelasting.eHerkenning && data.geenBelasting.eHerkenning.advocaatEherkenning == 'nee' ? true:false;\n\nif (a || b || c) {\n  show = true;\n} else {\n  show = false;\n}",
                    "type": "content",
                    "input": false,
                    "tableView": false
                },
                {
                    "html": "<p>U kunt bijlagen meesturen die het nog duidelijker maken waarom u het niet eens bent met het besluit of de beschikking.</p>",
                    "label": "Content",
                    "refreshOnChange": false,
                    "key": "content2",
                    "type": "content",
                    "input": false,
                    "tableView": false
                },
                {
                    "label": "Hoe stuurt u de bijlagen mee?",
                    "optionsLabelPosition": "right",
                    "inline": false,
                    "tableView": false,
                    "values": [
                        {
                            "label": "per post",
                            "value": "post",
                            "shortcut": ""
                        },
                        {
                            "label": "digitaal bij dit formulier (uploaden)",
                            "value": "digitaal",
                            "shortcut": ""
                        }
                    ],
                    "validate": {
                        "required": true
                    },
                    "key": "hoeBijlagen",
                    "customConditional": "show = true;\n\nvar a = data.geenBelasting && data.geenBelasting.digiD && data.geenBelasting.digiD.advocaatDigidIemandAnders == 'nee' ? true:false;\nvar b = data.geenBelasting && data.geenBelasting.digiD && data.geenBelasting.digiD.advocaatDigidOrg == 'nee' ? true:false;\nvar c = data.geenBelasting && data.geenBelasting.eHerkenning && data.geenBelasting.eHerkenning.advocaatEherkenning == 'nee' ? true:false;\n\nif (a || b || c) {\n  show = true;\n} else {\n  show = false;\n}",
                    "type": "radio",
                    "input": true
                },
                {
                    "label": "Wilt u bijlagen meesturen?",
                    "optionsLabelPosition": "right",
                    "inline": false,
                    "tableView": false,
                    "values": [
                        {
                            "label": "ja, ik stuur de bijlagen per post",
                            "value": "jaPerPost",
                            "shortcut": ""
                        },
                        {
                            "label": "ja, ik upload de bijlagen bij dit formulier",
                            "value": "jaUpload",
                            "shortcut": ""
                        },
                        {
                            "label": "nee, ik wil geen bijlagen meesturen",
                            "value": "neeIkWilGeenBijlagenMeesturen",
                            "shortcut": ""
                        }
                    ],
                    "validate": {
                        "required": true
                    },
                    "key": "bijlagenMeesturen",
                    "customConditional": "show = false;\r\n\r\nvar isMijzelfDigid = data.geenBelasting && data.geenBelasting.digiD && data.geenBelasting.digiD.voorWie && data.geenBelasting.digiD.voorWie == 'mijzelf' ? true:false;\r\nvar isMijzelfEherkenning = data.geenBelasting && data.geenBelasting.eHerkenning && data.geenBelasting.eHerkenning.voorWie1 && data.geenBelasting.eHerkenning.voorWie1 == 'mijnBedrijfOfOrganisatie' ? true:false;\r\nvar isAdvocaat = false;\r\nif(data.geenBelasting && data.geenBelasting.eHerkenning) {\r\n  var isAdvocaat = data.geenBelasting.eHerkenning.advocaatEherkenning == 'ja' ? true:false;\r\n} else if(data.geenBelasting && data.geenBelasting.digiD) {\r\n  if(data.geenBelasting && data.geenBelasting.digiD.advocaatDigidIemandAnders) {\r\n      var isAdvocaat = data.geenBelasting && data.geenBelasting.digiD.advocaatDigidIemandAnders == 'ja' ? true:false;\r\n  } else if(data.geenBelasting && data.geenBelasting.digiD.advocaatDigidOrg) {\r\n          var isAdvocaat = data.geenBelasting.digiD.advocaatDigidOrg == 'ja' ? true:false;\r\n  }\r\n}\r\n\r\nif(isMijzelfDigid || isMijzelfEherkenning || isAdvocaat){\r\n  show = true;\r\n} else{\r\n  show = false;  \r\n}",
                    "type": "radio",
                    "input": true
                },
                {
                    "html": "<p><span style=\"background-color:rgb(255,255,255);color:rgb(0,0,0);\">Stuur de bijlagen naar:</span><br><span style=\"background-color:rgb(255,255,255);color:rgb(0,0,0);\">College&nbsp;van Burgemeester en Wethouders&nbsp;</span><br><span style=\"background-color:rgb(255,255,255);color:rgb(0,0,0);\">Gemeente Nijmegen&nbsp;</span><br><span style=\"background-color:rgb(255,255,255);color:rgb(0,0,0);\">Postbus 9105&nbsp;</span><br><span style=\"background-color:rgb(255,255,255);color:rgb(0,0,0);\">6500 HG  Nijmegen&nbsp;</span><br><span style=\"background-color:rgb(255,255,255);color:rgb(0,0,0);\">&nbsp;</span><br><span style=\"background-color:rgb(255,255,255);color:rgb(0,0,0);\">Doe een brief bij de bijlage(n). Zet in de brief:&nbsp;</span><br><span style=\"background-color:rgb(255,255,255);color:rgb(0,0,0);\">- uw naam en adres&nbsp;</span><br><span style=\"background-color:rgb(255,255,255);color:rgb(0,0,0);\">- het kenmerk uit de brief van de gemeente die u over 2 tot 3 dagen via de post krijgt&nbsp;</span></p>",
                    "label": "Content",
                    "refreshOnChange": false,
                    "key": "content",
                    "customConditional": "show = false;\n\nif((data.hoeBijlagen && data.hoeBijlagen == 'post') || data.bijlagenMeesturen && data.bijlagenMeesturen == 'jaPerPost'){\n  show = true;\n} else{\n  show = false;\n}",
                    "type": "content",
                    "input": false,
                    "tableView": false
                },
                {
                    "components": [
                        {
                            "label": "Toevoegen",
                            "description": "Toegestaan zijn .jpg, .png, .jpeg of .pdf documenten die niet groter zijn dan 20MB.",
                            "tableView": false,
                            "storage": "url",
                            "webcam": false,
                            "fileTypes": [
                                {
                                    "label": "",
                                    "value": ""
                                }
                            ],
                            "filePattern": ".jpg,.png,.jpeg,.pdf",
                            "fileMinSize": "1KB",
                            "fileMaxSize": "20MB",
                            "multiple": true,
                            "validate": {
                                "required": true
                            },
                            "key": "toevoegen-1",
                            "type": "file",
                            "url": "/cloud/s3",
                            "input": true
                        },
                        {
                            "label": "Kopie van de machtiging, waarop staat dat u namens iemand anders bezwaar mag maken",
                            "tableView": false,
                            "validate": {
                                "required": true
                            },
                            "key": "kopieVanDeMachtigingWaaropStaatDatUNamensIemandAndersBezwaarMagMaken",
                            "type": "checkbox",
                            "input": true,
                            "defaultValue": false
                        }
                    ],
                    "key": "fieldSet-1",
                    "type": "fieldset",
                    "label": "Field Set",
                    "tree": false,
                    "input": false,
                    "hidden": false,
                    "legend": "",
                    "prefix": "",
                    "suffix": "",
                    "unique": false,
                    "widget": null,
                    "dbIndex": false,
                    "overlay": {
                        "top": "",
                        "left": "",
                        "style": "",
                        "width": "",
                        "height": ""
                    },
                    "tooltip": "",
                    "disabled": false,
                    "multiple": false,
                    "redrawOn": "",
                    "tabindex": "",
                    "validate": {
                        "custom": "",
                        "unique": false,
                        "multiple": false,
                        "required": false,
                        "customPrivate": false,
                        "strictDateValidation": false
                    },
                    "autofocus": false,
                    "encrypted": false,
                    "hideLabel": false,
                    "modalEdit": false,
                    "protected": false,
                    "refreshOn": "",
                    "tableView": false,
                    "attributes": {},
                    "errorLabel": "",
                    "hideHeader": false,
                    "persistent": false,
                    "properties": {},
                    "validateOn": "change",
                    "clearOnHide": true,
                    "customClass": "",
                    "description": "",
                    "placeholder": "",
                    "defaultValue": null,
                    "dataGridLabel": false,
                    "labelPosition": "top",
                    "showCharCount": false,
                    "showWordCount": false,
                    "calculateValue": "",
                    "calculateServer": false,
                    "allowMultipleMasks": false,
                    "customDefaultValue": "",
                    "allowCalculateOverride": false
                },
                {
                    "components": [
                        {
                            "label": "Toevoegen",
                            "description": "Toegestaan zijn .jpg, .png, .jpeg of .pdf documenten die niet groter zijn dan 20MB.",
                            "tableView": false,
                            "storage": "url",
                            "webcam": false,
                            "fileTypes": [
                                {
                                    "label": "",
                                    "value": ""
                                }
                            ],
                            "filePattern": ".jpg,.png,.jpeg,.pdf",
                            "fileMinSize": "1KB",
                            "fileMaxSize": "20MB",
                            "multiple": true,
                            "key": "toevoegen",
                            "type": "file",
                            "input": true,
                            "url": "/cloud/s3"
                        }
                    ],
                    "key": "fieldSet",
                    "type": "fieldset",
                    "label": "Field Set",
                    "tree": false,
                    "input": false,
                    "hidden": false,
                    "legend": "",
                    "prefix": "",
                    "suffix": "",
                    "unique": false,
                    "widget": null,
                    "dbIndex": false,
                    "overlay": {
                        "top": "",
                        "left": "",
                        "style": "",
                        "width": "",
                        "height": ""
                    },
                    "tooltip": "",
                    "disabled": false,
                    "multiple": false,
                    "redrawOn": "",
                    "tabindex": "",
                    "validate": {
                        "custom": "",
                        "unique": false,
                        "multiple": false,
                        "required": false,
                        "customPrivate": false,
                        "strictDateValidation": false
                    },
                    "autofocus": false,
                    "encrypted": false,
                    "hideLabel": false,
                    "modalEdit": false,
                    "protected": false,
                    "refreshOn": "",
                    "tableView": false,
                    "attributes": {},
                    "errorLabel": "",
                    "hideHeader": false,
                    "persistent": false,
                    "properties": {},
                    "validateOn": "change",
                    "clearOnHide": true,
                    "customClass": "",
                    "description": "",
                    "placeholder": "",
                    "defaultValue": null,
                    "dataGridLabel": false,
                    "labelPosition": "top",
                    "showCharCount": false,
                    "showWordCount": false,
                    "calculateValue": "",
                    "calculateServer": false,
                    "allowMultipleMasks": false,
                    "customDefaultValue": "",
                    "allowCalculateOverride": false
                },
                {
                    "label": "Columns",
                    "columns": [
                        {
                            "components": [],
                            "width": 3,
                            "offset": 0,
                            "push": 0,
                            "pull": 0,
                            "size": "sm",
                            "currentWidth": 3
                        },
                        {
                            "components": [],
                            "size": "sm",
                            "width": 3,
                            "offset": 0,
                            "push": 0,
                            "pull": 0,
                            "currentWidth": 3
                        }
                    ],
                    "key": "columns3",
                    "type": "columns",
                    "input": false,
                    "tableView": false,
                    "hideOnChildrenHidden": false
                }
            ]
        }
    }
]