[
    {
        "uuid": "8897700b-20d9-4ab7-bf0c-c09acd7674b0",
        "index": "0",
        "slug": "uw-gegevens",
        "form_definition": "http://localhost/api/v2/form-definitions/fea5cf28-01cb-4679-b5d7-379d62cf4206"
    },
    {
        "uuid": "eee45a71-d9f1-4458-8708-883ac284d8d2",
        "index": "1",
        "slug": "gegevens-besluit-of-beschikking",
        "form_definition": "http://localhost/api/v2/form-definitions/1db68d07-97a4-4028-a3d8-f39a4c334045"
    },
    {
        "uuid": "f43acd9a-3b74-4c5f-8607-336e12cb41bb",
        "index": "2",
        "slug": "bijlagen",
        "form_definition": "http://localhost/api/v2/form-definitions/5b85edf9-ff87-4097-8040-b744a3b012c5"
    }
]