[
    {
        "uuid": "1527005a-658b-42e2-87aa-67a3fa87f082",
        "index": "0",
        "slug": "uw-gegevens",
        "form_definition": "http://localhost/api/v2/form-definitions/16102ab4-a581-493f-b948-dbebd3b83ed5"
    },
    {
        "uuid": "23f0ea16-b4ef-4f9a-9d7e-721cfcce9c10",
        "index": "1",
        "slug": "subsidie",
        "form_definition": "http://localhost/api/v2/form-definitions/b13c2e7a-f497-42b3-8822-809d729cc8d1"
    },
    {
        "uuid": "72fdb244-119d-49f9-94f8-28ce4e73fc6a",
        "index": "2",
        "slug": "adres-laadpaal",
        "form_definition": "http://localhost/api/v2/form-definitions/c380c663-489f-46d1-9bd5-a3fad8a611eb"
    },
    {
        "uuid": "7f1d4ce8-23ff-4d4c-b152-022918604997",
        "index": "3",
        "slug": "adres-laadpalen",
        "form_definition": "http://localhost/api/v2/form-definitions/97e3df8c-1249-4a53-a66b-fa57c632b984"
    },
    {
        "uuid": "a3b3d2e8-96eb-41f8-a446-d644a4821675",
        "index": "4",
        "slug": "bijlage",
        "form_definition": "http://localhost/api/v2/form-definitions/791a8eeb-9e63-49a1-99a8-a8f190e2de84"
    }
]