[
    {
        "uuid": "c4e12809-4c62-4c8c-816f-eab70aa1dc99",
        "name": "Subsidie oplaadpaal elektrische bestelauto aanvra",
        "internal_name": "",
        "login_required": false,
        "authentication_backends": [],
        "slug": "subsidieoplaadpaalelektrischebestelautoaanvragen",
        "url": "http://localhost/api/v2/forms/c4e12809-4c62-4c8c-816f-eab70aa1dc99",
        "show_progress_indicator": true,
        "maintenance_mode": false,
        "active": true,
        "is_deleted": false,
        "suspension_allowed": true,
        "send_confirmation_email": true,
        "display_main_website_link": true,
        "required_fields_with_asterisk": true,
        "resume_link_lifetime": 7,
        "hide_non_applicable_steps": true
    }
]