[
    {
        "url": "http://localhost/api/v2/form-definitions/16102ab4-a581-493f-b948-dbebd3b83ed5",
        "uuid": "16102ab4-a581-493f-b948-dbebd3b83ed5",
        "name": "Uw gegevens",
        "slug": "uw-gegevens",
        "configuration": {
            "display": "form",
            "components": [
                {
                    "components": [
                        {
                            "label": "Naam",
                            "customClass": "naamingelogdegebruikerfieldnonhidden nonhiddenfield",
                            "tableView": true,
                            "persistent": false,
                            "key": "naamIngelogdeGebruiker",
                            "type": "textfield",
                            "input": true,
                            "prefill": {
                                "plugin": "haalcentraal",
                                "attribute": "verblijfplaats.huisnummer",
                                "identifierRole": "main"
                            }
                        },
                        {
                            "label": "Straatnaam",
                            "customClass": "straatnaamfieldnonhidden nonhiddenfield",
                            "tableView": true,
                            "persistent": false,
                            "key": "straatnaam",
                            "type": "textfield",
                            "input": true,
                            "prefill": {
                                "plugin": "haalcentraal",
                                "attribute": "verblijfplaats.woonplaats",
                                "identifierRole": "main"
                            }
                        },
                        {
                            "label": "Huisnummer",
                            "customClass": "huisnummerfieldnonhidden nonhiddenfield",
                            "tableView": true,
                            "persistent": false,
                            "key": "huisnummerfield",
                            "type": "textfield",
                            "input": true,
                            "prefill": {
                                "plugin": "haalcentraal",
                                "attribute": "verblijfplaats.huisnummer",
                                "identifierRole": "main"
                            }
                        },
                        {
                            "label": "Postcode",
                            "customClass": "postcodefieldnonhidden nonhiddenfield",
                            "tableView": true,
                            "persistent": false,
                            "key": "postcode",
                            "type": "textfield",
                            "input": true,
                            "prefill": {
                                "plugin": "haalcentraal",
                                "attribute": "verblijfplaats.huisnummer",
                                "identifierRole": "main"
                            }
                        },
                        {
                            "label": "Woonplaats",
                            "customClass": "woonplaatsfieldnonhidden nonhiddenfield",
                            "tableView": true,
                            "persistent": false,
                            "key": "woonplaats",
                            "type": "textfield",
                            "input": true,
                            "prefill": {
                                "plugin": "haalcentraal",
                                "attribute": "verblijfplaats.huisnummer",
                                "identifierRole": "main"
                            }
                        }
                    ],
                    "key": "fieldSet-1-2-3-4-5",
                    "type": "fieldset",
                    "label": "Field Set",
                    "tree": false,
                    "input": false,
                    "hidden": false,
                    "legend": "",
                    "prefix": "",
                    "suffix": "",
                    "unique": false,
                    "widget": null,
                    "dbIndex": false,
                    "overlay": {
                        "top": "",
                        "left": "",
                        "style": "",
                        "width": "",
                        "height": ""
                    },
                    "tooltip": "",
                    "disabled": false,
                    "multiple": false,
                    "redrawOn": "",
                    "tabindex": "",
                    "validate": {
                        "custom": "",
                        "unique": false,
                        "multiple": false,
                        "required": false,
                        "customPrivate": false,
                        "strictDateValidation": false
                    },
                    "autofocus": false,
                    "encrypted": false,
                    "hideLabel": false,
                    "modalEdit": false,
                    "protected": false,
                    "refreshOn": "",
                    "tableView": false,
                    "attributes": {},
                    "errorLabel": "",
                    "hideHeader": false,
                    "persistent": false,
                    "properties": {},
                    "validateOn": "change",
                    "clearOnHide": true,
                    "customClass": "",
                    "description": "",
                    "placeholder": "",
                    "defaultValue": null,
                    "dataGridLabel": false,
                    "labelPosition": "top",
                    "showCharCount": false,
                    "showWordCount": false,
                    "calculateValue": "",
                    "calculateServer": false,
                    "allowMultipleMasks": false,
                    "customDefaultValue": "",
                    "allowCalculateOverride": false,
                    "originalFormName": "nonhiddenfieldsform1"
                },
                {
                    "components": [
                        {
                            "label": "E-mailadres",
                            "tableView": true,
                            "validateOn": "blur",
                            "validate": {
                                "required": true
                            },
                            "key": "eMailadres",
                            "type": "email",
                            "input": true
                        },
                        {
                            "label": "Telefoonnummer",
                            "tableView": true,
                            "validate": {
                                "required": true
                            },
                            "key": "telefoonnummer",
                            "type": "textfield",
                            "input": true,
                            "prefill": {
                                "plugin": "",
                                "attribute": "",
                                "identifierRole": "main"
                            }
                        },
                        {
                            "label": "Naam organisatie",
                            "tableView": true,
                            "validate": {
                                "required": true
                            },
                            "key": "naamOrganisatie",
                            "type": "textfield",
                            "input": true,
                            "prefill": {
                                "plugin": "",
                                "attribute": "",
                                "identifierRole": "main"
                            }
                        },
                        {
                            "html": "<p>U mag alleen subsidie aanvragen voor een organisatie als bij de Kamer van Koophandel vermeld staat dat u dit mag doen voor die organisatie. Of als u hiervoor gemachtigd bent.</p>",
                            "label": "Content",
                            "refreshOnChange": false,
                            "key": "content-1-2",
                            "type": "content",
                            "input": false,
                            "tableView": false
                        },
                        {
                            "label": "Inschrijfnummer Kamer van Koophandel",
                            "tableView": true,
                            "validateOn": "blur",
                            "validate": {
                                "required": true,
                                "pattern": "^[0-9]*$",
                                "customMessage": "Een inschrijfnummer Kamer van Koophandel bevat 8 cijfers.",
                                "minLength": 8,
                                "maxLength": 8
                            },
                            "key": "inschrijfnummerKamerVanKoophandel",
                            "type": "textfield",
                            "input": true,
                            "prefill": {
                                "plugin": "",
                                "attribute": "",
                                "identifierRole": "main"
                            }
                        },
                        {
                            "label": "Uw functie in de organisatie",
                            "tableView": true,
                            "validate": {
                                "required": true
                            },
                            "key": "uwFunctieInDeOrganisatie",
                            "type": "textfield",
                            "input": true,
                            "prefill": {
                                "plugin": "",
                                "attribute": "",
                                "identifierRole": "main"
                            }
                        },
                        {
                            "label": "Bent u zelf de contactpersoon voor deze aanvraag?",
                            "optionsLabelPosition": "right",
                            "inline": false,
                            "tableView": false,
                            "values": [
                                {
                                    "label": "ja",
                                    "value": "ja",
                                    "shortcut": ""
                                },
                                {
                                    "label": "nee",
                                    "value": "nee",
                                    "shortcut": ""
                                }
                            ],
                            "validate": {
                                "required": true
                            },
                            "key": "bentUZelfDeContactpersoonVoorDezeAanvraag",
                            "type": "radio",
                            "input": true
                        },
                        {
                            "components": [
                                {
                                    "label": "Naam contactpersoon",
                                    "tableView": true,
                                    "validate": {
                                        "required": true
                                    },
                                    "key": "naamContactpersoon",
                                    "type": "textfield",
                                    "input": true,
                                    "prefill": {
                                        "plugin": "",
                                        "attribute": "",
                                        "identifierRole": "main"
                                    }
                                },
                                {
                                    "label": "E-mailadres",
                                    "tableView": true,
                                    "validateOn": "blur",
                                    "validate": {
                                        "required": true
                                    },
                                    "key": "eMailadresCP",
                                    "type": "email",
                                    "input": true
                                },
                                {
                                    "label": "Telefoonnummer",
                                    "tableView": true,
                                    "validate": {
                                        "required": true
                                    },
                                    "key": "telefoonnummer1",
                                    "type": "textfield",
                                    "input": true,
                                    "prefill": {
                                        "plugin": "",
                                        "attribute": "",
                                        "identifierRole": "main"
                                    }
                                }
                            ],
                            "key": "fieldSet-1-2-3-4",
                            "type": "fieldset",
                            "label": "Field Set",
                            "tree": false,
                            "input": false,
                            "hidden": false,
                            "legend": "",
                            "prefix": "",
                            "suffix": "",
                            "unique": false,
                            "widget": null,
                            "dbIndex": false,
                            "overlay": {
                                "top": "",
                                "left": "",
                                "style": "",
                                "width": "",
                                "height": ""
                            },
                            "tooltip": "",
                            "disabled": false,
                            "multiple": false,
                            "redrawOn": "",
                            "tabindex": "",
                            "validate": {
                                "custom": "",
                                "unique": false,
                                "multiple": false,
                                "required": false,
                                "customPrivate": false,
                                "strictDateValidation": false
                            },
                            "autofocus": false,
                            "encrypted": false,
                            "hideLabel": false,
                            "modalEdit": false,
                            "protected": false,
                            "refreshOn": "",
                            "tableView": false,
                            "attributes": {},
                            "errorLabel": "",
                            "hideHeader": false,
                            "persistent": false,
                            "properties": {},
                            "validateOn": "change",
                            "clearOnHide": true,
                            "conditional": {
                                "eq": "",
                                "show": null,
                                "when": null
                            },
                            "customClass": "",
                            "description": "",
                            "placeholder": "",
                            "defaultValue": null,
                            "dataGridLabel": false,
                            "labelPosition": "top",
                            "showCharCount": false,
                            "showWordCount": false,
                            "calculateValue": "",
                            "calculateServer": false,
                            "allowMultipleMasks": false,
                            "customDefaultValue": "",
                            "allowCalculateOverride": false
                        }
                    ],
                    "key": "fieldSet-1-2-3",
                    "type": "fieldset",
                    "label": "Field Set",
                    "tree": false,
                    "input": false,
                    "hidden": false,
                    "legend": "",
                    "prefix": "",
                    "suffix": "",
                    "unique": false,
                    "widget": null,
                    "dbIndex": false,
                    "overlay": {
                        "top": "",
                        "left": "",
                        "style": "",
                        "width": "",
                        "height": ""
                    },
                    "tooltip": "",
                    "disabled": false,
                    "multiple": false,
                    "redrawOn": "",
                    "tabindex": "",
                    "validate": {
                        "custom": "",
                        "unique": false,
                        "multiple": false,
                        "required": false,
                        "customPrivate": false,
                        "strictDateValidation": false
                    },
                    "autofocus": false,
                    "encrypted": false,
                    "hideLabel": false,
                    "modalEdit": false,
                    "protected": false,
                    "refreshOn": "",
                    "tableView": false,
                    "attributes": {},
                    "errorLabel": "",
                    "hideHeader": false,
                    "persistent": false,
                    "properties": {},
                    "validateOn": "change",
                    "clearOnHide": true,
                    "customClass": "",
                    "description": "",
                    "placeholder": "",
                    "defaultValue": null,
                    "dataGridLabel": false,
                    "labelPosition": "top",
                    "showCharCount": false,
                    "showWordCount": false,
                    "calculateValue": "",
                    "calculateServer": false,
                    "allowMultipleMasks": false,
                    "customDefaultValue": "",
                    "allowCalculateOverride": false
                },
                {
                    "components": [
                        {
                            "html": "<p>U mag alleen subsidie aanvragen voor een organisatie als bij de Kamer van Koophandel vermeld staat dat u dit mag doen voor die organisatie. Of als u hiervoor gemachtigd bent.</p>",
                            "label": "Content",
                            "refreshOnChange": false,
                            "key": "content-1",
                            "type": "content",
                            "input": false,
                            "tableView": false
                        },
                        {
                            "label": "Uw naam",
                            "tableView": true,
                            "validate": {
                                "required": true
                            },
                            "key": "uwNaam",
                            "type": "textfield",
                            "input": true,
                            "prefill": {
                                "plugin": "",
                                "attribute": "",
                                "identifierRole": "main"
                            }
                        },
                        {
                            "label": "Uw functie in de organisatie",
                            "tableView": true,
                            "validate": {
                                "required": true
                            },
                            "key": "uwFunctieInDeOrganisatie1",
                            "type": "textfield",
                            "input": true,
                            "prefill": {
                                "plugin": "",
                                "attribute": "",
                                "identifierRole": "main"
                            }
                        },
                        {
                            "label": "Bent u zelf de contactpersoon voor deze aanvraag?",
                            "optionsLabelPosition": "right",
                            "inline": false,
                            "tableView": false,
                            "values": [
                                {
                                    "label": "ja",
                                    "value": "ja",
                                    "shortcut": ""
                                },
                                {
                                    "label": "nee",
                                    "value": "nee",
                                    "shortcut": ""
                                }
                            ],
                            "validate": {
                                "required": true
                            },
                            "key": "bentUZelfDeContactpersoonVoorDezeAanvraag1",
                            "type": "radio",
                            "input": true
                        },
                        {
                            "label": "Naam contactpersoon",
                            "tableView": true,
                            "validate": {
                                "required": true
                            },
                            "key": "naamContactpersoon1",
                            "conditional": {
                                "show": true,
                                "when": "eHerkenning.bentUZelfDeContactpersoonVoorDezeAanvraag1",
                                "eq": "nee"
                            },
                            "type": "textfield",
                            "input": true,
                            "prefill": {
                                "plugin": "",
                                "attribute": "",
                                "identifierRole": "main"
                            }
                        },
                        {
                            "label": "E-mailadres",
                            "tableView": true,
                            "validateOn": "blur",
                            "validate": {
                                "required": true
                            },
                            "key": "eMailadres1",
                            "type": "email",
                            "input": true
                        },
                        {
                            "label": "Telefoonnummer",
                            "tableView": true,
                            "validate": {
                                "required": true
                            },
                            "key": "telefoonnummer2",
                            "type": "textfield",
                            "input": true,
                            "prefill": {
                                "plugin": "",
                                "attribute": "",
                                "identifierRole": "main"
                            }
                        }
                    ],
                    "key": "fieldSet-1-2",
                    "type": "fieldset",
                    "label": "Field Set",
                    "tree": false,
                    "input": false,
                    "hidden": false,
                    "legend": "",
                    "prefix": "",
                    "suffix": "",
                    "unique": false,
                    "widget": null,
                    "dbIndex": false,
                    "overlay": {
                        "top": "",
                        "left": "",
                        "style": "",
                        "width": "",
                        "height": ""
                    },
                    "tooltip": "",
                    "disabled": false,
                    "multiple": false,
                    "redrawOn": "",
                    "tabindex": "",
                    "validate": {
                        "custom": "",
                        "unique": false,
                        "multiple": false,
                        "required": false,
                        "customPrivate": false,
                        "strictDateValidation": false
                    },
                    "autofocus": false,
                    "encrypted": false,
                    "hideLabel": false,
                    "modalEdit": false,
                    "protected": false,
                    "refreshOn": "",
                    "tableView": false,
                    "attributes": {},
                    "errorLabel": "",
                    "hideHeader": false,
                    "persistent": false,
                    "properties": {},
                    "validateOn": "change",
                    "clearOnHide": true,
                    "customClass": "",
                    "description": "",
                    "placeholder": "",
                    "defaultValue": null,
                    "dataGridLabel": false,
                    "labelPosition": "top",
                    "showCharCount": false,
                    "showWordCount": false,
                    "calculateValue": "",
                    "calculateServer": false,
                    "allowMultipleMasks": false,
                    "customDefaultValue": "",
                    "allowCalculateOverride": false
                },
                {
                    "label": "IBAN waarop de subsidie mag komen",
                    "inputMask": "AA99AAAA99999999999",
                    "tableView": true,
                    "validateOn": "blur",
                    "validate": {
                        "required": true,
                        "customMessage": "Vul een geldig IBAN in."
                    },
                    "key": "ibanWaaropDeSubsidieMagKomen",
                    "type": "textfield",
                    "input": true,
                    "prefill": {
                        "plugin": "",
                        "attribute": "",
                        "identifierRole": "main"
                    }
                },
                {
                    "label": "Op naam van",
                    "tableView": true,
                    "validate": {
                        "required": true
                    },
                    "key": "opNaamVan",
                    "type": "textfield",
                    "input": true,
                    "prefill": {
                        "plugin": "",
                        "attribute": "",
                        "identifierRole": "main"
                    }
                },
                {
                    "label": "Columns",
                    "columns": [
                        {
                            "components": [],
                            "width": 3,
                            "offset": 0,
                            "push": 0,
                            "pull": 0,
                            "size": "sm",
                            "currentWidth": 3
                        },
                        {
                            "components": [],
                            "width": 6,
                            "offset": 0,
                            "push": 0,
                            "pull": 0,
                            "size": "md",
                            "currentWidth": 6
                        }
                    ],
                    "key": "columns",
                    "type": "columns",
                    "input": false,
                    "tableView": false,
                    "hideOnChildrenHidden": false
                }
            ]
        }
    },
    {
        "url": "http://localhost/api/v2/form-definitions/b13c2e7a-f497-42b3-8822-809d729cc8d1",
        "uuid": "b13c2e7a-f497-42b3-8822-809d729cc8d1",
        "name": "Subsidie",
        "slug": "subsidie",
        "configuration": {
            "display": "form",
            "components": [
                {
                    "label": "Voor hoeveel laadpalen vraagt u subsidie aan?",
                    "optionsLabelPosition": "right",
                    "description": "Per laadpaal moet u ook een elektrische bestelauto hebben gekocht na 1 januari 2022. Als u bijvoorbeeld voor 3 laadpalen subsidie aanvraagt moet u ook 3 elektrische bestelauto’s hebben gekocht. U kunt maximaal voor 3 laadpalen per organisatie subsidie aanvragen.",
                    "inline": false,
                    "tableView": false,
                    "values": [
                        {
                            "label": "1",
                            "value": "1",
                            "shortcut": ""
                        },
                        {
                            "label": "2",
                            "value": "2",
                            "shortcut": ""
                        },
                        {
                            "label": "3",
                            "value": "3",
                            "shortcut": ""
                        }
                    ],
                    "validate": {
                        "required": true
                    },
                    "key": "voorHoeveelLaadpalenVraagtUSubsidieAan",
                    "type": "radio",
                    "input": true
                },
                {
                    "label": "U kunt maximaal €1.500,- aan subsidie aanvragen. Hoeveel subsidie wilt u aanvragen?",
                    "description": "Als het bedrag van het kopen en installeren van de laadpaal minder is dan €1.500,- noemt u dat bedrag.",
                    "prefix": "€",
                    "tableView": true,
                    "validate": {
                        "required": true,
                        "pattern": "^\\d{0,7}(\\,\\d{0,2})?$",
                        "customMessage": "Vul een bedrag in."
                    },
                    "key": "hoeveelSubsidieWiltUAanvragen1500",
                    "type": "textfield",
                    "input": true,
                    "prefill": {
                        "plugin": "",
                        "attribute": "",
                        "identifierRole": "main"
                    }
                },
                {
                    "label": "U kunt maximaal €3.000,- aan subsidie aanvragen voor 2 laadpalen. Hoeveel subsidie wilt u aanvragen?",
                    "description": "Als het bedrag van het kopen en installeren van de laadpalen minder is dan €3.000,- noemt u dat bedrag.",
                    "prefix": "€",
                    "tableView": true,
                    "validate": {
                        "required": true,
                        "pattern": "^\\d{0,7}(\\,\\d{0,2})?$",
                        "customMessage": "Vul een bedrag in."
                    },
                    "key": "hoeveelSubsidieWiltUAanvragen3000",
                    "type": "textfield",
                    "input": true,
                    "prefill": {
                        "plugin": "",
                        "attribute": "",
                        "identifierRole": "main"
                    }
                },
                {
                    "label": "U kunt maximaal €4.500,- aan subsidie aanvragen voor 3 laadpalen. Hoeveel subsidie wilt u aanvragen?",
                    "description": "Als het bedrag van het kopen en installeren van de laadpalen minder is dan €4.500,- noemt u dat bedrag.",
                    "prefix": "€",
                    "tableView": true,
                    "validate": {
                        "required": true,
                        "pattern": "^\\d{0,7}(\\,\\d{0,2})?$",
                        "customMessage": "Vul een bedrag in."
                    },
                    "key": "hoeveelSubsidieWiltUAanvragen4500",
                    "type": "textfield",
                    "input": true,
                    "prefill": {
                        "plugin": "",
                        "attribute": "",
                        "identifierRole": "main"
                    }
                },
                {
                    "label": "Columns",
                    "columns": [
                        {
                            "components": [],
                            "width": 3,
                            "offset": 0,
                            "push": 0,
                            "pull": 0,
                            "size": "sm",
                            "currentWidth": 3
                        },
                        {
                            "components": [],
                            "size": "sm",
                            "width": 3,
                            "offset": 0,
                            "push": 0,
                            "pull": 0,
                            "currentWidth": 3
                        }
                    ],
                    "key": "columns1",
                    "type": "columns",
                    "input": false,
                    "tableView": false,
                    "hideOnChildrenHidden": false
                }
            ]
        }
    },
    {
        "url": "http://localhost/api/v2/form-definitions/c380c663-489f-46d1-9bd5-a3fad8a611eb",
        "uuid": "c380c663-489f-46d1-9bd5-a3fad8a611eb",
        "name": "Adres laadpaal",
        "slug": "adres-laadpaal",
        "configuration": {
            "display": "form",
            "components": [
                {
                    "label": "Installeert u de laadpaal op het adres dat op de eerste pagina van dit formulier staat?",
                    "optionsLabelPosition": "right",
                    "description": " Het adres moet in de gemeente Nijmegen zijn. En u moet de eigenaar, erfpachter of huurder zijn.",
                    "inline": false,
                    "tableView": false,
                    "values": [
                        {
                            "label": "ja",
                            "value": "ja",
                            "shortcut": ""
                        },
                        {
                            "label": "nee",
                            "value": "nee",
                            "shortcut": ""
                        }
                    ],
                    "validate": {
                        "required": true
                    },
                    "key": "installeertUDeLaadpaalOpHetAdresDatOpDeEerstePaginaVanDitFormulierStaat",
                    "type": "radio",
                    "input": true
                },
                {
                    "label": "Adres waar u de laadpaal installeert",
                    "disablestreetcity": false,
                    "validate": {
                        "required": true
                    },
                    "tableView": true,
                    "key": "adresWaarUDeLaadpaalInstalleert",
                    "customConditional": "show = false;\n\nif ((data.inlogmiddel == 'eherkenning') || (data.installeertUDeLaadpaalOpHetAdresDatOpDeEerstePaginaVanDitFormulierStaat == 'nee')){\n  show = true;\n} else{\n  show = false;\n}",
                    "type": "adres",
                    "input": true
                },
                {
                    "html": "<p>Het adres moet in de gemeente Nijmegen zijn. En u moet de eigenaar, erfpachter of huurder zijn.</p>",
                    "label": "Content",
                    "refreshOnChange": false,
                    "key": "content",
                    "type": "content",
                    "input": false,
                    "tableView": false
                },
                {
                    "label": "Columns",
                    "columns": [
                        {
                            "components": [],
                            "width": 3,
                            "offset": 0,
                            "push": 0,
                            "pull": 0,
                            "size": "sm",
                            "currentWidth": 3
                        },
                        {
                            "components": [],
                            "size": "sm",
                            "width": 3,
                            "offset": 0,
                            "push": 0,
                            "pull": 0,
                            "currentWidth": 3
                        }
                    ],
                    "key": "columns4",
                    "type": "columns",
                    "input": false,
                    "tableView": false,
                    "hideOnChildrenHidden": false
                }
            ]
        }
    },
    {
        "url": "http://localhost/api/v2/form-definitions/97e3df8c-1249-4a53-a66b-fa57c632b984",
        "uuid": "97e3df8c-1249-4a53-a66b-fa57c632b984",
        "name": "Adres laadpalen",
        "slug": "adres-laadpalen",
        "configuration": {
            "display": "form",
            "components": [
                {
                    "label": "Installeert u alle laadpalen op hetzelfde adres?",
                    "optionsLabelPosition": "right",
                    "description": "Het adres moet in de gemeente Nijmegen zijn. En u moet de eigenaar, erfpachter of huurder zijn.",
                    "inline": false,
                    "tableView": false,
                    "values": [
                        {
                            "label": "ja",
                            "value": "ja",
                            "shortcut": ""
                        },
                        {
                            "label": "nee",
                            "value": "nee",
                            "shortcut": ""
                        }
                    ],
                    "validate": {
                        "required": true
                    },
                    "key": "installeertUAlleLaadpalenOpHetzelfdeAdres",
                    "type": "radio",
                    "input": true
                },
                {
                    "label": "Is dit hetzelfde adres als het adres dat op de eerste pagina van dit formulier staat?",
                    "optionsLabelPosition": "right",
                    "inline": false,
                    "tableView": false,
                    "values": [
                        {
                            "label": "ja",
                            "value": "ja",
                            "shortcut": ""
                        },
                        {
                            "label": "nee",
                            "value": "nee",
                            "shortcut": ""
                        }
                    ],
                    "validate": {
                        "required": true
                    },
                    "key": "isDitHetzelfdeAdresAlsHetAdresDatOpDeEerstePaginaVanDitFormulierStaat",
                    "customConditional": "show = false;\n\nif ((data.inlogmiddel == 'digid') && (data.installeertUAlleLaadpalenOpHetzelfdeAdres == 'ja')){\n  show = true;\n} else {\n  show = false;\n}",
                    "type": "radio",
                    "input": true
                },
                {
                    "label": "Adres waar u de laadpalen installeert",
                    "disablestreetcity": false,
                    "validate": {
                        "required": true
                    },
                    "tableView": true,
                    "key": "adresWaarUDeLaadpalenInstalleert",
                    "customConditional": "show = false;\n\nif ((data.inlogmiddel == 'eherkenning') && (data.installeertUAlleLaadpalenOpHetzelfdeAdres == 'ja')){\n  show = true;\n} else if (data.isDitHetzelfdeAdresAlsHetAdresDatOpDeEerstePaginaVanDitFormulierStaat == 'nee'){\n  show = true;\n} else{\n  show = false;\n}",
                    "type": "adres",
                    "input": true
                },
                {
                    "label": "Adressen waar u een laadpaal installeert. Minimaal 1, max 2 adressen aangeven",
                    "reorder": false,
                    "addAnotherPosition": "bottom",
                    "layoutFixed": false,
                    "enableRowGroups": false,
                    "initEmpty": false,
                    "tableView": false,
                    "defaultValue": [
                        {
                            "container": {
                                "adresNijmegen": {
                                    "adresNijmegen-streetname": "",
                                    "adresNijmegen-postalcode": "",
                                    "adresNijmegen-housenr": "",
                                    "adresNijmegen-city": ""
                                },
                                "geefPerAdresAan": {
                                    "geefPerAdresAan-streetname": "",
                                    "geefPerAdresAan-postalcode": "",
                                    "geefPerAdresAan-housenr": "",
                                    "geefPerAdresAan-city": ""
                                }
                            }
                        }
                    ],
                    "validate": {
                        "required": true
                    },
                    "key": "adressenWaarUEenLaadpaalInstalleertGeefPerAdresAan",
                    "type": "datagrid",
                    "input": true,
                    "components": [
                        {
                            "components": [
                                {
                                    "label": "Geef per adres aan:",
                                    "disablestreetcity": false,
                                    "validate": {
                                        "required": true
                                    },
                                    "tableView": true,
                                    "key": "geefPerAdresAan-1",
                                    "type": "adres",
                                    "input": true
                                }
                            ],
                            "key": "fieldSet-1",
                            "type": "fieldset",
                            "label": "Field Set",
                            "tree": false,
                            "input": false,
                            "hidden": false,
                            "legend": "",
                            "prefix": "",
                            "suffix": "",
                            "unique": false,
                            "widget": null,
                            "dbIndex": false,
                            "overlay": {
                                "top": "",
                                "left": "",
                                "style": "",
                                "width": "",
                                "height": ""
                            },
                            "tooltip": "",
                            "disabled": false,
                            "multiple": false,
                            "redrawOn": "",
                            "tabindex": "",
                            "validate": {
                                "custom": "",
                                "unique": false,
                                "multiple": false,
                                "required": false,
                                "customPrivate": false,
                                "strictDateValidation": false
                            },
                            "autofocus": false,
                            "encrypted": false,
                            "hideLabel": false,
                            "modalEdit": false,
                            "protected": false,
                            "refreshOn": "",
                            "tableView": false,
                            "attributes": {},
                            "errorLabel": "",
                            "hideHeader": false,
                            "persistent": false,
                            "properties": {},
                            "validateOn": "change",
                            "clearOnHide": true,
                            "conditional": {
                                "eq": "",
                                "show": null,
                                "when": null
                            },
                            "customClass": "",
                            "description": "",
                            "placeholder": "",
                            "defaultValue": null,
                            "dataGridLabel": false,
                            "labelPosition": "top",
                            "showCharCount": false,
                            "showWordCount": false,
                            "calculateValue": "",
                            "calculateServer": false,
                            "allowMultipleMasks": false,
                            "customDefaultValue": "",
                            "allowCalculateOverride": false
                        }
                    ]
                },
                {
                    "label": "Installeert u alle laadpalen op hetzelfde adres?",
                    "optionsLabelPosition": "right",
                    "description": "Het adres moet in de gemeente Nijmegen zijn. En u moet de eigenaar, erfpachter of huurder zijn.",
                    "inline": false,
                    "tableView": false,
                    "values": [
                        {
                            "label": "ja",
                            "value": "ja",
                            "shortcut": ""
                        },
                        {
                            "label": "nee",
                            "value": "nee",
                            "shortcut": ""
                        }
                    ],
                    "validate": {
                        "required": true
                    },
                    "key": "installeertUAlleLaadpalenOpHetzelfdeAdres1",
                    "type": "radio",
                    "input": true
                },
                {
                    "label": "Is dit hetzelfde adres als het adres dat op de eerste pagina van dit formulier staat?",
                    "optionsLabelPosition": "right",
                    "inline": false,
                    "tableView": false,
                    "values": [
                        {
                            "label": "ja",
                            "value": "ja",
                            "shortcut": ""
                        },
                        {
                            "label": "nee",
                            "value": "nee",
                            "shortcut": ""
                        }
                    ],
                    "validate": {
                        "required": true
                    },
                    "key": "isDitHetzelfdeAdresAlsHetAdresDatOpDeEerstePaginaVanDitFormulierStaat1",
                    "customConditional": "show = false;\n\nif ((data.inlogmiddel == 'digid') && (data.installeertUAlleLaadpalenOpHetzelfdeAdres1 == 'ja')){\n  show = true;\n} else{\n  show = false;\n}",
                    "type": "radio",
                    "input": true
                },
                {
                    "label": "Adres waar u de laadpalen installeert",
                    "disablestreetcity": false,
                    "validate": {
                        "required": true
                    },
                    "tableView": true,
                    "key": "adresWaarUDeLaadpalenInstalleert1",
                    "customConditional": "show = false;\n\nif ((data.inlogmiddel == 'eherkenning') && (data.installeertUAlleLaadpalenOpHetzelfdeAdres1 == 'ja')){\n  show = true;\n} else if (data.isDitHetzelfdeAdresAlsHetAdresDatOpDeEerstePaginaVanDitFormulierStaat1 == 'nee'){\n  show = true;\n} else{\n  show = false;\n}",
                    "type": "adres",
                    "input": true
                },
                {
                    "label": "Adressen waar u een laadpaal installeert. Minimaal 1, max 3 adressen aangeven",
                    "reorder": false,
                    "addAnotherPosition": "bottom",
                    "layoutFixed": false,
                    "enableRowGroups": false,
                    "initEmpty": false,
                    "tableView": false,
                    "defaultValue": [
                        {
                            "container": {
                                "adresNijmegen": {
                                    "adresNijmegen-streetname": "",
                                    "adresNijmegen-postalcode": "",
                                    "adresNijmegen-housenr": "",
                                    "adresNijmegen-city": ""
                                },
                                "geefPerAdresAan": {
                                    "geefPerAdresAan-streetname": "",
                                    "geefPerAdresAan-postalcode": "",
                                    "geefPerAdresAan-housenr": "",
                                    "geefPerAdresAan-city": ""
                                }
                            }
                        }
                    ],
                    "validate": {
                        "required": true
                    },
                    "key": "adressenWaarUEenLaadpaalInstalleertGeefPerAdresAan1",
                    "type": "datagrid",
                    "input": true,
                    "components": [
                        {
                            "components": [
                                {
                                    "label": "Geef per adres aan:",
                                    "disablestreetcity": false,
                                    "validate": {
                                        "required": true
                                    },
                                    "tableView": true,
                                    "key": "geefPerAdresAan",
                                    "type": "adres",
                                    "input": true
                                }
                            ],
                            "key": "fieldSet",
                            "type": "fieldset",
                            "label": "Field Set",
                            "tree": false,
                            "input": false,
                            "hidden": false,
                            "legend": "",
                            "prefix": "",
                            "suffix": "",
                            "unique": false,
                            "widget": null,
                            "dbIndex": false,
                            "overlay": {
                                "top": "",
                                "left": "",
                                "style": "",
                                "width": "",
                                "height": ""
                            },
                            "tooltip": "",
                            "disabled": false,
                            "multiple": false,
                            "redrawOn": "",
                            "tabindex": "",
                            "validate": {
                                "custom": "",
                                "unique": false,
                                "multiple": false,
                                "required": false,
                                "customPrivate": false,
                                "strictDateValidation": false
                            },
                            "autofocus": false,
                            "encrypted": false,
                            "hideLabel": false,
                            "modalEdit": false,
                            "protected": false,
                            "refreshOn": "",
                            "tableView": false,
                            "attributes": {},
                            "errorLabel": "",
                            "hideHeader": false,
                            "persistent": false,
                            "properties": {},
                            "validateOn": "change",
                            "clearOnHide": true,
                            "conditional": {
                                "eq": "",
                                "show": null,
                                "when": null
                            },
                            "customClass": "",
                            "description": "",
                            "placeholder": "",
                            "defaultValue": null,
                            "dataGridLabel": false,
                            "labelPosition": "top",
                            "showCharCount": false,
                            "showWordCount": false,
                            "calculateValue": "",
                            "calculateServer": false,
                            "allowMultipleMasks": false,
                            "customDefaultValue": "",
                            "allowCalculateOverride": false
                        }
                    ]
                },
                {
                    "label": "Columns",
                    "columns": [
                        {
                            "components": [],
                            "width": 3,
                            "offset": 0,
                            "push": 0,
                            "pull": 0,
                            "size": "sm",
                            "currentWidth": 3
                        },
                        {
                            "components": [],
                            "size": "sm",
                            "width": 3,
                            "offset": 0,
                            "push": 0,
                            "pull": 0,
                            "currentWidth": 3
                        }
                    ],
                    "key": "columns5",
                    "type": "columns",
                    "input": false,
                    "tableView": false,
                    "hideOnChildrenHidden": false
                }
            ]
        }
    },
    {
        "url": "http://localhost/api/v2/form-definitions/791a8eeb-9e63-49a1-99a8-a8f190e2de84",
        "uuid": "791a8eeb-9e63-49a1-99a8-a8f190e2de84",
        "name": "Bijlage",
        "slug": "bijlage",
        "configuration": {
            "display": "form",
            "components": [
                {
                    "label": "Toevoegen",
                    "description": "Toegestaan zijn .jpg, .png, .jpeg of .pdf documenten die niet groter zijn dan 20MB.",
                    "tableView": false,
                    "storage": "url",
                    "webcam": false,
                    "fileTypes": [
                        {
                            "label": "",
                            "value": ""
                        },
                        {
                            "label": "",
                            "value": ""
                        }
                    ],
                    "filePattern": ".jpg,.png,.jpeg,.pdf",
                    "fileMinSize": "1KB",
                    "fileMaxSize": "20MB",
                    "multiple": true,
                    "validate": {
                        "required": true,
                        "customMessage": "U moet minimaal 1 bijlage toevoegen. Deze bijlage moet de volgende bestandsindeling hebben: .jpg of .png of .jpeg of .pdf"
                    },
                    "errorLabel": "U moet minimaal 1 bijlage toevoegen. Deze bijlage moet de volgende bestandsindeling hebben: .jpg of .png of .jpeg of .pdf",
                    "key": "plattegrondWaarOpStaatWaarOpHetBedrijvenTerreinEnDirecteOmgevingUDeStoffenAflevert",
                    "type": "file",
                    "url": "/cloud/s3",
                    "input": true
                },
                {
                    "html": "<p>Ik heb deze bijlage toegevoegd:</p>",
                    "label": "Content",
                    "refreshOnChange": false,
                    "key": "content1",
                    "type": "content",
                    "input": false,
                    "tableView": false
                },
                {
                    "label": "Kopie inschrijving Kamer van Koophandel (KvK)",
                    "tableView": false,
                    "validate": {
                        "required": true
                    },
                    "key": "kopieInschrijvingKamerVanKoophandelKvK",
                    "type": "checkbox",
                    "input": true,
                    "defaultValue": false
                },
                {
                    "label": "Kopie van de rekening van het kopen en/of installeren laadpalen",
                    "description": "De laadpaal:<ul><li>heeft een Nederlands goedgekeurd veiligheidskeurmerk</li><li>wordt geïnstalleerd door een officiële installateur volgens de NEN 1010-norm</li></ul>",
                    "tableView": false,
                    "defaultValue": false,
                    "validate": {
                        "required": true
                    },
                    "key": "kopieVanDeRekeningVanHetKopenEnOfInstallerenLaadpalenDeLaadpaalUlLiHeeftEenNederlandsGoedgekeurdVeiligheidskeurmerkLiLiWordtGeinstalleerdDoorEenOfficieleInstallateurVolgensDeNen1010NormLiUl",
                    "type": "checkbox",
                    "input": true
                },
                {
                    "label": "Kopie van het aankoop- of leasebewijs waarop staat dat u de eigenaar of gebruiker bent",
                    "tableView": false,
                    "validate": {
                        "required": true
                    },
                    "key": "kopieVanHetAankoopOfLeasebewijsWaaropStaatDatUDeEigenaarOfGebruikerBent",
                    "type": "checkbox",
                    "input": true,
                    "defaultValue": false
                },
                {
                    "label": "Kopie kentekenbewijs (voor- en achterkant)",
                    "description": "De elektrische bestelauto:<ul><li>heeft categorie N1 of N2 (zie achterzijde kentekenbewijs)</li><li>is na 1 januari 2022 gekocht of geleased</li><li>heeft een geldig kenteken op het moment waarop u de subsidie aanvraagt</li><li>is gekocht bij een RDW goedgekeurd bedrijf</li></ul>",
                    "tableView": false,
                    "validate": {
                        "required": true
                    },
                    "key": "kopieKentekenbewijsVoorEnAchterkant",
                    "type": "checkbox",
                    "input": true,
                    "defaultValue": false
                },
                {
                    "label": "Columns",
                    "columns": [
                        {
                            "components": [],
                            "width": 3,
                            "offset": 0,
                            "push": 0,
                            "pull": 0,
                            "size": "sm",
                            "currentWidth": 3
                        },
                        {
                            "components": [],
                            "size": "sm",
                            "width": 3,
                            "offset": 0,
                            "push": 0,
                            "pull": 0,
                            "currentWidth": 3
                        }
                    ],
                    "key": "columns3",
                    "type": "columns",
                    "input": false,
                    "tableView": false,
                    "hideOnChildrenHidden": false
                }
            ]
        }
    }
]