[
    {
        "url": "http://localhost/api/v2/form-definitions/a090146c-fd63-427d-bf0e-c5b7b8e7aa6c",
        "uuid": "a090146c-fd63-427d-bf0e-c5b7b8e7aa6c",
        "name": "Page 1",
        "slug": "page-1",
        "configuration": {
            "display": "form",
            "components": [
                {
                    "components": [
                        {
                            "title": "Page 1",
                            "label": "Page 1",
                            "type": "panel",
                            "key": "page1",
                            "components": [
                                {
                                    "label": "Periode tekst",
                                    "tableView": true,
                                    "calculateValue": "value = data.periode",
                                    "key": "periodeTekst",
                                    "type": "textfield",
                                    "input": true,
                                    "prefill": {
                                        "plugin": "",
                                        "attribute": "",
                                        "identifierRole": "main"
                                    }
                                },
                                {
                                    "label": "Straatnaam",
                                    "customClass": "straatnaamfieldnonhidden nonhiddenfield",
                                    "tableView": true,
                                    "persistent": false,
                                    "key": "straatnaam",
                                    "type": "textfield",
                                    "input": true,
                                    "lockKey": true,
                                    "source": "62569d4a8fc9d95364ce0903",
                                    "isNew": true,
                                    "prefill": {
                                        "plugin": "",
                                        "attribute": "",
                                        "identifierRole": "main"
                                    }
                                },
                                {
                                    "label": "Woonplaats",
                                    "customClass": "woonplaatsfieldnonhidden nonhiddenfield",
                                    "tableView": true,
                                    "persistent": false,
                                    "key": "woonplaats",
                                    "type": "textfield",
                                    "input": true,
                                    "lockKey": true,
                                    "source": "62569d4a8fc9d95364ce0903",
                                    "isNew": true,
                                    "prefill": {
                                        "plugin": "",
                                        "attribute": "",
                                        "identifierRole": "main"
                                    }
                                }
                            ],
                            "input": false,
                            "tableView": false
                        },
                        {
                            "title": "Page 2",
                            "label": "Page 2",
                            "type": "panel",
                            "key": "page2-1",
                            "components": [
                                {
                                    "label": "Samenvatting",
                                    "tableView": false,
                                    "key": "summary-1",
                                    "type": "summary",
                                    "input": true
                                }
                            ],
                            "input": false,
                            "tableView": false
                        }
                    ],
                    "key": "fieldSet",
                    "type": "fieldset",
                    "label": "Field Set",
                    "tree": false,
                    "input": false,
                    "hidden": false,
                    "legend": "",
                    "prefix": "",
                    "suffix": "",
                    "unique": false,
                    "widget": null,
                    "dbIndex": false,
                    "overlay": {
                        "top": "",
                        "left": "",
                        "style": "",
                        "width": "",
                        "height": ""
                    },
                    "tooltip": "",
                    "disabled": false,
                    "multiple": false,
                    "redrawOn": "",
                    "tabindex": "",
                    "validate": {
                        "custom": "",
                        "unique": false,
                        "multiple": false,
                        "required": false,
                        "customPrivate": false,
                        "strictDateValidation": false
                    },
                    "autofocus": false,
                    "encrypted": false,
                    "hideLabel": false,
                    "modalEdit": false,
                    "protected": false,
                    "refreshOn": "",
                    "tableView": false,
                    "attributes": {},
                    "errorLabel": "",
                    "hideHeader": false,
                    "persistent": false,
                    "properties": {},
                    "validateOn": "change",
                    "clearOnHide": true,
                    "customClass": "",
                    "description": "",
                    "placeholder": "",
                    "defaultValue": null,
                    "dataGridLabel": false,
                    "labelPosition": "top",
                    "showCharCount": false,
                    "showWordCount": false,
                    "calculateValue": "",
                    "calculateServer": false,
                    "allowMultipleMasks": false,
                    "customDefaultValue": "",
                    "allowCalculateOverride": false,
                    "originalFormName": "e2Eprefill"
                },
                {
                    "label": "Uuid",
                    "customClass": "uuidfield",
                    "tableView": true,
                    "persistent": false,
                    "key": "uuid",
                    "type": "textfield",
                    "input": true,
                    "lockKey": true,
                    "source": "60c75695f7f3bb725b22bd60",
                    "isNew": true,
                    "prefill": {
                        "plugin": "",
                        "attribute": "",
                        "identifierRole": "main"
                    }
                },
                {
                    "label": "Upload",
                    "tableView": false,
                    "storage": "url",
                    "webcam": false,
                    "fileTypes": [
                        {
                            "label": "",
                            "value": ""
                        }
                    ],
                    "key": "fileNijmegen",
                    "type": "file",
                    "input": true,
                    "url": "/cloud/s3"
                },
                {
                    "label": "Text field Nijmegen",
                    "customClass": "e2etextfield0",
                    "tableView": true,
                    "key": "textfield",
                    "type": "textfield",
                    "input": true,
                    "prefill": {
                        "plugin": "",
                        "attribute": "",
                        "identifierRole": "main"
                    }
                },
                {
                    "label": "Text field Nijmegen",
                    "customClass": "e2etextfield1",
                    "tableView": true,
                    "customDefaultValue": "value = data.uuid;",
                    "validate": {
                        "required": true
                    },
                    "key": "textfield1",
                    "type": "textfield",
                    "input": true,
                    "prefill": {
                        "plugin": "",
                        "attribute": "",
                        "identifierRole": "main"
                    }
                },
                {
                    "label": "Columns",
                    "columns": [
                        {
                            "components": [],
                            "width": 3,
                            "offset": 0,
                            "push": 0,
                            "pull": 0,
                            "size": "md",
                            "currentWidth": 3
                        },
                        {
                            "components": [],
                            "width": 3,
                            "offset": 0,
                            "push": 0,
                            "pull": 0,
                            "size": "md",
                            "currentWidth": 3
                        },
                        {
                            "components": [],
                            "size": "md",
                            "width": 3,
                            "offset": 0,
                            "push": 0,
                            "pull": 0,
                            "currentWidth": 3
                        }
                    ],
                    "key": "columns",
                    "type": "columns",
                    "input": false,
                    "tableView": false
                }
            ]
        }
    },
    {
        "url": "http://localhost/api/v2/form-definitions/b59d8a3a-9af6-443b-9281-5321b6c492cb",
        "uuid": "b59d8a3a-9af6-443b-9281-5321b6c492cb",
        "name": "Page 2",
        "slug": "page-2",
        "configuration": {
            "display": "form",
            "components": [
                {
                    "label": "Adres nijmegen",
                    "disablestreetcity": true,
                    "tableView": true,
                    "key": "adres1",
                    "type": "adres",
                    "input": true
                },
                {
                    "label": "Columns",
                    "columns": [
                        {
                            "components": [],
                            "width": 3,
                            "offset": 0,
                            "push": 0,
                            "pull": 0,
                            "size": "md",
                            "currentWidth": 3
                        },
                        {
                            "components": [],
                            "width": 3,
                            "offset": 0,
                            "push": 0,
                            "pull": 0,
                            "size": "md",
                            "currentWidth": 3
                        },
                        {
                            "components": [],
                            "size": "md",
                            "width": 3,
                            "offset": 0,
                            "push": 0,
                            "pull": 0,
                            "currentWidth": 3
                        },
                        {
                            "components": [],
                            "size": "md",
                            "width": 3,
                            "offset": 0,
                            "push": 0,
                            "pull": 0,
                            "currentWidth": 3
                        }
                    ],
                    "key": "columns1",
                    "type": "columns",
                    "input": false,
                    "tableView": false
                }
            ]
        }
    },
    {
        "url": "http://localhost/api/v2/form-definitions/3958aff5-9603-4823-a235-ad9773844076",
        "uuid": "3958aff5-9603-4823-a235-ad9773844076",
        "name": "Page 3",
        "slug": "page-3",
        "configuration": {
            "display": "form",
            "components": [
                {
                    "label": "switch",
                    "leftvalue": "Nee",
                    "rightvalue": "Ja",
                    "tableView": false,
                    "key": "switch",
                    "type": "switch",
                    "input": true
                },
                {
                    "label": "Upload",
                    "tableView": false,
                    "storage": "url",
                    "webcam": false,
                    "fileTypes": [
                        {
                            "label": "",
                            "value": ""
                        }
                    ],
                    "key": "file",
                    "type": "file",
                    "url": "/cloud/s3",
                    "input": true
                },
                {
                    "label": "Upload",
                    "tableView": false,
                    "storage": "url",
                    "webcam": false,
                    "fileTypes": [
                        {
                            "label": "",
                            "value": ""
                        }
                    ],
                    "key": "file1",
                    "type": "file",
                    "input": true,
                    "url": "/cloud/s3"
                },
                {
                    "label": "Datepicker",
                    "tableView": false,
                    "enableMinDateInput": false,
                    "datePicker": {
                        "minDate": "2021-07-13T12:00:00+02:00",
                        "disableWeekends": false,
                        "disableWeekdays": false
                    },
                    "enableMaxDateInput": false,
                    "timePicker": {
                        "showMeridian": false
                    },
                    "encrypted": true,
                    "key": "datetime",
                    "type": "datetime",
                    "input": true,
                    "widget": {
                        "type": "calendar",
                        "displayInTimezone": "viewer",
                        "locale": "nl",
                        "useLocaleSettings": false,
                        "allowInput": true,
                        "mode": "single",
                        "enableTime": false,
                        "noCalendar": false,
                        "format": "dd-MM-yyyy",
                        "hourIncrement": 1,
                        "minuteIncrement": 5,
                        "time_24hr": true,
                        "minDate": "2021-07-13T12:00:00+02:00",
                        "disableWeekends": false,
                        "disableWeekdays": false,
                        "maxDate": null
                    }
                },
                {
                    "label": "Columns",
                    "columns": [
                        {
                            "components": [],
                            "width": 3,
                            "offset": 0,
                            "push": 0,
                            "pull": 0,
                            "size": "md",
                            "currentWidth": 3
                        },
                        {
                            "components": [],
                            "width": 3,
                            "offset": 0,
                            "push": 0,
                            "pull": 0,
                            "size": "md",
                            "currentWidth": 3
                        },
                        {
                            "components": [],
                            "size": "md",
                            "width": 3,
                            "offset": 0,
                            "push": 0,
                            "pull": 0,
                            "currentWidth": 3
                        },
                        {
                            "components": [],
                            "size": "md",
                            "width": 3,
                            "offset": 0,
                            "push": 0,
                            "pull": 0,
                            "currentWidth": 3
                        }
                    ],
                    "key": "columns2",
                    "type": "columns",
                    "input": false,
                    "tableView": false
                }
            ]
        }
    },
    {
        "url": "http://localhost/api/v2/form-definitions/8da17498-639d-4b7f-961d-2ff64cd78fb9",
        "uuid": "8da17498-639d-4b7f-961d-2ff64cd78fb9",
        "name": "Page 4",
        "slug": "page-4",
        "configuration": {
            "display": "form",
            "components": [
                {
                    "label": "Samenvatting",
                    "tableView": false,
                    "key": "summary",
                    "type": "summary",
                    "input": true
                },
                {
                    "label": "Columns",
                    "columns": [
                        {
                            "components": [],
                            "width": 3,
                            "offset": 0,
                            "push": 0,
                            "pull": 0,
                            "size": "md",
                            "currentWidth": 3
                        },
                        {
                            "components": [],
                            "width": 3,
                            "offset": 0,
                            "push": 0,
                            "pull": 0,
                            "size": "md",
                            "currentWidth": 3
                        },
                        {
                            "components": [],
                            "size": "md",
                            "width": 3,
                            "offset": 0,
                            "push": 0,
                            "pull": 0,
                            "currentWidth": 3
                        }
                    ],
                    "key": "columns3",
                    "type": "columns",
                    "input": false,
                    "tableView": false
                }
            ]
        }
    }
]