[
    {
        "uuid": "b0dd8bf5-f6f2-48e8-885e-78a8d1858018",
        "index": "0",
        "slug": "page-1",
        "form_definition": "http://localhost/api/v2/form-definitions/a090146c-fd63-427d-bf0e-c5b7b8e7aa6c"
    },
    {
        "uuid": "1114d573-1051-4eb8-a970-352a4d1b4f45",
        "index": "1",
        "slug": "page-2",
        "form_definition": "http://localhost/api/v2/form-definitions/b59d8a3a-9af6-443b-9281-5321b6c492cb"
    },
    {
        "uuid": "39499a2a-3b87-40eb-98fe-9b36fbdc3a3d",
        "index": "2",
        "slug": "page-3",
        "form_definition": "http://localhost/api/v2/form-definitions/3958aff5-9603-4823-a235-ad9773844076"
    },
    {
        "uuid": "c5821b9b-8aee-446b-8275-6e53ba522025",
        "index": "3",
        "slug": "page-4",
        "form_definition": "http://localhost/api/v2/form-definitions/8da17498-639d-4b7f-961d-2ff64cd78fb9"
    }
]