[
    {
        "uuid": "21716fad-5ed6-41f0-b931-5f363b1d03e6",
        "name": "Noodsteun culturele organisaties aanvragen",
        "internal_name": "",
        "login_required": false,
        "authentication_backends": [],
        "slug": "noodsteuncultureleorganisatiesaanvragen",
        "url": "http://localhost/api/v2/forms/21716fad-5ed6-41f0-b931-5f363b1d03e6",
        "show_progress_indicator": true,
        "maintenance_mode": false,
        "active": true,
        "is_deleted": false,
        "suspension_allowed": true,
        "send_confirmation_email": true,
        "display_main_website_link": true,
        "required_fields_with_asterisk": true,
        "resume_link_lifetime": 7,
        "hide_non_applicable_steps": true
    }
]