[
    {
        "uuid": "9355a149-e817-4b15-b0c4-326ce104d477",
        "index": "0",
        "slug": "uw-gegevens",
        "form_definition": "http://localhost/api/v2/form-definitions/b495b0a6-6901-4071-9163-f705e733b240"
    },
    {
        "uuid": "66261f99-8cad-4804-ba3d-da04f51ae1cc",
        "index": "1",
        "slug": "kosten",
        "form_definition": "http://localhost/api/v2/form-definitions/6e79cfd3-17c4-4ac5-8d0b-aecb63fc4c9c"
    },
    {
        "uuid": "1b3e245a-2e4c-4d7f-8f7e-54d0c4793553",
        "index": "2",
        "slug": "bijlage",
        "form_definition": "http://localhost/api/v2/form-definitions/f99deaba-ff43-440f-bf86-ca36997ace09"
    }
]