[
    {
        "uuid": "47aa789c-992e-4057-9b8c-225435e13d47",
        "name": "Test brp Prefill",
        "internal_name": "",
        "login_required": false,
        "authentication_backends": [],
        "slug": "testbrpprefill",
        "url": "http://localhost/api/v2/forms/47aa789c-992e-4057-9b8c-225435e13d47",
        "show_progress_indicator": true,
        "maintenance_mode": false,
        "active": true,
        "is_deleted": false,
        "suspension_allowed": true,
        "send_confirmation_email": true,
        "display_main_website_link": true,
        "required_fields_with_asterisk": true,
        "resume_link_lifetime": 7,
        "hide_non_applicable_steps": true
    }
]