[
    {
        "url": "http://localhost/api/v2/form-definitions/280cdf27-a143-471d-84da-73733865807d",
        "uuid": "280cdf27-a143-471d-84da-73733865807d",
        "name": "Algemeen",
        "slug": "algemeen",
        "configuration": {
            "display": "form",
            "components": [
                {
                    "html": "<h2>Bingo melden of loterijvergunning aanvragen</h2>",
                    "label": "Content",
                    "refreshOnChange": false,
                    "key": "content4",
                    "type": "content",
                    "input": false,
                    "tableView": false
                },
                {
                    "components": [
                        {
                            "collapsible": false,
                            "key": "page1",
                            "type": "panel",
                            "label": "Panel",
                            "input": false,
                            "tableView": false,
                            "components": [
                                {
                                    "label": "Voor wie vraagt u aan?",
                                    "optionsLabelPosition": "right",
                                    "inline": false,
                                    "tableView": false,
                                    "values": [
                                        {
                                            "label": "mijzelf",
                                            "value": "mijzelf",
                                            "shortcut": ""
                                        },
                                        {
                                            "label": "een organisatie of bedrijf",
                                            "value": "organisatie",
                                            "shortcut": ""
                                        }
                                    ],
                                    "dataType": "auto",
                                    "validate": {
                                        "required": true
                                    },
                                    "key": "namensWieVraagtUEenOntheffingAan",
                                    "conditional": {
                                        "show": true,
                                        "when": "inlogmiddel",
                                        "eq": "digid"
                                    },
                                    "customConditional": "show = (data.bsn && data.bsn.length > 0) || (data.inlogmiddel == 'digid');",
                                    "type": "radio",
                                    "input": true
                                },
                                {
                                    "label": "Naam organisatie of bedrijf",
                                    "tableView": true,
                                    "validate": {
                                        "required": true
                                    },
                                    "key": "naamOrganisatieOfBedrijf",
                                    "properties": {
                                        "dms_key": "initiator.niet_natuurlijk_persoon.statutaireNaam"
                                    },
                                    "conditional": {
                                        "show": true,
                                        "when": "namensWieVraagtUEenOntheffingAan",
                                        "eq": "organisatie"
                                    },
                                    "type": "textfield",
                                    "input": true,
                                    "prefill": {
                                        "plugin": "",
                                        "attribute": "",
                                        "identifierRole": "main"
                                    }
                                },
                                {
                                    "label": "Inschrijfnummer Kamer van Koophandel",
                                    "tableView": true,
                                    "validateOn": "blur",
                                    "validate": {
                                        "required": true,
                                        "pattern": "^[0-9]*$",
                                        "customMessage": "Een inschrijfnummer Kamer van Koophandel bevat 8 cijfers.",
                                        "minLength": 8,
                                        "maxLength": 8
                                    },
                                    "key": "inschrijfnummerKamerVanKoophandel",
                                    "properties": {
                                        "vip_key": "kvk"
                                    },
                                    "conditional": {
                                        "show": true,
                                        "when": "namensWieVraagtUEenOntheffingAan",
                                        "eq": "organisatie"
                                    },
                                    "type": "textfield",
                                    "input": true,
                                    "prefill": {
                                        "plugin": "",
                                        "attribute": "",
                                        "identifierRole": "main"
                                    }
                                },
                                {
                                    "label": "Bent u zelf de contactpersoon van deze aanvraag?",
                                    "optionsLabelPosition": "right",
                                    "inline": false,
                                    "tableView": false,
                                    "values": [
                                        {
                                            "label": "ja",
                                            "value": "ja",
                                            "shortcut": ""
                                        },
                                        {
                                            "label": "nee",
                                            "value": "nee",
                                            "shortcut": ""
                                        }
                                    ],
                                    "validate": {
                                        "required": true
                                    },
                                    "key": "contactpersoon",
                                    "properties": {
                                        "vip_key": "initiator_is_contact"
                                    },
                                    "conditional": {
                                        "show": true,
                                        "when": "inlogmiddel",
                                        "eq": "digid"
                                    },
                                    "customConditional": "show = (data.bsn && data.bsn.length > 0) || (data.inlogmiddel == 'digid');",
                                    "type": "radio",
                                    "input": true
                                },
                                {
                                    "label": "Naam contactpersoon",
                                    "tableView": true,
                                    "validate": {
                                        "required": true
                                    },
                                    "key": "naamContactpersoon",
                                    "properties": {
                                        "vip_key": "name"
                                    },
                                    "customConditional": "show = false;\n\nif(data.inlogmiddel && data.inlogmiddel == 'eherkenning') {\n  show = true;\n}else if(data.contactpersoon && data.contactpersoon == 'nee') {\n  show = true;\n}",
                                    "type": "textfield",
                                    "input": true,
                                    "prefill": {
                                        "plugin": "",
                                        "attribute": "",
                                        "identifierRole": "main"
                                    }
                                },
                                {
                                    "label": "E-mailadres",
                                    "tableView": true,
                                    "validateOn": "blur",
                                    "validate": {
                                        "required": true
                                    },
                                    "key": "eMailadres",
                                    "properties": {
                                        "vip_key": "email",
                                        "oz_api": "zaakeigenschappen",
                                        "oz_name": "email_adres"
                                    },
                                    "type": "email",
                                    "input": true
                                },
                                {
                                    "label": "De gemeente mag dit e-mailadres gebruiken om te reageren op mijn aanvraag.",
                                    "optionsLabelPosition": "right",
                                    "inline": false,
                                    "tableView": false,
                                    "values": [
                                        {
                                            "label": "ja",
                                            "value": "ja",
                                            "shortcut": ""
                                        },
                                        {
                                            "label": "nee",
                                            "value": "nee",
                                            "shortcut": ""
                                        }
                                    ],
                                    "key": "deGemeenteMagDitEMailadresGebruikenOmTeReagerenOpMijnAanvraag",
                                    "type": "radio",
                                    "input": true
                                },
                                {
                                    "label": "Telefoonnummer",
                                    "tableView": true,
                                    "validate": {
                                        "required": true
                                    },
                                    "key": "telefoonnummer",
                                    "properties": {
                                        "vip_key": "phone",
                                        "oz_api": "zaakeigenschappen",
                                        "oz_name": "telefoonnummer"
                                    },
                                    "type": "textfield",
                                    "input": true,
                                    "prefill": {
                                        "plugin": "",
                                        "attribute": "",
                                        "identifierRole": "main"
                                    }
                                }
                            ]
                        }
                    ],
                    "key": "fieldSet-1-2",
                    "type": "fieldset",
                    "label": "Field Set",
                    "tree": false,
                    "input": false,
                    "hidden": false,
                    "legend": "",
                    "prefix": "",
                    "suffix": "",
                    "unique": false,
                    "widget": null,
                    "dbIndex": false,
                    "overlay": {
                        "top": "",
                        "left": "",
                        "style": "",
                        "width": "",
                        "height": ""
                    },
                    "tooltip": "",
                    "disabled": false,
                    "multiple": false,
                    "redrawOn": "",
                    "tabindex": "",
                    "validate": {
                        "custom": "",
                        "unique": false,
                        "multiple": false,
                        "required": false,
                        "customPrivate": false,
                        "strictDateValidation": false
                    },
                    "autofocus": false,
                    "encrypted": false,
                    "hideLabel": false,
                    "modalEdit": false,
                    "protected": false,
                    "refreshOn": "",
                    "tableView": false,
                    "attributes": {},
                    "errorLabel": "",
                    "hideHeader": false,
                    "persistent": false,
                    "properties": {},
                    "validateOn": "change",
                    "clearOnHide": true,
                    "customClass": "",
                    "description": "",
                    "placeholder": "",
                    "defaultValue": null,
                    "dataGridLabel": false,
                    "labelPosition": "top",
                    "showCharCount": false,
                    "showWordCount": false,
                    "calculateValue": "",
                    "calculateServer": false,
                    "allowMultipleMasks": false,
                    "customDefaultValue": "",
                    "allowCalculateOverride": false,
                    "originalFormName": "apvBlok2A"
                },
                {
                    "label": "Wanneer is de organisatie gestart",
                    "placeholder": "dag-maand-jaar",
                    "tableView": false,
                    "enableMinDateInput": false,
                    "datePicker": {
                        "disableWeekends": false,
                        "disableWeekdays": false
                    },
                    "enableMaxDateInput": false,
                    "timePicker": {
                        "showMeridian": false
                    },
                    "validate": {
                        "required": true
                    },
                    "validateOn": "blur",
                    "key": "wanneerIsDeOrganisatieGestart",
                    "type": "datetime",
                    "input": true,
                    "widget": {
                        "type": "calendar",
                        "displayInTimezone": "viewer",
                        "locale": "nl",
                        "useLocaleSettings": false,
                        "allowInput": true,
                        "mode": "single",
                        "enableTime": false,
                        "noCalendar": false,
                        "format": "dd-MM-yyyy",
                        "hourIncrement": 1,
                        "minuteIncrement": 5,
                        "time_24hr": true,
                        "minDate": null,
                        "disableWeekends": false,
                        "disableWeekdays": false,
                        "maxDate": null
                    }
                },
                {
                    "label": "Naam voorzitter",
                    "tableView": true,
                    "validate": {
                        "required": true
                    },
                    "key": "naamVoorzitter",
                    "type": "textfield",
                    "input": true,
                    "prefill": {
                        "plugin": "",
                        "attribute": "",
                        "identifierRole": "main"
                    }
                },
                {
                    "label": "Adres voorzitter",
                    "disablestreetcity": false,
                    "validate": {
                        "required": true
                    },
                    "tableView": true,
                    "key": "adresVoorzitter3",
                    "type": "adres",
                    "input": true
                },
                {
                    "label": "Naam secretaris",
                    "tableView": true,
                    "validate": {
                        "required": true
                    },
                    "key": "naamSecretaris",
                    "type": "textfield",
                    "input": true,
                    "prefill": {
                        "plugin": "",
                        "attribute": "",
                        "identifierRole": "main"
                    }
                },
                {
                    "label": "Adres secretaris",
                    "disablestreetcity": false,
                    "validate": {
                        "required": true
                    },
                    "tableView": true,
                    "key": "adresSecretaris",
                    "type": "adres",
                    "input": true
                },
                {
                    "label": "Naam penningmeester",
                    "tableView": true,
                    "validate": {
                        "required": true
                    },
                    "key": "naamSecretaris1",
                    "type": "textfield",
                    "input": true,
                    "prefill": {
                        "plugin": "",
                        "attribute": "",
                        "identifierRole": "main"
                    }
                },
                {
                    "label": "Adres penningmeester",
                    "disablestreetcity": false,
                    "validate": {
                        "required": true
                    },
                    "tableView": true,
                    "key": "adresPenningmeester",
                    "type": "adres",
                    "input": true
                },
                {
                    "label": "Columns",
                    "columns": [
                        {
                            "components": [],
                            "width": 3,
                            "offset": 0,
                            "push": 0,
                            "pull": 0,
                            "size": "sm",
                            "currentWidth": 3
                        },
                        {
                            "components": [],
                            "width": 6,
                            "offset": 0,
                            "push": 0,
                            "pull": 0,
                            "size": "md",
                            "currentWidth": 6
                        }
                    ],
                    "key": "columns",
                    "type": "columns",
                    "input": false,
                    "tableView": false,
                    "hideOnChildrenHidden": false
                }
            ]
        }
    },
    {
        "url": "http://localhost/api/v2/form-definitions/6ddc4b77-38a1-4e69-95e2-edffcf35c275",
        "uuid": "6ddc4b77-38a1-4e69-95e2-edffcf35c275",
        "name": "Bingo of loterij",
        "slug": "bingo-of-loterij",
        "configuration": {
            "display": "form",
            "components": [
                {
                    "html": "<h2>Bingo melden of loterijvergunning aanvragen</h2>",
                    "label": "Content",
                    "refreshOnChange": false,
                    "key": "content5",
                    "type": "content",
                    "input": false,
                    "tableView": false
                },
                {
                    "label": "Wat gaat u organiseren?",
                    "optionsLabelPosition": "right",
                    "inline": false,
                    "tableView": false,
                    "values": [
                        {
                            "label": "bingo (of kienen of rad van avontuur)",
                            "value": "bingoOfKienenOfRadVanAvontuur",
                            "shortcut": ""
                        },
                        {
                            "label": "loterij ( of prijsvraag)",
                            "value": "loterijOfPrijsvraag",
                            "shortcut": ""
                        }
                    ],
                    "validate": {
                        "required": true
                    },
                    "key": "watGaatUOrganiseren",
                    "type": "radio",
                    "input": true
                },
                {
                    "label": "Naar welk goed doel gaan de inkomsten van de bingo of de loterij?",
                    "tableView": true,
                    "validate": {
                        "required": true
                    },
                    "key": "naarWelkGoedDoelGaanDeInkomstenVanDeBingoOfLoterij",
                    "type": "textarea",
                    "autoExpand": false,
                    "input": true
                },
                {
                    "label": "Columns",
                    "columns": [
                        {
                            "components": [],
                            "width": 3,
                            "offset": 0,
                            "push": 0,
                            "pull": 0,
                            "size": "sm",
                            "currentWidth": 3
                        },
                        {
                            "components": [],
                            "size": "sm",
                            "width": 3,
                            "offset": 0,
                            "push": 0,
                            "pull": 0,
                            "currentWidth": 3
                        }
                    ],
                    "key": "columns1",
                    "type": "columns",
                    "input": false,
                    "tableView": false,
                    "hideOnChildrenHidden": false
                }
            ]
        }
    },
    {
        "url": "http://localhost/api/v2/form-definitions/e191f9f1-5e8c-46a0-bcf7-1a486d4aa394",
        "uuid": "e191f9f1-5e8c-46a0-bcf7-1a486d4aa394",
        "name": "Bingo",
        "slug": "bingo",
        "configuration": {
            "display": "form",
            "components": [
                {
                    "html": "<h2>Bingo melden of loterijvergunning aanvragen</h2>",
                    "label": "Content",
                    "refreshOnChange": false,
                    "key": "content8",
                    "type": "content",
                    "input": false,
                    "tableView": false
                },
                {
                    "label": "Wie organiseert de bingo?",
                    "optionsLabelPosition": "right",
                    "description": " U kunt meer dan 1 bestuurslid kiezen",
                    "tableView": false,
                    "defaultValue": {
                        "voorzitter": false,
                        "secretaris": false,
                        "penningmeester": false,
                        "anderBestuurslid": false
                    },
                    "values": [
                        {
                            "label": "voorzitter",
                            "value": "voorzitter",
                            "shortcut": ""
                        },
                        {
                            "label": "secretaris",
                            "value": "secretaris",
                            "shortcut": ""
                        },
                        {
                            "label": "penningmeester",
                            "value": "penningmeester",
                            "shortcut": ""
                        },
                        {
                            "label": "ander bestuurslid",
                            "value": "anderBestuurslid",
                            "shortcut": ""
                        }
                    ],
                    "validate": {
                        "required": true,
                        "onlyAvailableItems": false,
                        "minSelectedCount": 1
                    },
                    "minSelectedCountMessage": "Vink minimaal 1 optie aan.",
                    "key": "wieOrganiseertDeBingo",
                    "type": "selectboxes",
                    "input": true,
                    "inputType": "checkbox"
                },
                {
                    "label": "(Mede) organisatoren van de bingo. Klik op de knop + Toevoegen als er meer bestuursleden organiseren.",
                    "reorder": false,
                    "addAnother": "Toevoegen",
                    "addAnotherPosition": "bottom",
                    "defaultOpen": false,
                    "layoutFixed": false,
                    "enableRowGroups": false,
                    "initEmpty": false,
                    "tableView": false,
                    "defaultValue": [
                        {
                            "textfieldNijmegen": "",
                            "naamBestuurslid": "",
                            "textareaNijmegen": "",
                            "adresBestuurslid": "",
                            "container": {
                                "naamBestuurslid": "",
                                "adresBestuurslid": ""
                            }
                        }
                    ],
                    "validate": {
                        "required": true
                    },
                    "key": "andereBestuursleden",
                    "type": "datagrid",
                    "input": true,
                    "components": [
                        {
                            "components": [
                                {
                                    "label": "Naam bestuurslid",
                                    "tableView": true,
                                    "validate": {
                                        "required": true
                                    },
                                    "key": "naamBestuurslid",
                                    "type": "textfield",
                                    "input": true,
                                    "prefill": {
                                        "plugin": "",
                                        "attribute": "",
                                        "identifierRole": "main"
                                    }
                                },
                                {
                                    "label": "Adres",
                                    "disablestreetcity": false,
                                    "validate": {
                                        "required": true
                                    },
                                    "tableView": true,
                                    "key": "adres",
                                    "type": "adres",
                                    "input": true
                                }
                            ],
                            "key": "fieldSet-1",
                            "type": "fieldset",
                            "label": "Field Set",
                            "tree": false,
                            "input": false,
                            "hidden": false,
                            "legend": "",
                            "prefix": "",
                            "suffix": "",
                            "unique": false,
                            "widget": null,
                            "dbIndex": false,
                            "overlay": {
                                "top": "",
                                "left": "",
                                "style": "",
                                "width": "",
                                "height": ""
                            },
                            "tooltip": "",
                            "disabled": false,
                            "multiple": false,
                            "redrawOn": "",
                            "tabindex": "",
                            "validate": {
                                "custom": "",
                                "unique": false,
                                "multiple": false,
                                "required": false,
                                "customPrivate": false,
                                "strictDateValidation": false
                            },
                            "autofocus": false,
                            "encrypted": false,
                            "hideLabel": false,
                            "modalEdit": false,
                            "protected": false,
                            "refreshOn": "",
                            "tableView": false,
                            "attributes": {},
                            "errorLabel": "",
                            "hideHeader": false,
                            "persistent": false,
                            "properties": {},
                            "validateOn": "change",
                            "clearOnHide": true,
                            "conditional": {
                                "eq": "",
                                "show": null,
                                "when": null
                            },
                            "customClass": "",
                            "description": "",
                            "placeholder": "",
                            "defaultValue": null,
                            "dataGridLabel": false,
                            "labelPosition": "top",
                            "showCharCount": false,
                            "showWordCount": false,
                            "calculateValue": "",
                            "calculateServer": false,
                            "allowMultipleMasks": false,
                            "customDefaultValue": "",
                            "allowCalculateOverride": false
                        }
                    ]
                },
                {
                    "label": "Waar wordt de bingo georganiseerd?",
                    "tableView": true,
                    "validate": {
                        "required": true
                    },
                    "key": "waarWordtHetBingoGeorganiseerd",
                    "type": "textfield",
                    "input": true,
                    "prefill": {
                        "plugin": "",
                        "attribute": "",
                        "identifierRole": "main"
                    }
                },
                {
                    "label": "Datum bingo",
                    "placeholder": "dag-maand-jaar",
                    "tableView": false,
                    "enableMinDateInput": false,
                    "datePicker": {
                        "disableWeekends": false,
                        "disableWeekdays": false
                    },
                    "enableMaxDateInput": false,
                    "timePicker": {
                        "showMeridian": false
                    },
                    "validate": {
                        "required": true,
                        "customMessage": "Vul een datum in die later is dan vandaag.",
                        "custom": "var eergisteren = new Date((new Date()).valueOf() - 1000*60*60*24);\nvar invulDatum = new Date(input.split('-')[2] + '-' + input.split('-')[1] + '-' + input.split('-')[0]).getTime();\nif(eergisteren >= invulDatum) {\n  valid = 'Deze datum mag maximaal 1 dag in het verleden liggen.';\n} else {\nvalid = true;\n}"
                    },
                    "validateOn": "blur",
                    "key": "datumBingo",
                    "type": "datetime",
                    "input": true,
                    "widget": {
                        "type": "calendar",
                        "displayInTimezone": "viewer",
                        "locale": "nl",
                        "useLocaleSettings": false,
                        "allowInput": true,
                        "mode": "single",
                        "enableTime": false,
                        "noCalendar": false,
                        "format": "dd-MM-yyyy",
                        "hourIncrement": 1,
                        "minuteIncrement": 5,
                        "time_24hr": true,
                        "minDate": null,
                        "disableWeekends": false,
                        "disableWeekdays": false,
                        "maxDate": null
                    }
                },
                {
                    "label": "Starttijd bingo",
                    "inputType": "text",
                    "tableView": true,
                    "dataFormat": "HH:mm",
                    "validate": {
                        "required": true
                    },
                    "validateOn": "blur",
                    "key": "starttijdBingo",
                    "type": "time",
                    "input": true,
                    "inputMask": "99:99"
                },
                {
                    "label": "Starttijd bingo",
                    "inputType": "text",
                    "tableView": true,
                    "dataFormat": "HH:mm",
                    "validate": {
                        "required": true
                    },
                    "validateOn": "blur",
                    "key": "starttijdBingo1",
                    "type": "time",
                    "input": true,
                    "inputMask": "99:99"
                },
                {
                    "label": "Heeft u eerder een bingo georganiseerd en gemeld bij de gemeente?",
                    "optionsLabelPosition": "right",
                    "inline": false,
                    "tableView": false,
                    "values": [
                        {
                            "label": "ja",
                            "value": "ja",
                            "shortcut": ""
                        },
                        {
                            "label": "nee",
                            "value": "nee",
                            "shortcut": ""
                        }
                    ],
                    "validate": {
                        "required": true
                    },
                    "key": "heeftUEerderEenBingoGeorganiseerdEnGemeldBijDeGemeente",
                    "type": "radio",
                    "input": true
                },
                {
                    "html": "<p>Aan het einde van het formulier moet u een kopie van de statuten van de vereniging uploaden.</p>",
                    "label": "Content",
                    "refreshOnChange": false,
                    "key": "content7",
                    "type": "content",
                    "input": false,
                    "tableView": false
                },
                {
                    "label": "Geef per ronde aan wat de waarde (geld of spullen)  is van de prijzen",
                    "reorder": false,
                    "addAnother": "Ronde toevoegen",
                    "addAnotherPosition": "bottom",
                    "layoutFixed": false,
                    "enableRowGroups": false,
                    "initEmpty": false,
                    "tableView": false,
                    "defaultValue": [
                        {
                            "container": {
                                "ronde": "",
                                "waardePrijzenInEuros": ""
                            }
                        }
                    ],
                    "validate": {
                        "required": true,
                        "minLength": "1"
                    },
                    "key": "geefPerRondeAanWatDeWaardeGeldOfSpullenIsVanDePrijsen",
                    "type": "datagrid",
                    "defaultOpen": false,
                    "input": true,
                    "components": [
                        {
                            "components": [
                                {
                                    "label": "Ronde",
                                    "tableView": true,
                                    "validate": {
                                        "required": true
                                    },
                                    "key": "ronde",
                                    "type": "textfield",
                                    "input": true,
                                    "prefill": {
                                        "plugin": "",
                                        "attribute": "",
                                        "identifierRole": "main"
                                    }
                                },
                                {
                                    "label": "Waarde prijzen in euro's",
                                    "prefix": "€",
                                    "tableView": true,
                                    "validate": {
                                        "required": true,
                                        "pattern": "^\\d{0,4}(\\,\\d{0,2})?$",
                                        "customMessage": "Waarde is verplicht en mag bestaan uit 4 cijfers voor - en 2 cijfer na de komma."
                                    },
                                    "key": "waardePrijzenInEuros",
                                    "type": "textfield",
                                    "input": true,
                                    "prefill": {
                                        "plugin": "",
                                        "attribute": "",
                                        "identifierRole": "main"
                                    }
                                }
                            ],
                            "key": "fieldSet",
                            "type": "fieldset",
                            "label": "Field Set",
                            "tree": false,
                            "input": false,
                            "hidden": false,
                            "legend": "",
                            "prefix": "",
                            "suffix": "",
                            "unique": false,
                            "widget": null,
                            "dbIndex": false,
                            "overlay": {
                                "top": "",
                                "left": "",
                                "style": "",
                                "width": "",
                                "height": ""
                            },
                            "tooltip": "",
                            "disabled": false,
                            "multiple": false,
                            "redrawOn": "",
                            "tabindex": "",
                            "validate": {
                                "custom": "",
                                "unique": false,
                                "multiple": false,
                                "required": false,
                                "customPrivate": false,
                                "strictDateValidation": false
                            },
                            "autofocus": false,
                            "encrypted": false,
                            "hideLabel": false,
                            "modalEdit": false,
                            "protected": false,
                            "refreshOn": "",
                            "tableView": false,
                            "attributes": {},
                            "errorLabel": "",
                            "hideHeader": false,
                            "persistent": false,
                            "properties": {},
                            "validateOn": "change",
                            "clearOnHide": true,
                            "conditional": {
                                "eq": "",
                                "show": null,
                                "when": null
                            },
                            "customClass": "",
                            "description": "",
                            "placeholder": "",
                            "defaultValue": null,
                            "dataGridLabel": false,
                            "labelPosition": "top",
                            "showCharCount": false,
                            "showWordCount": false,
                            "calculateValue": "",
                            "calculateServer": false,
                            "allowMultipleMasks": false,
                            "customDefaultValue": "",
                            "allowCalculateOverride": false
                        }
                    ]
                },
                {
                    "label": "Totaalbedrag prijzen",
                    "prefix": "€",
                    "disabled": true,
                    "tableView": true,
                    "clearOnHide": false,
                    "calculateValue": "var gridName = 'geefPerRondeAanWatDeWaardeGeldOfSpullenIsVanDePrijsen';\nvar dataGrid = data[gridName] || [];\nvar fieldName = 'waardePrijzenInEuros';\nvar sum = 0;\n\nfor (var i = 0; i <= dataGrid.length; i++) {\n  if (dataGrid[i] && \n  dataGrid[i].hasOwnProperty('container') && \n  dataGrid[i]['container'].hasOwnProperty(fieldName) && \n  dataGrid[i]['container'][fieldName]) {\n    sum = sum + parseFloat(dataGrid[i]['container'][fieldName].replace(',', '.'));\n  }\n}\nvalue = String(sum.toFixed(2)).replace('.', ',');",
                    "validate": {
                        "custom": "valid = parseInt(input) <= 1550 ? true : 'De waarde van de prijzen is hoger dan € 1.550, u mag geen bingo organiseren. U kunt het formulier nu sluiten';"
                    },
                    "key": "totaal",
                    "type": "textfield",
                    "input": true,
                    "prefill": {
                        "plugin": "",
                        "attribute": "",
                        "identifierRole": "main"
                    }
                },
                {
                    "html": "<p><span style=\"background-color:rgb(255,255,255);color:rgb(0,0,0);\">De waarde van de prijzen is hoger dan € 1.550, u mag geen bingo organiseren.</span></p><p><span style=\"background-color:rgb(255,255,255);color:rgb(0,0,0);\">U kunt het formulier sluiten.</span></p>",
                    "label": "Content",
                    "refreshOnChange": false,
                    "key": "content",
                    "customConditional": "show = false;\n\nif(parseInt(data.totaal) >= 1550) {\n  show = true;\n}",
                    "type": "content",
                    "input": false,
                    "tableView": false
                },
                {
                    "label": "Columns",
                    "columns": [
                        {
                            "components": [],
                            "width": 3,
                            "offset": 0,
                            "push": 0,
                            "pull": 0,
                            "size": "sm",
                            "currentWidth": 3
                        },
                        {
                            "components": [],
                            "size": "sm",
                            "width": 3,
                            "offset": 0,
                            "push": 0,
                            "pull": 0,
                            "currentWidth": 3
                        }
                    ],
                    "key": "columns2",
                    "type": "columns",
                    "input": false,
                    "tableView": false,
                    "hideOnChildrenHidden": false
                }
            ]
        }
    },
    {
        "url": "http://localhost/api/v2/form-definitions/0974daed-bdd5-48f4-ab2a-a0dc92f318e4",
        "uuid": "0974daed-bdd5-48f4-ab2a-a0dc92f318e4",
        "name": "Loterij",
        "slug": "loterij",
        "configuration": {
            "display": "form",
            "components": [
                {
                    "html": "<h2>Bingo melden of loterijvergunning aanvragen</h2>",
                    "label": "Content",
                    "refreshOnChange": false,
                    "key": "content9",
                    "type": "content",
                    "input": false,
                    "tableView": false
                },
                {
                    "label": "Vanaf wanneer verkoopt u loten?",
                    "placeholder": "dag-maand-jaar",
                    "tableView": false,
                    "enableMinDateInput": false,
                    "datePicker": {
                        "disableWeekends": false,
                        "disableWeekdays": false
                    },
                    "enableMaxDateInput": false,
                    "timePicker": {
                        "showMeridian": false
                    },
                    "validate": {
                        "required": true,
                        "custom": "var eergisteren = new Date((new Date()).valueOf() - 1000*60*60*48);\nvar invulDatum = new Date(input.split('-')[2] + '-' + input.split('-')[1] + '-' + input.split('-')[0]).getTime();\nif(eergisteren >= invulDatum) {\n  valid = 'Deze datum mag maximaal 1 dag in het verleden liggen.';\n} else {\nvalid = true;\n}"
                    },
                    "validateOn": "blur",
                    "errorLabel": "De datum moet in de toekomst zijn.",
                    "key": "vanafWanneerVerkooptULoten",
                    "type": "datetime",
                    "input": true,
                    "widget": {
                        "type": "calendar",
                        "displayInTimezone": "viewer",
                        "locale": "nl",
                        "useLocaleSettings": false,
                        "allowInput": true,
                        "mode": "single",
                        "enableTime": false,
                        "noCalendar": false,
                        "format": "dd-MM-yyyy",
                        "hourIncrement": 1,
                        "minuteIncrement": 5,
                        "time_24hr": true,
                        "minDate": null,
                        "disableWeekends": false,
                        "disableWeekdays": false,
                        "maxDate": null
                    }
                },
                {
                    "label": "Tot wanneer verkoopt u loten?",
                    "placeholder": "dag-maand-jaar",
                    "tableView": false,
                    "enableMinDateInput": false,
                    "datePicker": {
                        "disableWeekends": false,
                        "disableWeekdays": false
                    },
                    "enableMaxDateInput": false,
                    "timePicker": {
                        "showMeridian": false
                    },
                    "validate": {
                        "required": true,
                        "custom": "if(!data.vanafWanneerVerkooptULoten) {\n valid = 'Vul eerst in wanneer u start met de verloop van de loten.';\n} else {\n  var start = data.vanafWanneerVerkooptULoten;\n  var startFormatted = new Date(start.split('-')[2] + '-' + start.split('-')[1] + '-' + start.split('-')[0]).getTime();\n  var totWanneer = new Date(input.split('-')[2] + '-' + input.split('-')[1] + '-' + input.split('-')[0]).getTime();\n  if(totWanneer >= startFormatted) {\n    valid = true;\n  } else {\n  valid = 'Deze datum moet later zijn dan de datum waarop u start met de verkoop van de loten.';\n  }\n}\n"
                    },
                    "validateOn": "blur",
                    "errorLabel": "De datum moet na de start verkoopdatum zijn.",
                    "key": "totWanneerVerkooptULoten",
                    "type": "datetime",
                    "input": true,
                    "widget": {
                        "type": "calendar",
                        "displayInTimezone": "viewer",
                        "locale": "nl",
                        "useLocaleSettings": false,
                        "allowInput": true,
                        "mode": "single",
                        "enableTime": false,
                        "noCalendar": false,
                        "format": "dd-MM-yyyy",
                        "hourIncrement": 1,
                        "minuteIncrement": 5,
                        "time_24hr": true,
                        "minDate": null,
                        "disableWeekends": false,
                        "disableWeekdays": false,
                        "maxDate": null
                    }
                },
                {
                    "label": "Datum van de trekking van de loterij",
                    "placeholder": "dag-maand-jaar",
                    "tableView": false,
                    "enableMinDateInput": false,
                    "datePicker": {
                        "disableWeekends": false,
                        "disableWeekdays": false
                    },
                    "enableMaxDateInput": false,
                    "timePicker": {
                        "showMeridian": false
                    },
                    "validate": {
                        "required": true,
                        "custom": "if(!data.totWanneerVerkooptULoten) {\n valid = 'Vul eerst de einddatum van de verkoop in.';\n} else {\n  var end = data.totWanneerVerkooptULoten;\n  var endFormatted = new Date(end.split('-')[2] + '-' + end.split('-')[1] + '-' + end.split('-')[0]).getTime();\n  var trekking = new Date(input.split('-')[2] + '-' + input.split('-')[1] + '-' + input.split('-')[0]).getTime();\n  if(trekking > endFormatted) {\n    valid = true;\n  } else {\n  valid = 'Datum van de trekking moet na de einddatum van de verkoop liggen.';\n  }\n}"
                    },
                    "validateOn": "blur",
                    "errorLabel": "Datum moet na het einde van de verkoopdatum zijn.",
                    "key": "datumVanDeTrekkingVanDeLoterij",
                    "type": "datetime",
                    "input": true,
                    "widget": {
                        "type": "calendar",
                        "displayInTimezone": "viewer",
                        "locale": "nl",
                        "useLocaleSettings": false,
                        "allowInput": true,
                        "mode": "single",
                        "enableTime": false,
                        "noCalendar": false,
                        "format": "dd-MM-yyyy",
                        "hourIncrement": 1,
                        "minuteIncrement": 5,
                        "time_24hr": true,
                        "minDate": null,
                        "disableWeekends": false,
                        "disableWeekdays": false,
                        "maxDate": null
                    }
                },
                {
                    "label": "Tijd van de trekking",
                    "inputType": "text",
                    "tableView": true,
                    "dataFormat": "HH:mm",
                    "validate": {
                        "required": true
                    },
                    "validateOn": "blur",
                    "key": "tijdVanDeTrekking",
                    "type": "time",
                    "input": true,
                    "inputMask": "99:99"
                },
                {
                    "label": "Waar organiseert u de trekking?",
                    "tableView": true,
                    "validate": {
                        "required": true
                    },
                    "key": "waarOrganiseertUDeTrekking",
                    "type": "textarea",
                    "input": true,
                    "autoExpand": false
                },
                {
                    "label": "Aantal loten dat u verkoopt",
                    "tableView": true,
                    "validate": {
                        "required": true,
                        "pattern": "^[0-9]*$",
                        "customMessage": "Dit veld moet een getal bevatten."
                    },
                    "key": "aantalLotenDatUVerkoopt",
                    "type": "textfield",
                    "input": true,
                    "prefill": {
                        "plugin": "",
                        "attribute": "",
                        "identifierRole": "main"
                    }
                },
                {
                    "label": "Prijs per lot",
                    "prefix": "€",
                    "tableView": true,
                    "validate": {
                        "required": true,
                        "pattern": "^\\d{0,4}(\\,\\d{0,2})?$",
                        "customMessage": "Prijs per lot is verplicht en mag bestaan uit 4 cijfers voor - en 2 cijfer na de komma."
                    },
                    "key": "prijsPerLot",
                    "type": "textfield",
                    "input": true,
                    "prefill": {
                        "plugin": "",
                        "attribute": "",
                        "identifierRole": "main"
                    }
                },
                {
                    "label": "Is er een andere prijs per lot als er meer loten tegelijk worden gekocht?",
                    "optionsLabelPosition": "right",
                    "inline": false,
                    "tableView": false,
                    "values": [
                        {
                            "label": "ja",
                            "value": "ja",
                            "shortcut": ""
                        },
                        {
                            "label": "nee",
                            "value": "nee",
                            "shortcut": ""
                        }
                    ],
                    "validate": {
                        "required": true
                    },
                    "key": "isErEenAnderePrijsPerLotAlsErMeerLotenTegelijkWordenGekocht",
                    "type": "radio",
                    "input": true
                },
                {
                    "label": "Welke prijs",
                    "prefix": "€",
                    "tableView": true,
                    "validate": {
                        "required": true,
                        "pattern": "^\\d{0,4}(\\,\\d{0,2})?$",
                        "customMessage": "Prijs is verplicht en mag bestaan uit 4 cijfers voor - en 2 cijfer na de komma."
                    },
                    "key": "welkePrijs",
                    "type": "textfield",
                    "input": true,
                    "prefill": {
                        "plugin": "",
                        "attribute": "",
                        "identifierRole": "main"
                    }
                },
                {
                    "html": "<p>Aan het einde van het formulier moet u een proeflot uploaden.</p>",
                    "label": "Content",
                    "refreshOnChange": false,
                    "key": "content1",
                    "type": "content",
                    "input": false,
                    "tableView": false
                },
                {
                    "label": "Totale waarde van de prijzen die u verloot",
                    "prefix": "€",
                    "tableView": true,
                    "validate": {
                        "required": true,
                        "pattern": "^\\d{0,4}(\\,\\d{0,2})?$",
                        "customMessage": "De totale waarde is verplicht en mag bestaan uit 4 cijfers voor - en 2 cijfer na de komma."
                    },
                    "key": "welkePrijs1",
                    "type": "textfield",
                    "input": true,
                    "prefill": {
                        "plugin": "",
                        "attribute": "",
                        "identifierRole": "main"
                    }
                },
                {
                    "html": "<p>De totale waarde van de prijzen is hoger dan €4.500,-. U krijgt geen loterijvergunning.</p><p>Vraag een vergunning <a href=\"http://www.kansspelautoriteit.nl/\">Kansspelautoriteit </a>aan.</p><p>U kunt het formulier sluiten.</p>",
                    "label": "Content",
                    "refreshOnChange": false,
                    "key": "content2",
                    "customConditional": "show = false; \n\nif(parseInt(data.welkePrijs1) > 4500) {\n  show = true;\n}",
                    "type": "content",
                    "input": false,
                    "tableView": false
                },
                {
                    "html": "<p>Aan het einde van dit formulier moet u een kopie van de statuten van de organisatie uploaden.</p>",
                    "label": "Content",
                    "refreshOnChange": false,
                    "key": "content3",
                    "customConditional": "show = false; \n\nif(parseInt(data.welkePrijs1) <= 4500) {\n  show = true;\n}",
                    "type": "content",
                    "input": false,
                    "tableView": false
                },
                {
                    "label": "Columns",
                    "columns": [
                        {
                            "components": [],
                            "width": 3,
                            "offset": 0,
                            "push": 0,
                            "pull": 0,
                            "size": "sm",
                            "currentWidth": 3
                        },
                        {
                            "components": [],
                            "size": "sm",
                            "width": 3,
                            "offset": 0,
                            "push": 0,
                            "pull": 0,
                            "currentWidth": 3
                        }
                    ],
                    "key": "columns3",
                    "type": "columns",
                    "input": false,
                    "tableView": false,
                    "hideOnChildrenHidden": false
                }
            ]
        }
    },
    {
        "url": "http://localhost/api/v2/form-definitions/e9616b78-7b7b-47c5-8f8d-3f72d6be12d7",
        "uuid": "e9616b78-7b7b-47c5-8f8d-3f72d6be12d7",
        "name": "Bijlage(n)",
        "slug": "bijlagen",
        "configuration": {
            "display": "form",
            "components": [
                {
                    "html": "<h2>Bingo melden of loterijvergunning aanvragen</h2>",
                    "label": "Content",
                    "refreshOnChange": false,
                    "key": "content10",
                    "type": "content",
                    "input": false,
                    "tableView": false
                },
                {
                    "label": "Toevoegen",
                    "description": "Toegestaan zijn .jpg, .png, .jpeg of .pdf documenten die niet groter zijn dan 20MB.",
                    "tableView": false,
                    "storage": "url",
                    "webcam": false,
                    "fileTypes": [
                        {
                            "label": "",
                            "value": ""
                        }
                    ],
                    "filePattern": ".jpg,.png,.jpeg,.pdf",
                    "fileMinSize": "1KB",
                    "fileMaxSize": "20MB",
                    "multiple": true,
                    "validate": {
                        "required": true,
                        "customMessage": "U moet minimaal 1 bijlage toevoegen. Deze bijlage moet de volgende bestandsindeling hebben: .jpg of .png of .jpeg of .pdf"
                    },
                    "errorLabel": "U moet minimaal 1 bijlage toevoegen. Deze bijlage moet de volgende bestandsindeling hebben: .jpg of .png of .jpeg of .pdf",
                    "key": "toevoegen",
                    "type": "file",
                    "url": "/cloud/s3",
                    "input": true
                },
                {
                    "html": "<p>Ik heb deze bijlagen toegevoegd:</p>",
                    "label": "Content",
                    "refreshOnChange": false,
                    "key": "content6",
                    "type": "content",
                    "input": false,
                    "tableView": false
                },
                {
                    "label": "Kopie statuten organisatie",
                    "tableView": false,
                    "defaultValue": false,
                    "validate": {
                        "required": true,
                        "customMessage": "U bent verplicht deze bijlage mee te sturen."
                    },
                    "key": "kopieStatutenOrganisatie",
                    "customConditional": "var ooitAlEenBingoGeorganiseerd = data.heeftUEerderEenBingoGeorganiseerdEnGemeldBijDeGemeente == 'ja' ? true : false;\nvar loterijbedrag = parseInt(data.welkePrijs1)\nvar isLoterij = data.watGaatUOrganiseren == 'loterijOfPrijsvraag' ? true : false;\nvar isBingo = data.watGaatUOrganiseren == 'bingoOfKienenOfRadVanAvontuur' ? true : false;\n\nif(isLoterij && loterijbedrag <= 4500) {\n  show = true; \n} else if(isBingo && !ooitAlEenBingoGeorganiseerd) {\n  show = true;\n} else {\n  show = false;\n}",
                    "type": "checkbox",
                    "input": true
                },
                {
                    "label": "Proeflot",
                    "tableView": false,
                    "defaultValue": false,
                    "validate": {
                        "required": true,
                        "customMessage": "U bent verplicht deze bijlage mee te sturen."
                    },
                    "key": "proeflot",
                    "type": "checkbox",
                    "input": true
                },
                {
                    "label": "Columns",
                    "columns": [
                        {
                            "components": [],
                            "width": 3,
                            "offset": 0,
                            "push": 0,
                            "pull": 0,
                            "size": "sm",
                            "currentWidth": 3
                        },
                        {
                            "components": [],
                            "size": "sm",
                            "width": 3,
                            "offset": 0,
                            "push": 0,
                            "pull": 0,
                            "currentWidth": 3
                        }
                    ],
                    "key": "columns4",
                    "type": "columns",
                    "input": false,
                    "tableView": false,
                    "hideOnChildrenHidden": false
                }
            ]
        }
    }
]