[
    {
        "uuid": "2a6c22bb-11f8-4bc8-ae1e-121dda8990d0",
        "index": "0",
        "slug": "algemeen",
        "form_definition": "http://localhost/api/v2/form-definitions/280cdf27-a143-471d-84da-73733865807d"
    },
    {
        "uuid": "8e8f0249-7daf-40fa-b0dc-85b384567ef4",
        "index": "1",
        "slug": "bingo-of-loterij",
        "form_definition": "http://localhost/api/v2/form-definitions/6ddc4b77-38a1-4e69-95e2-edffcf35c275"
    },
    {
        "uuid": "b0539952-58c5-4f63-a0dd-1e3f801a39a3",
        "index": "2",
        "slug": "bingo",
        "form_definition": "http://localhost/api/v2/form-definitions/e191f9f1-5e8c-46a0-bcf7-1a486d4aa394"
    },
    {
        "uuid": "e804b894-31f5-43a0-97a4-a39e291ee424",
        "index": "3",
        "slug": "loterij",
        "form_definition": "http://localhost/api/v2/form-definitions/0974daed-bdd5-48f4-ab2a-a0dc92f318e4"
    },
    {
        "uuid": "d417ce7e-6983-4a0c-9a2d-40d704f9d831",
        "index": "4",
        "slug": "bijlagen",
        "form_definition": "http://localhost/api/v2/form-definitions/e9616b78-7b7b-47c5-8f8d-3f72d6be12d7"
    }
]