[
    {
        "uuid": "c8052695-a06b-4acf-80be-cd76b4df3e1a",
        "name": "Bingo melden of loterijvergunning aanvragen",
        "internal_name": "",
        "login_required": false,
        "authentication_backends": [],
        "slug": "bingomeldenofloterijvergunningaanvragen",
        "url": "http://localhost/api/v2/forms/c8052695-a06b-4acf-80be-cd76b4df3e1a",
        "show_progress_indicator": true,
        "maintenance_mode": false,
        "active": true,
        "is_deleted": false,
        "suspension_allowed": true,
        "send_confirmation_email": true,
        "display_main_website_link": true,
        "required_fields_with_asterisk": true,
        "resume_link_lifetime": 7,
        "hide_non_applicable_steps": true
    }
]