[
    {
        "url": "http://localhost/api/v2/form-definitions/8b3cdaaa-e00c-450a-b4db-8d9a420d2e35",
        "uuid": "8b3cdaaa-e00c-450a-b4db-8d9a420d2e35",
        "name": "Page 1",
        "slug": "page-1",
        "configuration": {
            "display": "form",
            "components": [
                {
                    "html": "<p><span style=\"background-color:rgb(255,255,255);color:rgb(0,0,0);\">U voldoet niet aan de voorwaarden. Hierdoor heeft u geen recht op studietoeslag. U kunt het formulier nu sluiten. Wilt u een officiële afwijzing ontvangen? Beantwoord dan ook<strong> alle</strong> volgende vragen van dit formulier.</span></p>",
                    "label": "Content",
                    "refreshOnChange": false,
                    "key": "content1",
                    "customConditional": "show = true;\n\nif(data.inlogmiddel) {\n  if(data.inlogmiddel == 'digid') {\n    if (data.gemeente == 'Nijmegen'){\n      var dateSplitted = data.geboortedatum.split('-');\n      var geboortedatum  = new Date(dateSplitted[2], dateSplitted[1] - 1, dateSplitted[0]);\n      var verschil = new Date(new Date() - geboortedatum).getFullYear() - 1970;\n      \n      if(verschil < 15) {\n          show = true;\n      }\n\n    } else {\n        show = true;\n    }\n  } \n}",
                    "type": "content",
                    "input": false,
                    "tableView": false,
                    "id": "ek31cc9",
                    "placeholder": "",
                    "prefix": "",
                    "customClass": "",
                    "suffix": "",
                    "multiple": false,
                    "defaultValue": null,
                    "protected": false,
                    "unique": false,
                    "persistent": true,
                    "hidden": false,
                    "clearOnHide": true,
                    "refreshOn": "",
                    "redrawOn": "",
                    "modalEdit": false,
                    "dataGridLabel": false,
                    "labelPosition": "top",
                    "description": "",
                    "errorLabel": "",
                    "tooltip": "",
                    "hideLabel": false,
                    "tabindex": "",
                    "disabled": false,
                    "autofocus": false,
                    "dbIndex": false,
                    "customDefaultValue": "",
                    "calculateValue": "",
                    "calculateServer": false,
                    "widget": null,
                    "attributes": {},
                    "validateOn": "change",
                    "validate": {
                        "required": false,
                        "custom": "",
                        "customPrivate": false,
                        "strictDateValidation": false,
                        "multiple": false,
                        "unique": false
                    },
                    "overlay": {
                        "style": "",
                        "left": "",
                        "top": "",
                        "width": "",
                        "height": ""
                    },
                    "allowCalculateOverride": false,
                    "encrypted": false,
                    "showCharCount": false,
                    "showWordCount": false,
                    "properties": {},
                    "allowMultipleMasks": false,
                    "addons": []
                },
                {
                    "label": "Periode tekst",
                    "tableView": true,
                    "calculateValue": "value = data.periode",
                    "key": "periodeTekst",
                    "type": "textfield",
                    "input": true,
                    "id": "e6zqak",
                    "placeholder": "",
                    "prefix": "",
                    "customClass": "",
                    "suffix": "",
                    "multiple": false,
                    "defaultValue": null,
                    "protected": false,
                    "unique": false,
                    "persistent": true,
                    "hidden": false,
                    "clearOnHide": true,
                    "refreshOn": "",
                    "redrawOn": "",
                    "modalEdit": false,
                    "dataGridLabel": false,
                    "labelPosition": "top",
                    "description": "",
                    "errorLabel": "",
                    "tooltip": "",
                    "hideLabel": false,
                    "tabindex": "",
                    "disabled": false,
                    "autofocus": false,
                    "dbIndex": false,
                    "customDefaultValue": "",
                    "calculateServer": false,
                    "widget": {
                        "type": "input"
                    },
                    "attributes": {},
                    "validateOn": "change",
                    "validate": {
                        "required": false,
                        "custom": "",
                        "customPrivate": false,
                        "strictDateValidation": false,
                        "multiple": false,
                        "unique": false,
                        "minLength": "",
                        "maxLength": "",
                        "pattern": ""
                    },
                    "overlay": {
                        "style": "",
                        "left": "",
                        "top": "",
                        "width": "",
                        "height": ""
                    },
                    "allowCalculateOverride": false,
                    "encrypted": false,
                    "showCharCount": false,
                    "showWordCount": false,
                    "properties": {},
                    "allowMultipleMasks": false,
                    "addons": [],
                    "mask": false,
                    "inputType": "text",
                    "inputFormat": "plain",
                    "inputMask": "",
                    "displayMask": "",
                    "spellcheck": true,
                    "truncateMultipleSpaces": false,
                    "prefill": {
                        "plugin": "",
                        "attribute": "",
                        "identifierRole": "main"
                    }
                },
                {
                    "label": "IBAN",
                    "inputMask": "AA99 AAAA 9999 9999 99",
                    "tableView": true,
                    "key": "iban",
                    "type": "textfield",
                    "input": true,
                    "id": "es2yeq9",
                    "placeholder": "",
                    "prefix": "",
                    "customClass": "",
                    "suffix": "",
                    "multiple": false,
                    "defaultValue": null,
                    "protected": false,
                    "unique": false,
                    "persistent": true,
                    "hidden": false,
                    "clearOnHide": true,
                    "refreshOn": "",
                    "redrawOn": "",
                    "modalEdit": false,
                    "dataGridLabel": false,
                    "labelPosition": "top",
                    "description": "",
                    "errorLabel": "",
                    "tooltip": "",
                    "hideLabel": false,
                    "tabindex": "",
                    "disabled": false,
                    "autofocus": false,
                    "dbIndex": false,
                    "customDefaultValue": "",
                    "calculateValue": "",
                    "calculateServer": false,
                    "widget": {
                        "type": "input"
                    },
                    "attributes": {},
                    "validateOn": "change",
                    "validate": {
                        "required": false,
                        "custom": "",
                        "customPrivate": false,
                        "strictDateValidation": false,
                        "multiple": false,
                        "unique": false,
                        "minLength": "",
                        "maxLength": "",
                        "pattern": ""
                    },
                    "overlay": {
                        "style": "",
                        "left": "",
                        "top": "",
                        "width": "",
                        "height": ""
                    },
                    "allowCalculateOverride": false,
                    "encrypted": false,
                    "showCharCount": false,
                    "showWordCount": false,
                    "properties": {},
                    "allowMultipleMasks": false,
                    "addons": [],
                    "mask": false,
                    "inputType": "text",
                    "inputFormat": "plain",
                    "displayMask": "",
                    "spellcheck": true,
                    "truncateMultipleSpaces": false,
                    "prefill": {
                        "plugin": "",
                        "attribute": "",
                        "identifierRole": "main"
                    }
                },
                {
                    "label": "Werkt u?",
                    "optionsLabelPosition": "right",
                    "inline": false,
                    "tableView": false,
                    "values": [
                        {
                            "label": "ja, betaald werk",
                            "value": "jaBetaaldWerk",
                            "shortcut": ""
                        },
                        {
                            "label": "ja, geen betaald werk, maar onbetaald werk",
                            "value": "jaGeenBetaaldWerkMaarOnbetaaldWerk",
                            "shortcut": ""
                        },
                        {
                            "label": "nee",
                            "value": "nee",
                            "shortcut": ""
                        }
                    ],
                    "key": "werktU",
                    "type": "radio",
                    "input": true,
                    "id": "exx4izw",
                    "placeholder": "",
                    "prefix": "",
                    "customClass": "",
                    "suffix": "",
                    "multiple": false,
                    "defaultValue": null,
                    "protected": false,
                    "unique": false,
                    "persistent": true,
                    "hidden": false,
                    "clearOnHide": true,
                    "refreshOn": "",
                    "redrawOn": "",
                    "modalEdit": false,
                    "dataGridLabel": false,
                    "labelPosition": "top",
                    "description": "",
                    "errorLabel": "",
                    "tooltip": "",
                    "hideLabel": false,
                    "tabindex": "",
                    "disabled": false,
                    "autofocus": false,
                    "dbIndex": false,
                    "customDefaultValue": "",
                    "calculateValue": "",
                    "calculateServer": false,
                    "widget": null,
                    "attributes": {},
                    "validateOn": "change",
                    "validate": {
                        "required": false,
                        "custom": "",
                        "customPrivate": false,
                        "strictDateValidation": false,
                        "multiple": false,
                        "unique": false,
                        "onlyAvailableItems": false
                    },
                    "overlay": {
                        "style": "",
                        "left": "",
                        "top": "",
                        "width": "",
                        "height": ""
                    },
                    "allowCalculateOverride": false,
                    "encrypted": false,
                    "showCharCount": false,
                    "showWordCount": false,
                    "properties": {},
                    "allowMultipleMasks": false,
                    "addons": [],
                    "dataSrc": "values",
                    "authenticate": false,
                    "ignoreCache": false,
                    "template": "<span>{{ item.label }}</span>",
                    "inputType": "radio",
                    "data": {
                        "url": ""
                    },
                    "fieldSet": false
                },
                {
                    "label": "Geef aan wat voor werkzaamheden u uitvoert en waar u dit doet",
                    "tableView": true,
                    "inputFormat": "plain",
                    "validate": {
                        "required": true,
                        "custom": "",
                        "customPrivate": false,
                        "strictDateValidation": false,
                        "multiple": false,
                        "unique": false,
                        "minLength": "",
                        "maxLength": "",
                        "pattern": "",
                        "minWords": "",
                        "maxWords": ""
                    },
                    "key": "geefAanWatVoorWerkzaamhedenUUitvoertEnWaarUDitDoet",
                    "type": "textarea",
                    "input": true,
                    "autoExpand": false,
                    "id": "e8gad7m",
                    "placeholder": "",
                    "prefix": "",
                    "customClass": "",
                    "suffix": "",
                    "multiple": false,
                    "defaultValue": null,
                    "protected": false,
                    "unique": false,
                    "persistent": true,
                    "hidden": false,
                    "clearOnHide": true,
                    "refreshOn": "",
                    "redrawOn": "",
                    "modalEdit": false,
                    "dataGridLabel": false,
                    "labelPosition": "top",
                    "description": "",
                    "errorLabel": "",
                    "tooltip": "",
                    "hideLabel": false,
                    "tabindex": "",
                    "disabled": false,
                    "autofocus": false,
                    "dbIndex": false,
                    "customDefaultValue": "",
                    "calculateValue": "",
                    "calculateServer": false,
                    "widget": {
                        "type": "input"
                    },
                    "attributes": {},
                    "validateOn": "change",
                    "overlay": {
                        "style": "",
                        "left": "",
                        "top": "",
                        "width": "",
                        "height": ""
                    },
                    "allowCalculateOverride": false,
                    "encrypted": false,
                    "showCharCount": false,
                    "showWordCount": false,
                    "properties": {},
                    "allowMultipleMasks": false,
                    "addons": [],
                    "mask": false,
                    "inputType": "text",
                    "inputMask": "",
                    "displayMask": "",
                    "spellcheck": true,
                    "truncateMultipleSpaces": false,
                    "rows": 3,
                    "wysiwyg": false,
                    "editor": "",
                    "fixedSize": true
                },
                {
                    "label": "Een bewijs van inschrijving van uw opleiding",
                    "description": "",
                    "tooltip": "",
                    "shortcut": "",
                    "inputType": "checkbox",
                    "customClass": "",
                    "tabindex": "",
                    "hidden": false,
                    "hideLabel": false,
                    "autofocus": false,
                    "disabled": false,
                    "tableView": false,
                    "modalEdit": false,
                    "defaultValue": false,
                    "persistent": true,
                    "protected": false,
                    "dbIndex": false,
                    "encrypted": false,
                    "redrawOn": "",
                    "clearOnHide": true,
                    "customDefaultValue": "",
                    "calculateValue": "",
                    "calculateServer": false,
                    "allowCalculateOverride": false,
                    "validate": {
                        "required": true,
                        "customMessage": "",
                        "custom": "",
                        "customPrivate": false,
                        "json": "",
                        "strictDateValidation": false,
                        "multiple": false,
                        "unique": false
                    },
                    "errorLabel": "",
                    "errors": "",
                    "key": "eenBewijsVanInschrijvingVanUwOpleiding",
                    "tags": [],
                    "properties": {},
                    "customConditional": "",
                    "logic": [],
                    "attributes": {},
                    "overlay": {
                        "style": "",
                        "page": "",
                        "left": "",
                        "top": "",
                        "width": "",
                        "height": ""
                    },
                    "type": "checkbox",
                    "name": "",
                    "value": "",
                    "input": true,
                    "placeholder": "",
                    "prefix": "",
                    "suffix": "",
                    "multiple": false,
                    "unique": false,
                    "refreshOn": "",
                    "dataGridLabel": true,
                    "labelPosition": "right",
                    "widget": null,
                    "validateOn": "change",
                    "showCharCount": false,
                    "showWordCount": false,
                    "allowMultipleMasks": false,
                    "addons": [],
                    "id": "eh6dpzv"
                },
                {
                    "label": "Checkbox",
                    "description": "",
                    "tooltip": "",
                    "shortcut": "",
                    "inputType": "checkbox",
                    "customClass": "",
                    "tabindex": "",
                    "hidden": false,
                    "hideLabel": false,
                    "autofocus": false,
                    "disabled": false,
                    "tableView": false,
                    "modalEdit": false,
                    "persistent": true,
                    "protected": false,
                    "dbIndex": false,
                    "encrypted": false,
                    "redrawOn": "",
                    "clearOnHide": true,
                    "customDefaultValue": "",
                    "calculateValue": "",
                    "calculateServer": false,
                    "allowCalculateOverride": false,
                    "validate": {
                        "required": false,
                        "customMessage": "",
                        "custom": "",
                        "customPrivate": false,
                        "json": "",
                        "strictDateValidation": false,
                        "multiple": false,
                        "unique": false
                    },
                    "errorLabel": "",
                    "errors": "",
                    "key": "checkbox",
                    "tags": [],
                    "properties": {},
                    "customConditional": "",
                    "logic": [],
                    "attributes": {},
                    "overlay": {
                        "style": "",
                        "page": "",
                        "left": "",
                        "top": "",
                        "width": "",
                        "height": ""
                    },
                    "type": "checkbox",
                    "name": "",
                    "value": "",
                    "input": true,
                    "placeholder": "",
                    "prefix": "",
                    "suffix": "",
                    "multiple": false,
                    "unique": false,
                    "refreshOn": "",
                    "dataGridLabel": true,
                    "labelPosition": "right",
                    "widget": null,
                    "validateOn": "change",
                    "showCharCount": false,
                    "showWordCount": false,
                    "allowMultipleMasks": false,
                    "addons": [],
                    "id": "ed85bu",
                    "defaultValue": false
                },
                {
                    "label": "Geboortedatum",
                    "placeholder": "dag-maand-jaar",
                    "description": "Een ambulant jeugd-product kan aangevraagd worden tot het kind 18 jaar oud is, daarna niet meer",
                    "tableView": false,
                    "enableMinDateInput": false,
                    "datePicker": {
                        "disableWeekends": false,
                        "disableWeekdays": false,
                        "showWeeks": true,
                        "startingDay": 0,
                        "initDate": "",
                        "minMode": "day",
                        "maxMode": "year",
                        "yearRows": 4,
                        "yearColumns": 5,
                        "minDate": null,
                        "maxDate": null
                    },
                    "enableMaxDateInput": false,
                    "timePicker": {
                        "hourStep": "",
                        "minuteStep": "",
                        "showMeridian": false
                    },
                    "defaultDate": "",
                    "validate": {
                        "custom": "var today = new Date();\nvar toekomst = new Date();\ntoekomst.setDate(today.getDate() + 0);\n\nvar dateSplitted = input.split('-');\nvar ingevuldeDatum = new Date(dateSplitted[2], dateSplitted[1] - 1, dateSplitted[0]);\n\nif(ingevuldeDatum <= toekomst ){\n  valid = true;\n} else{\n  valid = 'Ingevulde geboortedatum mag niet in de toekomst liggen';\n}",
                        "required": false,
                        "customPrivate": false,
                        "strictDateValidation": false,
                        "multiple": false,
                        "unique": false
                    },
                    "key": "geboortedatum",
                    "type": "datetime",
                    "input": true,
                    "widget": {
                        "type": "calendar",
                        "displayInTimezone": "viewer",
                        "locale": "nl",
                        "useLocaleSettings": false,
                        "allowInput": true,
                        "mode": "single",
                        "enableTime": false,
                        "noCalendar": false,
                        "format": "dd-MM-yyyy",
                        "hourIncrement": "",
                        "minuteIncrement": "",
                        "time_24hr": true,
                        "minDate": null,
                        "disableWeekends": false,
                        "disableWeekdays": false,
                        "maxDate": null
                    },
                    "id": "eum31",
                    "prefix": "",
                    "customClass": "",
                    "suffix": "",
                    "multiple": false,
                    "defaultValue": "dag/maand/jaar",
                    "protected": false,
                    "unique": false,
                    "persistent": true,
                    "hidden": false,
                    "clearOnHide": true,
                    "refreshOn": "",
                    "redrawOn": "",
                    "modalEdit": false,
                    "dataGridLabel": false,
                    "labelPosition": "top",
                    "errorLabel": "",
                    "tooltip": "",
                    "hideLabel": false,
                    "tabindex": "",
                    "disabled": false,
                    "autofocus": false,
                    "dbIndex": false,
                    "customDefaultValue": "",
                    "calculateValue": "",
                    "calculateServer": false,
                    "attributes": {},
                    "validateOn": "change",
                    "overlay": {
                        "style": "",
                        "left": "",
                        "top": "",
                        "width": "",
                        "height": ""
                    },
                    "allowCalculateOverride": false,
                    "encrypted": false,
                    "showCharCount": false,
                    "showWordCount": false,
                    "properties": {},
                    "allowMultipleMasks": false,
                    "addons": [],
                    "format": "dd-MM-yyyy",
                    "useLocaleSettings": false,
                    "allowInput": true,
                    "enableDate": true,
                    "enableTime": false,
                    "displayInTimezone": "viewer",
                    "timezone": "",
                    "datepickerMode": "day",
                    "customOptions": {},
                    "shortcutButtons": []
                },
                {
                    "label": "Als u gaat (ver)bouwen:  (bouw)tekening of schetsen waarop duidelijk staat hoe groot/lang het gebouw en de ruimtes zijn. En hoe de ruimtes gebruikt worden. Bijvoorbeeld: keuken, woonkamer of slaapkamer",
                    "tableView": false,
                    "key": "alsUGaatVerBouwenBouwTekeningOfSchetsenWaaropDuidelijkStaatHoeGrootLangHetGebouwEnDeRuimtesZijnEnHoeDeRuimtesGebruiktWordenBijvoorbeeldKeukenWoonkamerOfSlaapkamer",
                    "type": "checkbox",
                    "input": true,
                    "defaultValue": false,
                    "id": "ejy8x6",
                    "placeholder": "",
                    "prefix": "",
                    "customClass": "",
                    "suffix": "",
                    "multiple": false,
                    "protected": false,
                    "unique": false,
                    "persistent": true,
                    "hidden": false,
                    "clearOnHide": true,
                    "refreshOn": "",
                    "redrawOn": "",
                    "modalEdit": false,
                    "dataGridLabel": true,
                    "labelPosition": "right",
                    "description": "",
                    "errorLabel": "",
                    "tooltip": "",
                    "hideLabel": false,
                    "tabindex": "",
                    "disabled": false,
                    "autofocus": false,
                    "dbIndex": false,
                    "customDefaultValue": "",
                    "calculateValue": "",
                    "calculateServer": false,
                    "widget": null,
                    "attributes": {},
                    "validateOn": "change",
                    "validate": {
                        "required": false,
                        "custom": "",
                        "customPrivate": false,
                        "strictDateValidation": false,
                        "multiple": false,
                        "unique": false
                    },
                    "overlay": {
                        "style": "",
                        "left": "",
                        "top": "",
                        "width": "",
                        "height": ""
                    },
                    "allowCalculateOverride": false,
                    "encrypted": false,
                    "showCharCount": false,
                    "showWordCount": false,
                    "properties": {},
                    "allowMultipleMasks": false,
                    "addons": [],
                    "inputType": "checkbox",
                    "value": "",
                    "name": ""
                },
                {
                    "label": "Als u gaat (ver)bouwen:  (bouw)tekening of schetsen waarop duidelijk staat hoe groot/lang het gebouw en de ruimtes zijn. En hoe de ruimtes gebruikt worden. Bijvoorbeeld: keuken, woonkamer of slaapkamer",
                    "tableView": false,
                    "key": "alsU2GaatVerBouwenBouwTekeningOfSchetsenWaaropDuidelijkStaatHoeGrootLangHetGebouwEnDeRuimtesZijnEnHoeDeRuimtesGebruiktWordenBijvoorbeeldKeukenWoonkamerOfSlaapkamer",
                    "type": "checkbox",
                    "input": true,
                    "defaultValue": false,
                    "id": "eh6racr",
                    "placeholder": "",
                    "prefix": "",
                    "customClass": "",
                    "suffix": "",
                    "multiple": false,
                    "protected": false,
                    "unique": false,
                    "persistent": true,
                    "hidden": false,
                    "clearOnHide": true,
                    "refreshOn": "",
                    "redrawOn": "",
                    "modalEdit": false,
                    "dataGridLabel": true,
                    "labelPosition": "right",
                    "description": "",
                    "errorLabel": "",
                    "tooltip": "",
                    "hideLabel": false,
                    "tabindex": "",
                    "disabled": false,
                    "autofocus": false,
                    "dbIndex": false,
                    "customDefaultValue": "",
                    "calculateValue": "",
                    "calculateServer": false,
                    "widget": null,
                    "attributes": {},
                    "validateOn": "change",
                    "validate": {
                        "required": false,
                        "custom": "",
                        "customPrivate": false,
                        "strictDateValidation": false,
                        "multiple": false,
                        "unique": false
                    },
                    "overlay": {
                        "style": "",
                        "left": "",
                        "top": "",
                        "width": "",
                        "height": ""
                    },
                    "allowCalculateOverride": false,
                    "encrypted": false,
                    "showCharCount": false,
                    "showWordCount": false,
                    "properties": {},
                    "allowMultipleMasks": false,
                    "addons": [],
                    "inputType": "checkbox",
                    "value": "",
                    "name": ""
                },
                {
                    "label": "Waarvoor vraagt u bijzondere bijstand aan?",
                    "optionsLabelPosition": "right",
                    "tableView": false,
                    "defaultValue": {
                        "kostenVervangen": false,
                        "kostenInrichting": false,
                        "verhuiskosten": false,
                        "medischeKosten": false,
                        "andereKosten": false,
                        "budgetbeheer": false
                    },
                    "values": [
                        {
                            "label": "Nam congue magna a metus malesuada, in vulputate enim aliquam. Mauris eu malesuada nunc, in cursus erat. Vestibulum ultrices iaculis urna in pulvinar. Mauris consectetur mollis vestibulum. Class aptent taciti sociosqu ad litora torquent per conubia nostra, per inceptos himenaeos. Sed tincidunt, nisi vitae consequat sagittis, ligula purus eleifend arcu, eget blandit tortor augue non felis. Proin non eros a mi dapibus dignissim nec a nulla. Nam volutpat metus aliquam, elementum odio quis, porta mi. In eget dolor fringilla, vulputate nulla vel, tincidunt leo. Suspendisse potenti. Vestibulum efficitur urna ac vehicula mattis. Cras vel est suscipit, faucibus arcu nec, vulputate augue.",
                            "value": "kostenVervangen",
                            "shortcut": ""
                        },
                        {
                            "label": "Nam congue magna a metus malesuada, in vulputate enim aliquam. Mauris eu malesuada nunc, in cursus erat. Vestibulum ultrices iaculis urna in pulvinar. Mauris consectetur mollis vestibulum. Class aptent taciti sociosqu ad litora torquent per conubia nostra, per inceptos himenaeos. Sed tincidunt, nisi vitae consequat sagittis, ligula purus eleifend arcu, eget blandit tortor augue non felis. Proin non eros a mi dapibus dignissim nec a nulla. Nam volutpat metus aliquam, elementum odio quis, porta mi. In eget dolor fringilla, vulputate nulla vel, tincidunt leo. Suspendisse potenti. Vestibulum efficitur urna ac vehicula mattis. Cras vel est suscipit, faucibus arcu nec, vulputate augue.",
                            "value": "kostenInrichting",
                            "shortcut": ""
                        },
                        {
                            "label": "Nam congue magna a metus malesuada, in vulputate enim aliquam. Mauris eu malesuada nunc, in cursus erat. Vestibulum ultrices iaculis urna in pulvinar. Mauris consectetur mollis vestibulum. Class aptent taciti sociosqu ad litora torquent per conubia nostra, per inceptos himenaeos. Sed tincidunt, nisi vitae consequat sagittis, ligula purus eleifend arcu, eget blandit tortor augue non felis. Proin non eros a mi dapibus dignissim nec a nulla. Nam volutpat metus aliquam, elementum odio quis, porta mi. In eget dolor fringilla, vulputate nulla vel, tincidunt leo. Suspendisse potenti. Vestibulum efficitur urna ac vehicula mattis. Cras vel est suscipit, faucibus arcu nec, vulputate augue.",
                            "value": "verhuiskosten",
                            "shortcut": ""
                        },
                        {
                            "label": "medische kosten",
                            "value": "medischeKosten",
                            "shortcut": ""
                        },
                        {
                            "label": "kosten voor het beheren van geld budgetbeheer",
                            "value": "budgetbeheer",
                            "shortcut": ""
                        },
                        {
                            "label": "andere kosten",
                            "value": "andereKosten",
                            "shortcut": ""
                        }
                    ],
                    "validate": {
                        "onlyAvailableItems": false,
                        "required": false,
                        "custom": "",
                        "customPrivate": false,
                        "strictDateValidation": false,
                        "multiple": false,
                        "unique": false
                    },
                    "key": "waarvoorBB2",
                    "type": "selectboxes",
                    "input": true,
                    "inputType": "checkbox",
                    "id": "erttz3",
                    "placeholder": "",
                    "prefix": "",
                    "customClass": "",
                    "suffix": "",
                    "multiple": false,
                    "protected": false,
                    "unique": false,
                    "persistent": true,
                    "hidden": false,
                    "clearOnHide": true,
                    "refreshOn": "",
                    "redrawOn": "",
                    "modalEdit": false,
                    "dataGridLabel": false,
                    "labelPosition": "top",
                    "description": "",
                    "errorLabel": "",
                    "tooltip": "",
                    "hideLabel": false,
                    "tabindex": "",
                    "disabled": false,
                    "autofocus": false,
                    "dbIndex": false,
                    "customDefaultValue": "",
                    "calculateValue": "",
                    "calculateServer": false,
                    "widget": null,
                    "attributes": {},
                    "validateOn": "change",
                    "overlay": {
                        "style": "",
                        "left": "",
                        "top": "",
                        "width": "",
                        "height": ""
                    },
                    "allowCalculateOverride": false,
                    "encrypted": false,
                    "showCharCount": false,
                    "showWordCount": false,
                    "properties": {},
                    "allowMultipleMasks": false,
                    "addons": [],
                    "fieldSet": false,
                    "lang": "nl",
                    "data": {
                        "values": []
                    },
                    "dataSrc": "values",
                    "inline": false
                },
                {
                    "label": "Bewijs tekstveld",
                    "autocomplete": "on",
                    "tableView": true,
                    "key": "textfieldNijmegen",
                    "customConditional": "show = false;\nif(data.werktU == 'nee') {\n  show = true;\n}",
                    "type": "textfield",
                    "input": true,
                    "id": "e8jt7ci",
                    "placeholder": "",
                    "prefix": "",
                    "customClass": "",
                    "suffix": "",
                    "multiple": false,
                    "defaultValue": null,
                    "protected": false,
                    "unique": false,
                    "persistent": true,
                    "hidden": false,
                    "clearOnHide": true,
                    "refreshOn": "",
                    "redrawOn": "",
                    "modalEdit": false,
                    "dataGridLabel": false,
                    "labelPosition": "top",
                    "description": "",
                    "errorLabel": "",
                    "tooltip": "",
                    "hideLabel": false,
                    "tabindex": "",
                    "disabled": false,
                    "autofocus": false,
                    "dbIndex": false,
                    "customDefaultValue": "",
                    "calculateValue": "",
                    "calculateServer": false,
                    "widget": {
                        "type": "input"
                    },
                    "attributes": {},
                    "validateOn": "change",
                    "validate": {
                        "required": false,
                        "custom": "",
                        "customPrivate": false,
                        "strictDateValidation": false,
                        "multiple": false,
                        "unique": false,
                        "minLength": "",
                        "maxLength": "",
                        "pattern": ""
                    },
                    "overlay": {
                        "style": "",
                        "left": "",
                        "top": "",
                        "width": "",
                        "height": ""
                    },
                    "allowCalculateOverride": false,
                    "encrypted": false,
                    "showCharCount": false,
                    "showWordCount": false,
                    "properties": {},
                    "allowMultipleMasks": false,
                    "addons": [],
                    "mask": false,
                    "inputType": "text",
                    "inputFormat": "plain",
                    "inputMask": "",
                    "displayMask": "",
                    "spellcheck": true,
                    "truncateMultipleSpaces": false,
                    "prefill": {
                        "plugin": "",
                        "attribute": "",
                        "identifierRole": "main"
                    }
                },
                {
                    "label": "Data Grid 2",
                    "reorder": false,
                    "addAnotherPosition": "bottom",
                    "layoutFixed": false,
                    "enableRowGroups": false,
                    "initEmpty": false,
                    "tableView": false,
                    "defaultValue": [
                        {}
                    ],
                    "key": "dataGrid2",
                    "type": "datagrid",
                    "input": true,
                    "components": [
                        {
                            "id": "e2rl8ae",
                            "components": [
                                {
                                    "label": "Text field Nijmegen",
                                    "tableView": true,
                                    "key": "textfield",
                                    "type": "textfield",
                                    "input": true,
                                    "id": "ekn18u7",
                                    "placeholder": "",
                                    "prefix": "",
                                    "customClass": "",
                                    "suffix": "",
                                    "multiple": false,
                                    "defaultValue": null,
                                    "protected": false,
                                    "unique": false,
                                    "persistent": true,
                                    "hidden": false,
                                    "clearOnHide": true,
                                    "refreshOn": "",
                                    "redrawOn": "",
                                    "modalEdit": false,
                                    "dataGridLabel": false,
                                    "labelPosition": "top",
                                    "description": "",
                                    "errorLabel": "",
                                    "tooltip": "",
                                    "hideLabel": false,
                                    "tabindex": "",
                                    "disabled": false,
                                    "autofocus": false,
                                    "dbIndex": false,
                                    "customDefaultValue": "",
                                    "calculateValue": "",
                                    "calculateServer": false,
                                    "widget": {
                                        "type": "input"
                                    },
                                    "attributes": {},
                                    "validateOn": "change",
                                    "validate": {
                                        "required": false,
                                        "custom": "",
                                        "customPrivate": false,
                                        "strictDateValidation": false,
                                        "multiple": false,
                                        "unique": false,
                                        "minLength": "",
                                        "maxLength": "",
                                        "pattern": ""
                                    },
                                    "conditional": {
                                        "show": null,
                                        "when": null,
                                        "eq": ""
                                    },
                                    "overlay": {
                                        "style": "",
                                        "left": "",
                                        "top": "",
                                        "width": "",
                                        "height": ""
                                    },
                                    "allowCalculateOverride": false,
                                    "encrypted": false,
                                    "showCharCount": false,
                                    "showWordCount": false,
                                    "properties": {},
                                    "allowMultipleMasks": false,
                                    "addons": [],
                                    "mask": false,
                                    "inputType": "text",
                                    "inputFormat": "plain",
                                    "inputMask": "",
                                    "displayMask": "",
                                    "spellcheck": true,
                                    "truncateMultipleSpaces": false,
                                    "prefill": {
                                        "plugin": "",
                                        "attribute": "",
                                        "identifierRole": "main"
                                    }
                                }
                            ],
                            "key": "fieldSet",
                            "type": "fieldset",
                            "label": "Field Set",
                            "tree": false,
                            "input": false,
                            "hidden": false,
                            "legend": "",
                            "prefix": "",
                            "suffix": "",
                            "unique": false,
                            "widget": null,
                            "dbIndex": false,
                            "overlay": {
                                "top": "",
                                "left": "",
                                "style": "",
                                "width": "",
                                "height": ""
                            },
                            "tooltip": "",
                            "disabled": false,
                            "multiple": false,
                            "redrawOn": "",
                            "tabindex": "",
                            "validate": {
                                "custom": "",
                                "unique": false,
                                "multiple": false,
                                "required": false,
                                "customPrivate": false,
                                "strictDateValidation": false
                            },
                            "autofocus": false,
                            "encrypted": false,
                            "hideLabel": false,
                            "modalEdit": false,
                            "protected": false,
                            "refreshOn": "",
                            "tableView": false,
                            "attributes": {},
                            "errorLabel": "",
                            "hideHeader": false,
                            "persistent": false,
                            "properties": {},
                            "validateOn": "change",
                            "clearOnHide": true,
                            "conditional": {
                                "eq": "",
                                "show": null,
                                "when": null
                            },
                            "customClass": "",
                            "description": "",
                            "placeholder": "",
                            "defaultValue": null,
                            "dataGridLabel": false,
                            "labelPosition": "top",
                            "showCharCount": false,
                            "showWordCount": false,
                            "calculateValue": "",
                            "calculateServer": false,
                            "allowMultipleMasks": false,
                            "customDefaultValue": "",
                            "allowCalculateOverride": false
                        }
                    ],
                    "id": "ebuggic",
                    "placeholder": "",
                    "prefix": "",
                    "customClass": "",
                    "suffix": "",
                    "multiple": false,
                    "protected": false,
                    "unique": false,
                    "persistent": true,
                    "hidden": false,
                    "clearOnHide": true,
                    "refreshOn": "",
                    "redrawOn": "",
                    "modalEdit": false,
                    "dataGridLabel": false,
                    "labelPosition": "top",
                    "description": "",
                    "errorLabel": "",
                    "tooltip": "",
                    "hideLabel": false,
                    "tabindex": "",
                    "disabled": false,
                    "autofocus": false,
                    "dbIndex": false,
                    "customDefaultValue": "",
                    "calculateValue": "",
                    "calculateServer": false,
                    "widget": null,
                    "attributes": {},
                    "validateOn": "change",
                    "validate": {
                        "required": false,
                        "custom": "",
                        "customPrivate": false,
                        "strictDateValidation": false,
                        "multiple": false,
                        "unique": false
                    },
                    "overlay": {
                        "style": "",
                        "left": "",
                        "top": "",
                        "width": "",
                        "height": ""
                    },
                    "allowCalculateOverride": false,
                    "encrypted": false,
                    "showCharCount": false,
                    "showWordCount": false,
                    "properties": {},
                    "allowMultipleMasks": false,
                    "addons": [],
                    "tree": true,
                    "lazyLoad": false,
                    "disableAddingRemovingRows": false
                },
                {
                    "label": "Columns",
                    "columns": [
                        {
                            "components": [],
                            "width": 6,
                            "offset": 0,
                            "push": 0,
                            "pull": 0,
                            "size": "md",
                            "currentWidth": 6
                        },
                        {
                            "components": [],
                            "width": 6,
                            "offset": 0,
                            "push": 0,
                            "pull": 0,
                            "size": "md",
                            "currentWidth": 6
                        }
                    ],
                    "key": "columns",
                    "type": "columns",
                    "input": false,
                    "tableView": false,
                    "id": "e4tbh",
                    "placeholder": "",
                    "prefix": "",
                    "customClass": "",
                    "suffix": "",
                    "multiple": false,
                    "defaultValue": null,
                    "protected": false,
                    "unique": false,
                    "persistent": false,
                    "hidden": false,
                    "clearOnHide": false,
                    "refreshOn": "",
                    "redrawOn": "",
                    "modalEdit": false,
                    "dataGridLabel": false,
                    "labelPosition": "top",
                    "description": "",
                    "errorLabel": "",
                    "tooltip": "",
                    "hideLabel": false,
                    "tabindex": "",
                    "disabled": false,
                    "autofocus": false,
                    "dbIndex": false,
                    "customDefaultValue": "",
                    "calculateValue": "",
                    "calculateServer": false,
                    "widget": null,
                    "attributes": {},
                    "validateOn": "change",
                    "validate": {
                        "required": false,
                        "custom": "",
                        "customPrivate": false,
                        "strictDateValidation": false,
                        "multiple": false,
                        "unique": false
                    },
                    "overlay": {
                        "style": "",
                        "left": "",
                        "top": "",
                        "width": "",
                        "height": ""
                    },
                    "allowCalculateOverride": false,
                    "encrypted": false,
                    "showCharCount": false,
                    "showWordCount": false,
                    "properties": {},
                    "allowMultipleMasks": false,
                    "addons": [],
                    "tree": false,
                    "lazyLoad": false,
                    "autoAdjust": false
                }
            ]
        }
    },
    {
        "url": "http://localhost/api/v2/form-definitions/9a82eb5b-a976-455c-8e46-a9c071782958",
        "uuid": "9a82eb5b-a976-455c-8e46-a9c071782958",
        "name": "Page 3",
        "slug": "page-3",
        "configuration": {
            "display": "form",
            "components": [
                {
                    "label": "Text Field",
                    "applyMaskOn": "change",
                    "tableView": true,
                    "validate": {
                        "required": true
                    },
                    "key": "requiredFieldConditionalPanel",
                    "type": "textfield",
                    "input": true,
                    "prefill": {
                        "plugin": "",
                        "attribute": "",
                        "identifierRole": "main"
                    }
                },
                {
                    "label": "Columns",
                    "columns": [
                        {
                            "components": [],
                            "width": 6,
                            "offset": 0,
                            "push": 0,
                            "pull": 0,
                            "size": "md",
                            "currentWidth": 6
                        },
                        {
                            "components": [],
                            "width": 6,
                            "offset": 0,
                            "push": 0,
                            "pull": 0,
                            "size": "md",
                            "currentWidth": 6
                        }
                    ],
                    "key": "columns1",
                    "type": "columns",
                    "input": false,
                    "tableView": false
                }
            ]
        }
    }
]