[
    {
        "uuid": "18821ee7-a18e-4c4d-8ebf-cbeb708408dc",
        "name": "test-frank",
        "internal_name": "",
        "login_required": false,
        "authentication_backends": [],
        "slug": "testfrank",
        "url": "http://localhost/api/v2/forms/18821ee7-a18e-4c4d-8ebf-cbeb708408dc",
        "show_progress_indicator": true,
        "maintenance_mode": false,
        "active": true,
        "is_deleted": false,
        "suspension_allowed": true,
        "send_confirmation_email": true,
        "display_main_website_link": true,
        "required_fields_with_asterisk": true,
        "resume_link_lifetime": 7,
        "hide_non_applicable_steps": true
    }
]