[
    {
        "uuid": "5809fe70-41f1-4bcd-a901-ecbdb9f26601",
        "name": "Request camera images of a foreign license plate",
        "internal_name": "",
        "login_required": false,
        "authentication_backends": [],
        "slug": "requestcameraimagesofaforeignlicenseplate",
        "url": "http://localhost/api/v2/forms/5809fe70-41f1-4bcd-a901-ecbdb9f26601",
        "show_progress_indicator": true,
        "maintenance_mode": false,
        "active": true,
        "is_deleted": false,
        "suspension_allowed": true,
        "send_confirmation_email": true,
        "display_main_website_link": true,
        "required_fields_with_asterisk": true,
        "resume_link_lifetime": 7,
        "hide_non_applicable_steps": true
    }
]