[
    {
        "uuid": "bfeec04a-05f1-4b70-9962-e39d92e14254",
        "index": "0",
        "slug": "application",
        "form_definition": "http://localhost/api/v2/form-definitions/61bb0048-430b-4e0b-addc-05a030cd20de"
    },
    {
        "uuid": "8f97ad3d-d8d8-49c5-9aa7-6c0ce61d5b8b",
        "index": "1",
        "slug": "contact-details",
        "form_definition": "http://localhost/api/v2/form-definitions/71e2723b-5dda-4783-8f69-279905647a87"
    },
    {
        "uuid": "08b1667d-c19a-4069-b7ca-c591c51a9fd1",
        "index": "2",
        "slug": "upload",
        "form_definition": "http://localhost/api/v2/form-definitions/7282c46f-fb64-4e00-a69a-30647f00b3f9"
    },
    {
        "uuid": "9fa49bf3-33fb-4b29-9244-62443b261afd",
        "index": "3",
        "slug": "summary",
        "form_definition": "http://localhost/api/v2/form-definitions/1ada63f8-98b6-4860-82cd-bf6e5600f00e"
    }
]