[
    {
        "uuid": "5f6fe575-251c-4647-b942-1423e1c7852c",
        "name": "Upload bijlage",
        "internal_name": "",
        "login_required": false,
        "authentication_backends": [],
        "slug": "uploadbijlage",
        "url": "http://localhost/api/v2/forms/5f6fe575-251c-4647-b942-1423e1c7852c",
        "show_progress_indicator": true,
        "maintenance_mode": false,
        "active": true,
        "is_deleted": false,
        "suspension_allowed": true,
        "send_confirmation_email": true,
        "display_main_website_link": true,
        "required_fields_with_asterisk": true,
        "resume_link_lifetime": 7,
        "hide_non_applicable_steps": true
    }
]