[
    {
        "uuid": "91741bb9-ab5d-4e30-a9d9-41e1160d9f71",
        "name": "Kinderlintje aanvragen",
        "internal_name": "",
        "login_required": false,
        "authentication_backends": [],
        "slug": "kinderlintjeaanvragen",
        "url": "http://localhost/api/v2/forms/91741bb9-ab5d-4e30-a9d9-41e1160d9f71",
        "show_progress_indicator": true,
        "maintenance_mode": false,
        "active": true,
        "is_deleted": false,
        "suspension_allowed": true,
        "send_confirmation_email": true,
        "display_main_website_link": true,
        "required_fields_with_asterisk": true,
        "resume_link_lifetime": 7,
        "hide_non_applicable_steps": true
    }
]