[
    {
        "url": "http://localhost/api/v2/form-definitions/a69be7cf-64a1-433b-8b3e-f4ece90d2f05",
        "uuid": "a69be7cf-64a1-433b-8b3e-f4ece90d2f05",
        "name": "Voorstel",
        "slug": "voorstel",
        "configuration": {
            "display": "form",
            "components": [
                {
                    "label": "Voornaam",
                    "tableView": true,
                    "validate": {
                        "required": true,
                        "custom": "",
                        "customPrivate": false,
                        "strictDateValidation": false,
                        "multiple": false,
                        "unique": false,
                        "minLength": "",
                        "maxLength": "",
                        "pattern": ""
                    },
                    "key": "alleVoornamen",
                    "type": "textfield",
                    "input": true,
                    "placeholder": "",
                    "prefix": "",
                    "customClass": "",
                    "suffix": "",
                    "multiple": false,
                    "defaultValue": null,
                    "protected": false,
                    "unique": false,
                    "persistent": true,
                    "hidden": false,
                    "clearOnHide": true,
                    "refreshOn": "",
                    "redrawOn": "",
                    "modalEdit": false,
                    "dataGridLabel": false,
                    "labelPosition": "top",
                    "description": "",
                    "errorLabel": "",
                    "tooltip": "",
                    "hideLabel": false,
                    "tabindex": "",
                    "disabled": false,
                    "autofocus": false,
                    "dbIndex": false,
                    "customDefaultValue": "",
                    "calculateValue": "",
                    "calculateServer": false,
                    "widget": {
                        "type": "input"
                    },
                    "attributes": {},
                    "validateOn": "change",
                    "overlay": {
                        "style": "",
                        "left": "",
                        "top": "",
                        "width": "",
                        "height": ""
                    },
                    "allowCalculateOverride": false,
                    "encrypted": false,
                    "showCharCount": false,
                    "showWordCount": false,
                    "properties": {},
                    "allowMultipleMasks": false,
                    "addons": [],
                    "mask": false,
                    "inputType": "text",
                    "inputFormat": "plain",
                    "inputMask": "",
                    "displayMask": "",
                    "spellcheck": true,
                    "truncateMultipleSpaces": false,
                    "id": "ecper4f",
                    "prefill": {
                        "plugin": "",
                        "attribute": "",
                        "identifierRole": "main"
                    }
                },
                {
                    "label": "Achternaam",
                    "tableView": true,
                    "validate": {
                        "required": true,
                        "custom": "",
                        "customPrivate": false,
                        "strictDateValidation": false,
                        "multiple": false,
                        "unique": false,
                        "minLength": "",
                        "maxLength": "",
                        "pattern": ""
                    },
                    "key": "achternaam",
                    "type": "textfield",
                    "input": true,
                    "placeholder": "",
                    "prefix": "",
                    "customClass": "",
                    "suffix": "",
                    "multiple": false,
                    "defaultValue": null,
                    "protected": false,
                    "unique": false,
                    "persistent": true,
                    "hidden": false,
                    "clearOnHide": true,
                    "refreshOn": "",
                    "redrawOn": "",
                    "modalEdit": false,
                    "dataGridLabel": false,
                    "labelPosition": "top",
                    "description": "",
                    "errorLabel": "",
                    "tooltip": "",
                    "hideLabel": false,
                    "tabindex": "",
                    "disabled": false,
                    "autofocus": false,
                    "dbIndex": false,
                    "customDefaultValue": "",
                    "calculateValue": "",
                    "calculateServer": false,
                    "widget": {
                        "type": "input"
                    },
                    "attributes": {},
                    "validateOn": "change",
                    "overlay": {
                        "style": "",
                        "left": "",
                        "top": "",
                        "width": "",
                        "height": ""
                    },
                    "allowCalculateOverride": false,
                    "encrypted": false,
                    "showCharCount": false,
                    "showWordCount": false,
                    "properties": {},
                    "allowMultipleMasks": false,
                    "addons": [],
                    "mask": false,
                    "inputType": "text",
                    "inputFormat": "plain",
                    "inputMask": "",
                    "displayMask": "",
                    "spellcheck": true,
                    "truncateMultipleSpaces": false,
                    "id": "e7v3bh",
                    "prefill": {
                        "plugin": "",
                        "attribute": "",
                        "identifierRole": "main"
                    }
                },
                {
                    "label": "Geboortedatum",
                    "placeholder": "dag-maand-jaar",
                    "tableView": false,
                    "enableMinDateInput": false,
                    "datePicker": {
                        "disableWeekends": false,
                        "disableWeekdays": false,
                        "showWeeks": true,
                        "startingDay": 0,
                        "initDate": "",
                        "minMode": "day",
                        "maxMode": "year",
                        "yearRows": 4,
                        "yearColumns": 5,
                        "minDate": null,
                        "maxDate": null
                    },
                    "enableMaxDateInput": false,
                    "timePicker": {
                        "showMeridian": false
                    },
                    "validate": {
                        "required": true,
                        "custom": "",
                        "customPrivate": false,
                        "strictDateValidation": false,
                        "multiple": false,
                        "unique": false
                    },
                    "validateOn": "blur",
                    "key": "geboortedatum",
                    "type": "datetime",
                    "input": true,
                    "widget": {
                        "type": "calendar",
                        "displayInTimezone": "viewer",
                        "locale": "nl",
                        "useLocaleSettings": false,
                        "allowInput": true,
                        "mode": "single",
                        "enableTime": false,
                        "noCalendar": false,
                        "format": "dd-MM-yyyy",
                        "hourIncrement": 1,
                        "minuteIncrement": 5,
                        "time_24hr": true,
                        "minDate": null,
                        "disableWeekends": false,
                        "disableWeekdays": false,
                        "maxDate": null
                    },
                    "prefix": "",
                    "customClass": "",
                    "suffix": "",
                    "multiple": false,
                    "defaultValue": "dag/maand/jaar",
                    "protected": false,
                    "unique": false,
                    "persistent": true,
                    "hidden": false,
                    "clearOnHide": true,
                    "refreshOn": "",
                    "redrawOn": "",
                    "modalEdit": false,
                    "dataGridLabel": false,
                    "labelPosition": "top",
                    "description": "",
                    "errorLabel": "",
                    "tooltip": "",
                    "hideLabel": false,
                    "tabindex": "",
                    "disabled": false,
                    "autofocus": false,
                    "dbIndex": false,
                    "customDefaultValue": "",
                    "calculateValue": "",
                    "calculateServer": false,
                    "attributes": {},
                    "overlay": {
                        "style": "",
                        "left": "",
                        "top": "",
                        "width": "",
                        "height": ""
                    },
                    "allowCalculateOverride": false,
                    "encrypted": false,
                    "showCharCount": false,
                    "showWordCount": false,
                    "properties": {},
                    "allowMultipleMasks": false,
                    "addons": [],
                    "format": "dd-MM-yyyy",
                    "useLocaleSettings": false,
                    "allowInput": true,
                    "enableDate": true,
                    "enableTime": false,
                    "defaultDate": "dag/maand/jaar",
                    "displayInTimezone": "viewer",
                    "timezone": "",
                    "datepickerMode": "day",
                    "customOptions": {},
                    "id": "eyybp4",
                    "shortcutButtons": []
                },
                {
                    "label": "Woonplaats",
                    "tableView": true,
                    "validate": {
                        "required": true,
                        "custom": "",
                        "customPrivate": false,
                        "strictDateValidation": false,
                        "multiple": false,
                        "unique": false,
                        "minLength": "",
                        "maxLength": "",
                        "pattern": ""
                    },
                    "key": "woonplaats",
                    "type": "textfield",
                    "input": true,
                    "placeholder": "",
                    "prefix": "",
                    "customClass": "",
                    "suffix": "",
                    "multiple": false,
                    "defaultValue": null,
                    "protected": false,
                    "unique": false,
                    "persistent": true,
                    "hidden": false,
                    "clearOnHide": true,
                    "refreshOn": "",
                    "redrawOn": "",
                    "modalEdit": false,
                    "dataGridLabel": false,
                    "labelPosition": "top",
                    "description": "",
                    "errorLabel": "",
                    "tooltip": "",
                    "hideLabel": false,
                    "tabindex": "",
                    "disabled": false,
                    "autofocus": false,
                    "dbIndex": false,
                    "customDefaultValue": "",
                    "calculateValue": "",
                    "calculateServer": false,
                    "widget": {
                        "type": "input"
                    },
                    "attributes": {},
                    "validateOn": "change",
                    "overlay": {
                        "style": "",
                        "left": "",
                        "top": "",
                        "width": "",
                        "height": ""
                    },
                    "allowCalculateOverride": false,
                    "encrypted": false,
                    "showCharCount": false,
                    "showWordCount": false,
                    "properties": {},
                    "allowMultipleMasks": false,
                    "addons": [],
                    "mask": false,
                    "inputType": "text",
                    "inputFormat": "plain",
                    "inputMask": "",
                    "displayMask": "",
                    "spellcheck": true,
                    "truncateMultipleSpaces": false,
                    "id": "e5z5ubb",
                    "prefill": {
                        "plugin": "",
                        "attribute": "",
                        "identifierRole": "main"
                    }
                },
                {
                    "label": "Naar welke school gaat het kind?",
                    "tableView": true,
                    "validate": {
                        "required": true,
                        "custom": "",
                        "customPrivate": false,
                        "strictDateValidation": false,
                        "multiple": false,
                        "unique": false,
                        "minLength": "",
                        "maxLength": "",
                        "pattern": ""
                    },
                    "key": "naarWelkeSchoolGaatHetKind",
                    "type": "textfield",
                    "input": true,
                    "placeholder": "",
                    "prefix": "",
                    "customClass": "",
                    "suffix": "",
                    "multiple": false,
                    "defaultValue": null,
                    "protected": false,
                    "unique": false,
                    "persistent": true,
                    "hidden": false,
                    "clearOnHide": true,
                    "refreshOn": "",
                    "redrawOn": "",
                    "modalEdit": false,
                    "dataGridLabel": false,
                    "labelPosition": "top",
                    "description": "",
                    "errorLabel": "",
                    "tooltip": "",
                    "hideLabel": false,
                    "tabindex": "",
                    "disabled": false,
                    "autofocus": false,
                    "dbIndex": false,
                    "customDefaultValue": "",
                    "calculateValue": "",
                    "calculateServer": false,
                    "widget": {
                        "type": "input"
                    },
                    "attributes": {},
                    "validateOn": "change",
                    "overlay": {
                        "style": "",
                        "left": "",
                        "top": "",
                        "width": "",
                        "height": ""
                    },
                    "allowCalculateOverride": false,
                    "encrypted": false,
                    "showCharCount": false,
                    "showWordCount": false,
                    "properties": {},
                    "allowMultipleMasks": false,
                    "addons": [],
                    "mask": false,
                    "inputType": "text",
                    "inputFormat": "plain",
                    "inputMask": "",
                    "displayMask": "",
                    "spellcheck": true,
                    "truncateMultipleSpaces": false,
                    "id": "ey2543r",
                    "prefill": {
                        "plugin": "",
                        "attribute": "",
                        "identifierRole": "main"
                    }
                },
                {
                    "label": "In welke klas zit het kind?",
                    "tableView": true,
                    "validate": {
                        "required": true,
                        "custom": "",
                        "customPrivate": false,
                        "strictDateValidation": false,
                        "multiple": false,
                        "unique": false,
                        "minLength": "",
                        "maxLength": "",
                        "pattern": ""
                    },
                    "key": "inWelkeKlasZitHetKind",
                    "type": "textfield",
                    "input": true,
                    "placeholder": "",
                    "prefix": "",
                    "customClass": "",
                    "suffix": "",
                    "multiple": false,
                    "defaultValue": null,
                    "protected": false,
                    "unique": false,
                    "persistent": true,
                    "hidden": false,
                    "clearOnHide": true,
                    "refreshOn": "",
                    "redrawOn": "",
                    "modalEdit": false,
                    "dataGridLabel": false,
                    "labelPosition": "top",
                    "description": "",
                    "errorLabel": "",
                    "tooltip": "",
                    "hideLabel": false,
                    "tabindex": "",
                    "disabled": false,
                    "autofocus": false,
                    "dbIndex": false,
                    "customDefaultValue": "",
                    "calculateValue": "",
                    "calculateServer": false,
                    "widget": {
                        "type": "input"
                    },
                    "attributes": {},
                    "validateOn": "change",
                    "overlay": {
                        "style": "",
                        "left": "",
                        "top": "",
                        "width": "",
                        "height": ""
                    },
                    "allowCalculateOverride": false,
                    "encrypted": false,
                    "showCharCount": false,
                    "showWordCount": false,
                    "properties": {},
                    "allowMultipleMasks": false,
                    "addons": [],
                    "mask": false,
                    "inputType": "text",
                    "inputFormat": "plain",
                    "inputMask": "",
                    "displayMask": "",
                    "spellcheck": true,
                    "truncateMultipleSpaces": false,
                    "id": "eib6zl",
                    "prefill": {
                        "plugin": "",
                        "attribute": "",
                        "identifierRole": "main"
                    }
                },
                {
                    "label": "Waarom mag het kind een kinderlintje krijgen?",
                    "tableView": true,
                    "inputFormat": "plain",
                    "validate": {
                        "required": true,
                        "custom": "",
                        "customPrivate": false,
                        "strictDateValidation": false,
                        "multiple": false,
                        "unique": false,
                        "minLength": "",
                        "maxLength": "",
                        "pattern": "",
                        "minWords": "",
                        "maxWords": ""
                    },
                    "key": "waaromSteltUDezePersoonVoorAlsNijmegenaarVanHetJaar",
                    "type": "textarea",
                    "input": true,
                    "autoExpand": false,
                    "placeholder": "",
                    "prefix": "",
                    "customClass": "",
                    "suffix": "",
                    "multiple": false,
                    "defaultValue": null,
                    "protected": false,
                    "unique": false,
                    "persistent": true,
                    "hidden": false,
                    "clearOnHide": true,
                    "refreshOn": "",
                    "redrawOn": "",
                    "modalEdit": false,
                    "dataGridLabel": false,
                    "labelPosition": "top",
                    "description": "",
                    "errorLabel": "",
                    "tooltip": "",
                    "hideLabel": false,
                    "tabindex": "",
                    "disabled": false,
                    "autofocus": false,
                    "dbIndex": false,
                    "customDefaultValue": "",
                    "calculateValue": "",
                    "calculateServer": false,
                    "widget": {
                        "type": "input"
                    },
                    "attributes": {},
                    "validateOn": "change",
                    "overlay": {
                        "style": "",
                        "left": "",
                        "top": "",
                        "width": "",
                        "height": ""
                    },
                    "allowCalculateOverride": false,
                    "encrypted": false,
                    "showCharCount": false,
                    "showWordCount": false,
                    "properties": {},
                    "allowMultipleMasks": false,
                    "addons": [],
                    "mask": false,
                    "inputType": "text",
                    "inputMask": "",
                    "displayMask": "",
                    "spellcheck": true,
                    "truncateMultipleSpaces": false,
                    "rows": 3,
                    "wysiwyg": false,
                    "editor": "",
                    "fixedSize": true,
                    "id": "eauvy5b"
                },
                {
                    "label": "Columns",
                    "columns": [
                        {
                            "components": [],
                            "width": 3,
                            "offset": 0,
                            "push": 0,
                            "pull": 0,
                            "size": "sm",
                            "currentWidth": 3
                        },
                        {
                            "components": [],
                            "size": "sm",
                            "width": 3,
                            "offset": 0,
                            "push": 0,
                            "pull": 0,
                            "currentWidth": 3
                        }
                    ],
                    "key": "columns4",
                    "type": "columns",
                    "input": false,
                    "tableView": false,
                    "hideOnChildrenHidden": false,
                    "placeholder": "",
                    "prefix": "",
                    "customClass": "",
                    "suffix": "",
                    "multiple": false,
                    "defaultValue": null,
                    "protected": false,
                    "unique": false,
                    "persistent": false,
                    "hidden": false,
                    "clearOnHide": false,
                    "refreshOn": "",
                    "redrawOn": "",
                    "modalEdit": false,
                    "dataGridLabel": false,
                    "labelPosition": "top",
                    "description": "",
                    "errorLabel": "",
                    "tooltip": "",
                    "hideLabel": false,
                    "tabindex": "",
                    "disabled": false,
                    "autofocus": false,
                    "dbIndex": false,
                    "customDefaultValue": "",
                    "calculateValue": "",
                    "calculateServer": false,
                    "widget": null,
                    "attributes": {},
                    "validateOn": "change",
                    "validate": {
                        "required": false,
                        "custom": "",
                        "customPrivate": false,
                        "strictDateValidation": false,
                        "multiple": false,
                        "unique": false
                    },
                    "overlay": {
                        "style": "",
                        "left": "",
                        "top": "",
                        "width": "",
                        "height": ""
                    },
                    "allowCalculateOverride": false,
                    "encrypted": false,
                    "showCharCount": false,
                    "showWordCount": false,
                    "properties": {},
                    "allowMultipleMasks": false,
                    "addons": [],
                    "tree": false,
                    "lazyLoad": false,
                    "autoAdjust": false,
                    "id": "eidd11w"
                }
            ]
        }
    },
    {
        "url": "http://localhost/api/v2/form-definitions/e17cc1dd-1f10-4930-a284-11688aee4b28",
        "uuid": "e17cc1dd-1f10-4930-a284-11688aee4b28",
        "name": "Ouders/verzorgers",
        "slug": "oudersverzorgers",
        "configuration": {
            "display": "form",
            "components": [
                {
                    "label": "Bent u ouder of verzorger van het kind?",
                    "optionsLabelPosition": "right",
                    "inline": false,
                    "tableView": false,
                    "values": [
                        {
                            "label": "ja",
                            "value": "ja",
                            "shortcut": ""
                        },
                        {
                            "label": "nee",
                            "value": "nee",
                            "shortcut": ""
                        }
                    ],
                    "validate": {
                        "required": true
                    },
                    "key": "ouder",
                    "type": "radio",
                    "input": true
                },
                {
                    "components": [
                        {
                            "label": "E-mailadres",
                            "tableView": true,
                            "validateOn": "blur",
                            "key": "eMailadresOuder",
                            "type": "email",
                            "input": true
                        },
                        {
                            "label": "Telefoonnummer",
                            "tableView": true,
                            "key": "telefoonnummerOuder",
                            "type": "textfield",
                            "input": true,
                            "prefill": {
                                "plugin": "",
                                "attribute": "",
                                "identifierRole": "main"
                            }
                        },
                        {
                            "html": "<p>Wij vragen het e-mailadres en telefoonnummer van de ouders/verzorgers zodat we contact met hen kunnen opnemen als dat nodig is.</p>",
                            "label": "Content",
                            "refreshOnChange": false,
                            "key": "content-1-2-3-4",
                            "type": "content",
                            "input": false,
                            "tableView": false
                        }
                    ],
                    "key": "fieldSet-1-2-3-4",
                    "type": "fieldset",
                    "label": "Field Set",
                    "tree": false,
                    "input": false,
                    "hidden": false,
                    "legend": "",
                    "prefix": "",
                    "suffix": "",
                    "unique": false,
                    "widget": null,
                    "dbIndex": false,
                    "overlay": {
                        "top": "",
                        "left": "",
                        "style": "",
                        "width": "",
                        "height": ""
                    },
                    "tooltip": "",
                    "disabled": false,
                    "multiple": false,
                    "redrawOn": "",
                    "tabindex": "",
                    "validate": {
                        "custom": "",
                        "unique": false,
                        "multiple": false,
                        "required": false,
                        "customPrivate": false,
                        "strictDateValidation": false
                    },
                    "autofocus": false,
                    "encrypted": false,
                    "hideLabel": false,
                    "modalEdit": false,
                    "protected": false,
                    "refreshOn": "",
                    "tableView": false,
                    "attributes": {},
                    "errorLabel": "",
                    "hideHeader": false,
                    "persistent": false,
                    "properties": {},
                    "validateOn": "change",
                    "clearOnHide": true,
                    "customClass": "",
                    "description": "",
                    "placeholder": "",
                    "defaultValue": null,
                    "dataGridLabel": false,
                    "labelPosition": "top",
                    "showCharCount": false,
                    "showWordCount": false,
                    "calculateValue": "",
                    "calculateServer": false,
                    "allowMultipleMasks": false,
                    "customDefaultValue": "",
                    "allowCalculateOverride": false
                },
                {
                    "components": [
                        {
                            "label": "Wat bent u van het kind?",
                            "description": "Bijvoorbeeld een tante of buurman.",
                            "tableView": true,
                            "validate": {
                                "required": true
                            },
                            "key": "watBentUVanHetKind",
                            "type": "textfield",
                            "input": true,
                            "prefill": {
                                "plugin": "",
                                "attribute": "",
                                "identifierRole": "main"
                            }
                        },
                        {
                            "label": "Geven de ouder(s) of verzorger(s) toestemming voor uw aanvraag?",
                            "optionsLabelPosition": "right",
                            "inline": false,
                            "tableView": false,
                            "values": [
                                {
                                    "label": "ja",
                                    "value": "ja",
                                    "shortcut": ""
                                },
                                {
                                    "label": "nee",
                                    "value": "nee",
                                    "shortcut": ""
                                }
                            ],
                            "validate": {
                                "required": true
                            },
                            "key": "toestemming",
                            "type": "radio",
                            "input": true
                        },
                        {
                            "label": "E-mailadres ouder of verzorger",
                            "tableView": true,
                            "validateOn": "blur",
                            "key": "eMailadresOuderOfVerzorger",
                            "type": "email",
                            "input": true
                        },
                        {
                            "label": "Telefoonnummer ouder of verzorger",
                            "tableView": true,
                            "key": "telefoonnummerOuderOfVerzorger",
                            "type": "textfield",
                            "input": true,
                            "prefill": {
                                "plugin": "",
                                "attribute": "",
                                "identifierRole": "main"
                            }
                        },
                        {
                            "html": "<p>Wij vragen het e-mailadres en telefoonnummer van de ouders/verzorgers zodat we contact met hen kunnen opnemen als dat nodig is.</p>",
                            "label": "Content",
                            "refreshOnChange": false,
                            "key": "content-1-2-3",
                            "type": "content",
                            "input": false,
                            "tableView": false
                        }
                    ],
                    "key": "fieldSet-1-2-3",
                    "type": "fieldset",
                    "label": "Field Set",
                    "tree": false,
                    "input": false,
                    "hidden": false,
                    "legend": "",
                    "prefix": "",
                    "suffix": "",
                    "unique": false,
                    "widget": null,
                    "dbIndex": false,
                    "overlay": {
                        "top": "",
                        "left": "",
                        "style": "",
                        "width": "",
                        "height": ""
                    },
                    "tooltip": "",
                    "disabled": false,
                    "multiple": false,
                    "redrawOn": "",
                    "tabindex": "",
                    "validate": {
                        "custom": "",
                        "unique": false,
                        "multiple": false,
                        "required": false,
                        "customPrivate": false,
                        "strictDateValidation": false
                    },
                    "autofocus": false,
                    "encrypted": false,
                    "hideLabel": false,
                    "modalEdit": false,
                    "protected": false,
                    "refreshOn": "",
                    "tableView": false,
                    "attributes": {},
                    "errorLabel": "",
                    "hideHeader": false,
                    "persistent": false,
                    "properties": {},
                    "validateOn": "change",
                    "clearOnHide": true,
                    "customClass": "",
                    "description": "",
                    "placeholder": "",
                    "defaultValue": null,
                    "dataGridLabel": false,
                    "labelPosition": "top",
                    "showCharCount": false,
                    "showWordCount": false,
                    "calculateValue": "",
                    "calculateServer": false,
                    "allowMultipleMasks": false,
                    "customDefaultValue": "",
                    "allowCalculateOverride": false
                },
                {
                    "label": "Columns",
                    "columns": [
                        {
                            "components": [],
                            "width": 3,
                            "offset": 0,
                            "push": 0,
                            "pull": 0,
                            "size": "sm",
                            "currentWidth": 3
                        },
                        {
                            "components": [],
                            "size": "sm",
                            "width": 3,
                            "offset": 0,
                            "push": 0,
                            "pull": 0,
                            "currentWidth": 3
                        }
                    ],
                    "key": "columns5",
                    "type": "columns",
                    "input": false,
                    "tableView": false,
                    "hideOnChildrenHidden": false
                }
            ]
        }
    },
    {
        "url": "http://localhost/api/v2/form-definitions/c8f1f394-9219-4f46-8a0e-5ed18deaa292",
        "uuid": "c8f1f394-9219-4f46-8a0e-5ed18deaa292",
        "name": "Ondersteuning",
        "slug": "ondersteuning",
        "configuration": {
            "display": "form",
            "components": [
                {
                    "label": "Wie ondersteunt uw aanvraag ? Noem minimaal 2 personen.",
                    "reorder": false,
                    "addAnother": "Toevoegen",
                    "addAnotherPosition": "bottom",
                    "layoutFixed": false,
                    "enableRowGroups": false,
                    "initEmpty": false,
                    "tableView": false,
                    "defaultValue": [
                        {
                            "container": {
                                "voornaamOndersteuner": "",
                                "achternaamOndersteuner": "",
                                "geboortedatum": "",
                                "adres": {
                                    "adres-streetname": "",
                                    "adres-postalcode": "",
                                    "adres-housenr": "",
                                    "adres-city": ""
                                },
                                "watIsDezePersoonVanHetKind": ""
                            }
                        }
                    ],
                    "validate": {
                        "required": true,
                        "minLength": "2",
                        "customMessage": "Noem minimaal twee ondersteuners voor dit voorstel."
                    },
                    "key": "wieOndersteuntUwAanvraagNoemMinimaal2Personen",
                    "type": "datagrid",
                    "input": true,
                    "components": [
                        {
                            "components": [
                                {
                                    "label": "Voornaam",
                                    "tableView": true,
                                    "validate": {
                                        "required": true
                                    },
                                    "key": "voornaamOndersteuner",
                                    "type": "textfield",
                                    "input": true,
                                    "prefill": {
                                        "plugin": "",
                                        "attribute": "",
                                        "identifierRole": "main"
                                    }
                                },
                                {
                                    "label": "Achternaam",
                                    "tableView": true,
                                    "validate": {
                                        "required": true
                                    },
                                    "key": "achternaamOndersteuner",
                                    "type": "textfield",
                                    "input": true,
                                    "prefill": {
                                        "plugin": "",
                                        "attribute": "",
                                        "identifierRole": "main"
                                    }
                                },
                                {
                                    "label": "Wat is deze persoon van het kind?",
                                    "description": "Bijvoorbeeld een tante of een buurman.",
                                    "tableView": true,
                                    "validate": {
                                        "required": true
                                    },
                                    "key": "watIsDezePersoonVanHetKind",
                                    "type": "textfield",
                                    "input": true,
                                    "prefill": {
                                        "plugin": "",
                                        "attribute": "",
                                        "identifierRole": "main"
                                    }
                                },
                                {
                                    "label": "E-mailadres",
                                    "tableView": true,
                                    "validate": {
                                        "required": true
                                    },
                                    "key": "eMailadresOndersteuner",
                                    "type": "email",
                                    "input": true
                                },
                                {
                                    "label": "Telefoonnummer",
                                    "tableView": true,
                                    "validate": {
                                        "required": true
                                    },
                                    "key": "telefoonnummerOndersteuner",
                                    "type": "textfield",
                                    "input": true,
                                    "prefill": {
                                        "plugin": "",
                                        "attribute": "",
                                        "identifierRole": "main"
                                    }
                                }
                            ],
                            "key": "fieldSet-1-2",
                            "type": "fieldset",
                            "label": "Field Set",
                            "tree": false,
                            "input": false,
                            "hidden": false,
                            "legend": "",
                            "prefix": "",
                            "suffix": "",
                            "unique": false,
                            "widget": null,
                            "dbIndex": false,
                            "overlay": {
                                "top": "",
                                "left": "",
                                "style": "",
                                "width": "",
                                "height": ""
                            },
                            "tooltip": "",
                            "disabled": false,
                            "multiple": false,
                            "redrawOn": "",
                            "tabindex": "",
                            "validate": {
                                "custom": "",
                                "unique": false,
                                "multiple": false,
                                "required": false,
                                "customPrivate": false,
                                "strictDateValidation": false
                            },
                            "autofocus": false,
                            "encrypted": false,
                            "hideLabel": false,
                            "modalEdit": false,
                            "protected": false,
                            "refreshOn": "",
                            "tableView": false,
                            "attributes": {},
                            "errorLabel": "",
                            "hideHeader": false,
                            "persistent": false,
                            "properties": {},
                            "validateOn": "change",
                            "clearOnHide": true,
                            "conditional": {
                                "eq": "",
                                "show": null,
                                "when": null
                            },
                            "customClass": "",
                            "description": "",
                            "placeholder": "",
                            "defaultValue": null,
                            "dataGridLabel": false,
                            "labelPosition": "top",
                            "showCharCount": false,
                            "showWordCount": false,
                            "calculateValue": "",
                            "calculateServer": false,
                            "allowMultipleMasks": false,
                            "customDefaultValue": "",
                            "allowCalculateOverride": false
                        }
                    ]
                },
                {
                    "label": "Columns",
                    "columns": [
                        {
                            "components": [],
                            "width": 3,
                            "offset": 0,
                            "push": 0,
                            "pull": 0,
                            "size": "sm",
                            "currentWidth": 3
                        },
                        {
                            "components": [],
                            "size": "sm",
                            "width": 3,
                            "offset": 0,
                            "push": 0,
                            "pull": 0,
                            "currentWidth": 3
                        }
                    ],
                    "key": "columns6",
                    "type": "columns",
                    "input": false,
                    "tableView": false,
                    "hideOnChildrenHidden": false
                }
            ]
        }
    },
    {
        "url": "http://localhost/api/v2/form-definitions/cc1d1b12-2bdd-43b9-8747-9700b836284d",
        "uuid": "cc1d1b12-2bdd-43b9-8747-9700b836284d",
        "name": "Contactgegevens",
        "slug": "contactgegevens",
        "configuration": {
            "display": "form",
            "components": [
                {
                    "html": "<h3>Contactgegevens</h3>",
                    "label": "Content",
                    "refreshOnChange": false,
                    "key": "content-1-2",
                    "type": "content",
                    "input": false,
                    "tableView": false
                },
                {
                    "label": "Hoe wilt u dat de gemeente contact met u opneemt over uw aanvraag als dat nodig is?",
                    "optionsLabelPosition": "right",
                    "description": "Soms is de gemeente verplicht om via post contact met u op te nemen. Dan kan er geen rekening gehouden worden met hoe u het liefste contact wilt hebben.",
                    "inline": false,
                    "tableView": false,
                    "values": [
                        {
                            "label": "via e-mail",
                            "value": "viaEMail",
                            "shortcut": ""
                        },
                        {
                            "label": "via telefoon",
                            "value": "viaTelefoon",
                            "shortcut": ""
                        }
                    ],
                    "validate": {
                        "required": true
                    },
                    "key": "hoeWiltUDatDeGemeenteContactMetUOpneemtOverUwVoorstelAlsDatNodigIs",
                    "type": "radio",
                    "input": true
                },
                {
                    "components": [
                        {
                            "label": "E-mailadres",
                            "tableView": true,
                            "validateOn": "blur",
                            "validate": {
                                "required": true
                            },
                            "key": "eMailadres",
                            "type": "email",
                            "input": true
                        },
                        {
                            "label": "Telefoonnummer",
                            "tableView": true,
                            "key": "telefoonnummer",
                            "type": "textfield",
                            "input": true,
                            "prefill": {
                                "plugin": "",
                                "attribute": "",
                                "identifierRole": "main"
                            }
                        },
                        {
                            "html": "<p>Als u ook uw telefoonnummer invult kunnen wij sneller met u contact opnemen als dit nodig is.</p>",
                            "label": "Content",
                            "refreshOnChange": false,
                            "key": "content-1",
                            "type": "content",
                            "input": false,
                            "tableView": false
                        }
                    ],
                    "key": "fieldSet-1",
                    "type": "fieldset",
                    "label": "Field Set",
                    "tree": false,
                    "input": false,
                    "hidden": false,
                    "legend": "",
                    "prefix": "",
                    "suffix": "",
                    "unique": false,
                    "widget": null,
                    "dbIndex": false,
                    "overlay": {
                        "top": "",
                        "left": "",
                        "style": "",
                        "width": "",
                        "height": ""
                    },
                    "tooltip": "",
                    "disabled": false,
                    "multiple": false,
                    "redrawOn": "",
                    "tabindex": "",
                    "validate": {
                        "custom": "",
                        "unique": false,
                        "multiple": false,
                        "required": false,
                        "customPrivate": false,
                        "strictDateValidation": false
                    },
                    "autofocus": false,
                    "encrypted": false,
                    "hideLabel": false,
                    "modalEdit": false,
                    "protected": false,
                    "refreshOn": "",
                    "tableView": false,
                    "attributes": {},
                    "errorLabel": "",
                    "hideHeader": false,
                    "persistent": false,
                    "properties": {},
                    "validateOn": "change",
                    "clearOnHide": true,
                    "customClass": "",
                    "description": "",
                    "placeholder": "",
                    "defaultValue": null,
                    "dataGridLabel": false,
                    "labelPosition": "top",
                    "showCharCount": false,
                    "showWordCount": false,
                    "calculateValue": "",
                    "calculateServer": false,
                    "allowMultipleMasks": false,
                    "customDefaultValue": "",
                    "allowCalculateOverride": false
                },
                {
                    "components": [
                        {
                            "label": "Telefoonnummer",
                            "tableView": true,
                            "validate": {
                                "required": true
                            },
                            "key": "telefoonnummer1",
                            "type": "textfield",
                            "input": true,
                            "prefill": {
                                "plugin": "",
                                "attribute": "",
                                "identifierRole": "main"
                            }
                        },
                        {
                            "label": "E-mailadres",
                            "tableView": true,
                            "validateOn": "blur",
                            "key": "eMailadres1",
                            "type": "email",
                            "input": true
                        },
                        {
                            "html": "<ul><li>Als wij u niet kunnen bereiken via de telefoon dan sturen wij u een brief of een e-mail&nbsp;</li><li>Als u een bericht wilt ontvangen via e-mail dat uw aanvraag goed bij ons is aangekomen, vul dan uw e-mailadres in</li></ul>",
                            "label": "Content",
                            "refreshOnChange": false,
                            "key": "content",
                            "type": "content",
                            "input": false,
                            "tableView": false
                        }
                    ],
                    "key": "fieldSet",
                    "type": "fieldset",
                    "label": "Field Set",
                    "tree": false,
                    "input": false,
                    "hidden": false,
                    "legend": "",
                    "prefix": "",
                    "suffix": "",
                    "unique": false,
                    "widget": null,
                    "dbIndex": false,
                    "overlay": {
                        "top": "",
                        "left": "",
                        "style": "",
                        "width": "",
                        "height": ""
                    },
                    "tooltip": "",
                    "disabled": false,
                    "multiple": false,
                    "redrawOn": "",
                    "tabindex": "",
                    "validate": {
                        "custom": "",
                        "unique": false,
                        "multiple": false,
                        "required": false,
                        "customPrivate": false,
                        "strictDateValidation": false
                    },
                    "autofocus": false,
                    "encrypted": false,
                    "hideLabel": false,
                    "modalEdit": false,
                    "protected": false,
                    "refreshOn": "",
                    "tableView": false,
                    "attributes": {},
                    "errorLabel": "",
                    "hideHeader": false,
                    "persistent": false,
                    "properties": {},
                    "validateOn": "change",
                    "clearOnHide": true,
                    "customClass": "",
                    "description": "",
                    "placeholder": "",
                    "defaultValue": null,
                    "dataGridLabel": false,
                    "labelPosition": "top",
                    "showCharCount": false,
                    "showWordCount": false,
                    "calculateValue": "",
                    "calculateServer": false,
                    "allowMultipleMasks": false,
                    "customDefaultValue": "",
                    "allowCalculateOverride": false
                },
                {
                    "label": "Columns",
                    "columns": [
                        {
                            "components": [],
                            "width": 3,
                            "offset": 0,
                            "push": 0,
                            "pull": 0,
                            "size": "sm",
                            "currentWidth": 3
                        },
                        {
                            "components": [],
                            "width": 6,
                            "offset": 0,
                            "push": 0,
                            "pull": 0,
                            "size": "md",
                            "currentWidth": 6
                        }
                    ],
                    "key": "columns",
                    "type": "columns",
                    "input": false,
                    "tableView": false,
                    "hideOnChildrenHidden": false
                }
            ]
        }
    }
]