[
    {
        "uuid": "6374f3fd-adc5-4b5b-a399-2e2705f4badc",
        "index": "0",
        "slug": "uw-gegevens",
        "form_definition": "http://localhost/api/v2/form-definitions/e95814ae-0056-41e2-b083-9ae7650629df"
    },
    {
        "uuid": "50eed5ae-28d7-4cdc-99cc-620c0a83777f",
        "index": "1",
        "slug": "belangrijk",
        "form_definition": "http://localhost/api/v2/form-definitions/0b5412b1-0f87-45c0-9b56-87cf72047006"
    },
    {
        "uuid": "fc7be6a4-9c4d-4d86-8fd5-b0be69343b8a",
        "index": "2",
        "slug": "bank-en-bewindvoering",
        "form_definition": "http://localhost/api/v2/form-definitions/1d3d1efa-43aa-4e40-a2aa-7f54c02049ae"
    },
    {
        "uuid": "fd97690e-f169-489d-81a7-9be56768941b",
        "index": "3",
        "slug": "wonen",
        "form_definition": "http://localhost/api/v2/form-definitions/2506c07e-5dd9-4202-ba8a-44e0db77e6ad"
    },
    {
        "uuid": "ae796196-0829-46e3-8430-1d997f208857",
        "index": "4",
        "slug": "bijzondere-bijstand",
        "form_definition": "http://localhost/api/v2/form-definitions/fed6e424-e59a-4a20-b623-51ee43a2c265"
    },
    {
        "uuid": "e854b41f-67f2-4bd8-ba29-c4850b3702ff",
        "index": "5",
        "slug": "vervangen-inrichting-woning",
        "form_definition": "http://localhost/api/v2/form-definitions/06aa168a-ff7e-49d9-859b-108f5567996d"
    },
    {
        "uuid": "3147ae09-beb7-4c3d-862a-7411dd7024ac",
        "index": "6",
        "slug": "inrichten-nieuwe-woning",
        "form_definition": "http://localhost/api/v2/form-definitions/5ffe898e-b30d-4026-97e3-99abe9cfbfc3"
    },
    {
        "uuid": "3804bcb3-1fbe-4f10-b815-5636b4b2b87f",
        "index": "7",
        "slug": "medische-kosten",
        "form_definition": "http://localhost/api/v2/form-definitions/77d6257f-a418-4c3d-98d8-7d3d6dc8a682"
    },
    {
        "uuid": "e716c5a1-cd7b-4eed-887f-1831517f6c3f",
        "index": "8",
        "slug": "budghetbeheer",
        "form_definition": "http://localhost/api/v2/form-definitions/393d2933-8221-4c12-9df2-29bdc423bd5e"
    },
    {
        "uuid": "df0e6eb2-fff4-4a12-9727-747740192f3c",
        "index": "9",
        "slug": "andere-kosten",
        "form_definition": "http://localhost/api/v2/form-definitions/ec877fae-a8fa-462f-b73a-3040da1b59a2"
    },
    {
        "uuid": "4cb5e4e4-46f1-4224-ba3c-fe498c8b1a51",
        "index": "10",
        "slug": "inkomen",
        "form_definition": "http://localhost/api/v2/form-definitions/6325ba25-fd56-4de3-83ef-33014ec78558"
    },
    {
        "uuid": "b34b0077-3611-480d-9a08-a1e16df65ae0",
        "index": "11",
        "slug": "inkomen-van-de-partner",
        "form_definition": "http://localhost/api/v2/form-definitions/72660ef5-42a2-470f-9209-e672a70b7c66"
    },
    {
        "uuid": "972e6baf-6bfd-4c96-9661-10885b9bbcf0",
        "index": "12",
        "slug": "inkomen-vervolg",
        "form_definition": "http://localhost/api/v2/form-definitions/f751536a-e52a-4851-9142-03f3aacee14e"
    },
    {
        "uuid": "f797f361-ddbe-432b-ab12-c78f36eb9d94",
        "index": "13",
        "slug": "vermogen",
        "form_definition": "http://localhost/api/v2/form-definitions/eb0f6e7d-3a70-4855-8b9d-57c0b37d06d4"
    },
    {
        "uuid": "fe2f5a86-58a8-4cc1-b15b-585d2aa5c2bb",
        "index": "14",
        "slug": "schulden",
        "form_definition": "http://localhost/api/v2/form-definitions/be36ac29-d749-4bba-9e94-80bd00c1a123"
    },
    {
        "uuid": "ef40545c-74cd-4764-a391-dbfcf133694d",
        "index": "15",
        "slug": "besluit",
        "form_definition": "http://localhost/api/v2/form-definitions/d7ffed93-54df-47ed-858f-d8e8a9cdaec6"
    },
    {
        "uuid": "e24d3f31-c9ba-4aef-b44f-07a7124f3f5d",
        "index": "16",
        "slug": "opmerkingen",
        "form_definition": "http://localhost/api/v2/form-definitions/df114b0d-0faf-4188-a5d6-8a9d28daed6b"
    },
    {
        "uuid": "82594fbd-5a8c-4aa1-b1fd-3e1fcdd18228",
        "index": "17",
        "slug": "bijlagen",
        "form_definition": "http://localhost/api/v2/form-definitions/ce44f7fe-dbf9-4e3a-b980-8296c45f9bc3"
    }
]