[
    {
        "uuid": "bf8df91c-5c57-4759-a207-8cd0783c1308",
        "name": "Bijzondere bijstand aanvragen",
        "internal_name": "",
        "login_required": false,
        "authentication_backends": [],
        "slug": "bijzonderebijstandaanvragen",
        "url": "http://localhost/api/v2/forms/bf8df91c-5c57-4759-a207-8cd0783c1308",
        "show_progress_indicator": true,
        "maintenance_mode": false,
        "active": true,
        "is_deleted": false,
        "suspension_allowed": true,
        "send_confirmation_email": true,
        "display_main_website_link": true,
        "required_fields_with_asterisk": true,
        "resume_link_lifetime": 7,
        "hide_non_applicable_steps": true
    }
]