[
    {
        "uuid": "d472a9af-8e90-4759-b535-2d71badd23d1",
        "name": "Bijlagen aanvraag levensonderhoud sturen",
        "internal_name": "",
        "login_required": false,
        "authentication_backends": [],
        "slug": "bijlagenaanvraaglevensonderhoudsturen",
        "url": "http://localhost/api/v2/forms/d472a9af-8e90-4759-b535-2d71badd23d1",
        "show_progress_indicator": true,
        "maintenance_mode": false,
        "active": true,
        "is_deleted": false,
        "suspension_allowed": true,
        "send_confirmation_email": true,
        "display_main_website_link": true,
        "required_fields_with_asterisk": true,
        "resume_link_lifetime": 7,
        "hide_non_applicable_steps": true
    }
]