[
    {
        "uuid": "57319941-da9d-40a4-ae71-d4c7b0f8cb96",
        "name": "Subsidie voor vrijwilligersorganisaties aanvragen",
        "internal_name": "",
        "login_required": false,
        "authentication_backends": [],
        "slug": "subsidievoorvrijwilligersorganisatiesaanvragen",
        "url": "http://localhost/api/v2/forms/57319941-da9d-40a4-ae71-d4c7b0f8cb96",
        "show_progress_indicator": true,
        "maintenance_mode": false,
        "active": true,
        "is_deleted": false,
        "suspension_allowed": true,
        "send_confirmation_email": true,
        "display_main_website_link": true,
        "required_fields_with_asterisk": true,
        "resume_link_lifetime": 7,
        "hide_non_applicable_steps": true
    }
]