[
    {
        "uuid": "21228e24-d26a-4d19-a52c-9b66c9185d5b",
        "name": "Aanmelden politieke partij",
        "internal_name": "",
        "login_required": false,
        "authentication_backends": [],
        "slug": "aanmeldenpolitiekepartij",
        "url": "http://localhost/api/v2/forms/21228e24-d26a-4d19-a52c-9b66c9185d5b",
        "show_progress_indicator": true,
        "maintenance_mode": false,
        "active": true,
        "is_deleted": false,
        "suspension_allowed": true,
        "send_confirmation_email": true,
        "display_main_website_link": true,
        "required_fields_with_asterisk": true,
        "resume_link_lifetime": 7,
        "hide_non_applicable_steps": true
    }
]