[
    {
        "uuid": "63f56a6c-972f-4323-9283-40daab174cf5",
        "name": "Betaald parkeren of fietsenstalling",
        "internal_name": "",
        "login_required": false,
        "authentication_backends": [],
        "slug": "betaaldparkerenoffietsenstalling",
        "url": "http://localhost/api/v2/forms/63f56a6c-972f-4323-9283-40daab174cf5",
        "show_progress_indicator": true,
        "maintenance_mode": false,
        "active": true,
        "is_deleted": false,
        "suspension_allowed": true,
        "send_confirmation_email": true,
        "display_main_website_link": true,
        "required_fields_with_asterisk": true,
        "resume_link_lifetime": 7,
        "hide_non_applicable_steps": true
    }
]