[
    {
        "url": "http://localhost/api/v2/form-definitions/740e1681-a06c-40b0-a896-a85476e146a5",
        "uuid": "740e1681-a06c-40b0-a896-a85476e146a5",
        "name": "Uw klacht",
        "slug": "uw-klacht",
        "configuration": {
            "display": "form",
            "components": [
                {
                    "components": [
                        {
                            "label": "Naam",
                            "customClass": "naamingelogdegebruikerfieldnonhidden nonhiddenfield",
                            "tableView": true,
                            "persistent": false,
                            "key": "naamIngelogdeGebruiker",
                            "type": "textfield",
                            "input": true,
                            "prefill": {
                                "plugin": "haalcentraal",
                                "attribute": "verblijfplaats.huisnummer",
                                "identifierRole": "main"
                            }
                        },
                        {
                            "label": "Straatnaam",
                            "customClass": "straatnaamfieldnonhidden nonhiddenfield",
                            "tableView": true,
                            "persistent": false,
                            "key": "straatnaam",
                            "type": "textfield",
                            "input": true,
                            "prefill": {
                                "plugin": "haalcentraal",
                                "attribute": "verblijfplaats.woonplaats",
                                "identifierRole": "main"
                            }
                        },
                        {
                            "label": "Huisnummer",
                            "customClass": "huisnummerfieldnonhidden nonhiddenfield",
                            "tableView": true,
                            "persistent": false,
                            "key": "huisnummerfield",
                            "type": "textfield",
                            "input": true,
                            "prefill": {
                                "plugin": "haalcentraal",
                                "attribute": "verblijfplaats.huisnummer",
                                "identifierRole": "main"
                            }
                        },
                        {
                            "label": "Postcode",
                            "customClass": "postcodefieldnonhidden nonhiddenfield",
                            "tableView": true,
                            "persistent": false,
                            "key": "postcode",
                            "type": "textfield",
                            "input": true,
                            "prefill": {
                                "plugin": "haalcentraal",
                                "attribute": "verblijfplaats.huisnummer",
                                "identifierRole": "main"
                            }
                        },
                        {
                            "label": "Woonplaats",
                            "customClass": "woonplaatsfieldnonhidden nonhiddenfield",
                            "tableView": true,
                            "persistent": false,
                            "key": "woonplaats",
                            "type": "textfield",
                            "input": true,
                            "prefill": {
                                "plugin": "haalcentraal",
                                "attribute": "verblijfplaats.huisnummer",
                                "identifierRole": "main"
                            }
                        }
                    ],
                    "key": "fieldSet-1",
                    "type": "fieldset",
                    "label": "Field Set",
                    "tree": false,
                    "input": false,
                    "hidden": false,
                    "legend": "",
                    "prefix": "",
                    "suffix": "",
                    "unique": false,
                    "widget": null,
                    "dbIndex": false,
                    "overlay": {
                        "top": "",
                        "left": "",
                        "style": "",
                        "width": "",
                        "height": ""
                    },
                    "tooltip": "",
                    "disabled": false,
                    "multiple": false,
                    "redrawOn": "",
                    "tabindex": "",
                    "validate": {
                        "custom": "",
                        "unique": false,
                        "multiple": false,
                        "required": false,
                        "customPrivate": false,
                        "strictDateValidation": false
                    },
                    "autofocus": false,
                    "encrypted": false,
                    "hideLabel": false,
                    "modalEdit": false,
                    "protected": false,
                    "refreshOn": "",
                    "tableView": false,
                    "attributes": {},
                    "errorLabel": "",
                    "hideHeader": false,
                    "persistent": false,
                    "properties": {},
                    "validateOn": "change",
                    "clearOnHide": true,
                    "customClass": "",
                    "description": "",
                    "placeholder": "",
                    "defaultValue": null,
                    "dataGridLabel": false,
                    "labelPosition": "top",
                    "showCharCount": false,
                    "showWordCount": false,
                    "calculateValue": "",
                    "calculateServer": false,
                    "allowMultipleMasks": false,
                    "customDefaultValue": "",
                    "allowCalculateOverride": false,
                    "originalFormName": "nonhiddenfieldsform1"
                },
                {
                    "label": "E-mailadres",
                    "tableView": true,
                    "validate": {
                        "required": true
                    },
                    "key": "eMailadres",
                    "type": "email",
                    "input": true
                },
                {
                    "label": "Telefoonnummer",
                    "tableView": true,
                    "validate": {
                        "required": true
                    },
                    "key": "telefoonnummer",
                    "type": "textfield",
                    "input": true,
                    "prefill": {
                        "plugin": "",
                        "attribute": "",
                        "identifierRole": "main"
                    }
                },
                {
                    "label": "Mijn klacht gaat over:",
                    "optionsLabelPosition": "right",
                    "inline": false,
                    "tableView": false,
                    "values": [
                        {
                            "label": "betaald parkeren",
                            "value": "parkeren",
                            "shortcut": ""
                        },
                        {
                            "label": "een fietsenstalling",
                            "value": "fietsenstalling",
                            "shortcut": ""
                        },
                        {
                            "label": "een medewerker/toezichthouder",
                            "value": "medewerker",
                            "shortcut": ""
                        },
                        {
                            "label": "iets anders",
                            "value": "ietsAnders",
                            "shortcut": ""
                        }
                    ],
                    "validate": {
                        "required": true
                    },
                    "key": "mijnKlachtGaatOver",
                    "type": "radio",
                    "input": true
                },
                {
                    "label": "Wat is uw klacht",
                    "description": "U kunt aan het einde van dit formulier ook een bijlage uploaden waarin u uitlegt wat uw klacht is.",
                    "tableView": true,
                    "inputFormat": "plain",
                    "validate": {
                        "required": true,
                        "maxLength": 1000
                    },
                    "key": "klachtBijBetaaldParkerenOfFietsenstalling",
                    "type": "textarea",
                    "input": true,
                    "autoExpand": false
                },
                {
                    "components": [
                        {
                            "label": "Waarover heeft u contact gehad?",
                            "tableView": true,
                            "inputFormat": "plain",
                            "validate": {
                                "required": true
                            },
                            "key": "waaroverHeeftUContactGehad",
                            "type": "textarea",
                            "input": true,
                            "autoExpand": false
                        },
                        {
                            "label": "Weet u de naam van de medewerker of toezichthouder?",
                            "optionsLabelPosition": "right",
                            "inline": false,
                            "tableView": false,
                            "values": [
                                {
                                    "label": "ja",
                                    "value": "ja",
                                    "shortcut": ""
                                },
                                {
                                    "label": "nee",
                                    "value": "nee",
                                    "shortcut": ""
                                }
                            ],
                            "validate": {
                                "required": true
                            },
                            "key": "weetUDeNaamVanDeMedewerker",
                            "type": "radio",
                            "input": true
                        },
                        {
                            "label": "Naam van de medewerker of toezichthouder",
                            "tableView": true,
                            "validate": {
                                "required": true
                            },
                            "key": "naamVanDeMedewerkerOfToezichthouder",
                            "conditional": {
                                "show": true,
                                "when": "klachtOverMedewerker.weetUDeNaamVanDeMedewerker",
                                "eq": "ja"
                            },
                            "type": "textfield",
                            "input": true,
                            "prefill": {
                                "plugin": "",
                                "attribute": "",
                                "identifierRole": "main"
                            }
                        }
                    ],
                    "key": "fieldSet",
                    "type": "fieldset",
                    "label": "Field Set",
                    "tree": false,
                    "input": false,
                    "hidden": false,
                    "legend": "",
                    "prefix": "",
                    "suffix": "",
                    "unique": false,
                    "widget": null,
                    "dbIndex": false,
                    "overlay": {
                        "top": "",
                        "left": "",
                        "style": "",
                        "width": "",
                        "height": ""
                    },
                    "tooltip": "",
                    "disabled": false,
                    "multiple": false,
                    "redrawOn": "",
                    "tabindex": "",
                    "validate": {
                        "custom": "",
                        "unique": false,
                        "multiple": false,
                        "required": false,
                        "customPrivate": false,
                        "strictDateValidation": false
                    },
                    "autofocus": false,
                    "encrypted": false,
                    "hideLabel": false,
                    "modalEdit": false,
                    "protected": false,
                    "refreshOn": "",
                    "tableView": false,
                    "attributes": {},
                    "errorLabel": "",
                    "hideHeader": false,
                    "persistent": false,
                    "properties": {},
                    "validateOn": "change",
                    "clearOnHide": true,
                    "customClass": "",
                    "description": "",
                    "placeholder": "",
                    "defaultValue": null,
                    "dataGridLabel": false,
                    "labelPosition": "top",
                    "showCharCount": false,
                    "showWordCount": false,
                    "calculateValue": "",
                    "calculateServer": false,
                    "allowMultipleMasks": false,
                    "customDefaultValue": "",
                    "allowCalculateOverride": false
                },
                {
                    "label": "Columns",
                    "columns": [
                        {
                            "components": [],
                            "width": 3,
                            "offset": 0,
                            "push": 0,
                            "pull": 0,
                            "size": "sm",
                            "currentWidth": 3
                        },
                        {
                            "components": [],
                            "width": 6,
                            "offset": 0,
                            "push": 0,
                            "pull": 0,
                            "size": "md",
                            "currentWidth": 6
                        }
                    ],
                    "key": "columns",
                    "type": "columns",
                    "input": false,
                    "tableView": false
                }
            ]
        }
    },
    {
        "url": "http://localhost/api/v2/form-definitions/aafbfcee-c814-43fc-8ebd-0b09dc78209c",
        "uuid": "aafbfcee-c814-43fc-8ebd-0b09dc78209c",
        "name": "Bijlagen",
        "slug": "bijlagen",
        "configuration": {
            "display": "form",
            "components": [
                {
                    "html": "<p>U kunt een bijlage uploaden om uw klacht duidelijker te maken. Bijvoorbeeld een foto van de situatie of een kopie van een brief of artikel.</p>",
                    "label": "Content",
                    "refreshOnChange": false,
                    "key": "content7",
                    "type": "content",
                    "input": false,
                    "tableView": false
                },
                {
                    "label": "Toevoegen",
                    "description": "Toegestaan zijn .jpg, .png, .jpeg of .pdf bestanden die niet groter zijn dan 20MB.",
                    "tableView": false,
                    "storage": "url",
                    "webcam": false,
                    "fileTypes": [
                        {
                            "label": "",
                            "value": ""
                        }
                    ],
                    "filePattern": ".jpg,.png,.jpeg,.pdf",
                    "fileMinSize": "1KB",
                    "fileMaxSize": "20MB",
                    "multiple": true,
                    "validate": {
                        "customMessage": "De bijlage moet de volgende bestandsindeling hebben: .jpg of .png of .jpeg of .pdf"
                    },
                    "errorLabel": "De bijlage moet de volgende bestandsindeling hebben: .jpg of .png of .jpeg of .pdf",
                    "key": "toevoegen",
                    "type": "file",
                    "url": "/cloud/s3",
                    "input": true
                },
                {
                    "label": "Columns",
                    "columns": [
                        {
                            "components": [],
                            "width": 3,
                            "offset": 0,
                            "push": 0,
                            "pull": 0,
                            "size": "sm",
                            "currentWidth": 3
                        },
                        {
                            "components": [],
                            "size": "sm",
                            "width": 3,
                            "offset": 0,
                            "push": 0,
                            "pull": 0,
                            "currentWidth": 3
                        }
                    ],
                    "key": "columns4",
                    "type": "columns",
                    "input": false,
                    "tableView": false,
                    "hideOnChildrenHidden": false
                }
            ]
        }
    }
]