[
    {
        "uuid": "74a0376a-1e05-40fe-8ce6-48a02142019c",
        "name": "Subsidie uit ondernemersfonds aanvragen oud",
        "internal_name": "",
        "login_required": false,
        "authentication_backends": [],
        "slug": "subsidieuitondernemersfondsaanvragenoud",
        "url": "http://localhost/api/v2/forms/74a0376a-1e05-40fe-8ce6-48a02142019c",
        "show_progress_indicator": true,
        "maintenance_mode": false,
        "active": true,
        "is_deleted": false,
        "suspension_allowed": true,
        "send_confirmation_email": true,
        "display_main_website_link": true,
        "required_fields_with_asterisk": true,
        "resume_link_lifetime": 7,
        "hide_non_applicable_steps": true
    }
]