[
    {
        "url": "http://localhost/api/v2/form-definitions/d29dd2d6-50d1-4a30-a8db-24364ccbf2bf",
        "uuid": "d29dd2d6-50d1-4a30-a8db-24364ccbf2bf",
        "name": "Uw gegevens",
        "slug": "uw-gegevens",
        "configuration": {
            "display": "form",
            "components": [
                {
                    "components": [
                        {
                            "label": "Naam",
                            "customClass": "naamingelogdegebruikerfieldnonhidden nonhiddenfield",
                            "tableView": true,
                            "persistent": false,
                            "key": "naamIngelogdeGebruiker",
                            "type": "textfield",
                            "input": true,
                            "prefill": {
                                "plugin": "haalcentraal",
                                "attribute": "verblijfplaats.huisnummer",
                                "identifierRole": "main"
                            }
                        },
                        {
                            "label": "Straatnaam",
                            "customClass": "straatnaamfieldnonhidden nonhiddenfield",
                            "tableView": true,
                            "persistent": false,
                            "key": "straatnaam",
                            "type": "textfield",
                            "input": true,
                            "prefill": {
                                "plugin": "haalcentraal",
                                "attribute": "verblijfplaats.woonplaats",
                                "identifierRole": "main"
                            }
                        },
                        {
                            "label": "Huisnummer",
                            "customClass": "huisnummerfieldnonhidden nonhiddenfield",
                            "tableView": true,
                            "persistent": false,
                            "key": "huisnummerfield",
                            "type": "textfield",
                            "input": true,
                            "prefill": {
                                "plugin": "haalcentraal",
                                "attribute": "verblijfplaats.huisnummer",
                                "identifierRole": "main"
                            }
                        },
                        {
                            "label": "Postcode",
                            "customClass": "postcodefieldnonhidden nonhiddenfield",
                            "tableView": true,
                            "persistent": false,
                            "key": "postcode",
                            "type": "textfield",
                            "input": true,
                            "prefill": {
                                "plugin": "haalcentraal",
                                "attribute": "verblijfplaats.huisnummer",
                                "identifierRole": "main"
                            }
                        },
                        {
                            "label": "Woonplaats",
                            "customClass": "woonplaatsfieldnonhidden nonhiddenfield",
                            "tableView": true,
                            "persistent": false,
                            "key": "woonplaats",
                            "type": "textfield",
                            "input": true,
                            "prefill": {
                                "plugin": "haalcentraal",
                                "attribute": "verblijfplaats.huisnummer",
                                "identifierRole": "main"
                            }
                        }
                    ],
                    "key": "fieldSet",
                    "type": "fieldset",
                    "label": "Field Set",
                    "tree": false,
                    "input": false,
                    "hidden": false,
                    "legend": "",
                    "prefix": "",
                    "suffix": "",
                    "unique": false,
                    "widget": null,
                    "dbIndex": false,
                    "overlay": {
                        "top": "",
                        "left": "",
                        "style": "",
                        "width": "",
                        "height": ""
                    },
                    "tooltip": "",
                    "disabled": false,
                    "multiple": false,
                    "redrawOn": "",
                    "tabindex": "",
                    "validate": {
                        "custom": "",
                        "unique": false,
                        "multiple": false,
                        "required": false,
                        "customPrivate": false,
                        "strictDateValidation": false
                    },
                    "autofocus": false,
                    "encrypted": false,
                    "hideLabel": false,
                    "modalEdit": false,
                    "protected": false,
                    "refreshOn": "",
                    "tableView": false,
                    "attributes": {},
                    "errorLabel": "",
                    "hideHeader": false,
                    "persistent": false,
                    "properties": {},
                    "validateOn": "change",
                    "clearOnHide": true,
                    "customClass": "",
                    "description": "",
                    "placeholder": "",
                    "defaultValue": null,
                    "dataGridLabel": false,
                    "labelPosition": "top",
                    "showCharCount": false,
                    "showWordCount": false,
                    "calculateValue": "",
                    "calculateServer": false,
                    "allowMultipleMasks": false,
                    "customDefaultValue": "",
                    "allowCalculateOverride": false,
                    "originalFormName": "nonhiddenfieldsform1"
                },
                {
                    "label": "E-mailadres",
                    "autocomplete": "email",
                    "tableView": true,
                    "validateOn": "blur",
                    "validate": {
                        "required": true
                    },
                    "key": "eMailadres",
                    "type": "email",
                    "input": true
                },
                {
                    "html": "<p>U ontvangt een ontvangstbevestiging op dit e-mailadres</p>",
                    "label": "Content",
                    "refreshOnChange": false,
                    "key": "content",
                    "type": "content",
                    "input": false,
                    "tableView": false
                },
                {
                    "label": "Columns",
                    "columns": [
                        {
                            "components": [],
                            "width": 3,
                            "offset": 0,
                            "push": 0,
                            "pull": 0,
                            "size": "sm",
                            "currentWidth": 3
                        },
                        {
                            "components": [],
                            "width": 6,
                            "offset": 0,
                            "push": 0,
                            "pull": 0,
                            "size": "md",
                            "currentWidth": 6
                        }
                    ],
                    "key": "columns",
                    "type": "columns",
                    "input": false,
                    "tableView": false
                }
            ]
        }
    },
    {
        "url": "http://localhost/api/v2/form-definitions/4f361197-7702-46f2-8133-6ebdde99ab86",
        "uuid": "4f361197-7702-46f2-8133-6ebdde99ab86",
        "name": "Bijlage(n)",
        "slug": "bijlagen",
        "configuration": {
            "display": "form",
            "components": [
                {
                    "label": "Toevoegen",
                    "description": "Toegestaan zijn .jpg, .png, .jpeg of .pdf documenten die niet groter zijn dan 20MB.",
                    "tableView": false,
                    "storage": "url",
                    "webcam": false,
                    "fileTypes": [
                        {
                            "label": "",
                            "value": ""
                        }
                    ],
                    "filePattern": ".jpg,.png,.jpeg,.pdf",
                    "fileMinSize": "1KB",
                    "fileMaxSize": "20MB",
                    "multiple": true,
                    "clearOnHide": false,
                    "validate": {
                        "required": true,
                        "customMessage": "U moet een bijlage(n) meesturen."
                    },
                    "key": "toevoegen",
                    "type": "file",
                    "url": "/cloud/s3",
                    "input": true
                },
                {
                    "label": "Zaaknummer van de aanvraag waarvoor u bijlagen stuurt",
                    "description": "U vindt dit nummer in de e-mail die u heeft gekregen waarin staat welke bijlagen u moet sturen.",
                    "tableView": true,
                    "validate": {
                        "required": true
                    },
                    "key": "zaaknummerVanDeAanvraagWaarvoorUBijlagenStuurt",
                    "type": "textfield",
                    "input": true,
                    "prefill": {
                        "plugin": "",
                        "attribute": "",
                        "identifierRole": "main"
                    }
                },
                {
                    "html": "<p>Ik stuur deze bijlage(n):</p>",
                    "label": "Content",
                    "refreshOnChange": false,
                    "key": "content1",
                    "type": "content",
                    "input": false,
                    "tableView": false
                },
                {
                    "label": "Kopie bankafschrift met daarop uw naam en het IBAN (rekeningnummer)",
                    "tableView": false,
                    "defaultValue": false,
                    "key": "kopieBankafschrift",
                    "type": "checkbox",
                    "input": true
                },
                {
                    "label": "Kopie paspoort of identiteitskaart (geen rijbewijs)",
                    "tableView": false,
                    "defaultValue": false,
                    "key": "KopiePaspoort",
                    "type": "checkbox",
                    "input": true
                },
                {
                    "label": "Als u een partner heeft: kopie paspoort of identiteitskaart van uw partner (geen rijbewijs)",
                    "tableView": false,
                    "defaultValue": false,
                    "key": "kopiePaspoortPartner",
                    "type": "checkbox",
                    "input": true
                },
                {
                    "label": "Bewijs van uw inkomen (loonstrook of bankafschrift) van de maand november 2023",
                    "tableView": false,
                    "defaultValue": false,
                    "key": "bewijsInkomen",
                    "type": "checkbox",
                    "input": true
                },
                {
                    "label": "Als u een partner heeft: bewijs van inkomen van uw partner",
                    "tableView": false,
                    "defaultValue": false,
                    "key": "bewijsInkomenPartnr",
                    "type": "checkbox",
                    "input": true
                },
                {
                    "label": "Als u ondernemer bent: aangifte omzetbelasting 2023",
                    "tableView": false,
                    "defaultValue": false,
                    "key": "ondernemerAangifteomzetbelasting",
                    "type": "checkbox",
                    "input": true
                },
                {
                    "label": "Als u ondernemer bent: winst-verlies rekening",
                    "tableView": false,
                    "defaultValue": false,
                    "key": "ondernemerWinstenverliesrekening",
                    "type": "checkbox",
                    "input": true
                },
                {
                    "label": "Als u hulp krijgt bij schulden: brief van de rechtbank of Bureau schuldhulpverlening waarin staat dat u een schuldregeling heeft",
                    "tableView": false,
                    "defaultValue": false,
                    "key": "hulpbijschuldenBriefrechtbank",
                    "type": "checkbox",
                    "input": true
                },
                {
                    "label": "Overige",
                    "tableView": false,
                    "key": "overige",
                    "type": "checkbox",
                    "input": true,
                    "defaultValue": false
                },
                {
                    "label": "Opmerkingen",
                    "tableView": true,
                    "inputFormat": "plain",
                    "key": "opmerkingen",
                    "type": "textarea",
                    "input": true,
                    "autoExpand": false
                },
                {
                    "label": "Columns",
                    "columns": [
                        {
                            "components": [],
                            "width": 3,
                            "offset": 0,
                            "push": 0,
                            "pull": 0,
                            "size": "sm",
                            "currentWidth": 3
                        },
                        {
                            "components": [],
                            "width": 6,
                            "offset": 0,
                            "push": 0,
                            "pull": 0,
                            "size": "md",
                            "currentWidth": 6
                        }
                    ],
                    "key": "columns1",
                    "type": "columns",
                    "input": false,
                    "tableView": false
                }
            ]
        }
    }
]