[
    {
        "uuid": "7e1608a8-1b92-4cd0-b330-5a5c1cde53f3",
        "name": "Bijlagen aanvraag energietoeslag 2023 sturen",
        "internal_name": "",
        "login_required": false,
        "authentication_backends": [],
        "slug": "bijlagenaanvraagenergietoeslag2023sturen",
        "url": "http://localhost/api/v2/forms/7e1608a8-1b92-4cd0-b330-5a5c1cde53f3",
        "show_progress_indicator": true,
        "maintenance_mode": false,
        "active": true,
        "is_deleted": false,
        "suspension_allowed": true,
        "send_confirmation_email": true,
        "display_main_website_link": true,
        "required_fields_with_asterisk": true,
        "resume_link_lifetime": 7,
        "hide_non_applicable_steps": true
    }
]