[
    {
        "uuid": "95c6998e-2c53-4245-b49c-a7565558108d",
        "index": "0",
        "slug": "uw-gegevens",
        "form_definition": "http://localhost/api/v2/form-definitions/0bc78c54-7984-4d49-ad81-f318887ec97d"
    },
    {
        "uuid": "2bff9076-e560-4997-90c8-2013b8341656",
        "index": "1",
        "slug": "iban",
        "form_definition": "http://localhost/api/v2/form-definitions/521862a0-8147-4a53-8f86-931c50b4f114"
    },
    {
        "uuid": "7d3ca4b8-6d27-4f8e-9331-990841a636fd",
        "index": "2",
        "slug": "subsidie",
        "form_definition": "http://localhost/api/v2/form-definitions/7d16bcc7-7cb2-4364-a37c-10b6dad28573"
    },
    {
        "uuid": "565cc35e-01b2-4a3d-89d0-b9942f460026",
        "index": "3",
        "slug": "bijlagen",
        "form_definition": "http://localhost/api/v2/form-definitions/f45abacb-80d5-4ea9-bfd5-55b852837933"
    }
]