[
    {
        "uuid": "563d4067-a2fb-4257-8cbc-21b3acb896d2",
        "name": "Subsidie bewonersplan duurzame energie en energie",
        "internal_name": "",
        "login_required": false,
        "authentication_backends": [],
        "slug": "subsidiebewonersplanduurzameenergieenenergiebespa",
        "url": "http://localhost/api/v2/forms/563d4067-a2fb-4257-8cbc-21b3acb896d2",
        "show_progress_indicator": true,
        "maintenance_mode": false,
        "active": true,
        "is_deleted": false,
        "suspension_allowed": true,
        "send_confirmation_email": true,
        "display_main_website_link": true,
        "required_fields_with_asterisk": true,
        "resume_link_lifetime": 7,
        "hide_non_applicable_steps": true
    }
]