[
    {
        "uuid": "a930b83b-f805-4565-aa02-e5f2e4e60d40",
        "name": "Alcoholvergunning aanvragen (YiviTest)",
        "internal_name": "",
        "login_required": false,
        "authentication_backends": [],
        "slug": "alcoholvergunningaanvragenyivitest",
        "url": "http://localhost/api/v2/forms/a930b83b-f805-4565-aa02-e5f2e4e60d40",
        "show_progress_indicator": true,
        "maintenance_mode": false,
        "active": true,
        "is_deleted": false,
        "suspension_allowed": true,
        "send_confirmation_email": true,
        "display_main_website_link": true,
        "required_fields_with_asterisk": true,
        "resume_link_lifetime": 7,
        "hide_non_applicable_steps": true
    }
]