[
    {
        "uuid": "f0f31fe4-2578-442e-92d3-8b22484e50ff",
        "name": "Toestemming laden, lossen of parkeren aanvragen o",
        "internal_name": "",
        "login_required": false,
        "authentication_backends": [],
        "slug": "toestemmingladenlossenofparkerenaanvragenoud",
        "url": "http://localhost/api/v2/forms/f0f31fe4-2578-442e-92d3-8b22484e50ff",
        "show_progress_indicator": true,
        "maintenance_mode": false,
        "active": true,
        "is_deleted": false,
        "suspension_allowed": true,
        "send_confirmation_email": true,
        "display_main_website_link": true,
        "required_fields_with_asterisk": true,
        "resume_link_lifetime": 7,
        "hide_non_applicable_steps": true
    }
]