[
    {
        "url": "http://localhost/api/v2/form-definitions/96e7cd6e-7d10-4ef4-b449-eb1e7efe0aa8",
        "uuid": "96e7cd6e-7d10-4ef4-b449-eb1e7efe0aa8",
        "name": "Uw gegevens",
        "slug": "uw-gegevens",
        "configuration": {
            "display": "form",
            "components": [
                {
                    "components": [
                        {
                            "label": "Naam",
                            "customClass": "naamingelogdegebruikerfieldnonhidden nonhiddenfield",
                            "tableView": true,
                            "persistent": false,
                            "key": "naamIngelogdeGebruiker",
                            "type": "textfield",
                            "input": true,
                            "prefill": {
                                "plugin": "haalcentraal",
                                "attribute": "verblijfplaats.huisnummer",
                                "identifierRole": "main"
                            }
                        },
                        {
                            "label": "Straatnaam",
                            "customClass": "straatnaamfieldnonhidden nonhiddenfield",
                            "tableView": true,
                            "persistent": false,
                            "key": "straatnaam",
                            "type": "textfield",
                            "input": true,
                            "prefill": {
                                "plugin": "haalcentraal",
                                "attribute": "verblijfplaats.woonplaats",
                                "identifierRole": "main"
                            }
                        },
                        {
                            "label": "Huisnummer",
                            "customClass": "huisnummerfieldnonhidden nonhiddenfield",
                            "tableView": true,
                            "persistent": false,
                            "key": "huisnummerfield",
                            "type": "textfield",
                            "input": true,
                            "prefill": {
                                "plugin": "haalcentraal",
                                "attribute": "verblijfplaats.huisnummer",
                                "identifierRole": "main"
                            }
                        },
                        {
                            "label": "Postcode",
                            "customClass": "postcodefieldnonhidden nonhiddenfield",
                            "tableView": true,
                            "persistent": false,
                            "key": "postcode",
                            "type": "textfield",
                            "input": true,
                            "prefill": {
                                "plugin": "haalcentraal",
                                "attribute": "verblijfplaats.huisnummer",
                                "identifierRole": "main"
                            }
                        },
                        {
                            "label": "Woonplaats",
                            "customClass": "woonplaatsfieldnonhidden nonhiddenfield",
                            "tableView": true,
                            "persistent": false,
                            "key": "woonplaats",
                            "type": "textfield",
                            "input": true,
                            "prefill": {
                                "plugin": "haalcentraal",
                                "attribute": "verblijfplaats.huisnummer",
                                "identifierRole": "main"
                            }
                        }
                    ],
                    "key": "fieldSet-1-2-3-4-5-6-7-8-9",
                    "type": "fieldset",
                    "label": "Field Set",
                    "tree": false,
                    "input": false,
                    "hidden": false,
                    "legend": "",
                    "prefix": "",
                    "suffix": "",
                    "unique": false,
                    "widget": null,
                    "dbIndex": false,
                    "overlay": {
                        "top": "",
                        "left": "",
                        "style": "",
                        "width": "",
                        "height": ""
                    },
                    "tooltip": "",
                    "disabled": false,
                    "multiple": false,
                    "redrawOn": "",
                    "tabindex": "",
                    "validate": {
                        "custom": "",
                        "unique": false,
                        "multiple": false,
                        "required": false,
                        "customPrivate": false,
                        "strictDateValidation": false
                    },
                    "autofocus": false,
                    "encrypted": false,
                    "hideLabel": false,
                    "modalEdit": false,
                    "protected": false,
                    "refreshOn": "",
                    "tableView": false,
                    "attributes": {},
                    "errorLabel": "",
                    "hideHeader": false,
                    "persistent": false,
                    "properties": {},
                    "validateOn": "change",
                    "clearOnHide": true,
                    "customClass": "",
                    "description": "",
                    "placeholder": "",
                    "defaultValue": null,
                    "dataGridLabel": false,
                    "labelPosition": "top",
                    "showCharCount": false,
                    "showWordCount": false,
                    "calculateValue": "",
                    "calculateServer": false,
                    "allowMultipleMasks": false,
                    "customDefaultValue": "",
                    "allowCalculateOverride": false,
                    "originalFormName": "nonhiddenfieldsform1"
                },
                {
                    "components": [
                        {
                            "label": "E-mailadres",
                            "autocomplete": "email",
                            "tableView": true,
                            "validateOn": "blur",
                            "validate": {
                                "required": true
                            },
                            "key": "eMailadres",
                            "type": "email",
                            "input": true
                        },
                        {
                            "label": "Telefoonnummer",
                            "autocomplete": "tel",
                            "tableView": true,
                            "validate": {
                                "required": true
                            },
                            "key": "telefoonnummer",
                            "type": "textfield",
                            "input": true,
                            "prefill": {
                                "plugin": "",
                                "attribute": "",
                                "identifierRole": "main"
                            }
                        },
                        {
                            "label": "Voor wie vraagt toestemming aan?",
                            "optionsLabelPosition": "right",
                            "inline": false,
                            "tableView": false,
                            "values": [
                                {
                                    "label": "voor mijzelf",
                                    "value": "mijzelf",
                                    "shortcut": ""
                                },
                                {
                                    "label": "voor een organisatie/bedrijf",
                                    "value": "organisatie",
                                    "shortcut": ""
                                }
                            ],
                            "validate": {
                                "required": true
                            },
                            "key": "voorWieVraagtToestemmingAan",
                            "type": "radio",
                            "input": true
                        },
                        {
                            "components": [
                                {
                                    "label": "Naam organisatie of bedrijf",
                                    "tableView": true,
                                    "validate": {
                                        "required": true
                                    },
                                    "key": "naamOrganisatieOfBedrijf",
                                    "type": "textfield",
                                    "input": true,
                                    "prefill": {
                                        "plugin": "",
                                        "attribute": "",
                                        "identifierRole": "main"
                                    }
                                },
                                {
                                    "label": "Inschrijfnummer Kamer van Koophandel",
                                    "tableView": true,
                                    "validateOn": "blur",
                                    "validate": {
                                        "required": true,
                                        "pattern": "^[0-9]*$",
                                        "customMessage": "Een inschrijfnummer Kamer van Koophandel bevat 8 cijfers.",
                                        "minLength": 8,
                                        "maxLength": 8
                                    },
                                    "key": "inschrijfnummerKamerVanKoophandel",
                                    "type": "textfield",
                                    "input": true,
                                    "prefill": {
                                        "plugin": "",
                                        "attribute": "",
                                        "identifierRole": "main"
                                    }
                                }
                            ],
                            "key": "fieldSet-1-2-3-4-5-6-7-8",
                            "type": "fieldset",
                            "label": "Field Set",
                            "tree": false,
                            "input": false,
                            "hidden": false,
                            "legend": "",
                            "prefix": "",
                            "suffix": "",
                            "unique": false,
                            "widget": null,
                            "dbIndex": false,
                            "overlay": {
                                "top": "",
                                "left": "",
                                "style": "",
                                "width": "",
                                "height": ""
                            },
                            "tooltip": "",
                            "disabled": false,
                            "multiple": false,
                            "redrawOn": "",
                            "tabindex": "",
                            "validate": {
                                "custom": "",
                                "unique": false,
                                "multiple": false,
                                "required": false,
                                "customPrivate": false,
                                "strictDateValidation": false
                            },
                            "autofocus": false,
                            "encrypted": false,
                            "hideLabel": false,
                            "modalEdit": false,
                            "protected": false,
                            "refreshOn": "",
                            "tableView": false,
                            "attributes": {},
                            "errorLabel": "",
                            "hideHeader": false,
                            "persistent": false,
                            "properties": {},
                            "validateOn": "change",
                            "clearOnHide": true,
                            "conditional": {
                                "eq": "",
                                "show": null,
                                "when": null
                            },
                            "customClass": "",
                            "description": "",
                            "placeholder": "",
                            "defaultValue": null,
                            "dataGridLabel": false,
                            "labelPosition": "top",
                            "showCharCount": false,
                            "showWordCount": false,
                            "calculateValue": "",
                            "calculateServer": false,
                            "allowMultipleMasks": false,
                            "customDefaultValue": "",
                            "allowCalculateOverride": false
                        }
                    ],
                    "key": "fieldSet-1-2-3-4-5-6-7",
                    "type": "fieldset",
                    "label": "Field Set",
                    "tree": false,
                    "input": false,
                    "hidden": false,
                    "legend": "",
                    "prefix": "",
                    "suffix": "",
                    "unique": false,
                    "widget": null,
                    "dbIndex": false,
                    "overlay": {
                        "top": "",
                        "left": "",
                        "style": "",
                        "width": "",
                        "height": ""
                    },
                    "tooltip": "",
                    "disabled": false,
                    "multiple": false,
                    "redrawOn": "",
                    "tabindex": "",
                    "validate": {
                        "custom": "",
                        "unique": false,
                        "multiple": false,
                        "required": false,
                        "customPrivate": false,
                        "strictDateValidation": false
                    },
                    "autofocus": false,
                    "encrypted": false,
                    "hideLabel": false,
                    "modalEdit": false,
                    "protected": false,
                    "refreshOn": "",
                    "tableView": false,
                    "attributes": {},
                    "errorLabel": "",
                    "hideHeader": false,
                    "persistent": false,
                    "properties": {},
                    "validateOn": "change",
                    "clearOnHide": true,
                    "customClass": "",
                    "description": "",
                    "placeholder": "",
                    "defaultValue": null,
                    "dataGridLabel": false,
                    "labelPosition": "top",
                    "showCharCount": false,
                    "showWordCount": false,
                    "calculateValue": "",
                    "calculateServer": false,
                    "allowMultipleMasks": false,
                    "customDefaultValue": "",
                    "allowCalculateOverride": false
                },
                {
                    "components": [
                        {
                            "label": "Naam contactpersoon",
                            "tableView": true,
                            "validate": {
                                "required": true
                            },
                            "key": "naamContactpersoon",
                            "type": "textfield",
                            "input": true,
                            "prefill": {
                                "plugin": "",
                                "attribute": "",
                                "identifierRole": "main"
                            }
                        },
                        {
                            "label": "E-mailadres",
                            "tableView": true,
                            "validateOn": "blur",
                            "validate": {
                                "required": true
                            },
                            "key": "eMailadres1",
                            "type": "email",
                            "input": true
                        },
                        {
                            "label": "Telefoonnummer",
                            "tableView": true,
                            "validate": {
                                "required": true
                            },
                            "key": "telefoonnummer1",
                            "type": "textfield",
                            "input": true,
                            "prefill": {
                                "plugin": "",
                                "attribute": "",
                                "identifierRole": "main"
                            }
                        }
                    ],
                    "key": "fieldSet-1-2-3-4-5-6",
                    "type": "fieldset",
                    "label": "Field Set",
                    "tree": false,
                    "input": false,
                    "hidden": false,
                    "legend": "",
                    "prefix": "",
                    "suffix": "",
                    "unique": false,
                    "widget": null,
                    "dbIndex": false,
                    "overlay": {
                        "top": "",
                        "left": "",
                        "style": "",
                        "width": "",
                        "height": ""
                    },
                    "tooltip": "",
                    "disabled": false,
                    "multiple": false,
                    "redrawOn": "",
                    "tabindex": "",
                    "validate": {
                        "custom": "",
                        "unique": false,
                        "multiple": false,
                        "required": false,
                        "customPrivate": false,
                        "strictDateValidation": false
                    },
                    "autofocus": false,
                    "encrypted": false,
                    "hideLabel": false,
                    "modalEdit": false,
                    "protected": false,
                    "refreshOn": "",
                    "tableView": false,
                    "attributes": {},
                    "errorLabel": "",
                    "hideHeader": false,
                    "persistent": false,
                    "properties": {},
                    "validateOn": "change",
                    "clearOnHide": true,
                    "customClass": "",
                    "description": "",
                    "placeholder": "",
                    "defaultValue": null,
                    "dataGridLabel": false,
                    "labelPosition": "top",
                    "showCharCount": false,
                    "showWordCount": false,
                    "calculateValue": "",
                    "calculateServer": false,
                    "allowMultipleMasks": false,
                    "customDefaultValue": "",
                    "allowCalculateOverride": false
                },
                {
                    "label": "Columns",
                    "columns": [
                        {
                            "components": [],
                            "width": 3,
                            "offset": 0,
                            "push": 0,
                            "pull": 0,
                            "size": "sm",
                            "currentWidth": 3
                        },
                        {
                            "components": [],
                            "width": 6,
                            "offset": 0,
                            "push": 0,
                            "pull": 0,
                            "size": "md",
                            "currentWidth": 6
                        }
                    ],
                    "key": "columns",
                    "type": "columns",
                    "input": false,
                    "tableView": false,
                    "hideOnChildrenHidden": false
                }
            ]
        }
    },
    {
        "url": "http://localhost/api/v2/form-definitions/997263ab-cf1f-4713-a8bb-5f457940cfc3",
        "uuid": "997263ab-cf1f-4713-a8bb-5f457940cfc3",
        "name": "Toestemming",
        "slug": "toestemming",
        "configuration": {
            "display": "form",
            "components": [
                {
                    "label": "Waarvoor vraagt u toestemming aan?",
                    "optionsLabelPosition": "right",
                    "tableView": false,
                    "values": [
                        {
                            "label": "laden en lossen",
                            "value": "ladenEnLossen",
                            "shortcut": ""
                        },
                        {
                            "label": "parkeren op plaats(en) van een vergunninghouder of in een afgesloten voetgangersgebied",
                            "value": "parkeren",
                            "shortcut": ""
                        },
                        {
                            "label": "iets anders",
                            "value": "ietsAnders",
                            "shortcut": ""
                        }
                    ],
                    "validate": {
                        "required": true,
                        "onlyAvailableItems": false
                    },
                    "key": "waarvoorVraagtUToestemmingAan",
                    "type": "selectboxes",
                    "input": true,
                    "inputType": "checkbox",
                    "defaultValue": {
                        "ladenEnLossen": false,
                        "parkerenOpPlaatsEnVanEenVergunninghouderOfInEenAfgeslotenVoetgangersgebied": false,
                        "ietsAnders": false,
                        "parkeren": false
                    }
                },
                {
                    "label": "Columns",
                    "columns": [
                        {
                            "components": [],
                            "width": 3,
                            "offset": 0,
                            "push": 0,
                            "pull": 0,
                            "size": "sm",
                            "currentWidth": 3
                        },
                        {
                            "components": [],
                            "size": "sm",
                            "width": 3,
                            "offset": 0,
                            "push": 0,
                            "pull": 0,
                            "currentWidth": 3
                        }
                    ],
                    "key": "columns4",
                    "type": "columns",
                    "input": false,
                    "tableView": false,
                    "hideOnChildrenHidden": false
                }
            ]
        }
    },
    {
        "url": "http://localhost/api/v2/form-definitions/9fa5b19b-ce2b-4657-89b4-9279f6d6c11d",
        "uuid": "9fa5b19b-ce2b-4657-89b4-9279f6d6c11d",
        "name": "Laden en lossen",
        "slug": "laden-en-lossen",
        "configuration": {
            "display": "form",
            "components": [
                {
                    "components": [
                        {
                            "label": "Vanaf wanneer wilt u laden en lossen?",
                            "placeholder": "dag-maand-jaar",
                            "tableView": false,
                            "enableMinDateInput": false,
                            "datePicker": {
                                "disableWeekends": false,
                                "disableWeekdays": false
                            },
                            "enableMaxDateInput": false,
                            "timePicker": {
                                "showMeridian": false
                            },
                            "validate": {
                                "required": true
                            },
                            "key": "vanafWanneerWiltULadenEnLossen",
                            "type": "datetime",
                            "input": true,
                            "widget": {
                                "type": "calendar",
                                "displayInTimezone": "viewer",
                                "locale": "nl",
                                "useLocaleSettings": false,
                                "allowInput": true,
                                "mode": "single",
                                "enableTime": false,
                                "noCalendar": false,
                                "format": "dd-MM-yyyy",
                                "hourIncrement": 1,
                                "minuteIncrement": 5,
                                "time_24hr": true,
                                "minDate": null,
                                "disableWeekends": false,
                                "disableWeekdays": false,
                                "maxDate": null
                            }
                        },
                        {
                            "label": "Tot wanneer?",
                            "placeholder": "dag-maand-jaar",
                            "tableView": false,
                            "enableMinDateInput": false,
                            "datePicker": {
                                "disableWeekends": false,
                                "disableWeekdays": false
                            },
                            "enableMaxDateInput": false,
                            "timePicker": {
                                "showMeridian": false
                            },
                            "validate": {
                                "required": true
                            },
                            "key": "totWanneer",
                            "type": "datetime",
                            "input": true,
                            "widget": {
                                "type": "calendar",
                                "displayInTimezone": "viewer",
                                "locale": "nl",
                                "useLocaleSettings": false,
                                "allowInput": true,
                                "mode": "single",
                                "enableTime": false,
                                "noCalendar": false,
                                "format": "dd-MM-yyyy",
                                "hourIncrement": 1,
                                "minuteIncrement": 5,
                                "time_24hr": true,
                                "minDate": null,
                                "disableWeekends": false,
                                "disableWeekdays": false,
                                "maxDate": null
                            }
                        },
                        {
                            "label": "Waar",
                            "tableView": true,
                            "inputFormat": "plain",
                            "validate": {
                                "required": true
                            },
                            "key": "waar",
                            "type": "textarea",
                            "input": true,
                            "autoExpand": false
                        },
                        {
                            "label": "Waarom wilt u hier laden en lossen?",
                            "tableView": true,
                            "inputFormat": "plain",
                            "validate": {
                                "required": true
                            },
                            "key": "waaromWiltUHierLadenEnLossen",
                            "type": "textarea",
                            "input": true,
                            "autoExpand": false
                        },
                        {
                            "label": "Voeg de kentekens toe waarvoor u toestemming wilt hebben",
                            "reorder": false,
                            "addAnotherPosition": "bottom",
                            "layoutFixed": false,
                            "enableRowGroups": false,
                            "initEmpty": false,
                            "tableView": false,
                            "defaultValue": [
                                {}
                            ],
                            "key": "voegDeKentekensToeWaarvoorUToestemmingWiltHebben",
                            "type": "datagrid",
                            "input": true,
                            "components": [
                                {
                                    "components": [
                                        {
                                            "label": "Kenteken",
                                            "tableView": true,
                                            "validate": {
                                                "required": true
                                            },
                                            "key": "kenteken",
                                            "type": "textfield",
                                            "input": true,
                                            "prefill": {
                                                "plugin": "",
                                                "attribute": "",
                                                "identifierRole": "main"
                                            }
                                        }
                                    ],
                                    "key": "fieldSet-1-2-3-4-5",
                                    "type": "fieldset",
                                    "label": "Field Set",
                                    "tree": false,
                                    "input": false,
                                    "hidden": false,
                                    "legend": "",
                                    "prefix": "",
                                    "suffix": "",
                                    "unique": false,
                                    "widget": null,
                                    "dbIndex": false,
                                    "overlay": {
                                        "top": "",
                                        "left": "",
                                        "style": "",
                                        "width": "",
                                        "height": ""
                                    },
                                    "tooltip": "",
                                    "disabled": false,
                                    "multiple": false,
                                    "redrawOn": "",
                                    "tabindex": "",
                                    "validate": {
                                        "custom": "",
                                        "unique": false,
                                        "multiple": false,
                                        "required": false,
                                        "customPrivate": false,
                                        "strictDateValidation": false
                                    },
                                    "autofocus": false,
                                    "encrypted": false,
                                    "hideLabel": false,
                                    "modalEdit": false,
                                    "protected": false,
                                    "refreshOn": "",
                                    "tableView": false,
                                    "attributes": {},
                                    "errorLabel": "",
                                    "hideHeader": false,
                                    "persistent": false,
                                    "properties": {},
                                    "validateOn": "change",
                                    "clearOnHide": true,
                                    "conditional": {
                                        "eq": "",
                                        "show": null,
                                        "when": null
                                    },
                                    "customClass": "",
                                    "description": "",
                                    "placeholder": "",
                                    "defaultValue": null,
                                    "dataGridLabel": false,
                                    "labelPosition": "top",
                                    "showCharCount": false,
                                    "showWordCount": false,
                                    "calculateValue": "",
                                    "calculateServer": false,
                                    "allowMultipleMasks": false,
                                    "customDefaultValue": "",
                                    "allowCalculateOverride": false
                                }
                            ]
                        }
                    ],
                    "key": "fieldSet-1-2-3-4",
                    "type": "fieldset",
                    "label": "Field Set",
                    "tree": false,
                    "input": false,
                    "hidden": false,
                    "legend": "",
                    "prefix": "",
                    "suffix": "",
                    "unique": false,
                    "widget": null,
                    "dbIndex": false,
                    "overlay": {
                        "top": "",
                        "left": "",
                        "style": "",
                        "width": "",
                        "height": ""
                    },
                    "tooltip": "",
                    "disabled": false,
                    "multiple": false,
                    "redrawOn": "",
                    "tabindex": "",
                    "validate": {
                        "custom": "",
                        "unique": false,
                        "multiple": false,
                        "required": false,
                        "customPrivate": false,
                        "strictDateValidation": false
                    },
                    "autofocus": false,
                    "encrypted": false,
                    "hideLabel": false,
                    "modalEdit": false,
                    "protected": false,
                    "refreshOn": "",
                    "tableView": false,
                    "attributes": {},
                    "errorLabel": "",
                    "hideHeader": false,
                    "persistent": false,
                    "properties": {},
                    "validateOn": "change",
                    "clearOnHide": true,
                    "customClass": "",
                    "description": "",
                    "placeholder": "",
                    "defaultValue": null,
                    "dataGridLabel": false,
                    "labelPosition": "top",
                    "showCharCount": false,
                    "showWordCount": false,
                    "calculateValue": "",
                    "calculateServer": false,
                    "allowMultipleMasks": false,
                    "customDefaultValue": "",
                    "allowCalculateOverride": false
                },
                {
                    "label": "Columns",
                    "columns": [
                        {
                            "components": [],
                            "width": 3,
                            "offset": 0,
                            "push": 0,
                            "pull": 0,
                            "size": "sm",
                            "currentWidth": 3
                        },
                        {
                            "components": [],
                            "size": "sm",
                            "width": 3,
                            "offset": 0,
                            "push": 0,
                            "pull": 0,
                            "currentWidth": 3
                        }
                    ],
                    "key": "columns5",
                    "type": "columns",
                    "input": false,
                    "tableView": false,
                    "hideOnChildrenHidden": false
                }
            ]
        }
    },
    {
        "url": "http://localhost/api/v2/form-definitions/891d678e-b0df-430f-aa96-7af175e0f4f9",
        "uuid": "891d678e-b0df-430f-aa96-7af175e0f4f9",
        "name": "Parkeren vergunninghoudersplaats",
        "slug": "parkeren-vergunninghoudersplaats",
        "configuration": {
            "display": "form",
            "components": [
                {
                    "components": [
                        {
                            "label": "Vanaf wanneer wilt u parkeren op de plaats(en) van een vergunninghouder of in een afgesloten voetgangersgebied?",
                            "placeholder": "dag-maand-jaar",
                            "tableView": false,
                            "enableMinDateInput": false,
                            "datePicker": {
                                "disableWeekends": false,
                                "disableWeekdays": false
                            },
                            "enableMaxDateInput": false,
                            "timePicker": {
                                "hourStep": "",
                                "minuteStep": "",
                                "showMeridian": false
                            },
                            "validate": {
                                "required": true
                            },
                            "key": "vanafWanneerParkeren",
                            "type": "datetime",
                            "input": true,
                            "widget": {
                                "type": "calendar",
                                "displayInTimezone": "viewer",
                                "locale": "nl",
                                "useLocaleSettings": false,
                                "allowInput": true,
                                "mode": "single",
                                "enableTime": false,
                                "noCalendar": false,
                                "format": "dd-MM-yyyy",
                                "time_24hr": true,
                                "minDate": null,
                                "disableWeekends": false,
                                "disableWeekdays": false,
                                "maxDate": null
                            }
                        },
                        {
                            "label": "Tot wanneer?",
                            "placeholder": "dag-maand-jaar",
                            "tableView": false,
                            "enableMinDateInput": false,
                            "datePicker": {
                                "disableWeekends": false,
                                "disableWeekdays": false
                            },
                            "enableMaxDateInput": false,
                            "timePicker": {
                                "hourStep": "",
                                "minuteStep": "",
                                "showMeridian": false
                            },
                            "validate": {
                                "required": true
                            },
                            "key": "totWanneer1",
                            "type": "datetime",
                            "input": true,
                            "widget": {
                                "type": "calendar",
                                "displayInTimezone": "viewer",
                                "locale": "nl",
                                "useLocaleSettings": false,
                                "allowInput": true,
                                "mode": "single",
                                "enableTime": false,
                                "noCalendar": false,
                                "format": "dd-MM-yyyy",
                                "time_24hr": true,
                                "minDate": null,
                                "disableWeekends": false,
                                "disableWeekdays": false,
                                "maxDate": null
                            }
                        },
                        {
                            "label": "Waar",
                            "tableView": true,
                            "inputFormat": "plain",
                            "validate": {
                                "required": true
                            },
                            "key": "waar1",
                            "type": "textarea",
                            "input": true,
                            "autoExpand": false
                        },
                        {
                            "label": "Waarom wilt u hier parkeren?",
                            "tableView": true,
                            "inputFormat": "plain",
                            "validate": {
                                "required": true
                            },
                            "key": "waaromWiltUHierParkeren",
                            "type": "textarea",
                            "input": true,
                            "autoExpand": false
                        },
                        {
                            "label": "Voeg de kentekens toe waarvoor u toestemming wilt hebben",
                            "reorder": false,
                            "addAnotherPosition": "bottom",
                            "layoutFixed": false,
                            "enableRowGroups": false,
                            "initEmpty": false,
                            "tableView": false,
                            "defaultValue": [
                                {
                                    "container": {
                                        "kenteken": ""
                                    }
                                }
                            ],
                            "key": "voegDeKentekensToeWaarvoorUToestemmingWiltHebben1",
                            "type": "datagrid",
                            "input": true,
                            "components": [
                                {
                                    "components": [
                                        {
                                            "label": "Kenteken",
                                            "tableView": true,
                                            "validate": {
                                                "required": true
                                            },
                                            "key": "kenteken1",
                                            "type": "textfield",
                                            "input": true,
                                            "prefill": {
                                                "plugin": "",
                                                "attribute": "",
                                                "identifierRole": "main"
                                            }
                                        }
                                    ],
                                    "key": "fieldSet-1-2-3",
                                    "type": "fieldset",
                                    "label": "Field Set",
                                    "tree": false,
                                    "input": false,
                                    "hidden": false,
                                    "legend": "",
                                    "prefix": "",
                                    "suffix": "",
                                    "unique": false,
                                    "widget": null,
                                    "dbIndex": false,
                                    "overlay": {
                                        "top": "",
                                        "left": "",
                                        "style": "",
                                        "width": "",
                                        "height": ""
                                    },
                                    "tooltip": "",
                                    "disabled": false,
                                    "multiple": false,
                                    "redrawOn": "",
                                    "tabindex": "",
                                    "validate": {
                                        "custom": "",
                                        "unique": false,
                                        "multiple": false,
                                        "required": false,
                                        "customPrivate": false,
                                        "strictDateValidation": false
                                    },
                                    "autofocus": false,
                                    "encrypted": false,
                                    "hideLabel": false,
                                    "modalEdit": false,
                                    "protected": false,
                                    "refreshOn": "",
                                    "tableView": false,
                                    "attributes": {},
                                    "errorLabel": "",
                                    "hideHeader": false,
                                    "persistent": false,
                                    "properties": {},
                                    "validateOn": "change",
                                    "clearOnHide": true,
                                    "conditional": {
                                        "eq": "",
                                        "show": null,
                                        "when": null
                                    },
                                    "customClass": "",
                                    "description": "",
                                    "placeholder": "",
                                    "defaultValue": null,
                                    "dataGridLabel": false,
                                    "labelPosition": "top",
                                    "showCharCount": false,
                                    "showWordCount": false,
                                    "calculateValue": "",
                                    "calculateServer": false,
                                    "allowMultipleMasks": false,
                                    "customDefaultValue": "",
                                    "allowCalculateOverride": false
                                }
                            ]
                        }
                    ],
                    "key": "fieldSet-1-2",
                    "type": "fieldset",
                    "label": "Field Set",
                    "tree": false,
                    "input": false,
                    "hidden": false,
                    "legend": "",
                    "prefix": "",
                    "suffix": "",
                    "unique": false,
                    "widget": null,
                    "dbIndex": false,
                    "overlay": {
                        "top": "",
                        "left": "",
                        "style": "",
                        "width": "",
                        "height": ""
                    },
                    "tooltip": "",
                    "disabled": false,
                    "multiple": false,
                    "redrawOn": "",
                    "tabindex": "",
                    "validate": {
                        "custom": "",
                        "unique": false,
                        "multiple": false,
                        "required": false,
                        "customPrivate": false,
                        "strictDateValidation": false
                    },
                    "autofocus": false,
                    "encrypted": false,
                    "hideLabel": false,
                    "modalEdit": false,
                    "protected": false,
                    "refreshOn": "",
                    "tableView": false,
                    "attributes": {},
                    "errorLabel": "",
                    "hideHeader": false,
                    "persistent": false,
                    "properties": {},
                    "validateOn": "change",
                    "clearOnHide": true,
                    "customClass": "",
                    "description": "",
                    "placeholder": "",
                    "defaultValue": null,
                    "dataGridLabel": false,
                    "labelPosition": "top",
                    "showCharCount": false,
                    "showWordCount": false,
                    "calculateValue": "",
                    "calculateServer": false,
                    "allowMultipleMasks": false,
                    "customDefaultValue": "",
                    "allowCalculateOverride": false
                },
                {
                    "label": "Columns",
                    "columns": [
                        {
                            "components": [],
                            "width": 3,
                            "offset": 0,
                            "push": 0,
                            "pull": 0,
                            "size": "sm",
                            "currentWidth": 3
                        },
                        {
                            "components": [],
                            "size": "sm",
                            "width": 3,
                            "offset": 0,
                            "push": 0,
                            "pull": 0,
                            "currentWidth": 3
                        }
                    ],
                    "key": "columns8",
                    "type": "columns",
                    "input": false,
                    "tableView": false,
                    "hideOnChildrenHidden": false
                }
            ]
        }
    },
    {
        "url": "http://localhost/api/v2/form-definitions/f0e25637-2fe4-4a71-966b-16b3b3ec658f",
        "uuid": "f0e25637-2fe4-4a71-966b-16b3b3ec658f",
        "name": "Anders",
        "slug": "anders",
        "configuration": {
            "display": "form",
            "components": [
                {
                    "components": [
                        {
                            "label": "Vanaf wanneer heeft u toestemming nodig?",
                            "placeholder": "dag-maand-jaar",
                            "tableView": false,
                            "enableMinDateInput": false,
                            "datePicker": {
                                "disableWeekends": false,
                                "disableWeekdays": false
                            },
                            "enableMaxDateInput": false,
                            "timePicker": {
                                "showMeridian": false
                            },
                            "validate": {
                                "required": true
                            },
                            "key": "vanafWanneerAnders",
                            "type": "datetime",
                            "input": true,
                            "widget": {
                                "type": "calendar",
                                "displayInTimezone": "viewer",
                                "locale": "nl",
                                "useLocaleSettings": false,
                                "allowInput": true,
                                "mode": "single",
                                "enableTime": false,
                                "noCalendar": false,
                                "format": "dd-MM-yyyy",
                                "hourIncrement": 1,
                                "minuteIncrement": 5,
                                "time_24hr": true,
                                "minDate": null,
                                "disableWeekends": false,
                                "disableWeekdays": false,
                                "maxDate": null
                            }
                        },
                        {
                            "label": "Tot wanneer?",
                            "placeholder": "dag-maand-jaar",
                            "tableView": false,
                            "enableMinDateInput": false,
                            "datePicker": {
                                "disableWeekends": false,
                                "disableWeekdays": false
                            },
                            "enableMaxDateInput": false,
                            "timePicker": {
                                "showMeridian": false
                            },
                            "validate": {
                                "required": true
                            },
                            "key": "totWanneer2",
                            "type": "datetime",
                            "input": true,
                            "widget": {
                                "type": "calendar",
                                "displayInTimezone": "viewer",
                                "locale": "nl",
                                "useLocaleSettings": false,
                                "allowInput": true,
                                "mode": "single",
                                "enableTime": false,
                                "noCalendar": false,
                                "format": "dd-MM-yyyy",
                                "hourIncrement": 1,
                                "minuteIncrement": 5,
                                "time_24hr": true,
                                "minDate": null,
                                "disableWeekends": false,
                                "disableWeekdays": false,
                                "maxDate": null
                            }
                        },
                        {
                            "label": "Waar",
                            "tableView": true,
                            "inputFormat": "plain",
                            "validate": {
                                "required": true
                            },
                            "key": "waar2",
                            "type": "textarea",
                            "input": true,
                            "autoExpand": false
                        },
                        {
                            "label": "Wat gaat u doen?",
                            "tableView": true,
                            "inputFormat": "plain",
                            "validate": {
                                "required": true
                            },
                            "key": "watGaatUDoen",
                            "type": "textarea",
                            "input": true,
                            "autoExpand": false
                        },
                        {
                            "label": "Voeg de kentekens toe waarvoor u toestemming wilt hebben",
                            "reorder": false,
                            "addAnotherPosition": "bottom",
                            "layoutFixed": false,
                            "enableRowGroups": false,
                            "initEmpty": false,
                            "tableView": false,
                            "defaultValue": [
                                {}
                            ],
                            "key": "voegDeKentekensToeWaarvoorUToestemmingWiltHebben2",
                            "type": "datagrid",
                            "input": true,
                            "components": [
                                {
                                    "components": [
                                        {
                                            "label": "Kenteken",
                                            "tableView": true,
                                            "validate": {
                                                "required": true
                                            },
                                            "key": "kenteken2",
                                            "type": "textfield",
                                            "input": true,
                                            "prefill": {
                                                "plugin": "",
                                                "attribute": "",
                                                "identifierRole": "main"
                                            }
                                        }
                                    ],
                                    "key": "fieldSet-1",
                                    "type": "fieldset",
                                    "label": "Field Set",
                                    "tree": false,
                                    "input": false,
                                    "hidden": false,
                                    "legend": "",
                                    "prefix": "",
                                    "suffix": "",
                                    "unique": false,
                                    "widget": null,
                                    "dbIndex": false,
                                    "overlay": {
                                        "top": "",
                                        "left": "",
                                        "style": "",
                                        "width": "",
                                        "height": ""
                                    },
                                    "tooltip": "",
                                    "disabled": false,
                                    "multiple": false,
                                    "redrawOn": "",
                                    "tabindex": "",
                                    "validate": {
                                        "custom": "",
                                        "unique": false,
                                        "multiple": false,
                                        "required": false,
                                        "customPrivate": false,
                                        "strictDateValidation": false
                                    },
                                    "autofocus": false,
                                    "encrypted": false,
                                    "hideLabel": false,
                                    "modalEdit": false,
                                    "protected": false,
                                    "refreshOn": "",
                                    "tableView": false,
                                    "attributes": {},
                                    "errorLabel": "",
                                    "hideHeader": false,
                                    "persistent": false,
                                    "properties": {},
                                    "validateOn": "change",
                                    "clearOnHide": true,
                                    "conditional": {
                                        "eq": "",
                                        "show": null,
                                        "when": null
                                    },
                                    "customClass": "",
                                    "description": "",
                                    "placeholder": "",
                                    "defaultValue": null,
                                    "dataGridLabel": false,
                                    "labelPosition": "top",
                                    "showCharCount": false,
                                    "showWordCount": false,
                                    "calculateValue": "",
                                    "calculateServer": false,
                                    "allowMultipleMasks": false,
                                    "customDefaultValue": "",
                                    "allowCalculateOverride": false
                                }
                            ]
                        }
                    ],
                    "key": "fieldSet",
                    "type": "fieldset",
                    "label": "Field Set",
                    "tree": false,
                    "input": false,
                    "hidden": false,
                    "legend": "",
                    "prefix": "",
                    "suffix": "",
                    "unique": false,
                    "widget": null,
                    "dbIndex": false,
                    "overlay": {
                        "top": "",
                        "left": "",
                        "style": "",
                        "width": "",
                        "height": ""
                    },
                    "tooltip": "",
                    "disabled": false,
                    "multiple": false,
                    "redrawOn": "",
                    "tabindex": "",
                    "validate": {
                        "custom": "",
                        "unique": false,
                        "multiple": false,
                        "required": false,
                        "customPrivate": false,
                        "strictDateValidation": false
                    },
                    "autofocus": false,
                    "encrypted": false,
                    "hideLabel": false,
                    "modalEdit": false,
                    "protected": false,
                    "refreshOn": "",
                    "tableView": false,
                    "attributes": {},
                    "errorLabel": "",
                    "hideHeader": false,
                    "persistent": false,
                    "properties": {},
                    "validateOn": "change",
                    "clearOnHide": true,
                    "customClass": "",
                    "description": "",
                    "placeholder": "",
                    "defaultValue": null,
                    "dataGridLabel": false,
                    "labelPosition": "top",
                    "showCharCount": false,
                    "showWordCount": false,
                    "calculateValue": "",
                    "calculateServer": false,
                    "allowMultipleMasks": false,
                    "customDefaultValue": "",
                    "allowCalculateOverride": false
                },
                {
                    "label": "Columns",
                    "columns": [
                        {
                            "components": [],
                            "width": 3,
                            "offset": 0,
                            "push": 0,
                            "pull": 0,
                            "size": "sm",
                            "currentWidth": 3
                        },
                        {
                            "components": [],
                            "size": "sm",
                            "width": 3,
                            "offset": 0,
                            "push": 0,
                            "pull": 0,
                            "currentWidth": 3
                        }
                    ],
                    "key": "columns7",
                    "type": "columns",
                    "input": false,
                    "tableView": false,
                    "hideOnChildrenHidden": false
                }
            ]
        }
    }
]