[
    {
        "uuid": "c3312366-697b-415c-85dc-67234265bcee",
        "index": "0",
        "slug": "uw-gegevens",
        "form_definition": "http://localhost/api/v2/form-definitions/96e7cd6e-7d10-4ef4-b449-eb1e7efe0aa8"
    },
    {
        "uuid": "607ae46f-c0ad-40bc-bdda-02e4855b3c8f",
        "index": "1",
        "slug": "toestemming",
        "form_definition": "http://localhost/api/v2/form-definitions/997263ab-cf1f-4713-a8bb-5f457940cfc3"
    },
    {
        "uuid": "487bb0c0-d33e-4664-83e8-88437db56ccb",
        "index": "2",
        "slug": "laden-en-lossen",
        "form_definition": "http://localhost/api/v2/form-definitions/9fa5b19b-ce2b-4657-89b4-9279f6d6c11d"
    },
    {
        "uuid": "fef6a7c8-55f0-4009-82be-d714547c5d36",
        "index": "3",
        "slug": "parkeren-vergunninghoudersplaats",
        "form_definition": "http://localhost/api/v2/form-definitions/891d678e-b0df-430f-aa96-7af175e0f4f9"
    },
    {
        "uuid": "4dceddd5-8b85-448b-a937-675a5f301dcc",
        "index": "4",
        "slug": "anders",
        "form_definition": "http://localhost/api/v2/form-definitions/f0e25637-2fe4-4a71-966b-16b3b3ec658f"
    }
]