[
    {
        "uuid": "6321e894-d083-409a-91a0-f90c0a138595",
        "name": "Aanvraagformulier starterslening aanvragen",
        "internal_name": "",
        "login_required": false,
        "authentication_backends": [],
        "slug": "aanvraagformulierstartersleningaanvragen",
        "url": "http://localhost/api/v2/forms/6321e894-d083-409a-91a0-f90c0a138595",
        "show_progress_indicator": true,
        "maintenance_mode": false,
        "active": true,
        "is_deleted": false,
        "suspension_allowed": true,
        "send_confirmation_email": true,
        "display_main_website_link": true,
        "required_fields_with_asterisk": true,
        "resume_link_lifetime": 7,
        "hide_non_applicable_steps": true
    }
]