[
    {
        "url": "http://localhost/api/v2/form-definitions/852c533d-0f0b-4ab3-8593-2746af7676e3",
        "uuid": "852c533d-0f0b-4ab3-8593-2746af7676e3",
        "name": "Algemeen",
        "slug": "algemeen",
        "configuration": {
            "display": "form",
            "components": [
                {
                    "html": "<h2>Informatiekraam melden of vergunning aanvragen</h2>",
                    "label": "Content",
                    "refreshOnChange": false,
                    "key": "content14",
                    "type": "content",
                    "input": false,
                    "tableView": false
                },
                {
                    "components": [
                        {
                            "collapsible": false,
                            "key": "page1",
                            "type": "panel",
                            "label": "Panel",
                            "input": false,
                            "tableView": false,
                            "components": [
                                {
                                    "label": "Voor wie vraagt u aan?",
                                    "optionsLabelPosition": "right",
                                    "inline": false,
                                    "tableView": false,
                                    "values": [
                                        {
                                            "label": "mijzelf",
                                            "value": "mijzelf",
                                            "shortcut": ""
                                        },
                                        {
                                            "label": "een organisatie of bedrijf",
                                            "value": "organisatie",
                                            "shortcut": ""
                                        }
                                    ],
                                    "dataType": "auto",
                                    "validate": {
                                        "required": true
                                    },
                                    "key": "namensWieVraagtUEenOntheffingAan",
                                    "conditional": {
                                        "show": true,
                                        "when": "inlogmiddel",
                                        "eq": "digid"
                                    },
                                    "customConditional": "show = (data.bsn && data.bsn.length > 0) || (data.inlogmiddel == 'digid');",
                                    "type": "radio",
                                    "input": true
                                },
                                {
                                    "label": "Naam organisatie of bedrijf",
                                    "tableView": true,
                                    "validate": {
                                        "required": true
                                    },
                                    "key": "naamOrganisatieOfBedrijf",
                                    "properties": {
                                        "dms_key": "initiator.niet_natuurlijk_persoon.statutaireNaam"
                                    },
                                    "conditional": {
                                        "show": true,
                                        "when": "namensWieVraagtUEenOntheffingAan",
                                        "eq": "organisatie"
                                    },
                                    "type": "textfield",
                                    "input": true,
                                    "prefill": {
                                        "plugin": "",
                                        "attribute": "",
                                        "identifierRole": "main"
                                    }
                                },
                                {
                                    "label": "Inschrijfnummer Kamer van Koophandel",
                                    "tableView": true,
                                    "validateOn": "blur",
                                    "validate": {
                                        "required": true,
                                        "pattern": "^[0-9]*$",
                                        "customMessage": "Een inschrijfnummer Kamer van Koophandel bevat 8 cijfers.",
                                        "minLength": 8,
                                        "maxLength": 8
                                    },
                                    "key": "inschrijfnummerKamerVanKoophandel",
                                    "properties": {
                                        "vip_key": "kvk"
                                    },
                                    "conditional": {
                                        "show": true,
                                        "when": "namensWieVraagtUEenOntheffingAan",
                                        "eq": "organisatie"
                                    },
                                    "type": "textfield",
                                    "input": true,
                                    "prefill": {
                                        "plugin": "",
                                        "attribute": "",
                                        "identifierRole": "main"
                                    }
                                },
                                {
                                    "label": "Bent u zelf de contactpersoon van deze aanvraag?",
                                    "optionsLabelPosition": "right",
                                    "inline": false,
                                    "tableView": false,
                                    "values": [
                                        {
                                            "label": "ja",
                                            "value": "ja",
                                            "shortcut": ""
                                        },
                                        {
                                            "label": "nee",
                                            "value": "nee",
                                            "shortcut": ""
                                        }
                                    ],
                                    "validate": {
                                        "required": true
                                    },
                                    "key": "contactpersoon",
                                    "properties": {
                                        "vip_key": "initiator_is_contact"
                                    },
                                    "conditional": {
                                        "show": true,
                                        "when": "inlogmiddel",
                                        "eq": "digid"
                                    },
                                    "customConditional": "show = (data.bsn && data.bsn.length > 0) || (data.inlogmiddel == 'digid');",
                                    "type": "radio",
                                    "input": true
                                },
                                {
                                    "label": "Naam contactpersoon",
                                    "tableView": true,
                                    "validate": {
                                        "required": true
                                    },
                                    "key": "naamContactpersoon",
                                    "properties": {
                                        "vip_key": "name"
                                    },
                                    "customConditional": "show = false;\n\nif(data.inlogmiddel && data.inlogmiddel == 'eherkenning') {\n  show = true;\n}else if(data.contactpersoon && data.contactpersoon == 'nee') {\n  show = true;\n}",
                                    "type": "textfield",
                                    "input": true,
                                    "prefill": {
                                        "plugin": "",
                                        "attribute": "",
                                        "identifierRole": "main"
                                    }
                                },
                                {
                                    "label": "E-mailadres",
                                    "tableView": true,
                                    "validateOn": "blur",
                                    "validate": {
                                        "required": true
                                    },
                                    "key": "eMailadres",
                                    "properties": {
                                        "vip_key": "email",
                                        "oz_api": "zaakeigenschappen",
                                        "oz_name": "email_adres"
                                    },
                                    "type": "email",
                                    "input": true
                                },
                                {
                                    "label": "De gemeente mag dit e-mailadres gebruiken om te reageren op mijn aanvraag.",
                                    "optionsLabelPosition": "right",
                                    "inline": false,
                                    "tableView": false,
                                    "values": [
                                        {
                                            "label": "ja",
                                            "value": "ja",
                                            "shortcut": ""
                                        },
                                        {
                                            "label": "nee",
                                            "value": "nee",
                                            "shortcut": ""
                                        }
                                    ],
                                    "key": "deGemeenteMagDitEMailadresGebruikenOmTeReagerenOpMijnAanvraag",
                                    "type": "radio",
                                    "input": true
                                },
                                {
                                    "label": "Telefoonnummer",
                                    "tableView": true,
                                    "validate": {
                                        "required": true
                                    },
                                    "key": "telefoonnummer",
                                    "properties": {
                                        "vip_key": "phone",
                                        "oz_api": "zaakeigenschappen",
                                        "oz_name": "telefoonnummer"
                                    },
                                    "type": "textfield",
                                    "input": true,
                                    "prefill": {
                                        "plugin": "",
                                        "attribute": "",
                                        "identifierRole": "main"
                                    }
                                }
                            ]
                        }
                    ],
                    "key": "fieldSet",
                    "type": "fieldset",
                    "label": "Field Set",
                    "tree": false,
                    "input": false,
                    "hidden": false,
                    "legend": "",
                    "prefix": "",
                    "suffix": "",
                    "unique": false,
                    "widget": null,
                    "dbIndex": false,
                    "overlay": {
                        "top": "",
                        "left": "",
                        "style": "",
                        "width": "",
                        "height": ""
                    },
                    "tooltip": "",
                    "disabled": false,
                    "multiple": false,
                    "redrawOn": "",
                    "tabindex": "",
                    "validate": {
                        "custom": "",
                        "unique": false,
                        "multiple": false,
                        "required": false,
                        "customPrivate": false,
                        "strictDateValidation": false
                    },
                    "autofocus": false,
                    "encrypted": false,
                    "hideLabel": false,
                    "modalEdit": false,
                    "protected": false,
                    "refreshOn": "",
                    "tableView": false,
                    "attributes": {},
                    "errorLabel": "",
                    "hideHeader": false,
                    "persistent": false,
                    "properties": {},
                    "validateOn": "change",
                    "clearOnHide": true,
                    "customClass": "",
                    "description": "",
                    "placeholder": "",
                    "defaultValue": null,
                    "dataGridLabel": false,
                    "labelPosition": "top",
                    "showCharCount": false,
                    "showWordCount": false,
                    "calculateValue": "",
                    "calculateServer": false,
                    "allowMultipleMasks": false,
                    "customDefaultValue": "",
                    "allowCalculateOverride": false,
                    "originalFormName": "apvBlok2A"
                },
                {
                    "label": "Columns",
                    "columns": [
                        {
                            "components": [],
                            "width": 3,
                            "offset": 0,
                            "push": 0,
                            "pull": 0,
                            "size": "sm",
                            "currentWidth": 3
                        },
                        {
                            "components": [],
                            "width": 6,
                            "offset": 0,
                            "push": 0,
                            "pull": 0,
                            "size": "md",
                            "currentWidth": 6
                        }
                    ],
                    "key": "columns",
                    "type": "columns",
                    "input": false,
                    "tableView": false,
                    "hideOnChildrenHidden": false
                }
            ]
        }
    },
    {
        "url": "http://localhost/api/v2/form-definitions/40976e81-78d3-4caa-825b-4fa118d3518b",
        "uuid": "40976e81-78d3-4caa-825b-4fa118d3518b",
        "name": "Informatiekraam melden",
        "slug": "informatiekraam-melden",
        "configuration": {
            "display": "form",
            "components": [
                {
                    "html": "<h2>Informatiekraam melden of vergunning aanvragen</h2>",
                    "label": "Content",
                    "refreshOnChange": false,
                    "key": "content15",
                    "type": "content",
                    "input": false,
                    "tableView": false
                },
                {
                    "html": "<p style=\"margin-left:0px;\">U hoeft uw informatiekraam alleen te melden (geen vergunning aan te vragen) als u zich aan á<strong>lle </strong>volgende vergunningvrije voorwaarden houdt:</p><ul><li>U plaatst de kraam in de Broerstraat op de kruisingen met de Ziekerstraat, de Pauwelsstraat en Plein 1944</li><li>U plaatst de kraam op zaterdag van 09.00 tot 18.00 uur en op donderdagavond van 17.00 tot 21.00 uur</li><li><span style=\"color:rgb(33,33,33);\">U plaatst de kraam niet op een parkeerplaats</span></li><li>U plaatst de kraam niet als de kraam andere activiteiten in de weg staat, bijvoorbeeld bij onderhoudswerkzaamheden, evenementen, kermis en andere feesten</li><li><span style=\"color:rgb(33,33,33);\">U zorgt dat de weg altijd vrij is (minimaal 4 meter breed en 4,2 meter hoog) voor hulpdiensten politie, brandweer, ambulance</span></li><li><span style=\"color:rgb(33,33,33);\">U zorgt voor een vrije doorgang van minstens 1,20 meter voor voetgangers en mensen met een fysieke beperking (bijvoorbeeld mensen in een rolstoel)</span></li><li><span style=\"color:rgb(33,33,33);\">U zorgt dat voorzieningen voor hulpdiensten (zoals brandkranen) goed bereikbaar blijven</span></li><li><span style=\"color:rgb(33,33,33);\">Uw kraam beschadigt stoep of straat niet. Maak bijvoorbeeld geen voorwerpen vast aan de straat met pinnen</span></li><li><span style=\"color:rgb(33,33,33);\">Voorkom overlast of gevaar zoals brand</span></li><li><span style=\"color:rgb(33,33,33);\">Uw kraam moet netjes en schoon zijn</span></li></ul>",
                    "label": "Content",
                    "refreshOnChange": false,
                    "key": "content",
                    "type": "content",
                    "input": false,
                    "tableView": false,
                    "hideOnChildrenHidden": false
                },
                {
                    "label": "Houdt u zich aan al deze voorwaarden?",
                    "optionsLabelPosition": "right",
                    "inline": false,
                    "tableView": false,
                    "values": [
                        {
                            "label": "ja",
                            "value": "ja",
                            "shortcut": ""
                        },
                        {
                            "label": "nee",
                            "value": "nee",
                            "shortcut": ""
                        }
                    ],
                    "validate": {
                        "required": true
                    },
                    "key": "voorwaarden",
                    "type": "radio",
                    "input": true
                },
                {
                    "html": "<p><span style=\"background-color:rgb(255,255,255);color:rgb(0,0,0);\">U hoeft geen vergunning aan te vragen om uw kraam te plaatsen. Een melding is voldoende. Dit doet u door aan het einde van deze vragenlijst te klikken op ‘verzenden’.</span></p>",
                    "label": "Content",
                    "refreshOnChange": false,
                    "key": "content1",
                    "type": "content",
                    "input": false,
                    "tableView": false
                },
                {
                    "html": "<p><span style=\"background-color:rgb(255,255,255);color:rgb(0,0,0);\">U heeft een vergunning nodig om uw informatiekraam&nbsp; te mogen plaatsen. U vraagt de vergunning aan door aan het einde van deze vragenlijst te klikken op 'verzenden'.&nbsp;</span></p>",
                    "label": "Content",
                    "refreshOnChange": false,
                    "key": "content3",
                    "type": "content",
                    "input": false,
                    "tableView": false
                },
                {
                    "label": "Columns",
                    "columns": [
                        {
                            "components": [],
                            "width": 3,
                            "offset": 0,
                            "push": 0,
                            "pull": 0,
                            "size": "sm",
                            "currentWidth": 3
                        },
                        {
                            "components": [],
                            "size": "sm",
                            "width": 3,
                            "offset": 0,
                            "push": 0,
                            "pull": 0,
                            "currentWidth": 3
                        }
                    ],
                    "key": "columns1",
                    "type": "columns",
                    "input": false,
                    "tableView": false,
                    "hideOnChildrenHidden": false
                }
            ]
        }
    },
    {
        "url": "http://localhost/api/v2/form-definitions/bf3c6808-d911-4403-a37f-7ebd4e33191c",
        "uuid": "bf3c6808-d911-4403-a37f-7ebd4e33191c",
        "name": "Gegevens kraam",
        "slug": "gegevens-kraam",
        "configuration": {
            "display": "form",
            "components": [
                {
                    "html": "<h2>Informatiekraam melden of vergunning aanvragen</h2>",
                    "label": "Content",
                    "refreshOnChange": false,
                    "key": "content16",
                    "type": "content",
                    "input": false,
                    "tableView": false
                },
                {
                    "label": "Waarom wilt u een informatiekraam plaatsen?",
                    "optionsLabelPosition": "right",
                    "inline": false,
                    "tableView": false,
                    "values": [
                        {
                            "label": "alleen om informatie te geven voor een organisatie die geen winst maakt (non-profit)",
                            "value": "informatie",
                            "shortcut": ""
                        },
                        {
                            "label": "om reclame te maken voor een bedrijf dat winst maakt (commercieel)",
                            "value": "reclame",
                            "shortcut": ""
                        },
                        {
                            "label": "anders",
                            "value": "anders",
                            "shortcut": ""
                        }
                    ],
                    "validate": {
                        "required": true
                    },
                    "key": "waaromWiltUEenInformatiekraamPlaatsen",
                    "type": "radio",
                    "input": true
                },
                {
                    "label": "Welke informatie gaat u geven of welke reclame gaat u maken?",
                    "tableView": true,
                    "validate": {
                        "required": true
                    },
                    "key": "waaromDan",
                    "type": "textarea",
                    "input": true,
                    "autoExpand": false
                },
                {
                    "label": "Afmetingen",
                    "description": "Geef de lengte x breedte x hoogte in meters aan.",
                    "tableView": true,
                    "validate": {
                        "required": true
                    },
                    "key": "afmetingenGeefDeLengteXBreedteXHoogteInMetersAan",
                    "type": "textfield",
                    "input": true,
                    "prefill": {
                        "plugin": "",
                        "attribute": "",
                        "identifierRole": "main"
                    }
                },
                {
                    "label": "Waar wilt u een informatiekraam plaatsen? (Vul het adres in)",
                    "tableView": true,
                    "validate": {
                        "required": true
                    },
                    "key": "waarWiltUEenInformatiekraamPlaatsenVulHetAdresIn",
                    "type": "textarea",
                    "input": true,
                    "autoExpand": false
                },
                {
                    "label": "Wanneer wilt u de informatiekraam plaatsen?",
                    "placeholder": "dag-maand-jaar",
                    "tableView": false,
                    "enableMinDateInput": false,
                    "datePicker": {
                        "disableWeekends": false,
                        "disableWeekdays": false
                    },
                    "enableMaxDateInput": false,
                    "timePicker": {
                        "showMeridian": false
                    },
                    "validate": {
                        "required": true,
                        "custom": "var eergisteren = new Date((new Date()).valueOf() - 1000*60*60*48);\nvar invulDatum = new Date(input.split('-')[2] + '-' + input.split('-')[1] + '-' + input.split('-')[0]).getTime();\nif(eergisteren >= invulDatum) {\n  valid = 'Deze datum mag maximaal 1 dag in het verleden liggen.';\n} else {\nvalid = true;\n}\n"
                    },
                    "validateOn": "blur",
                    "key": "wanneerWiltUDeInformatiekraamPlaatsen",
                    "type": "datetime",
                    "input": true,
                    "widget": {
                        "type": "calendar",
                        "displayInTimezone": "viewer",
                        "locale": "nl",
                        "useLocaleSettings": false,
                        "allowInput": true,
                        "mode": "single",
                        "enableTime": false,
                        "noCalendar": false,
                        "format": "dd-MM-yyyy",
                        "hourIncrement": 1,
                        "minuteIncrement": 5,
                        "time_24hr": true,
                        "minDate": null,
                        "disableWeekends": false,
                        "disableWeekdays": false,
                        "maxDate": null
                    }
                },
                {
                    "label": "Starttijd",
                    "inputType": "text",
                    "tableView": true,
                    "dataFormat": "HH:mm",
                    "validate": {
                        "required": true
                    },
                    "validateOn": "blur",
                    "key": "starttijd",
                    "type": "time",
                    "input": true,
                    "inputMask": "99:99"
                },
                {
                    "label": "Eindtijd",
                    "inputType": "text",
                    "tableView": true,
                    "dataFormat": "HH:mm",
                    "validate": {
                        "required": true
                    },
                    "validateOn": "blur",
                    "key": "eindtijd",
                    "type": "time",
                    "input": true,
                    "inputMask": "99:99"
                },
                {
                    "label": "Columns",
                    "columns": [
                        {
                            "components": [],
                            "width": 3,
                            "offset": 0,
                            "push": 0,
                            "pull": 0,
                            "size": "sm",
                            "currentWidth": 3
                        },
                        {
                            "components": [],
                            "size": "sm",
                            "width": 3,
                            "offset": 0,
                            "push": 0,
                            "pull": 0,
                            "currentWidth": 3
                        }
                    ],
                    "key": "columns3",
                    "type": "columns",
                    "input": false,
                    "tableView": false,
                    "hideOnChildrenHidden": false
                }
            ]
        }
    }
]