[
    {
        "uuid": "cafd1a2f-e7cf-4ac7-bb1c-be72dbed3846",
        "name": "Informatiekraam melden of vergunning aanvragen",
        "internal_name": "",
        "login_required": false,
        "authentication_backends": [],
        "slug": "informatiekraammeldenofvergunningaanvragen",
        "url": "http://localhost/api/v2/forms/cafd1a2f-e7cf-4ac7-bb1c-be72dbed3846",
        "show_progress_indicator": true,
        "maintenance_mode": false,
        "active": true,
        "is_deleted": false,
        "suspension_allowed": true,
        "send_confirmation_email": true,
        "display_main_website_link": true,
        "required_fields_with_asterisk": true,
        "resume_link_lifetime": 7,
        "hide_non_applicable_steps": true
    }
]