[
    {
        "uuid": "a2f20931-c3ac-4970-b4c6-d9608853fae8",
        "name": "Ontheffing vervoer gevaarlijke stoffen aanvragen",
        "internal_name": "",
        "login_required": false,
        "authentication_backends": [],
        "slug": "ontheffingvervoergevaarlijkestoffenaanvragen",
        "url": "http://localhost/api/v2/forms/a2f20931-c3ac-4970-b4c6-d9608853fae8",
        "show_progress_indicator": true,
        "maintenance_mode": false,
        "active": true,
        "is_deleted": false,
        "suspension_allowed": true,
        "send_confirmation_email": true,
        "display_main_website_link": true,
        "required_fields_with_asterisk": true,
        "resume_link_lifetime": 7,
        "hide_non_applicable_steps": true
    }
]