[
    {
        "uuid": "452a051b-fc4b-4d8b-bc7e-e6287b967585",
        "index": "0",
        "slug": "algemeen",
        "form_definition": "http://localhost/api/v2/form-definitions/086680f2-634a-4e45-98fc-61474e72f802"
    },
    {
        "uuid": "7cb136b2-65a8-418b-baab-c8112f794802",
        "index": "1",
        "slug": "gegevens-ontheffing",
        "form_definition": "http://localhost/api/v2/form-definitions/8bb42620-fb83-4a95-bafa-65c40c90ab5d"
    },
    {
        "uuid": "3699ca1a-4d0c-4bf6-8077-5cb5d0c24cdf",
        "index": "2",
        "slug": "bijlage",
        "form_definition": "http://localhost/api/v2/form-definitions/ab723115-95b7-4da9-afad-52f28c98e672"
    }
]