[
    {
        "uuid": "feb9db13-a886-4847-a69a-35208f4f76de",
        "name": "Hond aan- of afmelden hondenbelasting",
        "internal_name": "",
        "login_required": false,
        "authentication_backends": [],
        "slug": "hondaanofafmeldenhondenbelasting",
        "url": "http://localhost/api/v2/forms/feb9db13-a886-4847-a69a-35208f4f76de",
        "show_progress_indicator": true,
        "maintenance_mode": false,
        "active": true,
        "is_deleted": false,
        "suspension_allowed": true,
        "send_confirmation_email": true,
        "display_main_website_link": true,
        "required_fields_with_asterisk": true,
        "resume_link_lifetime": 7,
        "hide_non_applicable_steps": true
    }
]