[
    {
        "uuid": "3e3c399a-6512-4287-a323-4fa349edeace",
        "name": "Aanmelden sportactiviteit",
        "internal_name": "",
        "login_required": false,
        "authentication_backends": [],
        "slug": "aanmeldensportactiviteit",
        "url": "http://localhost/api/v2/forms/3e3c399a-6512-4287-a323-4fa349edeace",
        "show_progress_indicator": true,
        "maintenance_mode": false,
        "active": true,
        "is_deleted": false,
        "suspension_allowed": true,
        "send_confirmation_email": true,
        "display_main_website_link": true,
        "required_fields_with_asterisk": true,
        "resume_link_lifetime": 7,
        "hide_non_applicable_steps": true
    }
]