[
    {
        "uuid": "15e07acd-9eff-440a-ad83-095ca85f236d",
        "index": "0",
        "slug": "uw-gegevens",
        "form_definition": "http://localhost/api/v2/form-definitions/558bc551-af88-4bbf-ab9b-bbdae9c519f9"
    },
    {
        "uuid": "dc7bc7fd-f846-40b6-8dfb-be33d5148e9c",
        "index": "1",
        "slug": "iban",
        "form_definition": "http://localhost/api/v2/form-definitions/f7d96ae2-0dc5-44ef-ac86-31432883dcbe"
    },
    {
        "uuid": "271f754e-ce68-43b8-a62e-f853c4ce9708",
        "index": "2",
        "slug": "subsidie",
        "form_definition": "http://localhost/api/v2/form-definitions/46657cb4-527e-47d9-bec2-60528690e806"
    },
    {
        "uuid": "2f92006c-f347-482f-83c5-089277319a35",
        "index": "3",
        "slug": "bijlagen",
        "form_definition": "http://localhost/api/v2/form-definitions/a64d6370-42e0-44c0-99e3-b36b9ca32d9f"
    }
]