[
    {
        "uuid": "10bcd40c-0ebc-4d3a-869b-bc71de8c6232",
        "name": "Subsidie aanvragen opleiding zzp",
        "internal_name": "",
        "login_required": false,
        "authentication_backends": [],
        "slug": "subsidieaanvragenopleidingzzp",
        "url": "http://localhost/api/v2/forms/10bcd40c-0ebc-4d3a-869b-bc71de8c6232",
        "show_progress_indicator": true,
        "maintenance_mode": false,
        "active": true,
        "is_deleted": false,
        "suspension_allowed": true,
        "send_confirmation_email": true,
        "display_main_website_link": true,
        "required_fields_with_asterisk": true,
        "resume_link_lifetime": 7,
        "hide_non_applicable_steps": true
    }
]