[
    {
        "uuid": "7806603e-ba42-45a6-8faf-eeff6e9e34b8",
        "index": "0",
        "slug": "uw-gegevens",
        "form_definition": "http://localhost/api/v2/form-definitions/d45a7759-7ff8-407d-b821-f644dd7b86da"
    },
    {
        "uuid": "ae0381c8-ea61-4cb8-8f17-03ad693bc8a3",
        "index": "1",
        "slug": "aanvraag",
        "form_definition": "http://localhost/api/v2/form-definitions/fa76ef81-8d5b-4332-8e8e-23c909fef233"
    },
    {
        "uuid": "32b1e4bc-eb45-458e-9ecc-285b3c2cef73",
        "index": "2",
        "slug": "inkomen",
        "form_definition": "http://localhost/api/v2/form-definitions/cf33f95f-fb77-4409-a62d-6ec40eacfdd6"
    },
    {
        "uuid": "0cdecd63-edc3-4574-9d93-64cbd14cfcb6",
        "index": "3",
        "slug": "inkomen-partner",
        "form_definition": "http://localhost/api/v2/form-definitions/8ccc6fc6-ccf1-4714-bb60-0bc509f50ccf"
    },
    {
        "uuid": "e2b565a4-88f0-497e-9379-691a2ed5047a",
        "index": "4",
        "slug": "wonen",
        "form_definition": "http://localhost/api/v2/form-definitions/7fbf5502-3307-40bf-8d3b-6ef02b59737b"
    },
    {
        "uuid": "09c88c2f-e462-4a0e-aeec-2daf04695d78",
        "index": "5",
        "slug": "inkomen-vervolg",
        "form_definition": "http://localhost/api/v2/form-definitions/645c1b49-601b-4e84-9ba5-e87ec3ab76e4"
    },
    {
        "uuid": "412abd9c-2b01-4fdb-9cce-dd75cad67761",
        "index": "6",
        "slug": "vermogen",
        "form_definition": "http://localhost/api/v2/form-definitions/ae418e3f-85e0-4f86-9762-0423355f12dd"
    },
    {
        "uuid": "751c3723-7067-4d33-a38d-7c3659025de3",
        "index": "7",
        "slug": "besluit",
        "form_definition": "http://localhost/api/v2/form-definitions/8136bd1f-2848-4065-ad84-d7b8d5a1ed08"
    },
    {
        "uuid": "6ad4fb69-202a-4b83-bfba-32ca7f071821",
        "index": "8",
        "slug": "opmerkingen",
        "form_definition": "http://localhost/api/v2/form-definitions/94020ca9-a4d8-44fe-a562-365ac9b47ee8"
    },
    {
        "uuid": "3be44a53-ebd3-4b31-8df9-67846f4e9eae",
        "index": "9",
        "slug": "bijlagen",
        "form_definition": "http://localhost/api/v2/form-definitions/7ccd66ae-a9bd-4d74-b852-77af16e51ceb"
    }
]