[
    {
        "uuid": "9f536eec-1cdd-49aa-ae35-1fb8e773f9ed",
        "name": "Bijzondere bijstand beheer bewindvoering vervolg ",
        "internal_name": "",
        "login_required": false,
        "authentication_backends": [],
        "slug": "bijzonderebijstandbeheerbewindvoeringvervolgoud",
        "url": "http://localhost/api/v2/forms/9f536eec-1cdd-49aa-ae35-1fb8e773f9ed",
        "show_progress_indicator": true,
        "maintenance_mode": false,
        "active": true,
        "is_deleted": false,
        "suspension_allowed": true,
        "send_confirmation_email": true,
        "display_main_website_link": true,
        "required_fields_with_asterisk": true,
        "resume_link_lifetime": 7,
        "hide_non_applicable_steps": true
    }
]