[
    {
        "uuid": "f2d4aaf9-5fbe-46b3-8d8b-5d8b0a0367e0",
        "name": "Bestuurder organisatie doorgeven of aanpassen",
        "internal_name": "",
        "login_required": false,
        "authentication_backends": [],
        "slug": "bestuurderorganisatiedoorgevenofaanpassen",
        "url": "http://localhost/api/v2/forms/f2d4aaf9-5fbe-46b3-8d8b-5d8b0a0367e0",
        "show_progress_indicator": true,
        "maintenance_mode": false,
        "active": true,
        "is_deleted": false,
        "suspension_allowed": true,
        "send_confirmation_email": true,
        "display_main_website_link": true,
        "required_fields_with_asterisk": true,
        "resume_link_lifetime": 7,
        "hide_non_applicable_steps": true
    }
]