[
    {
        "url": "http://localhost/api/v2/form-definitions/8bef8559-17fd-4ad9-a498-5bce1e92dbe8",
        "uuid": "8bef8559-17fd-4ad9-a498-5bce1e92dbe8",
        "name": "Uw gegevens",
        "slug": "uw-gegevens",
        "configuration": {
            "display": "form",
            "components": [
                {
                    "components": [
                        {
                            "label": "Naam",
                            "customClass": "naamingelogdegebruikerfieldnonhidden nonhiddenfield",
                            "tableView": true,
                            "persistent": false,
                            "key": "naamIngelogdeGebruiker",
                            "type": "textfield",
                            "input": true,
                            "prefill": {
                                "plugin": "haalcentraal",
                                "attribute": "verblijfplaats.huisnummer",
                                "identifierRole": "main"
                            }
                        },
                        {
                            "label": "Straatnaam",
                            "customClass": "straatnaamfieldnonhidden nonhiddenfield",
                            "tableView": true,
                            "persistent": false,
                            "key": "straatnaam",
                            "type": "textfield",
                            "input": true,
                            "prefill": {
                                "plugin": "haalcentraal",
                                "attribute": "verblijfplaats.woonplaats",
                                "identifierRole": "main"
                            }
                        },
                        {
                            "label": "Huisnummer",
                            "customClass": "huisnummerfieldnonhidden nonhiddenfield",
                            "tableView": true,
                            "persistent": false,
                            "key": "huisnummerfield",
                            "type": "textfield",
                            "input": true,
                            "prefill": {
                                "plugin": "haalcentraal",
                                "attribute": "verblijfplaats.huisnummer",
                                "identifierRole": "main"
                            }
                        },
                        {
                            "label": "Postcode",
                            "customClass": "postcodefieldnonhidden nonhiddenfield",
                            "tableView": true,
                            "persistent": false,
                            "key": "postcode",
                            "type": "textfield",
                            "input": true,
                            "prefill": {
                                "plugin": "haalcentraal",
                                "attribute": "verblijfplaats.huisnummer",
                                "identifierRole": "main"
                            }
                        },
                        {
                            "label": "Woonplaats",
                            "customClass": "woonplaatsfieldnonhidden nonhiddenfield",
                            "tableView": true,
                            "persistent": false,
                            "key": "woonplaats",
                            "type": "textfield",
                            "input": true,
                            "prefill": {
                                "plugin": "haalcentraal",
                                "attribute": "verblijfplaats.huisnummer",
                                "identifierRole": "main"
                            }
                        }
                    ],
                    "key": "fieldSet-1-2-3",
                    "type": "fieldset",
                    "label": "Field Set",
                    "tree": false,
                    "input": false,
                    "hidden": false,
                    "legend": "",
                    "prefix": "",
                    "suffix": "",
                    "unique": false,
                    "widget": null,
                    "dbIndex": false,
                    "overlay": {
                        "top": "",
                        "left": "",
                        "style": "",
                        "width": "",
                        "height": ""
                    },
                    "tooltip": "",
                    "disabled": false,
                    "multiple": false,
                    "redrawOn": "",
                    "tabindex": "",
                    "validate": {
                        "custom": "",
                        "unique": false,
                        "multiple": false,
                        "required": false,
                        "customPrivate": false,
                        "strictDateValidation": false
                    },
                    "autofocus": false,
                    "encrypted": false,
                    "hideLabel": false,
                    "modalEdit": false,
                    "protected": false,
                    "refreshOn": "",
                    "tableView": false,
                    "attributes": {},
                    "errorLabel": "",
                    "hideHeader": false,
                    "persistent": false,
                    "properties": {},
                    "validateOn": "change",
                    "clearOnHide": true,
                    "customClass": "",
                    "description": "",
                    "placeholder": "",
                    "defaultValue": null,
                    "dataGridLabel": false,
                    "labelPosition": "top",
                    "showCharCount": false,
                    "showWordCount": false,
                    "calculateValue": "",
                    "calculateServer": false,
                    "allowMultipleMasks": false,
                    "customDefaultValue": "",
                    "allowCalculateOverride": false,
                    "originalFormName": "nonhiddenfieldsform1"
                },
                {
                    "components": [
                        {
                            "title": "Page 1",
                            "breadcrumbClickable": false,
                            "buttonSettings": {
                                "previous": false,
                                "cancel": false,
                                "next": false
                            },
                            "navigateOnEnter": false,
                            "saveOnEnter": false,
                            "scrollToTop": false,
                            "collapsible": false,
                            "key": "page1",
                            "type": "panel",
                            "label": "Page 1",
                            "components": [
                                {
                                    "label": "Volledig postbusadres",
                                    "tableView": true,
                                    "calculateValue": "value = data.volledigadres;",
                                    "key": "volledigPostbusadres",
                                    "customConditional": "show = data.inlogmiddel == 'eherkenning' && !(_.isEmpty(data.postbusnummer));",
                                    "type": "textfield",
                                    "input": true,
                                    "prefill": {
                                        "plugin": "",
                                        "attribute": "",
                                        "identifierRole": "main"
                                    }
                                },
                                {
                                    "label": "Uw naam",
                                    "tableView": true,
                                    "validate": {
                                        "required": true
                                    },
                                    "key": "uwNaam",
                                    "conditional": {
                                        "show": true,
                                        "conjunction": "all",
                                        "conditions": [
                                            {
                                                "component": "inlogmiddel",
                                                "operator": "isEqual",
                                                "value": "eherkenning"
                                            }
                                        ]
                                    },
                                    "type": "textfield",
                                    "input": true,
                                    "prefill": {
                                        "plugin": "",
                                        "attribute": "",
                                        "identifierRole": "main"
                                    }
                                },
                                {
                                    "label": "Uw functie in de organisatie",
                                    "tableView": true,
                                    "validate": {
                                        "required": true
                                    },
                                    "key": "uwFunctieInDeOrganisatie",
                                    "conditional": {
                                        "show": true,
                                        "conjunction": "all",
                                        "conditions": [
                                            {
                                                "component": "inlogmiddel",
                                                "operator": "isEqual",
                                                "value": "eherkenning"
                                            }
                                        ]
                                    },
                                    "type": "textfield",
                                    "input": true,
                                    "prefill": {
                                        "plugin": "",
                                        "attribute": "",
                                        "identifierRole": "main"
                                    }
                                },
                                {
                                    "label": "Uw e-mailadres",
                                    "autocomplete": "email",
                                    "tableView": true,
                                    "validateOn": "blur",
                                    "validate": {
                                        "required": true
                                    },
                                    "key": "eMailadres",
                                    "type": "email",
                                    "input": true
                                },
                                {
                                    "label": "Uw telefoonnummer",
                                    "autocomplete": "tel",
                                    "tableView": true,
                                    "validate": {
                                        "required": true
                                    },
                                    "key": "telefoonnummer",
                                    "type": "textfield",
                                    "input": true,
                                    "prefill": {
                                        "plugin": "",
                                        "attribute": "",
                                        "identifierRole": "main"
                                    }
                                },
                                {
                                    "label": "Naam organisatie",
                                    "applyMaskOn": "change",
                                    "tableView": true,
                                    "validate": {
                                        "required": true
                                    },
                                    "key": "naamOrganisatie",
                                    "customConditional": "show = data.bsn && data.bsn.length > 0;",
                                    "type": "textfield",
                                    "input": true,
                                    "prefill": {
                                        "plugin": "",
                                        "attribute": "",
                                        "identifierRole": "main"
                                    }
                                },
                                {
                                    "label": "KvK inschrijfnummer",
                                    "applyMaskOn": "change",
                                    "tableView": true,
                                    "validateOn": "blur",
                                    "validate": {
                                        "required": true,
                                        "pattern": "^[0-9]*$",
                                        "customMessage": "Een inschrijfnummer Kamer van Koophandel bevat 8 cijfers.",
                                        "minLength": 8,
                                        "maxLength": 8
                                    },
                                    "key": "kvKInschrijfnummer",
                                    "customConditional": "show = data.bsn && data.bsn > 0;",
                                    "type": "textfield",
                                    "input": true,
                                    "prefill": {
                                        "plugin": "",
                                        "attribute": "",
                                        "identifierRole": "main"
                                    }
                                },
                                {
                                    "label": "Uw functie in de organisatie",
                                    "applyMaskOn": "change",
                                    "tableView": true,
                                    "validate": {
                                        "required": true
                                    },
                                    "key": "uwFunctieInDeOrganisatie1",
                                    "customConditional": "show = data.bsn && data.bsn.length > 0;",
                                    "type": "textfield",
                                    "input": true,
                                    "prefill": {
                                        "plugin": "",
                                        "attribute": "",
                                        "identifierRole": "main"
                                    }
                                },
                                {
                                    "label": "Bent u zelf de contactpersoon voor deze aanvraag?",
                                    "optionsLabelPosition": "right",
                                    "inline": false,
                                    "tableView": false,
                                    "values": [
                                        {
                                            "label": "Ja",
                                            "value": "ja",
                                            "shortcut": ""
                                        },
                                        {
                                            "label": "Nee",
                                            "value": "nee",
                                            "shortcut": ""
                                        }
                                    ],
                                    "validate": {
                                        "required": true
                                    },
                                    "key": "bentUZelfDeContactpersoonVoorDezeAanvraag",
                                    "type": "radio",
                                    "input": true
                                },
                                {
                                    "label": "Naam contactpersoon",
                                    "tableView": true,
                                    "validate": {
                                        "required": true
                                    },
                                    "key": "naamContactpersoon",
                                    "conditional": {
                                        "show": true,
                                        "conjunction": "all",
                                        "conditions": [
                                            {
                                                "component": "bentUZelfDeContactpersoonVoorDezeAanvraag",
                                                "operator": "isEqual",
                                                "value": "nee"
                                            }
                                        ]
                                    },
                                    "type": "textfield",
                                    "input": true,
                                    "prefill": {
                                        "plugin": "",
                                        "attribute": "",
                                        "identifierRole": "main"
                                    }
                                },
                                {
                                    "label": "E-mailadres contactpersoon",
                                    "tableView": true,
                                    "validateOn": "blur",
                                    "validate": {
                                        "required": true
                                    },
                                    "key": "eMailadresContactpersoon",
                                    "conditional": {
                                        "show": true,
                                        "conjunction": "all",
                                        "conditions": [
                                            {
                                                "component": "bentUZelfDeContactpersoonVoorDezeAanvraag",
                                                "operator": "isEqual",
                                                "value": "nee"
                                            }
                                        ]
                                    },
                                    "type": "email",
                                    "input": true
                                },
                                {
                                    "label": "Telefoonnummer contactpersoon",
                                    "tableView": true,
                                    "validate": {
                                        "required": true
                                    },
                                    "key": "telefoonnummerContactpersoon",
                                    "conditional": {
                                        "show": true,
                                        "conjunction": "all",
                                        "conditions": [
                                            {
                                                "component": "bentUZelfDeContactpersoonVoorDezeAanvraag",
                                                "operator": "isEqual",
                                                "value": "nee"
                                            }
                                        ]
                                    },
                                    "type": "textfield",
                                    "input": true,
                                    "prefill": {
                                        "plugin": "",
                                        "attribute": "",
                                        "identifierRole": "main"
                                    }
                                }
                            ],
                            "input": false,
                            "tableView": false,
                            "allowPrevious": false
                        }
                    ],
                    "key": "fieldSet-1-2",
                    "type": "fieldset",
                    "label": "Field Set",
                    "tree": false,
                    "input": false,
                    "hidden": false,
                    "legend": "",
                    "prefix": "",
                    "suffix": "",
                    "unique": false,
                    "widget": null,
                    "dbIndex": false,
                    "overlay": {
                        "top": "",
                        "left": "",
                        "style": "",
                        "width": "",
                        "height": ""
                    },
                    "tooltip": "",
                    "disabled": false,
                    "multiple": false,
                    "redrawOn": "",
                    "tabindex": "",
                    "validate": {
                        "custom": "",
                        "unique": false,
                        "multiple": false,
                        "required": false,
                        "customPrivate": false,
                        "strictDateValidation": false
                    },
                    "autofocus": false,
                    "encrypted": false,
                    "hideLabel": false,
                    "modalEdit": false,
                    "protected": false,
                    "refreshOn": "",
                    "tableView": false,
                    "attributes": {},
                    "errorLabel": "",
                    "hideHeader": false,
                    "persistent": false,
                    "properties": {},
                    "validateOn": "change",
                    "clearOnHide": true,
                    "customClass": "",
                    "description": "",
                    "placeholder": "",
                    "defaultValue": null,
                    "dataGridLabel": false,
                    "labelPosition": "top",
                    "showCharCount": false,
                    "showWordCount": false,
                    "calculateValue": "",
                    "calculateServer": false,
                    "allowMultipleMasks": false,
                    "customDefaultValue": "",
                    "allowCalculateOverride": false,
                    "originalFormName": "subsidieGegevensBlokOrganisatieNew"
                },
                {
                    "label": "Columns",
                    "columns": [
                        {
                            "components": [],
                            "width": 3,
                            "offset": 0,
                            "push": 0,
                            "pull": 0,
                            "size": "sm",
                            "currentWidth": 3
                        },
                        {
                            "components": [],
                            "width": 6,
                            "offset": 0,
                            "push": 0,
                            "pull": 0,
                            "size": "md",
                            "currentWidth": 6
                        }
                    ],
                    "key": "columns",
                    "type": "columns",
                    "input": false,
                    "tableView": false
                }
            ]
        }
    },
    {
        "url": "http://localhost/api/v2/form-definitions/c66afc3d-4a49-4a64-9e17-b7ba3683f75d",
        "uuid": "c66afc3d-4a49-4a64-9e17-b7ba3683f75d",
        "name": "Bestuurders",
        "slug": "bestuurders",
        "configuration": {
            "display": "form",
            "components": [
                {
                    "label": "Beantwoord voor elke bestuurder deze vragen:",
                    "reorder": false,
                    "addAnotherPosition": "bottom",
                    "layoutFixed": false,
                    "enableRowGroups": false,
                    "initEmpty": false,
                    "tableView": false,
                    "defaultValue": [
                        {}
                    ],
                    "key": "beantwoordVoorElkeBestuurderDezeVragen",
                    "type": "datagrid",
                    "input": true,
                    "components": [
                        {
                            "components": [
                                {
                                    "label": "Voornaam",
                                    "tableView": true,
                                    "validate": {
                                        "required": true
                                    },
                                    "key": "voornaam",
                                    "type": "textfield",
                                    "input": true,
                                    "prefill": {
                                        "plugin": "",
                                        "attribute": "",
                                        "identifierRole": "main"
                                    }
                                },
                                {
                                    "label": "Achternaam",
                                    "tableView": true,
                                    "validate": {
                                        "required": true
                                    },
                                    "key": "achternaam",
                                    "type": "textfield",
                                    "input": true,
                                    "prefill": {
                                        "plugin": "",
                                        "attribute": "",
                                        "identifierRole": "main"
                                    }
                                },
                                {
                                    "label": "Dit is:",
                                    "optionsLabelPosition": "right",
                                    "inline": false,
                                    "tableView": false,
                                    "values": [
                                        {
                                            "label": "Een nieuwe bestuurder ",
                                            "value": "a",
                                            "shortcut": ""
                                        },
                                        {
                                            "label": "Een bestuurder die weggaat ",
                                            "value": "b",
                                            "shortcut": ""
                                        }
                                    ],
                                    "validate": {
                                        "required": true
                                    },
                                    "key": "ditIs",
                                    "type": "radio",
                                    "input": true
                                },
                                {
                                    "components": [
                                        {
                                            "label": "Functie",
                                            "tableView": true,
                                            "validate": {
                                                "required": true
                                            },
                                            "key": "functie",
                                            "type": "textfield",
                                            "input": true,
                                            "prefill": {
                                                "plugin": "",
                                                "attribute": "",
                                                "identifierRole": "main"
                                            }
                                        },
                                        {
                                            "label": "Adres",
                                            "disablestreetcity": false,
                                            "validate": {
                                                "required": true
                                            },
                                            "tableView": true,
                                            "key": "adresNijmegen",
                                            "type": "adres",
                                            "input": true
                                        }
                                    ],
                                    "key": "fieldSet-1",
                                    "type": "fieldset",
                                    "label": "Field Set",
                                    "tree": false,
                                    "input": false,
                                    "hidden": false,
                                    "legend": "",
                                    "prefix": "",
                                    "suffix": "",
                                    "unique": false,
                                    "widget": null,
                                    "dbIndex": false,
                                    "overlay": {
                                        "top": "",
                                        "left": "",
                                        "style": "",
                                        "width": "",
                                        "height": ""
                                    },
                                    "tooltip": "",
                                    "disabled": false,
                                    "multiple": false,
                                    "redrawOn": "",
                                    "tabindex": "",
                                    "validate": {
                                        "custom": "",
                                        "unique": false,
                                        "multiple": false,
                                        "required": false,
                                        "customPrivate": false,
                                        "strictDateValidation": false
                                    },
                                    "autofocus": false,
                                    "encrypted": false,
                                    "hideLabel": false,
                                    "modalEdit": false,
                                    "protected": false,
                                    "refreshOn": "",
                                    "tableView": false,
                                    "attributes": {},
                                    "errorLabel": "",
                                    "hideHeader": false,
                                    "persistent": false,
                                    "properties": {},
                                    "validateOn": "change",
                                    "clearOnHide": true,
                                    "conditional": {
                                        "eq": "",
                                        "show": null,
                                        "when": null
                                    },
                                    "customClass": "",
                                    "description": "",
                                    "placeholder": "",
                                    "defaultValue": null,
                                    "dataGridLabel": false,
                                    "labelPosition": "top",
                                    "showCharCount": false,
                                    "showWordCount": false,
                                    "calculateValue": "",
                                    "calculateServer": false,
                                    "allowMultipleMasks": false,
                                    "customDefaultValue": "",
                                    "allowCalculateOverride": false
                                },
                                {
                                    "label": "Datum waarop dit ingaat",
                                    "placeholder": "dag-maand-jaar",
                                    "tableView": false,
                                    "enableMinDateInput": false,
                                    "datePicker": {
                                        "disableWeekends": false,
                                        "disableWeekdays": false
                                    },
                                    "enableMaxDateInput": false,
                                    "timePicker": {
                                        "hourStep": "",
                                        "minuteStep": "",
                                        "showMeridian": false
                                    },
                                    "validate": {
                                        "required": true
                                    },
                                    "key": "datumWaaropDitIngaat",
                                    "type": "datetime",
                                    "input": true,
                                    "widget": {
                                        "type": "calendar",
                                        "displayInTimezone": "viewer",
                                        "locale": "nl",
                                        "useLocaleSettings": false,
                                        "allowInput": true,
                                        "mode": "single",
                                        "enableTime": false,
                                        "noCalendar": false,
                                        "format": "dd-MM-yyyy",
                                        "time_24hr": true,
                                        "minDate": null,
                                        "disableWeekends": false,
                                        "disableWeekdays": false,
                                        "maxDate": null
                                    }
                                }
                            ],
                            "key": "fieldSet",
                            "type": "fieldset",
                            "label": "Field Set",
                            "tree": false,
                            "input": false,
                            "hidden": false,
                            "legend": "",
                            "prefix": "",
                            "suffix": "",
                            "unique": false,
                            "widget": null,
                            "dbIndex": false,
                            "overlay": {
                                "top": "",
                                "left": "",
                                "style": "",
                                "width": "",
                                "height": ""
                            },
                            "tooltip": "",
                            "disabled": false,
                            "multiple": false,
                            "redrawOn": "",
                            "tabindex": "",
                            "validate": {
                                "custom": "",
                                "unique": false,
                                "multiple": false,
                                "required": false,
                                "customPrivate": false,
                                "strictDateValidation": false
                            },
                            "autofocus": false,
                            "encrypted": false,
                            "hideLabel": false,
                            "modalEdit": false,
                            "protected": false,
                            "refreshOn": "",
                            "tableView": false,
                            "attributes": {},
                            "errorLabel": "",
                            "hideHeader": false,
                            "persistent": false,
                            "properties": {},
                            "validateOn": "change",
                            "clearOnHide": true,
                            "conditional": {
                                "eq": "",
                                "show": null,
                                "when": null
                            },
                            "customClass": "",
                            "description": "",
                            "placeholder": "",
                            "defaultValue": null,
                            "dataGridLabel": false,
                            "labelPosition": "top",
                            "showCharCount": false,
                            "showWordCount": false,
                            "calculateValue": "",
                            "calculateServer": false,
                            "allowMultipleMasks": false,
                            "customDefaultValue": "",
                            "allowCalculateOverride": false
                        }
                    ]
                },
                {
                    "label": "Columns",
                    "columns": [
                        {
                            "components": [],
                            "width": 3,
                            "offset": 0,
                            "push": 0,
                            "pull": 0,
                            "size": "sm",
                            "currentWidth": 3
                        },
                        {
                            "components": [],
                            "width": 3,
                            "offset": 0,
                            "push": 0,
                            "pull": 0,
                            "size": "sm",
                            "currentWidth": 3
                        }
                    ],
                    "key": "columns1",
                    "type": "columns",
                    "input": false,
                    "tableView": false
                }
            ]
        }
    }
]