[
    {
        "uuid": "08c49b08-42b0-48e5-a67a-d87c73fcae40",
        "index": "0",
        "slug": "uw-gegevens",
        "form_definition": "http://localhost/api/v2/form-definitions/e3e0b1b1-9e4c-46a4-bfb5-27b84da2b9f0"
    },
    {
        "uuid": "7e6608c8-0f9b-4f01-9e20-51c3def20bea",
        "index": "1",
        "slug": "iban",
        "form_definition": "http://localhost/api/v2/form-definitions/8b3f996b-1971-4e86-88be-52c313e98201"
    },
    {
        "uuid": "0b2a3e35-c448-450b-895f-e0241c9006ea",
        "index": "2",
        "slug": "subsidie",
        "form_definition": "http://localhost/api/v2/form-definitions/962f6120-2693-426f-a9ec-0c30d3a7d172"
    },
    {
        "uuid": "ef378450-eaf3-4b41-8565-a7347b64d961",
        "index": "3",
        "slug": "bijlagen",
        "form_definition": "http://localhost/api/v2/form-definitions/d4455ceb-b893-4859-986f-75f8349fd7d4"
    }
]