[
    {
        "uuid": "31835e06-a825-4509-9e5d-0a4c7ee28140",
        "name": "Subsidie voor vrijwilligersorganisaties aanvragen",
        "internal_name": "",
        "login_required": false,
        "authentication_backends": [],
        "slug": "subsidievoorvrijwilligersorganisatiesaanvragenoud",
        "url": "http://localhost/api/v2/forms/31835e06-a825-4509-9e5d-0a4c7ee28140",
        "show_progress_indicator": true,
        "maintenance_mode": false,
        "active": true,
        "is_deleted": false,
        "suspension_allowed": true,
        "send_confirmation_email": true,
        "display_main_website_link": true,
        "required_fields_with_asterisk": true,
        "resume_link_lifetime": 7,
        "hide_non_applicable_steps": true
    }
]