[
    {
        "uuid": "6b452907-47e9-4999-906d-9175337652b5",
        "name": "landingzone",
        "internal_name": "",
        "login_required": false,
        "authentication_backends": [],
        "slug": "landingzone",
        "url": "http://localhost/api/v2/forms/6b452907-47e9-4999-906d-9175337652b5",
        "show_progress_indicator": true,
        "maintenance_mode": false,
        "active": true,
        "is_deleted": false,
        "suspension_allowed": true,
        "send_confirmation_email": true,
        "display_main_website_link": true,
        "required_fields_with_asterisk": true,
        "resume_link_lifetime": 7,
        "hide_non_applicable_steps": true
    }
]