[
    {
        "uuid": "68bbc33a-4b69-466c-bb26-d0d210d4a71b",
        "name": "Vermist paspoort of identiteitskaart melden oud",
        "internal_name": "",
        "login_required": false,
        "authentication_backends": [],
        "slug": "vermistpaspoortofidentiteitskaartmeldenoud",
        "url": "http://localhost/api/v2/forms/68bbc33a-4b69-466c-bb26-d0d210d4a71b",
        "show_progress_indicator": true,
        "maintenance_mode": false,
        "active": true,
        "is_deleted": false,
        "suspension_allowed": true,
        "send_confirmation_email": true,
        "display_main_website_link": true,
        "required_fields_with_asterisk": true,
        "resume_link_lifetime": 7,
        "hide_non_applicable_steps": true
    }
]