[
    {
        "uuid": "7d91458e-698b-45d0-b736-fe45d1667daf",
        "index": "0",
        "slug": "uw-gegevens",
        "form_definition": "http://localhost/api/v2/form-definitions/df6afa12-b714-4a0f-aff0-88013abc6ae0"
    },
    {
        "uuid": "d4a23078-7537-4849-8358-b03d923729ef",
        "index": "1",
        "slug": "iban",
        "form_definition": "http://localhost/api/v2/form-definitions/24caaef3-b334-46e5-86f9-26676bfb638d"
    },
    {
        "uuid": "ccdc11e6-38b0-4eae-b39c-5c737a2eb4d5",
        "index": "2",
        "slug": "schadegegevens",
        "form_definition": "http://localhost/api/v2/form-definitions/3a5eac11-3071-46aa-9a46-445f75f4c7b9"
    },
    {
        "uuid": "96950f42-992d-469c-9562-75bf4e365087",
        "index": "3",
        "slug": "bijlagen",
        "form_definition": "http://localhost/api/v2/form-definitions/95b086df-a308-4ce9-8980-a4d474b546cd"
    }
]