[
    {
        "url": "http://localhost/api/v2/form-definitions/df6afa12-b714-4a0f-aff0-88013abc6ae0",
        "uuid": "df6afa12-b714-4a0f-aff0-88013abc6ae0",
        "name": "Uw gegevens",
        "slug": "uw-gegevens",
        "configuration": {
            "display": "form",
            "components": [
                {
                    "id": "ec7bua",
                    "components": [
                        {
                            "label": "Naam",
                            "customClass": "naamingelogdegebruikerfieldnonhidden nonhiddenfield",
                            "tableView": true,
                            "persistent": false,
                            "key": "naamIngelogdeGebruiker",
                            "type": "textfield",
                            "input": true,
                            "prefill": {
                                "plugin": "haalcentraal",
                                "attribute": "verblijfplaats.huisnummer",
                                "identifierRole": "main"
                            }
                        },
                        {
                            "label": "Straatnaam",
                            "customClass": "straatnaamfieldnonhidden nonhiddenfield",
                            "tableView": true,
                            "persistent": false,
                            "key": "straatnaam",
                            "type": "textfield",
                            "input": true,
                            "prefill": {
                                "plugin": "haalcentraal",
                                "attribute": "verblijfplaats.woonplaats",
                                "identifierRole": "main"
                            }
                        },
                        {
                            "label": "Huisnummer",
                            "customClass": "huisnummerfieldnonhidden nonhiddenfield",
                            "tableView": true,
                            "persistent": false,
                            "key": "huisnummerfield",
                            "type": "textfield",
                            "input": true,
                            "prefill": {
                                "plugin": "haalcentraal",
                                "attribute": "verblijfplaats.huisnummer",
                                "identifierRole": "main"
                            }
                        },
                        {
                            "label": "Postcode",
                            "customClass": "postcodefieldnonhidden nonhiddenfield",
                            "tableView": true,
                            "persistent": false,
                            "key": "postcode",
                            "type": "textfield",
                            "input": true,
                            "prefill": {
                                "plugin": "haalcentraal",
                                "attribute": "verblijfplaats.huisnummer",
                                "identifierRole": "main"
                            }
                        },
                        {
                            "label": "Woonplaats",
                            "customClass": "woonplaatsfieldnonhidden nonhiddenfield",
                            "tableView": true,
                            "persistent": false,
                            "key": "woonplaats",
                            "type": "textfield",
                            "input": true,
                            "prefill": {
                                "plugin": "haalcentraal",
                                "attribute": "verblijfplaats.huisnummer",
                                "identifierRole": "main"
                            }
                        }
                    ],
                    "key": "fieldSet-1",
                    "type": "fieldset",
                    "label": "Field Set",
                    "tree": false,
                    "input": false,
                    "hidden": false,
                    "legend": "",
                    "prefix": "",
                    "suffix": "",
                    "unique": false,
                    "widget": null,
                    "dbIndex": false,
                    "overlay": {
                        "top": "",
                        "left": "",
                        "style": "",
                        "width": "",
                        "height": ""
                    },
                    "tooltip": "",
                    "disabled": false,
                    "multiple": false,
                    "redrawOn": "",
                    "tabindex": "",
                    "validate": {
                        "custom": "",
                        "unique": false,
                        "multiple": false,
                        "required": false,
                        "customPrivate": false,
                        "strictDateValidation": false
                    },
                    "autofocus": false,
                    "encrypted": false,
                    "hideLabel": false,
                    "modalEdit": false,
                    "protected": false,
                    "refreshOn": "",
                    "tableView": false,
                    "attributes": {},
                    "errorLabel": "",
                    "hideHeader": false,
                    "persistent": false,
                    "properties": {},
                    "validateOn": "change",
                    "clearOnHide": true,
                    "customClass": "",
                    "description": "",
                    "placeholder": "",
                    "defaultValue": null,
                    "dataGridLabel": false,
                    "labelPosition": "top",
                    "showCharCount": false,
                    "showWordCount": false,
                    "calculateValue": "",
                    "calculateServer": false,
                    "allowMultipleMasks": false,
                    "customDefaultValue": "",
                    "allowCalculateOverride": false,
                    "originalFormName": "nonhiddenfieldsform1"
                },
                {
                    "key": "fieldSet",
                    "type": "fieldset",
                    "label": "Field Set",
                    "input": false,
                    "tableView": false,
                    "components": [
                        {
                            "label": "Meldt u schade namens een organisatie?",
                            "optionsLabelPosition": "right",
                            "inline": false,
                            "tableView": false,
                            "values": [
                                {
                                    "label": "Ja",
                                    "value": "a",
                                    "shortcut": ""
                                },
                                {
                                    "label": "Nee",
                                    "value": "b",
                                    "shortcut": ""
                                }
                            ],
                            "validate": {
                                "required": true,
                                "custom": "",
                                "customPrivate": false,
                                "strictDateValidation": false,
                                "multiple": false,
                                "unique": false,
                                "onlyAvailableItems": false
                            },
                            "key": "meldtUSchadeNamensEenOrganisatie",
                            "type": "radio",
                            "input": true,
                            "placeholder": "",
                            "prefix": "",
                            "customClass": "",
                            "suffix": "",
                            "multiple": false,
                            "defaultValue": null,
                            "protected": false,
                            "unique": false,
                            "persistent": true,
                            "hidden": false,
                            "clearOnHide": true,
                            "refreshOn": "",
                            "redrawOn": "",
                            "modalEdit": false,
                            "dataGridLabel": false,
                            "labelPosition": "top",
                            "description": "",
                            "errorLabel": "",
                            "tooltip": "",
                            "hideLabel": false,
                            "tabindex": "",
                            "disabled": false,
                            "autofocus": false,
                            "dbIndex": false,
                            "customDefaultValue": "",
                            "calculateValue": "",
                            "calculateServer": false,
                            "widget": null,
                            "attributes": {},
                            "validateOn": "change",
                            "conditional": {
                                "show": null,
                                "when": null,
                                "eq": ""
                            },
                            "overlay": {
                                "style": "",
                                "left": "",
                                "top": "",
                                "width": "",
                                "height": ""
                            },
                            "allowCalculateOverride": false,
                            "encrypted": false,
                            "showCharCount": false,
                            "showWordCount": false,
                            "properties": {},
                            "allowMultipleMasks": false,
                            "addons": [],
                            "inputType": "radio",
                            "fieldSet": false,
                            "id": "ez1rn1t"
                        },
                        {
                            "label": "Naam organisatie",
                            "tableView": true,
                            "validate": {
                                "required": true,
                                "custom": "",
                                "customPrivate": false,
                                "strictDateValidation": false,
                                "multiple": false,
                                "unique": false,
                                "minLength": "",
                                "maxLength": "",
                                "pattern": ""
                            },
                            "key": "naamOrganisatie",
                            "conditional": {
                                "show": true,
                                "when": "meldtUSchadeNamensEenOrganisatie",
                                "eq": "a"
                            },
                            "type": "textfield",
                            "input": true,
                            "placeholder": "",
                            "prefix": "",
                            "customClass": "",
                            "suffix": "",
                            "multiple": false,
                            "defaultValue": null,
                            "protected": false,
                            "unique": false,
                            "persistent": true,
                            "hidden": false,
                            "clearOnHide": true,
                            "refreshOn": "",
                            "redrawOn": "",
                            "modalEdit": false,
                            "dataGridLabel": false,
                            "labelPosition": "top",
                            "description": "",
                            "errorLabel": "",
                            "tooltip": "",
                            "hideLabel": false,
                            "tabindex": "",
                            "disabled": false,
                            "autofocus": false,
                            "dbIndex": false,
                            "customDefaultValue": "",
                            "calculateValue": "",
                            "calculateServer": false,
                            "widget": {
                                "type": "input"
                            },
                            "attributes": {},
                            "validateOn": "change",
                            "overlay": {
                                "style": "",
                                "left": "",
                                "top": "",
                                "width": "",
                                "height": ""
                            },
                            "allowCalculateOverride": false,
                            "encrypted": false,
                            "showCharCount": false,
                            "showWordCount": false,
                            "properties": {},
                            "allowMultipleMasks": false,
                            "addons": [],
                            "mask": false,
                            "inputType": "text",
                            "inputFormat": "plain",
                            "inputMask": "",
                            "displayMask": "",
                            "spellcheck": true,
                            "truncateMultipleSpaces": false,
                            "id": "ebka0dd",
                            "prefill": {
                                "plugin": "",
                                "attribute": "",
                                "identifierRole": "main"
                            }
                        },
                        {
                            "label": "KvK inschrijfnummer",
                            "tableView": true,
                            "validate": {
                                "required": true,
                                "minLength": 8,
                                "maxLength": 8,
                                "pattern": "^[0-9]*$",
                                "customMessage": "Een inschrijfnummer Kamer van Koophandel bevat 8 cijfers.",
                                "custom": "",
                                "customPrivate": false,
                                "strictDateValidation": false,
                                "multiple": false,
                                "unique": false
                            },
                            "key": "kvKInschrijfnummer",
                            "conditional": {
                                "show": true,
                                "when": "meldtUSchadeNamensEenOrganisatie",
                                "eq": "a"
                            },
                            "type": "textfield",
                            "input": true,
                            "placeholder": "",
                            "prefix": "",
                            "customClass": "",
                            "suffix": "",
                            "multiple": false,
                            "defaultValue": null,
                            "protected": false,
                            "unique": false,
                            "persistent": true,
                            "hidden": false,
                            "clearOnHide": true,
                            "refreshOn": "",
                            "redrawOn": "",
                            "modalEdit": false,
                            "dataGridLabel": false,
                            "labelPosition": "top",
                            "description": "",
                            "errorLabel": "",
                            "tooltip": "",
                            "hideLabel": false,
                            "tabindex": "",
                            "disabled": false,
                            "autofocus": false,
                            "dbIndex": false,
                            "customDefaultValue": "",
                            "calculateValue": "",
                            "calculateServer": false,
                            "widget": {
                                "type": "input"
                            },
                            "attributes": {},
                            "validateOn": "change",
                            "overlay": {
                                "style": "",
                                "left": "",
                                "top": "",
                                "width": "",
                                "height": ""
                            },
                            "allowCalculateOverride": false,
                            "encrypted": false,
                            "showCharCount": false,
                            "showWordCount": false,
                            "properties": {},
                            "allowMultipleMasks": false,
                            "addons": [],
                            "mask": false,
                            "inputType": "text",
                            "inputFormat": "plain",
                            "inputMask": "",
                            "displayMask": "",
                            "spellcheck": true,
                            "truncateMultipleSpaces": false,
                            "id": "e8nbko5",
                            "prefill": {
                                "plugin": "",
                                "attribute": "",
                                "identifierRole": "main"
                            }
                        },
                        {
                            "label": "Naam contactpersoon",
                            "tableView": true,
                            "validate": {
                                "required": true,
                                "custom": "",
                                "customPrivate": false,
                                "strictDateValidation": false,
                                "multiple": false,
                                "unique": false,
                                "minLength": "",
                                "maxLength": "",
                                "pattern": ""
                            },
                            "key": "naamContactpersoon",
                            "conditional": {
                                "show": true,
                                "when": "meldtUSchadeNamensEenOrganisatie",
                                "eq": "a"
                            },
                            "type": "textfield",
                            "input": true,
                            "placeholder": "",
                            "prefix": "",
                            "customClass": "",
                            "suffix": "",
                            "multiple": false,
                            "defaultValue": null,
                            "protected": false,
                            "unique": false,
                            "persistent": true,
                            "hidden": false,
                            "clearOnHide": true,
                            "refreshOn": "",
                            "redrawOn": "",
                            "modalEdit": false,
                            "dataGridLabel": false,
                            "labelPosition": "top",
                            "description": "",
                            "errorLabel": "",
                            "tooltip": "",
                            "hideLabel": false,
                            "tabindex": "",
                            "disabled": false,
                            "autofocus": false,
                            "dbIndex": false,
                            "customDefaultValue": "",
                            "calculateValue": "",
                            "calculateServer": false,
                            "widget": {
                                "type": "input"
                            },
                            "attributes": {},
                            "validateOn": "change",
                            "overlay": {
                                "style": "",
                                "left": "",
                                "top": "",
                                "width": "",
                                "height": ""
                            },
                            "allowCalculateOverride": false,
                            "encrypted": false,
                            "showCharCount": false,
                            "showWordCount": false,
                            "properties": {},
                            "allowMultipleMasks": false,
                            "addons": [],
                            "mask": false,
                            "inputType": "text",
                            "inputFormat": "plain",
                            "inputMask": "",
                            "displayMask": "",
                            "spellcheck": true,
                            "truncateMultipleSpaces": false,
                            "id": "ebgceqp",
                            "prefill": {
                                "plugin": "",
                                "attribute": "",
                                "identifierRole": "main"
                            }
                        },
                        {
                            "label": "E -mailadres contactpersoon",
                            "tableView": true,
                            "validate": {
                                "required": true,
                                "custom": "",
                                "customPrivate": false,
                                "strictDateValidation": false,
                                "multiple": false,
                                "unique": false,
                                "minLength": "",
                                "maxLength": "",
                                "pattern": ""
                            },
                            "key": "eMailadresContactpersoon",
                            "conditional": {
                                "show": true,
                                "when": "meldtUSchadeNamensEenOrganisatie",
                                "eq": "a"
                            },
                            "type": "email",
                            "input": true,
                            "placeholder": "",
                            "prefix": "",
                            "customClass": "",
                            "suffix": "",
                            "multiple": false,
                            "defaultValue": null,
                            "protected": false,
                            "unique": false,
                            "persistent": true,
                            "hidden": false,
                            "clearOnHide": true,
                            "refreshOn": "",
                            "redrawOn": "",
                            "modalEdit": false,
                            "dataGridLabel": false,
                            "labelPosition": "top",
                            "description": "",
                            "errorLabel": "",
                            "tooltip": "",
                            "hideLabel": false,
                            "tabindex": "",
                            "disabled": false,
                            "autofocus": false,
                            "dbIndex": false,
                            "customDefaultValue": "",
                            "calculateValue": "",
                            "calculateServer": false,
                            "widget": {
                                "type": "input"
                            },
                            "attributes": {},
                            "validateOn": "change",
                            "overlay": {
                                "style": "",
                                "left": "",
                                "top": "",
                                "width": "",
                                "height": ""
                            },
                            "allowCalculateOverride": false,
                            "encrypted": false,
                            "showCharCount": false,
                            "showWordCount": false,
                            "properties": {},
                            "allowMultipleMasks": false,
                            "addons": [],
                            "mask": false,
                            "inputType": "email",
                            "inputFormat": "plain",
                            "inputMask": "",
                            "displayMask": "",
                            "spellcheck": true,
                            "truncateMultipleSpaces": false,
                            "kickbox": {
                                "enabled": false
                            },
                            "id": "ewmnd2v"
                        },
                        {
                            "label": "Telefoonnummer contactpersoon",
                            "labelPosition": "top",
                            "labelWidth": "",
                            "labelMargin": "",
                            "placeholder": "",
                            "description": "",
                            "tooltip": "",
                            "prefix": "",
                            "suffix": "",
                            "widget": {
                                "type": "input"
                            },
                            "inputMask": "",
                            "displayMask": "",
                            "allowMultipleMasks": false,
                            "customClass": "",
                            "tabindex": "",
                            "autocomplete": "",
                            "hidden": false,
                            "hideLabel": false,
                            "showWordCount": false,
                            "showCharCount": false,
                            "mask": false,
                            "autofocus": false,
                            "spellcheck": true,
                            "disabled": false,
                            "tableView": true,
                            "modalEdit": false,
                            "multiple": false,
                            "persistent": true,
                            "inputFormat": "plain",
                            "protected": false,
                            "dbIndex": false,
                            "case": "",
                            "truncateMultipleSpaces": false,
                            "encrypted": false,
                            "redrawOn": "",
                            "clearOnHide": true,
                            "customDefaultValue": "",
                            "calculateValue": "",
                            "calculateServer": false,
                            "allowCalculateOverride": false,
                            "validateOn": "change",
                            "validate": {
                                "required": true,
                                "minLength": "",
                                "maxLength": "",
                                "minWords": "",
                                "maxWords": "",
                                "pattern": "",
                                "customMessage": "",
                                "custom": "",
                                "customPrivate": false,
                                "json": "",
                                "strictDateValidation": false,
                                "multiple": false,
                                "unique": false
                            },
                            "unique": false,
                            "errorLabel": "",
                            "errors": "",
                            "key": "telefoonnummerContactpersoon",
                            "tags": [],
                            "properties": {},
                            "conditional": {
                                "show": true,
                                "when": "meldtUSchadeNamensEenOrganisatie",
                                "eq": "a",
                                "json": ""
                            },
                            "customConditional": "",
                            "logic": [],
                            "attributes": {},
                            "overlay": {
                                "style": "",
                                "page": "",
                                "left": "",
                                "top": "",
                                "width": "",
                                "height": ""
                            },
                            "type": "textfield",
                            "input": true,
                            "refreshOn": "",
                            "dataGridLabel": false,
                            "addons": [],
                            "inputType": "text",
                            "id": "e9y2tkf",
                            "defaultValue": "",
                            "prefill": {
                                "plugin": "",
                                "attribute": "",
                                "identifierRole": "main"
                            }
                        },
                        {
                            "label": "E-mailadres",
                            "tableView": true,
                            "validate": {
                                "required": true,
                                "custom": "",
                                "customPrivate": false,
                                "strictDateValidation": false,
                                "multiple": false,
                                "unique": false,
                                "minLength": "",
                                "maxLength": "",
                                "pattern": ""
                            },
                            "key": "eMailadres",
                            "conditional": {
                                "show": true,
                                "when": "meldtUSchadeNamensEenOrganisatie",
                                "eq": "b"
                            },
                            "type": "email",
                            "input": true,
                            "placeholder": "",
                            "prefix": "",
                            "customClass": "",
                            "suffix": "",
                            "multiple": false,
                            "defaultValue": null,
                            "protected": false,
                            "unique": false,
                            "persistent": true,
                            "hidden": false,
                            "clearOnHide": true,
                            "refreshOn": "",
                            "redrawOn": "",
                            "modalEdit": false,
                            "dataGridLabel": false,
                            "labelPosition": "top",
                            "description": "",
                            "errorLabel": "",
                            "tooltip": "",
                            "hideLabel": false,
                            "tabindex": "",
                            "disabled": false,
                            "autofocus": false,
                            "dbIndex": false,
                            "customDefaultValue": "",
                            "calculateValue": "",
                            "calculateServer": false,
                            "widget": {
                                "type": "input"
                            },
                            "attributes": {},
                            "validateOn": "change",
                            "overlay": {
                                "style": "",
                                "left": "",
                                "top": "",
                                "width": "",
                                "height": ""
                            },
                            "allowCalculateOverride": false,
                            "encrypted": false,
                            "showCharCount": false,
                            "showWordCount": false,
                            "properties": {},
                            "allowMultipleMasks": false,
                            "addons": [],
                            "mask": false,
                            "inputType": "email",
                            "inputFormat": "plain",
                            "inputMask": "",
                            "displayMask": "",
                            "spellcheck": true,
                            "truncateMultipleSpaces": false,
                            "kickbox": {
                                "enabled": false
                            },
                            "id": "er6obki"
                        },
                        {
                            "label": "Telefoonnummer",
                            "tableView": true,
                            "validate": {
                                "required": true,
                                "custom": "",
                                "customPrivate": false,
                                "strictDateValidation": false,
                                "multiple": false,
                                "unique": false,
                                "minLength": "",
                                "maxLength": "",
                                "pattern": ""
                            },
                            "key": "telefoonnummer",
                            "conditional": {
                                "show": true,
                                "when": "meldtUSchadeNamensEenOrganisatie",
                                "eq": "b"
                            },
                            "type": "textfield",
                            "input": true,
                            "placeholder": "",
                            "prefix": "",
                            "customClass": "",
                            "suffix": "",
                            "multiple": false,
                            "defaultValue": null,
                            "protected": false,
                            "unique": false,
                            "persistent": true,
                            "hidden": false,
                            "clearOnHide": true,
                            "refreshOn": "",
                            "redrawOn": "",
                            "modalEdit": false,
                            "dataGridLabel": false,
                            "labelPosition": "top",
                            "description": "",
                            "errorLabel": "",
                            "tooltip": "",
                            "hideLabel": false,
                            "tabindex": "",
                            "disabled": false,
                            "autofocus": false,
                            "dbIndex": false,
                            "customDefaultValue": "",
                            "calculateValue": "",
                            "calculateServer": false,
                            "widget": {
                                "type": "input"
                            },
                            "attributes": {},
                            "validateOn": "change",
                            "overlay": {
                                "style": "",
                                "left": "",
                                "top": "",
                                "width": "",
                                "height": ""
                            },
                            "allowCalculateOverride": false,
                            "encrypted": false,
                            "showCharCount": false,
                            "showWordCount": false,
                            "properties": {},
                            "allowMultipleMasks": false,
                            "addons": [],
                            "mask": false,
                            "inputType": "text",
                            "inputFormat": "plain",
                            "inputMask": "",
                            "displayMask": "",
                            "spellcheck": true,
                            "truncateMultipleSpaces": false,
                            "id": "e9aiwo",
                            "prefill": {
                                "plugin": "",
                                "attribute": "",
                                "identifierRole": "main"
                            }
                        }
                    ],
                    "placeholder": "",
                    "prefix": "",
                    "customClass": "",
                    "suffix": "",
                    "multiple": false,
                    "defaultValue": null,
                    "protected": false,
                    "unique": false,
                    "persistent": false,
                    "hidden": false,
                    "clearOnHide": true,
                    "refreshOn": "",
                    "redrawOn": "",
                    "modalEdit": false,
                    "dataGridLabel": false,
                    "labelPosition": "top",
                    "description": "",
                    "errorLabel": "",
                    "tooltip": "",
                    "hideLabel": false,
                    "tabindex": "",
                    "disabled": false,
                    "autofocus": false,
                    "dbIndex": false,
                    "customDefaultValue": "",
                    "calculateValue": "",
                    "calculateServer": false,
                    "widget": null,
                    "attributes": {},
                    "validateOn": "change",
                    "validate": {
                        "required": false,
                        "custom": "",
                        "customPrivate": false,
                        "strictDateValidation": false,
                        "multiple": false,
                        "unique": false
                    },
                    "overlay": {
                        "style": "",
                        "left": "",
                        "top": "",
                        "width": "",
                        "height": ""
                    },
                    "allowCalculateOverride": false,
                    "encrypted": false,
                    "showCharCount": false,
                    "showWordCount": false,
                    "properties": {},
                    "allowMultipleMasks": false,
                    "addons": [],
                    "tree": false,
                    "lazyLoad": false,
                    "legend": "",
                    "id": "e8azjx"
                },
                {
                    "key": "fieldSet1",
                    "type": "fieldset",
                    "label": "Field Set",
                    "input": false,
                    "tableView": false,
                    "components": [
                        {
                            "label": "Naam contactpersoon",
                            "tableView": true,
                            "validate": {
                                "required": true,
                                "custom": "",
                                "customPrivate": false,
                                "strictDateValidation": false,
                                "multiple": false,
                                "unique": false,
                                "minLength": "",
                                "maxLength": "",
                                "pattern": ""
                            },
                            "key": "naamContactpersoon1",
                            "type": "textfield",
                            "input": true,
                            "placeholder": "",
                            "prefix": "",
                            "customClass": "",
                            "suffix": "",
                            "multiple": false,
                            "defaultValue": null,
                            "protected": false,
                            "unique": false,
                            "persistent": true,
                            "hidden": false,
                            "clearOnHide": true,
                            "refreshOn": "",
                            "redrawOn": "",
                            "modalEdit": false,
                            "dataGridLabel": false,
                            "labelPosition": "top",
                            "description": "",
                            "errorLabel": "",
                            "tooltip": "",
                            "hideLabel": false,
                            "tabindex": "",
                            "disabled": false,
                            "autofocus": false,
                            "dbIndex": false,
                            "customDefaultValue": "",
                            "calculateValue": "",
                            "calculateServer": false,
                            "widget": {
                                "type": "input"
                            },
                            "attributes": {},
                            "validateOn": "change",
                            "conditional": {
                                "show": null,
                                "when": null,
                                "eq": ""
                            },
                            "overlay": {
                                "style": "",
                                "left": "",
                                "top": "",
                                "width": "",
                                "height": ""
                            },
                            "allowCalculateOverride": false,
                            "encrypted": false,
                            "showCharCount": false,
                            "showWordCount": false,
                            "properties": {},
                            "allowMultipleMasks": false,
                            "addons": [],
                            "mask": false,
                            "inputType": "text",
                            "inputFormat": "plain",
                            "inputMask": "",
                            "displayMask": "",
                            "spellcheck": true,
                            "truncateMultipleSpaces": false,
                            "id": "eua8t5m",
                            "prefill": {
                                "plugin": "",
                                "attribute": "",
                                "identifierRole": "main"
                            }
                        },
                        {
                            "label": "E-mailadres contactpersoon",
                            "tableView": true,
                            "validate": {
                                "required": true,
                                "custom": "",
                                "customPrivate": false,
                                "strictDateValidation": false,
                                "multiple": false,
                                "unique": false,
                                "minLength": "",
                                "maxLength": "",
                                "pattern": ""
                            },
                            "key": "eMailadresContactpersoon1",
                            "type": "email",
                            "input": true,
                            "placeholder": "",
                            "prefix": "",
                            "customClass": "",
                            "suffix": "",
                            "multiple": false,
                            "defaultValue": null,
                            "protected": false,
                            "unique": false,
                            "persistent": true,
                            "hidden": false,
                            "clearOnHide": true,
                            "refreshOn": "",
                            "redrawOn": "",
                            "modalEdit": false,
                            "dataGridLabel": false,
                            "labelPosition": "top",
                            "description": "",
                            "errorLabel": "",
                            "tooltip": "",
                            "hideLabel": false,
                            "tabindex": "",
                            "disabled": false,
                            "autofocus": false,
                            "dbIndex": false,
                            "customDefaultValue": "",
                            "calculateValue": "",
                            "calculateServer": false,
                            "widget": {
                                "type": "input"
                            },
                            "attributes": {},
                            "validateOn": "change",
                            "conditional": {
                                "show": null,
                                "when": null,
                                "eq": ""
                            },
                            "overlay": {
                                "style": "",
                                "left": "",
                                "top": "",
                                "width": "",
                                "height": ""
                            },
                            "allowCalculateOverride": false,
                            "encrypted": false,
                            "showCharCount": false,
                            "showWordCount": false,
                            "properties": {},
                            "allowMultipleMasks": false,
                            "addons": [],
                            "mask": false,
                            "inputType": "email",
                            "inputFormat": "plain",
                            "inputMask": "",
                            "displayMask": "",
                            "spellcheck": true,
                            "truncateMultipleSpaces": false,
                            "kickbox": {
                                "enabled": false
                            },
                            "id": "e7pizxl"
                        },
                        {
                            "label": "Telefoonnummer contactpersoon",
                            "tableView": true,
                            "validate": {
                                "required": true,
                                "custom": "",
                                "customPrivate": false,
                                "strictDateValidation": false,
                                "multiple": false,
                                "unique": false,
                                "minLength": "",
                                "maxLength": "",
                                "pattern": ""
                            },
                            "key": "telefoonnummerContactpersoon1",
                            "type": "textfield",
                            "input": true,
                            "placeholder": "",
                            "prefix": "",
                            "customClass": "",
                            "suffix": "",
                            "multiple": false,
                            "defaultValue": null,
                            "protected": false,
                            "unique": false,
                            "persistent": true,
                            "hidden": false,
                            "clearOnHide": true,
                            "refreshOn": "",
                            "redrawOn": "",
                            "modalEdit": false,
                            "dataGridLabel": false,
                            "labelPosition": "top",
                            "description": "",
                            "errorLabel": "",
                            "tooltip": "",
                            "hideLabel": false,
                            "tabindex": "",
                            "disabled": false,
                            "autofocus": false,
                            "dbIndex": false,
                            "customDefaultValue": "",
                            "calculateValue": "",
                            "calculateServer": false,
                            "widget": {
                                "type": "input"
                            },
                            "attributes": {},
                            "validateOn": "change",
                            "conditional": {
                                "show": null,
                                "when": null,
                                "eq": ""
                            },
                            "overlay": {
                                "style": "",
                                "left": "",
                                "top": "",
                                "width": "",
                                "height": ""
                            },
                            "allowCalculateOverride": false,
                            "encrypted": false,
                            "showCharCount": false,
                            "showWordCount": false,
                            "properties": {},
                            "allowMultipleMasks": false,
                            "addons": [],
                            "mask": false,
                            "inputType": "text",
                            "inputFormat": "plain",
                            "inputMask": "",
                            "displayMask": "",
                            "spellcheck": true,
                            "truncateMultipleSpaces": false,
                            "id": "eqhgqco",
                            "prefill": {
                                "plugin": "",
                                "attribute": "",
                                "identifierRole": "main"
                            }
                        }
                    ],
                    "placeholder": "",
                    "prefix": "",
                    "customClass": "",
                    "suffix": "",
                    "multiple": false,
                    "defaultValue": null,
                    "protected": false,
                    "unique": false,
                    "persistent": false,
                    "hidden": false,
                    "clearOnHide": true,
                    "refreshOn": "",
                    "redrawOn": "",
                    "modalEdit": false,
                    "dataGridLabel": false,
                    "labelPosition": "top",
                    "description": "",
                    "errorLabel": "",
                    "tooltip": "",
                    "hideLabel": false,
                    "tabindex": "",
                    "disabled": false,
                    "autofocus": false,
                    "dbIndex": false,
                    "customDefaultValue": "",
                    "calculateValue": "",
                    "calculateServer": false,
                    "widget": null,
                    "attributes": {},
                    "validateOn": "change",
                    "validate": {
                        "required": false,
                        "custom": "",
                        "customPrivate": false,
                        "strictDateValidation": false,
                        "multiple": false,
                        "unique": false
                    },
                    "overlay": {
                        "style": "",
                        "left": "",
                        "top": "",
                        "width": "",
                        "height": ""
                    },
                    "allowCalculateOverride": false,
                    "encrypted": false,
                    "showCharCount": false,
                    "showWordCount": false,
                    "properties": {},
                    "allowMultipleMasks": false,
                    "addons": [],
                    "tree": false,
                    "lazyLoad": false,
                    "legend": "",
                    "id": "enfxg5g"
                },
                {
                    "label": "Meldt u schade namens iemand anders?",
                    "optionsLabelPosition": "right",
                    "inline": false,
                    "tableView": false,
                    "values": [
                        {
                            "label": "Ja",
                            "value": "a",
                            "shortcut": ""
                        },
                        {
                            "label": "Nee",
                            "value": "b",
                            "shortcut": ""
                        }
                    ],
                    "validate": {
                        "required": true,
                        "custom": "",
                        "customPrivate": false,
                        "strictDateValidation": false,
                        "multiple": false,
                        "unique": false,
                        "onlyAvailableItems": false
                    },
                    "key": "meldtUSchadeNamensIemandAnders",
                    "type": "radio",
                    "input": true,
                    "placeholder": "",
                    "prefix": "",
                    "customClass": "",
                    "suffix": "",
                    "multiple": false,
                    "defaultValue": null,
                    "protected": false,
                    "unique": false,
                    "persistent": true,
                    "hidden": false,
                    "clearOnHide": true,
                    "refreshOn": "",
                    "redrawOn": "",
                    "modalEdit": false,
                    "dataGridLabel": false,
                    "labelPosition": "top",
                    "description": "",
                    "errorLabel": "",
                    "tooltip": "",
                    "hideLabel": false,
                    "tabindex": "",
                    "disabled": false,
                    "autofocus": false,
                    "dbIndex": false,
                    "customDefaultValue": "",
                    "calculateValue": "",
                    "calculateServer": false,
                    "widget": null,
                    "attributes": {},
                    "validateOn": "change",
                    "overlay": {
                        "style": "",
                        "left": "",
                        "top": "",
                        "width": "",
                        "height": ""
                    },
                    "allowCalculateOverride": false,
                    "encrypted": false,
                    "showCharCount": false,
                    "showWordCount": false,
                    "properties": {},
                    "allowMultipleMasks": false,
                    "addons": [],
                    "inputType": "radio",
                    "fieldSet": false,
                    "id": "eiycu8f"
                },
                {
                    "legend": "Namens wie meldt u de schade",
                    "key": "fieldSet2",
                    "type": "fieldset",
                    "label": "Field Set",
                    "input": false,
                    "tableView": false,
                    "components": [
                        {
                            "label": "Naam",
                            "tableView": true,
                            "validate": {
                                "required": true,
                                "custom": "",
                                "customPrivate": false,
                                "strictDateValidation": false,
                                "multiple": false,
                                "unique": false,
                                "minLength": "",
                                "maxLength": "",
                                "pattern": ""
                            },
                            "key": "naam",
                            "type": "textfield",
                            "input": true,
                            "placeholder": "",
                            "prefix": "",
                            "customClass": "",
                            "suffix": "",
                            "multiple": false,
                            "defaultValue": null,
                            "protected": false,
                            "unique": false,
                            "persistent": true,
                            "hidden": false,
                            "clearOnHide": true,
                            "refreshOn": "",
                            "redrawOn": "",
                            "modalEdit": false,
                            "dataGridLabel": false,
                            "labelPosition": "top",
                            "description": "",
                            "errorLabel": "",
                            "tooltip": "",
                            "hideLabel": false,
                            "tabindex": "",
                            "disabled": false,
                            "autofocus": false,
                            "dbIndex": false,
                            "customDefaultValue": "",
                            "calculateValue": "",
                            "calculateServer": false,
                            "widget": {
                                "type": "input"
                            },
                            "attributes": {},
                            "validateOn": "change",
                            "conditional": {
                                "show": null,
                                "when": null,
                                "eq": ""
                            },
                            "overlay": {
                                "style": "",
                                "left": "",
                                "top": "",
                                "width": "",
                                "height": ""
                            },
                            "allowCalculateOverride": false,
                            "encrypted": false,
                            "showCharCount": false,
                            "showWordCount": false,
                            "properties": {},
                            "allowMultipleMasks": false,
                            "addons": [],
                            "mask": false,
                            "inputType": "text",
                            "inputFormat": "plain",
                            "inputMask": "",
                            "displayMask": "",
                            "spellcheck": true,
                            "truncateMultipleSpaces": false,
                            "id": "ep92st",
                            "prefill": {
                                "plugin": "",
                                "attribute": "",
                                "identifierRole": "main"
                            }
                        },
                        {
                            "label": "Adres",
                            "disablestreetcity": false,
                            "validate": {
                                "required": true,
                                "custom": "",
                                "customPrivate": false,
                                "strictDateValidation": false,
                                "multiple": false,
                                "unique": false,
                                "minLength": "",
                                "maxLength": "",
                                "pattern": ""
                            },
                            "tableView": true,
                            "key": "adres",
                            "type": "adres",
                            "input": true,
                            "placeholder": "",
                            "prefix": "",
                            "customClass": "",
                            "suffix": "",
                            "multiple": false,
                            "defaultValue": null,
                            "protected": false,
                            "unique": false,
                            "persistent": true,
                            "hidden": false,
                            "clearOnHide": true,
                            "refreshOn": "",
                            "redrawOn": "",
                            "modalEdit": false,
                            "dataGridLabel": false,
                            "labelPosition": "top",
                            "description": "",
                            "errorLabel": "",
                            "tooltip": "",
                            "hideLabel": false,
                            "tabindex": "",
                            "disabled": false,
                            "autofocus": false,
                            "dbIndex": false,
                            "customDefaultValue": "",
                            "calculateValue": "",
                            "calculateServer": false,
                            "widget": {
                                "type": "input"
                            },
                            "attributes": {},
                            "validateOn": "change",
                            "conditional": {
                                "show": null,
                                "when": null,
                                "eq": ""
                            },
                            "overlay": {
                                "style": "",
                                "left": "",
                                "top": "",
                                "width": "",
                                "height": ""
                            },
                            "allowCalculateOverride": false,
                            "encrypted": false,
                            "showCharCount": false,
                            "showWordCount": false,
                            "properties": {},
                            "allowMultipleMasks": false,
                            "addons": [],
                            "mask": false,
                            "inputType": "text",
                            "inputFormat": "plain",
                            "inputMask": "",
                            "spellcheck": true,
                            "id": "es50aob"
                        }
                    ],
                    "placeholder": "",
                    "prefix": "",
                    "customClass": "",
                    "suffix": "",
                    "multiple": false,
                    "defaultValue": null,
                    "protected": false,
                    "unique": false,
                    "persistent": false,
                    "hidden": false,
                    "clearOnHide": true,
                    "refreshOn": "",
                    "redrawOn": "",
                    "modalEdit": false,
                    "dataGridLabel": false,
                    "labelPosition": "top",
                    "description": "",
                    "errorLabel": "",
                    "tooltip": "",
                    "hideLabel": false,
                    "tabindex": "",
                    "disabled": false,
                    "autofocus": false,
                    "dbIndex": false,
                    "customDefaultValue": "",
                    "calculateValue": "",
                    "calculateServer": false,
                    "widget": null,
                    "attributes": {},
                    "validateOn": "change",
                    "validate": {
                        "required": false,
                        "custom": "",
                        "customPrivate": false,
                        "strictDateValidation": false,
                        "multiple": false,
                        "unique": false
                    },
                    "overlay": {
                        "style": "",
                        "left": "",
                        "top": "",
                        "width": "",
                        "height": ""
                    },
                    "allowCalculateOverride": false,
                    "encrypted": false,
                    "showCharCount": false,
                    "showWordCount": false,
                    "properties": {},
                    "allowMultipleMasks": false,
                    "addons": [],
                    "tree": false,
                    "lazyLoad": false,
                    "id": "ee3ape"
                },
                {
                    "label": "Columns",
                    "columns": [
                        {
                            "components": [],
                            "width": 3,
                            "offset": 0,
                            "push": 0,
                            "pull": 0,
                            "size": "sm",
                            "currentWidth": 3
                        },
                        {
                            "components": [],
                            "width": 3,
                            "offset": 0,
                            "push": 0,
                            "pull": 0,
                            "size": "sm",
                            "currentWidth": 3
                        }
                    ],
                    "key": "columns",
                    "type": "columns",
                    "input": false,
                    "tableView": false,
                    "placeholder": "",
                    "prefix": "",
                    "customClass": "",
                    "suffix": "",
                    "multiple": false,
                    "defaultValue": null,
                    "protected": false,
                    "unique": false,
                    "persistent": false,
                    "hidden": false,
                    "clearOnHide": false,
                    "refreshOn": "",
                    "redrawOn": "",
                    "modalEdit": false,
                    "dataGridLabel": false,
                    "labelPosition": "top",
                    "description": "",
                    "errorLabel": "",
                    "tooltip": "",
                    "hideLabel": false,
                    "tabindex": "",
                    "disabled": false,
                    "autofocus": false,
                    "dbIndex": false,
                    "customDefaultValue": "",
                    "calculateValue": "",
                    "calculateServer": false,
                    "widget": null,
                    "attributes": {},
                    "validateOn": "change",
                    "validate": {
                        "required": false,
                        "custom": "",
                        "customPrivate": false,
                        "strictDateValidation": false,
                        "multiple": false,
                        "unique": false
                    },
                    "overlay": {
                        "style": "",
                        "left": "",
                        "top": "",
                        "width": "",
                        "height": ""
                    },
                    "allowCalculateOverride": false,
                    "encrypted": false,
                    "showCharCount": false,
                    "showWordCount": false,
                    "properties": {},
                    "allowMultipleMasks": false,
                    "addons": [],
                    "tree": false,
                    "lazyLoad": false,
                    "autoAdjust": false,
                    "id": "ez8fs7k"
                }
            ]
        }
    },
    {
        "url": "http://localhost/api/v2/form-definitions/24caaef3-b334-46e5-86f9-26676bfb638d",
        "uuid": "24caaef3-b334-46e5-86f9-26676bfb638d",
        "name": "IBAN",
        "slug": "iban",
        "configuration": {
            "display": "form",
            "components": [
                {
                    "label": "IBAN",
                    "inputMask": "AA99 AAAA 9999 9999 99",
                    "tableView": true,
                    "validate": {
                        "required": true
                    },
                    "key": "iban",
                    "type": "textfield",
                    "input": true,
                    "prefill": {
                        "plugin": "",
                        "attribute": "",
                        "identifierRole": "main"
                    }
                },
                {
                    "label": "Op naam van",
                    "tableView": true,
                    "validate": {
                        "required": true
                    },
                    "key": "opNaamVan",
                    "type": "textfield",
                    "input": true,
                    "prefill": {
                        "plugin": "",
                        "attribute": "",
                        "identifierRole": "main"
                    }
                },
                {
                    "label": "Columns",
                    "columns": [
                        {
                            "components": [],
                            "width": 3,
                            "offset": 0,
                            "push": 0,
                            "pull": 0,
                            "size": "sm",
                            "currentWidth": 3
                        },
                        {
                            "components": [],
                            "width": 3,
                            "offset": 0,
                            "push": 0,
                            "pull": 0,
                            "size": "sm",
                            "currentWidth": 3
                        }
                    ],
                    "key": "columns1",
                    "type": "columns",
                    "input": false,
                    "tableView": false
                }
            ]
        }
    },
    {
        "url": "http://localhost/api/v2/form-definitions/3a5eac11-3071-46aa-9a46-445f75f4c7b9",
        "uuid": "3a5eac11-3071-46aa-9a46-445f75f4c7b9",
        "name": "Schadegegevens",
        "slug": "schadegegevens",
        "configuration": {
            "display": "form",
            "components": [
                {
                    "label": " Wanneer is de schade ontstaan?",
                    "placeholder": "dag-maand-jaar",
                    "tableView": false,
                    "enableMinDateInput": false,
                    "datePicker": {
                        "disableWeekends": false,
                        "disableWeekdays": false
                    },
                    "enableMaxDateInput": false,
                    "timePicker": {
                        "hourStep": "",
                        "minuteStep": "",
                        "showMeridian": false
                    },
                    "validate": {
                        "required": true
                    },
                    "key": "wanneerIsDeSchadeOntstaan",
                    "type": "datetime",
                    "input": true,
                    "widget": {
                        "type": "calendar",
                        "displayInTimezone": "viewer",
                        "locale": "nl",
                        "useLocaleSettings": false,
                        "allowInput": true,
                        "mode": "single",
                        "enableTime": false,
                        "noCalendar": false,
                        "format": "dd-MM-yyyy",
                        "time_24hr": true,
                        "minDate": null,
                        "disableWeekends": false,
                        "disableWeekdays": false,
                        "maxDate": null
                    }
                },
                {
                    "label": "Plaats van de schade.",
                    "description": "Beschrijf de plaats zo duidelijk mogelijk. Noem bijvoorbeeld de straat en het huisnummer.",
                    "tableView": true,
                    "inputFormat": "plain",
                    "validate": {
                        "required": true
                    },
                    "key": "plaatsVanDeSchade",
                    "type": "textarea",
                    "input": true,
                    "autoExpand": false
                },
                {
                    "label": "Hoeveel schade heeft u?",
                    "prefix": "€",
                    "tableView": true,
                    "validate": {
                        "required": true,
                        "pattern": "^\\d{0,7}(\\,\\d{0,2})?$",
                        "customMessage": "Vul een bedrag in"
                    },
                    "key": "hoeveelSchadeHeeftU",
                    "type": "textfield",
                    "input": true,
                    "prefill": {
                        "plugin": "",
                        "attribute": "",
                        "identifierRole": "main"
                    }
                },
                {
                    "label": "Beschrijf wat er is gebeurd, hoe de schade is ontstaan en of u lichamelijke schade (letselschade) heeft.",
                    "tableView": true,
                    "inputFormat": "plain",
                    "validate": {
                        "required": true
                    },
                    "key": "beschrijfWatErIsGebeurdHoeDeSchadeIsOntstaanEnOfULichamelijkeSchadeLetselschadeHeeft",
                    "type": "textarea",
                    "input": true,
                    "autoExpand": false
                },
                {
                    "label": "Columns",
                    "columns": [
                        {
                            "components": [],
                            "width": 3,
                            "offset": 0,
                            "push": 0,
                            "pull": 0,
                            "size": "sm",
                            "currentWidth": 3
                        },
                        {
                            "components": [],
                            "width": 3,
                            "offset": 0,
                            "push": 0,
                            "pull": 0,
                            "size": "sm",
                            "currentWidth": 3
                        }
                    ],
                    "key": "columns2",
                    "type": "columns",
                    "input": false,
                    "tableView": false
                }
            ]
        }
    },
    {
        "url": "http://localhost/api/v2/form-definitions/95b086df-a308-4ce9-8980-a4d474b546cd",
        "uuid": "95b086df-a308-4ce9-8980-a4d474b546cd",
        "name": "Bijlagen",
        "slug": "bijlagen",
        "configuration": {
            "display": "form",
            "components": [
                {
                    "html": "<p><span style=\"background-color:rgb(255,255,255);color:rgb(0,0,0);\">U moet een brief van de vrijwilligersorganisatie uploaden waarin staat dat de schade is ontstaan tijdens het vrijwilligerswerk. U kunt ook extra bijlagen uploaden om uw melding duidelijker te maken. Bijvoorbeeld foto’s van de schade, aankoopbonnen van de beschadigde spullen, offertes of rekeningen van de reparatie van de schade of een afwijzingsbrief van een andere (eigen) verzekeraar.</span></p>",
                    "label": "Content",
                    "refreshOnChange": false,
                    "key": "content",
                    "type": "content",
                    "input": false,
                    "tableView": false
                },
                {
                    "label": "Toevoegen",
                    "description": "Toegestaan zijn .jpg, .png, .jpeg of .pdf documenten die niet groter zijn dan 20MB.",
                    "tableView": false,
                    "storage": "url",
                    "webcam": false,
                    "fileTypes": [
                        {
                            "label": "",
                            "value": ""
                        }
                    ],
                    "filePattern": ".jpg,.png,.jpeg,.pdf",
                    "fileMinSize": "1KB",
                    "fileMaxSize": "20MB",
                    "multiple": true,
                    "validate": {
                        "required": true
                    },
                    "key": "toevoegen",
                    "type": "file",
                    "input": true,
                    "url": "/cloud/s3"
                },
                {
                    "html": "<p>Ik heb deze bijlage toegevoegd:</p>",
                    "label": "Content",
                    "refreshOnChange": false,
                    "key": "content1",
                    "type": "content",
                    "input": false,
                    "tableView": false
                },
                {
                    "label": "Brief vrijwilligersorganisatie waarin staat dat schade tijdens vrijwilligerswerk is ontstaan",
                    "tableView": false,
                    "validate": {
                        "required": true
                    },
                    "key": "briefVrijwilligersorganisatieWaarinStaatDatSchadeTijdensVrijwilligerswerkIsOntstaan",
                    "type": "checkbox",
                    "input": true,
                    "defaultValue": false
                },
                {
                    "label": "Columns",
                    "columns": [
                        {
                            "components": [],
                            "width": 3,
                            "offset": 0,
                            "push": 0,
                            "pull": 0,
                            "size": "sm",
                            "currentWidth": 3
                        },
                        {
                            "components": [],
                            "width": 3,
                            "offset": 0,
                            "push": 0,
                            "pull": 0,
                            "size": "sm",
                            "currentWidth": 3
                        }
                    ],
                    "key": "columns3",
                    "type": "columns",
                    "input": false,
                    "tableView": false
                }
            ]
        }
    }
]