[
    {
        "uuid": "ccecf971-487c-4065-8f2c-3480f823baed",
        "name": "Schade melden vrijwilligersverzekering gemeente N",
        "internal_name": "",
        "login_required": false,
        "authentication_backends": [],
        "slug": "schademeldenvrijwilligersverzekeringgemeentenijme",
        "url": "http://localhost/api/v2/forms/ccecf971-487c-4065-8f2c-3480f823baed",
        "show_progress_indicator": true,
        "maintenance_mode": false,
        "active": true,
        "is_deleted": false,
        "suspension_allowed": true,
        "send_confirmation_email": true,
        "display_main_website_link": true,
        "required_fields_with_asterisk": true,
        "resume_link_lifetime": 7,
        "hide_non_applicable_steps": true
    }
]