[
    {
        "uuid": "90692e70-d05d-4e22-a3db-032dfaafa363",
        "name": "Bijlagen aanvraag BBZ sturen",
        "internal_name": "",
        "login_required": false,
        "authentication_backends": [],
        "slug": "bijlagenaanvraagbbzsturen",
        "url": "http://localhost/api/v2/forms/90692e70-d05d-4e22-a3db-032dfaafa363",
        "show_progress_indicator": true,
        "maintenance_mode": false,
        "active": true,
        "is_deleted": false,
        "suspension_allowed": true,
        "send_confirmation_email": true,
        "display_main_website_link": true,
        "required_fields_with_asterisk": true,
        "resume_link_lifetime": 7,
        "hide_non_applicable_steps": true
    }
]