[
    {
        "uuid": "9a229ecf-e059-48a4-b3c9-39eea6e7bbab",
        "name": "Toestemming geven schoonmaken graffiti",
        "internal_name": "",
        "login_required": false,
        "authentication_backends": [],
        "slug": "toestemminggevenschoonmakengraffiti",
        "url": "http://localhost/api/v2/forms/9a229ecf-e059-48a4-b3c9-39eea6e7bbab",
        "show_progress_indicator": true,
        "maintenance_mode": false,
        "active": true,
        "is_deleted": false,
        "suspension_allowed": true,
        "send_confirmation_email": true,
        "display_main_website_link": true,
        "required_fields_with_asterisk": true,
        "resume_link_lifetime": 7,
        "hide_non_applicable_steps": true
    }
]