[
    {
        "uuid": "a10f9d9b-fda0-4857-be42-4841fa96357b",
        "name": "Speeltuinen, wijkcentra, sportzalen of sportterre",
        "internal_name": "",
        "login_required": false,
        "authentication_backends": [],
        "slug": "speeltuinenwijkcentrasportzalenofsportterreinen",
        "url": "http://localhost/api/v2/forms/a10f9d9b-fda0-4857-be42-4841fa96357b",
        "show_progress_indicator": true,
        "maintenance_mode": false,
        "active": true,
        "is_deleted": false,
        "suspension_allowed": true,
        "send_confirmation_email": true,
        "display_main_website_link": true,
        "required_fields_with_asterisk": true,
        "resume_link_lifetime": 7,
        "hide_non_applicable_steps": true
    }
]