[
    {
        "uuid": "12da1d7a-467c-44ed-8d0f-d0b11fcdf953",
        "name": "Gemeentegrond kopen, huren of gebruiken aanvragen",
        "internal_name": "",
        "login_required": false,
        "authentication_backends": [],
        "slug": "gemeentegrondkopenhurenofgebruikenaanvragen",
        "url": "http://localhost/api/v2/forms/12da1d7a-467c-44ed-8d0f-d0b11fcdf953",
        "show_progress_indicator": true,
        "maintenance_mode": false,
        "active": true,
        "is_deleted": false,
        "suspension_allowed": true,
        "send_confirmation_email": true,
        "display_main_website_link": true,
        "required_fields_with_asterisk": true,
        "resume_link_lifetime": 7,
        "hide_non_applicable_steps": true
    }
]