[
    {
        "uuid": "e2c0e531-97b8-4495-8ffc-3ca2f02f7d67",
        "name": "Aanpassing van bestemmingsplan aanvragen",
        "internal_name": "",
        "login_required": false,
        "authentication_backends": [],
        "slug": "aanpassingvanbestemmingsplanaanvragen",
        "url": "http://localhost/api/v2/forms/e2c0e531-97b8-4495-8ffc-3ca2f02f7d67",
        "show_progress_indicator": true,
        "maintenance_mode": false,
        "active": true,
        "is_deleted": false,
        "suspension_allowed": true,
        "send_confirmation_email": true,
        "display_main_website_link": true,
        "required_fields_with_asterisk": true,
        "resume_link_lifetime": 7,
        "hide_non_applicable_steps": true
    }
]