[
    {
        "url": "http://localhost/api/v2/form-definitions/f9a81b73-bb20-4473-a333-4283108f3209",
        "uuid": "f9a81b73-bb20-4473-a333-4283108f3209",
        "name": "Uw gegevens",
        "slug": "uw-gegevens",
        "configuration": {
            "display": "form",
            "components": [
                {
                    "components": [
                        {
                            "label": "Naam",
                            "customClass": "naamingelogdegebruikerfieldnonhidden nonhiddenfield",
                            "tableView": true,
                            "persistent": false,
                            "key": "naamIngelogdeGebruiker",
                            "type": "textfield",
                            "input": true,
                            "prefill": {
                                "plugin": "haalcentraal",
                                "attribute": "verblijfplaats.huisnummer",
                                "identifierRole": "main"
                            }
                        },
                        {
                            "label": "Straatnaam",
                            "customClass": "straatnaamfieldnonhidden nonhiddenfield",
                            "tableView": true,
                            "persistent": false,
                            "key": "straatnaam",
                            "type": "textfield",
                            "input": true,
                            "prefill": {
                                "plugin": "haalcentraal",
                                "attribute": "verblijfplaats.woonplaats",
                                "identifierRole": "main"
                            }
                        },
                        {
                            "label": "Huisnummer",
                            "customClass": "huisnummerfieldnonhidden nonhiddenfield",
                            "tableView": true,
                            "persistent": false,
                            "key": "huisnummerfield",
                            "type": "textfield",
                            "input": true,
                            "prefill": {
                                "plugin": "haalcentraal",
                                "attribute": "verblijfplaats.huisnummer",
                                "identifierRole": "main"
                            }
                        },
                        {
                            "label": "Postcode",
                            "customClass": "postcodefieldnonhidden nonhiddenfield",
                            "tableView": true,
                            "persistent": false,
                            "key": "postcode",
                            "type": "textfield",
                            "input": true,
                            "prefill": {
                                "plugin": "haalcentraal",
                                "attribute": "verblijfplaats.huisnummer",
                                "identifierRole": "main"
                            }
                        },
                        {
                            "label": "Woonplaats",
                            "customClass": "woonplaatsfieldnonhidden nonhiddenfield",
                            "tableView": true,
                            "persistent": false,
                            "key": "woonplaats",
                            "type": "textfield",
                            "input": true,
                            "prefill": {
                                "plugin": "haalcentraal",
                                "attribute": "verblijfplaats.huisnummer",
                                "identifierRole": "main"
                            }
                        }
                    ],
                    "key": "fieldSet-1-2-3-4-5-6",
                    "type": "fieldset",
                    "label": "Field Set",
                    "tree": false,
                    "input": false,
                    "hidden": false,
                    "legend": "",
                    "prefix": "",
                    "suffix": "",
                    "unique": false,
                    "widget": null,
                    "dbIndex": false,
                    "overlay": {
                        "top": "",
                        "left": "",
                        "style": "",
                        "width": "",
                        "height": ""
                    },
                    "tooltip": "",
                    "disabled": false,
                    "multiple": false,
                    "redrawOn": "",
                    "tabindex": "",
                    "validate": {
                        "custom": "",
                        "unique": false,
                        "multiple": false,
                        "required": false,
                        "customPrivate": false,
                        "strictDateValidation": false
                    },
                    "autofocus": false,
                    "encrypted": false,
                    "hideLabel": false,
                    "modalEdit": false,
                    "protected": false,
                    "refreshOn": "",
                    "tableView": false,
                    "attributes": {},
                    "errorLabel": "",
                    "hideHeader": false,
                    "persistent": false,
                    "properties": {},
                    "validateOn": "change",
                    "clearOnHide": true,
                    "customClass": "",
                    "description": "",
                    "placeholder": "",
                    "defaultValue": null,
                    "dataGridLabel": false,
                    "labelPosition": "top",
                    "showCharCount": false,
                    "showWordCount": false,
                    "calculateValue": "",
                    "calculateServer": false,
                    "allowMultipleMasks": false,
                    "customDefaultValue": "",
                    "allowCalculateOverride": false,
                    "originalFormName": "nonhiddenfieldsform1"
                },
                {
                    "components": [
                        {
                            "label": "E-mailadres",
                            "autocomplete": "email",
                            "tableView": true,
                            "validateOn": "blur",
                            "validate": {
                                "required": true
                            },
                            "key": "eMailadres-1",
                            "type": "email",
                            "input": true
                        },
                        {
                            "label": "Telefoonnummer",
                            "autocomplete": "tel",
                            "tableView": true,
                            "validate": {
                                "required": true
                            },
                            "key": "telefoonnummer-1",
                            "type": "textfield",
                            "input": true,
                            "prefill": {
                                "plugin": "",
                                "attribute": "",
                                "identifierRole": "main"
                            }
                        },
                        {
                            "label": "Namens wie wilt u een bestemmingsplan aanpassen?",
                            "optionsLabelPosition": "right",
                            "inline": false,
                            "tableView": false,
                            "values": [
                                {
                                    "label": "namens mijzelf",
                                    "value": "namensMijzelf",
                                    "shortcut": ""
                                },
                                {
                                    "label": "namens een bedrijf of organisatie (u bent gemachtigd)",
                                    "value": "namensEenBedrijf",
                                    "shortcut": ""
                                },
                                {
                                    "label": "namens iemand anders (u bent gemachtigd)",
                                    "value": "namensIemandAnders",
                                    "shortcut": ""
                                }
                            ],
                            "validate": {
                                "required": true
                            },
                            "key": "namensWieWiltUEenBestemmingsplanAanpassen",
                            "type": "radio",
                            "input": true
                        },
                        {
                            "components": [
                                {
                                    "label": "Naam bedrijf of organisatie",
                                    "tableView": true,
                                    "validate": {
                                        "required": true
                                    },
                                    "key": "naamBedrijf",
                                    "type": "textfield",
                                    "input": true,
                                    "prefill": {
                                        "plugin": "",
                                        "attribute": "",
                                        "identifierRole": "main"
                                    }
                                },
                                {
                                    "label": "KvK inschrijfnummer",
                                    "tableView": true,
                                    "validateOn": "blur",
                                    "validate": {
                                        "minLength": 8,
                                        "maxLength": 8,
                                        "pattern": "^[0-9]*$",
                                        "customMessage": "Een inschrijfnummer Kamer van Koophandel bevat 8 cijfers."
                                    },
                                    "key": "kvKInschrijfnummer",
                                    "type": "textfield",
                                    "input": true,
                                    "prefill": {
                                        "plugin": "",
                                        "attribute": "",
                                        "identifierRole": "main"
                                    }
                                },
                                {
                                    "html": "<p>Aan het einde van dit formulier moet u een machtiging uploaden waarin staat dat u namens dit bedrijf of deze organisatie de aanvraag mag doen.</p>",
                                    "label": "Content",
                                    "refreshOnChange": false,
                                    "key": "content-1-2",
                                    "type": "content",
                                    "input": false,
                                    "tableView": false
                                }
                            ],
                            "key": "fieldSet-1-2-3-4-5",
                            "type": "fieldset",
                            "label": "Field Set",
                            "tree": false,
                            "input": false,
                            "hidden": false,
                            "legend": "",
                            "prefix": "",
                            "suffix": "",
                            "unique": false,
                            "widget": null,
                            "dbIndex": false,
                            "overlay": {
                                "top": "",
                                "left": "",
                                "style": "",
                                "width": "",
                                "height": ""
                            },
                            "tooltip": "",
                            "disabled": false,
                            "multiple": false,
                            "redrawOn": "",
                            "tabindex": "",
                            "validate": {
                                "custom": "",
                                "unique": false,
                                "multiple": false,
                                "required": false,
                                "customPrivate": false,
                                "strictDateValidation": false
                            },
                            "autofocus": false,
                            "encrypted": false,
                            "hideLabel": false,
                            "modalEdit": false,
                            "protected": false,
                            "refreshOn": "",
                            "tableView": false,
                            "attributes": {},
                            "errorLabel": "",
                            "hideHeader": false,
                            "persistent": false,
                            "properties": {},
                            "validateOn": "change",
                            "clearOnHide": true,
                            "conditional": {
                                "eq": "",
                                "show": null,
                                "when": null
                            },
                            "customClass": "",
                            "description": "",
                            "placeholder": "",
                            "defaultValue": null,
                            "dataGridLabel": false,
                            "labelPosition": "top",
                            "showCharCount": false,
                            "showWordCount": false,
                            "calculateValue": "",
                            "calculateServer": false,
                            "allowMultipleMasks": false,
                            "customDefaultValue": "",
                            "allowCalculateOverride": false
                        }
                    ],
                    "key": "fieldSet-1-2-3-4",
                    "type": "fieldset",
                    "label": "Field Set",
                    "tree": false,
                    "input": false,
                    "hidden": false,
                    "legend": "",
                    "prefix": "",
                    "suffix": "",
                    "unique": false,
                    "widget": null,
                    "dbIndex": false,
                    "overlay": {
                        "top": "",
                        "left": "",
                        "style": "",
                        "width": "",
                        "height": ""
                    },
                    "tooltip": "",
                    "disabled": false,
                    "multiple": false,
                    "redrawOn": "",
                    "tabindex": "",
                    "validate": {
                        "custom": "",
                        "unique": false,
                        "multiple": false,
                        "required": false,
                        "customPrivate": false,
                        "strictDateValidation": false
                    },
                    "autofocus": false,
                    "encrypted": false,
                    "hideLabel": false,
                    "modalEdit": false,
                    "protected": false,
                    "refreshOn": "",
                    "tableView": false,
                    "attributes": {},
                    "errorLabel": "",
                    "hideHeader": false,
                    "persistent": false,
                    "properties": {},
                    "validateOn": "change",
                    "clearOnHide": true,
                    "customClass": "",
                    "description": "",
                    "placeholder": "",
                    "defaultValue": null,
                    "dataGridLabel": false,
                    "labelPosition": "top",
                    "showCharCount": false,
                    "showWordCount": false,
                    "calculateValue": "",
                    "calculateServer": false,
                    "allowMultipleMasks": false,
                    "customDefaultValue": "",
                    "allowCalculateOverride": false
                },
                {
                    "components": [
                        {
                            "label": "Naam contactpersoon",
                            "tableView": true,
                            "validate": {
                                "required": true
                            },
                            "key": "naamContactpersoon",
                            "type": "textfield",
                            "input": true,
                            "prefill": {
                                "plugin": "",
                                "attribute": "",
                                "identifierRole": "main"
                            }
                        },
                        {
                            "label": "E-mailadres contactpersoon",
                            "tableView": true,
                            "validateOn": "blur",
                            "validate": {
                                "required": true
                            },
                            "key": "eMailadres1",
                            "type": "email",
                            "input": true
                        },
                        {
                            "label": "Telefoonnummer contactpersoon",
                            "tableView": true,
                            "validate": {
                                "required": true
                            },
                            "key": "telefoonnummerContactpersoon",
                            "type": "textfield",
                            "input": true,
                            "prefill": {
                                "plugin": "",
                                "attribute": "",
                                "identifierRole": "main"
                            }
                        },
                        {
                            "label": "Namens wie wilt u een bestemmingsplan aanpassen?",
                            "optionsLabelPosition": "right",
                            "inline": false,
                            "tableView": false,
                            "values": [
                                {
                                    "label": "namens mijn bedrijf",
                                    "value": "namensMijnBedrijf",
                                    "shortcut": ""
                                },
                                {
                                    "label": "namens iemand anders (u bent gemachtigd)",
                                    "value": "namensIemandAnders",
                                    "shortcut": ""
                                }
                            ],
                            "validate": {
                                "required": true
                            },
                            "key": "namensWieWiltUEenBestemmingsplanAanpassen1",
                            "type": "radio",
                            "input": true
                        }
                    ],
                    "key": "fieldSet-1-2-3",
                    "type": "fieldset",
                    "label": "Field Set",
                    "tree": false,
                    "input": false,
                    "hidden": false,
                    "legend": "",
                    "prefix": "",
                    "suffix": "",
                    "unique": false,
                    "widget": null,
                    "dbIndex": false,
                    "overlay": {
                        "top": "",
                        "left": "",
                        "style": "",
                        "width": "",
                        "height": ""
                    },
                    "tooltip": "",
                    "disabled": false,
                    "multiple": false,
                    "redrawOn": "",
                    "tabindex": "",
                    "validate": {
                        "custom": "",
                        "unique": false,
                        "multiple": false,
                        "required": false,
                        "customPrivate": false,
                        "strictDateValidation": false
                    },
                    "autofocus": false,
                    "encrypted": false,
                    "hideLabel": false,
                    "modalEdit": false,
                    "protected": false,
                    "refreshOn": "",
                    "tableView": false,
                    "attributes": {},
                    "errorLabel": "",
                    "hideHeader": false,
                    "persistent": false,
                    "properties": {},
                    "validateOn": "change",
                    "clearOnHide": true,
                    "customClass": "",
                    "description": "",
                    "placeholder": "",
                    "defaultValue": null,
                    "dataGridLabel": false,
                    "labelPosition": "top",
                    "showCharCount": false,
                    "showWordCount": false,
                    "calculateValue": "",
                    "calculateServer": false,
                    "allowMultipleMasks": false,
                    "customDefaultValue": "",
                    "allowCalculateOverride": false
                },
                {
                    "components": [
                        {
                            "label": "Voornaam",
                            "tableView": true,
                            "validate": {
                                "required": true
                            },
                            "key": "voornaam",
                            "type": "textfield",
                            "input": true,
                            "prefill": {
                                "plugin": "",
                                "attribute": "",
                                "identifierRole": "main"
                            }
                        },
                        {
                            "label": "Achternaam",
                            "tableView": true,
                            "validate": {
                                "required": true
                            },
                            "key": "achternaam",
                            "type": "textfield",
                            "input": true,
                            "prefill": {
                                "plugin": "",
                                "attribute": "",
                                "identifierRole": "main"
                            }
                        },
                        {
                            "label": "E-mailadres",
                            "tableView": true,
                            "validateOn": "blur",
                            "validate": {
                                "required": true
                            },
                            "key": "eMailadres",
                            "type": "email",
                            "input": true
                        },
                        {
                            "label": "Telefoonnummer",
                            "tableView": true,
                            "validate": {
                                "required": true
                            },
                            "key": "telefoonnummer",
                            "type": "textfield",
                            "input": true,
                            "prefill": {
                                "plugin": "",
                                "attribute": "",
                                "identifierRole": "main"
                            }
                        },
                        {
                            "html": "<p>Aan het einde van dit formulier moet u een machtiging uploaden waarin staat dat u namens deze persoon de aanvraag mag doen.</p>",
                            "label": "Content",
                            "refreshOnChange": false,
                            "key": "content-1",
                            "type": "content",
                            "input": false,
                            "tableView": false
                        }
                    ],
                    "key": "fieldSet-1-2",
                    "type": "fieldset",
                    "label": "Field Set",
                    "tree": false,
                    "input": false,
                    "hidden": false,
                    "legend": "",
                    "prefix": "",
                    "suffix": "",
                    "unique": false,
                    "widget": null,
                    "dbIndex": false,
                    "overlay": {
                        "top": "",
                        "left": "",
                        "style": "",
                        "width": "",
                        "height": ""
                    },
                    "tooltip": "",
                    "disabled": false,
                    "multiple": false,
                    "redrawOn": "",
                    "tabindex": "",
                    "validate": {
                        "custom": "",
                        "unique": false,
                        "multiple": false,
                        "required": false,
                        "customPrivate": false,
                        "strictDateValidation": false
                    },
                    "autofocus": false,
                    "encrypted": false,
                    "hideLabel": false,
                    "modalEdit": false,
                    "protected": false,
                    "refreshOn": "",
                    "tableView": false,
                    "attributes": {},
                    "errorLabel": "",
                    "hideHeader": false,
                    "persistent": false,
                    "properties": {},
                    "validateOn": "change",
                    "clearOnHide": true,
                    "customClass": "",
                    "description": "",
                    "placeholder": "",
                    "defaultValue": null,
                    "dataGridLabel": false,
                    "labelPosition": "top",
                    "showCharCount": false,
                    "showWordCount": false,
                    "calculateValue": "",
                    "calculateServer": false,
                    "allowMultipleMasks": false,
                    "customDefaultValue": "",
                    "allowCalculateOverride": false
                },
                {
                    "label": "Columns",
                    "columns": [
                        {
                            "components": [],
                            "width": 3,
                            "offset": 0,
                            "push": 0,
                            "pull": 0,
                            "size": "sm",
                            "currentWidth": 3
                        },
                        {
                            "components": [],
                            "width": 6,
                            "offset": 0,
                            "push": 0,
                            "pull": 0,
                            "size": "md",
                            "currentWidth": 6
                        }
                    ],
                    "key": "columns",
                    "type": "columns",
                    "input": false,
                    "tableView": false
                }
            ]
        }
    },
    {
        "url": "http://localhost/api/v2/form-definitions/8432534a-680c-48c4-b551-e21672112e4e",
        "uuid": "8432534a-680c-48c4-b551-e21672112e4e",
        "name": "Bestemmingsplan",
        "slug": "bestemmingsplan",
        "configuration": {
            "display": "form",
            "components": [
                {
                    "label": "Waarom wilt u een bestemmingsplan aan laten passen?",
                    "tableView": true,
                    "inputFormat": "plain",
                    "validate": {
                        "required": true
                    },
                    "key": "waaromWiltUEenBestemmingsplanAanLatenPassen",
                    "type": "textarea",
                    "input": true,
                    "autoExpand": false
                },
                {
                    "label": "Adres gebouw of grond waarvoor u het bestemmingsplan wilt aanpassen. U hoeft dit niet in te vullen als het adres (nog) niet bekend is.",
                    "disablestreetcity": false,
                    "tableView": true,
                    "key": "adresNijmegen",
                    "type": "adres",
                    "input": true
                },
                {
                    "label": "Columns",
                    "columns": [
                        {
                            "components": [],
                            "width": 3,
                            "offset": 0,
                            "push": 0,
                            "pull": 0,
                            "size": "sm",
                            "currentWidth": 3
                        },
                        {
                            "components": [],
                            "width": 6,
                            "offset": 0,
                            "push": 0,
                            "pull": 0,
                            "size": "md",
                            "currentWidth": 6
                        }
                    ],
                    "key": "columns1",
                    "type": "columns",
                    "input": false,
                    "tableView": false
                }
            ]
        }
    },
    {
        "url": "http://localhost/api/v2/form-definitions/5ff7e5e5-08d7-4de5-bfa1-a4ab828911cb",
        "uuid": "5ff7e5e5-08d7-4de5-bfa1-a4ab828911cb",
        "name": "Gegevens Kadaster",
        "slug": "gegevens-kadaster",
        "configuration": {
            "display": "form",
            "components": [
                {
                    "html": "<p><strong>Gegevens Kadaster</strong></p>",
                    "label": "Content",
                    "refreshOnChange": false,
                    "key": "content1",
                    "type": "content",
                    "input": false,
                    "tableView": false
                },
                {
                    "label": "Gemeente",
                    "tableView": true,
                    "key": "gemeente",
                    "type": "textfield",
                    "input": true,
                    "prefill": {
                        "plugin": "",
                        "attribute": "",
                        "identifierRole": "main"
                    }
                },
                {
                    "label": "Sectie",
                    "tableView": true,
                    "key": "sectie",
                    "type": "textfield",
                    "input": true,
                    "prefill": {
                        "plugin": "",
                        "attribute": "",
                        "identifierRole": "main"
                    }
                },
                {
                    "label": "Nummer",
                    "tableView": true,
                    "key": "nummer",
                    "type": "textfield",
                    "input": true,
                    "prefill": {
                        "plugin": "",
                        "attribute": "",
                        "identifierRole": "main"
                    }
                },
                {
                    "label": "Opmerkingen",
                    "tableView": true,
                    "inputFormat": "plain",
                    "key": "opmerkingen1",
                    "type": "textarea",
                    "input": true,
                    "autoExpand": false
                },
                {
                    "label": "Columns",
                    "columns": [
                        {
                            "components": [],
                            "width": 3,
                            "offset": 0,
                            "push": 0,
                            "pull": 0,
                            "size": "sm",
                            "currentWidth": 3
                        },
                        {
                            "components": [],
                            "width": 6,
                            "offset": 0,
                            "push": 0,
                            "pull": 0,
                            "size": "md",
                            "currentWidth": 6
                        }
                    ],
                    "key": "columns4",
                    "type": "columns",
                    "input": false,
                    "tableView": false
                }
            ]
        }
    },
    {
        "url": "http://localhost/api/v2/form-definitions/289fd674-a1fb-450e-9931-9667f09c18f9",
        "uuid": "289fd674-a1fb-450e-9931-9667f09c18f9",
        "name": "Bijlage(n)",
        "slug": "bijlagen",
        "configuration": {
            "display": "form",
            "components": [
                {
                    "components": [
                        {
                            "label": "Bijlagen toevoegen",
                            "description": "Toegestaan zijn .jpg, .png, .jpeg of .pdf documenten die niet groter zijn dan 20MB.",
                            "tableView": false,
                            "storage": "url",
                            "webcam": false,
                            "fileTypes": [
                                {
                                    "label": "",
                                    "value": ""
                                }
                            ],
                            "filePattern": ".jpg,.png,.jpeg,.pdf",
                            "fileMinSize": "1KB",
                            "fileMaxSize": "20MB",
                            "multiple": true,
                            "validate": {
                                "required": true,
                                "customMessage": "U moet een bijlage(n) meesturen"
                            },
                            "key": "toevoegen-1",
                            "type": "file",
                            "url": "/cloud/s3",
                            "input": true
                        }
                    ],
                    "key": "fieldSet-1",
                    "type": "fieldset",
                    "label": "Field Set",
                    "tree": false,
                    "input": false,
                    "hidden": false,
                    "legend": "",
                    "prefix": "",
                    "suffix": "",
                    "unique": false,
                    "widget": null,
                    "dbIndex": false,
                    "overlay": {
                        "top": "",
                        "left": "",
                        "style": "",
                        "width": "",
                        "height": ""
                    },
                    "tooltip": "",
                    "disabled": false,
                    "multiple": false,
                    "redrawOn": "",
                    "tabindex": "",
                    "validate": {
                        "custom": "",
                        "unique": false,
                        "multiple": false,
                        "required": false,
                        "customPrivate": false,
                        "strictDateValidation": false
                    },
                    "autofocus": false,
                    "encrypted": false,
                    "hideLabel": false,
                    "modalEdit": false,
                    "protected": false,
                    "refreshOn": "",
                    "tableView": false,
                    "attributes": {},
                    "errorLabel": "",
                    "hideHeader": false,
                    "persistent": false,
                    "properties": {},
                    "validateOn": "change",
                    "clearOnHide": true,
                    "customClass": "",
                    "description": "",
                    "placeholder": "",
                    "defaultValue": null,
                    "dataGridLabel": false,
                    "labelPosition": "top",
                    "showCharCount": false,
                    "showWordCount": false,
                    "calculateValue": "",
                    "calculateServer": false,
                    "allowMultipleMasks": false,
                    "customDefaultValue": "",
                    "allowCalculateOverride": false
                },
                {
                    "components": [
                        {
                            "label": "Bijlagen toevoegen",
                            "description": "Toegestaan zijn .jpg, .png, .jpeg of .pdf documenten die niet groter zijn dan 20MB.",
                            "tableView": false,
                            "storage": "url",
                            "webcam": false,
                            "fileTypes": [
                                {
                                    "label": "",
                                    "value": ""
                                }
                            ],
                            "filePattern": ".jpg,.png,.jpeg,.pdf",
                            "fileMinSize": "1KB",
                            "fileMaxSize": "20MB",
                            "multiple": true,
                            "validate": {
                                "customMessage": "U moet een bijlage(n) meesturen"
                            },
                            "key": "toevoegen",
                            "type": "file",
                            "url": "/cloud/s3",
                            "input": true
                        }
                    ],
                    "key": "fieldSet",
                    "type": "fieldset",
                    "label": "Field Set",
                    "tree": false,
                    "input": false,
                    "hidden": false,
                    "legend": "",
                    "prefix": "",
                    "suffix": "",
                    "unique": false,
                    "widget": null,
                    "dbIndex": false,
                    "overlay": {
                        "top": "",
                        "left": "",
                        "style": "",
                        "width": "",
                        "height": ""
                    },
                    "tooltip": "",
                    "disabled": false,
                    "multiple": false,
                    "redrawOn": "",
                    "tabindex": "",
                    "validate": {
                        "custom": "",
                        "unique": false,
                        "multiple": false,
                        "required": false,
                        "customPrivate": false,
                        "strictDateValidation": false
                    },
                    "autofocus": false,
                    "encrypted": false,
                    "hideLabel": false,
                    "modalEdit": false,
                    "protected": false,
                    "refreshOn": "",
                    "tableView": false,
                    "attributes": {},
                    "errorLabel": "",
                    "hideHeader": false,
                    "persistent": false,
                    "properties": {},
                    "validateOn": "change",
                    "clearOnHide": true,
                    "customClass": "",
                    "description": "",
                    "placeholder": "",
                    "defaultValue": null,
                    "dataGridLabel": false,
                    "labelPosition": "top",
                    "showCharCount": false,
                    "showWordCount": false,
                    "calculateValue": "",
                    "calculateServer": false,
                    "allowMultipleMasks": false,
                    "customDefaultValue": "",
                    "allowCalculateOverride": false
                },
                {
                    "html": "<p>Ik heb deze bijlage(n) toegevoegd:</p>",
                    "label": "Content",
                    "refreshOnChange": false,
                    "key": "content",
                    "type": "content",
                    "input": false,
                    "tableView": false
                },
                {
                    "label": "Machtiging van het bedrijf of de organisatie waarin staat dat u de aanvraag namens dit bedrijf of deze organisatie mag doen",
                    "tableView": false,
                    "defaultValue": false,
                    "validate": {
                        "required": true
                    },
                    "key": "bemalingsplan",
                    "type": "checkbox",
                    "input": true
                },
                {
                    "label": "Machtiging van de persoon waarvoor u de aanvraag doet waarin staat dat u de aanvraag namens deze persoon mag doen",
                    "tableView": false,
                    "defaultValue": false,
                    "validate": {
                        "required": true
                    },
                    "key": "eenProductinformatiebladVanElkeSchadelijkeStofInHetWater",
                    "customConditional": "show = ((data.inlogMetDigid && data.inlogMetDigid.namensWieWiltUEenBestemmingsplanAanpassen && data.inlogMetDigid.namensWieWiltUEenBestemmingsplanAanpassen == 'namensIemandAnders') || (data.eHerkenning && data.eHerkenning.namensWieWiltUEenBestemmingsplanAanpassen1 && data.eHerkenning.namensWieWiltUEenBestemmingsplanAanpassen1 == 'namensIemandAnders'));",
                    "type": "checkbox",
                    "input": true
                },
                {
                    "label": "U kunt bijlage(n) meesturen om uw aanvraag duidelijker te maken",
                    "tableView": false,
                    "key": "uKuntBijlageNMeesturenOmUwAanvraagDuidelijkerTeMaken",
                    "type": "checkbox",
                    "input": true,
                    "defaultValue": false
                },
                {
                    "label": "Columns",
                    "columns": [
                        {
                            "components": [],
                            "width": 3,
                            "offset": 0,
                            "push": 0,
                            "pull": 0,
                            "size": "sm",
                            "currentWidth": 3
                        },
                        {
                            "components": [],
                            "width": 6,
                            "offset": 0,
                            "push": 0,
                            "pull": 0,
                            "size": "md",
                            "currentWidth": 6
                        }
                    ],
                    "key": "columns2",
                    "type": "columns",
                    "input": false,
                    "tableView": false
                }
            ]
        }
    }
]