[
    {
        "uuid": "991e2827-6e89-4cee-816a-ce2f6d4b3d70",
        "name": "Power2Nijmegen jubileummagazine aanvragen",
        "internal_name": "",
        "login_required": false,
        "authentication_backends": [],
        "slug": "power2nijmegenjubileummagazineaanvragen",
        "url": "http://localhost/api/v2/forms/991e2827-6e89-4cee-816a-ce2f6d4b3d70",
        "show_progress_indicator": true,
        "maintenance_mode": false,
        "active": true,
        "is_deleted": false,
        "suspension_allowed": true,
        "send_confirmation_email": true,
        "display_main_website_link": true,
        "required_fields_with_asterisk": true,
        "resume_link_lifetime": 7,
        "hide_non_applicable_steps": true
    }
]