[
    {
        "uuid": "67f29db8-b16e-4fd8-8637-077683523a2e",
        "name": "Parkeervergunning hulpverleners aanvragenhttps://",
        "internal_name": "",
        "login_required": false,
        "authentication_backends": [],
        "slug": "parkeervergunninghulpverlenersaanvragen",
        "url": "http://localhost/api/v2/forms/67f29db8-b16e-4fd8-8637-077683523a2e",
        "show_progress_indicator": true,
        "maintenance_mode": false,
        "active": true,
        "is_deleted": false,
        "suspension_allowed": true,
        "send_confirmation_email": true,
        "display_main_website_link": true,
        "required_fields_with_asterisk": true,
        "resume_link_lifetime": 7,
        "hide_non_applicable_steps": true
    }
]