[
    {
        "uuid": "f92a9a8f-fa79-4ccb-877b-620722ade33c",
        "index": "0",
        "slug": "aanvraag",
        "form_definition": "http://localhost/api/v2/form-definitions/0448f9c2-4a2b-4456-975f-9f37c3ab48de"
    },
    {
        "uuid": "d26f3d9d-e133-42ac-93b3-3e4c8ed62184",
        "index": "1",
        "slug": "contactgegevens",
        "form_definition": "http://localhost/api/v2/form-definitions/4b6a6d5c-c73d-4635-ba50-2b79b279d050"
    },
    {
        "uuid": "367bc49d-0e8d-4f9e-9c9a-dd6d1dd15525",
        "index": "2",
        "slug": "bijlagen",
        "form_definition": "http://localhost/api/v2/form-definitions/20092c77-6c0d-4644-93f8-336c95ea189b"
    }
]