[
    {
        "uuid": "710fbf4a-4602-4da2-a947-bd6cbf6e2350",
        "name": "e2eemployee",
        "internal_name": "",
        "login_required": false,
        "authentication_backends": [],
        "slug": "e2eemployee",
        "url": "http://localhost/api/v2/forms/710fbf4a-4602-4da2-a947-bd6cbf6e2350",
        "show_progress_indicator": true,
        "maintenance_mode": false,
        "active": true,
        "is_deleted": false,
        "suspension_allowed": true,
        "send_confirmation_email": true,
        "display_main_website_link": true,
        "required_fields_with_asterisk": true,
        "resume_link_lifetime": 7,
        "hide_non_applicable_steps": true
    }
]