[
    {
        "uuid": "9b8e8ab3-2ff4-447f-969f-6ad5b4239147",
        "name": "Burgerinitiatief Stevenskerktuinen ondersteunen",
        "internal_name": "",
        "login_required": false,
        "authentication_backends": [],
        "slug": "burgerinitiatiefstevenskerktuinenondersteunen",
        "url": "http://localhost/api/v2/forms/9b8e8ab3-2ff4-447f-969f-6ad5b4239147",
        "show_progress_indicator": true,
        "maintenance_mode": false,
        "active": true,
        "is_deleted": false,
        "suspension_allowed": true,
        "send_confirmation_email": true,
        "display_main_website_link": true,
        "required_fields_with_asterisk": true,
        "resume_link_lifetime": 7,
        "hide_non_applicable_steps": true
    }
]