[
    {
        "uuid": "f80852af-334a-4bd7-af17-039a3dfe57e1",
        "index": "0",
        "slug": "page-1",
        "form_definition": "http://localhost/api/v2/form-definitions/94fbf489-f7c0-4fb3-a750-1b3967543754"
    },
    {
        "uuid": "d79e2574-3db0-452a-8c49-0a6b377fbd28",
        "index": "1",
        "slug": "page-2",
        "form_definition": "http://localhost/api/v2/form-definitions/b4e6ae65-a720-4adc-b832-77d844859b97"
    },
    {
        "uuid": "8fb857ea-aef4-4813-a4a2-7b6f7ada2c8a",
        "index": "2",
        "slug": "page-3",
        "form_definition": "http://localhost/api/v2/form-definitions/4dca494c-1ade-4530-96a1-9b920ef98c82"
    },
    {
        "uuid": "d2ef0e55-fc7d-43a0-9707-a89c8027df6e",
        "index": "3",
        "slug": "page-4",
        "form_definition": "http://localhost/api/v2/form-definitions/002cfea3-f9c9-4baa-a431-5c5ab83263c7"
    }
]