[
    {
        "url": "http://localhost/api/v2/form-definitions/94fbf489-f7c0-4fb3-a750-1b3967543754",
        "uuid": "94fbf489-f7c0-4fb3-a750-1b3967543754",
        "name": "Page 1",
        "slug": "page-1",
        "configuration": {
            "display": "form",
            "components": [
                {
                    "label": "Naam ingelogde gebruiker",
                    "customClass": "naamingelogdegebruikerfield",
                    "tableView": true,
                    "persistent": false,
                    "key": "naamIngelogdeGebruiker",
                    "type": "textfield",
                    "input": true,
                    "lockKey": true,
                    "source": "60c75695f7f3bb725b22bd60",
                    "isNew": true,
                    "prefill": {
                        "plugin": "",
                        "attribute": "",
                        "identifierRole": "main"
                    }
                },
                {
                    "label": "Select Boxes Nijmegen",
                    "optionsLabelPosition": "right",
                    "tableView": false,
                    "values": [
                        {
                            "label": "test1",
                            "value": "test1",
                            "shortcut": ""
                        },
                        {
                            "label": "test2",
                            "value": "test2",
                            "shortcut": ""
                        }
                    ],
                    "validate": {
                        "onlyAvailableItems": false
                    },
                    "key": "selectBoxesNijmegen",
                    "type": "selectboxes",
                    "input": true,
                    "inputType": "checkbox"
                },
                {
                    "label": "naamingelogdegebruikerzichtbaar",
                    "customClass": "naamingelogdegebruikerzichtbaar",
                    "tableView": true,
                    "calculateValue": "value = data.naamIngelogdeGebruiker;",
                    "key": "naamingelogdegebruikerzichtbaar",
                    "type": "textfield",
                    "input": true,
                    "prefill": {
                        "plugin": "",
                        "attribute": "",
                        "identifierRole": "main"
                    }
                },
                {
                    "label": "Uuid",
                    "customClass": "uuidfield",
                    "tableView": true,
                    "persistent": false,
                    "key": "uuid",
                    "type": "textfield",
                    "input": true,
                    "lockKey": true,
                    "source": "60fab5eb6647fc942d9fa664",
                    "isNew": true,
                    "prefill": {
                        "plugin": "",
                        "attribute": "",
                        "identifierRole": "main"
                    }
                },
                {
                    "label": "Totaalbedrag",
                    "customClass": "totaalbedragfield",
                    "tableView": true,
                    "customDefaultValue": "value = 240;\nconsole.log(data);",
                    "calculateValue": "var value = data.bedrag * data.hoeveelheid",
                    "key": "totaalbedrag",
                    "type": "textfield",
                    "input": true,
                    "lockKey": true,
                    "source": "60c75695f7f3bb725b22bd60",
                    "isNew": true,
                    "prefill": {
                        "plugin": "",
                        "attribute": "",
                        "identifierRole": "main"
                    }
                },
                {
                    "label": "Adres nijmegen",
                    "disablestreetcity": false,
                    "validate": {
                        "required": true
                    },
                    "tableView": true,
                    "key": "adres",
                    "type": "adres",
                    "input": true
                },
                {
                    "label": "Radio_Nijmegen",
                    "optionsLabelPosition": "right",
                    "inline": false,
                    "tableView": false,
                    "values": [
                        {
                            "label": "test1",
                            "value": "test1",
                            "shortcut": ""
                        },
                        {
                            "label": "test2",
                            "value": "test2",
                            "shortcut": ""
                        }
                    ],
                    "key": "radioNijmegen1",
                    "type": "radio",
                    "input": true
                },
                {
                    "label": "Text field Nijmegen",
                    "customClass": "e2etextfield0",
                    "tableView": true,
                    "key": "textfield",
                    "type": "textfield",
                    "input": true,
                    "prefill": {
                        "plugin": "",
                        "attribute": "",
                        "identifierRole": "main"
                    }
                },
                {
                    "label": "Text field Nijmegen",
                    "tableView": true,
                    "key": "textfieldNijmegen",
                    "type": "textfield",
                    "input": true,
                    "prefill": {
                        "plugin": "",
                        "attribute": "",
                        "identifierRole": "main"
                    }
                },
                {
                    "label": "Text field Nijmegen",
                    "customClass": "e2etextfield1",
                    "tableView": true,
                    "validate": {
                        "required": true
                    },
                    "key": "textfield1",
                    "type": "textfield",
                    "input": true,
                    "prefill": {
                        "plugin": "",
                        "attribute": "",
                        "identifierRole": "main"
                    }
                },
                {
                    "label": "Columns",
                    "columns": [
                        {
                            "components": [],
                            "width": 3,
                            "offset": 0,
                            "push": 0,
                            "pull": 0,
                            "size": "md",
                            "currentWidth": 3
                        },
                        {
                            "components": [],
                            "width": 3,
                            "offset": 0,
                            "push": 0,
                            "pull": 0,
                            "size": "md",
                            "currentWidth": 3
                        },
                        {
                            "components": [],
                            "size": "md",
                            "width": 3,
                            "offset": 0,
                            "push": 0,
                            "pull": 0,
                            "currentWidth": 3
                        }
                    ],
                    "key": "columns",
                    "type": "columns",
                    "input": false,
                    "tableView": false
                }
            ]
        }
    },
    {
        "url": "http://localhost/api/v2/form-definitions/b4e6ae65-a720-4adc-b832-77d844859b97",
        "uuid": "b4e6ae65-a720-4adc-b832-77d844859b97",
        "name": "Page 2",
        "slug": "page-2",
        "configuration": {
            "display": "form",
            "components": [
                {
                    "label": "Upload",
                    "tableView": false,
                    "storage": "url",
                    "webcam": false,
                    "fileTypes": [
                        {
                            "label": "",
                            "value": ""
                        }
                    ],
                    "key": "file1",
                    "type": "file",
                    "url": "/cloud/s3",
                    "options": "{\n  \"withCredentials\": true\n}",
                    "input": true
                },
                {
                    "label": "Columns",
                    "columns": [
                        {
                            "components": [],
                            "width": 3,
                            "offset": 0,
                            "push": 0,
                            "pull": 0,
                            "size": "md",
                            "currentWidth": 3
                        },
                        {
                            "components": [],
                            "width": 3,
                            "offset": 0,
                            "push": 0,
                            "pull": 0,
                            "size": "md",
                            "currentWidth": 3
                        },
                        {
                            "components": [],
                            "size": "md",
                            "width": 3,
                            "offset": 0,
                            "push": 0,
                            "pull": 0,
                            "currentWidth": 3
                        },
                        {
                            "components": [],
                            "size": "md",
                            "width": 3,
                            "offset": 0,
                            "push": 0,
                            "pull": 0,
                            "currentWidth": 3
                        }
                    ],
                    "key": "columns1",
                    "type": "columns",
                    "input": false,
                    "tableView": false
                }
            ]
        }
    },
    {
        "url": "http://localhost/api/v2/form-definitions/4dca494c-1ade-4530-96a1-9b920ef98c82",
        "uuid": "4dca494c-1ade-4530-96a1-9b920ef98c82",
        "name": "Page 3",
        "slug": "page-3",
        "configuration": {
            "display": "form",
            "components": [
                {
                    "label": "Bedrag",
                    "customClass": "bedragfield",
                    "tableView": true,
                    "key": "bedrag",
                    "type": "textfield",
                    "input": true,
                    "prefill": {
                        "plugin": "",
                        "attribute": "",
                        "identifierRole": "main"
                    }
                },
                {
                    "label": "Hoeveelheid",
                    "customClass": "hoeveelheidfield",
                    "tableView": true,
                    "key": "hoeveelheid",
                    "type": "textfield",
                    "input": true,
                    "prefill": {
                        "plugin": "",
                        "attribute": "",
                        "identifierRole": "main"
                    }
                },
                {
                    "label": "switch",
                    "leftvalue": "Nee",
                    "rightvalue": "Ja",
                    "tableView": false,
                    "key": "switch",
                    "type": "switch",
                    "input": true
                },
                {
                    "label": "Datepicker",
                    "tableView": false,
                    "enableMinDateInput": false,
                    "datePicker": {
                        "minDate": "2021-07-13T12:00:00+02:00",
                        "disableWeekends": false,
                        "disableWeekdays": false
                    },
                    "enableMaxDateInput": false,
                    "timePicker": {
                        "showMeridian": false
                    },
                    "encrypted": true,
                    "key": "datetime",
                    "type": "datetime",
                    "input": true,
                    "widget": {
                        "type": "calendar",
                        "displayInTimezone": "viewer",
                        "locale": "nl",
                        "useLocaleSettings": false,
                        "allowInput": true,
                        "mode": "single",
                        "enableTime": false,
                        "noCalendar": false,
                        "format": "dd-MM-yyyy",
                        "hourIncrement": 1,
                        "minuteIncrement": 5,
                        "time_24hr": true,
                        "minDate": "2021-07-13T12:00:00+02:00",
                        "disableWeekends": false,
                        "disableWeekdays": false,
                        "maxDate": null
                    }
                },
                {
                    "label": "Columns",
                    "columns": [
                        {
                            "components": [],
                            "width": 3,
                            "offset": 0,
                            "push": 0,
                            "pull": 0,
                            "size": "md",
                            "currentWidth": 3
                        },
                        {
                            "components": [],
                            "width": 3,
                            "offset": 0,
                            "push": 0,
                            "pull": 0,
                            "size": "md",
                            "currentWidth": 3
                        },
                        {
                            "components": [],
                            "size": "md",
                            "width": 3,
                            "offset": 0,
                            "push": 0,
                            "pull": 0,
                            "currentWidth": 3
                        },
                        {
                            "components": [],
                            "size": "md",
                            "width": 3,
                            "offset": 0,
                            "push": 0,
                            "pull": 0,
                            "currentWidth": 3
                        }
                    ],
                    "key": "columns2",
                    "type": "columns",
                    "input": false,
                    "tableView": false
                }
            ]
        }
    },
    {
        "url": "http://localhost/api/v2/form-definitions/002cfea3-f9c9-4baa-a431-5c5ab83263c7",
        "uuid": "002cfea3-f9c9-4baa-a431-5c5ab83263c7",
        "name": "Page 4",
        "slug": "page-4",
        "configuration": {
            "display": "form",
            "components": [
                {
                    "label": "Samenvatting",
                    "tableView": false,
                    "key": "summary",
                    "type": "summary",
                    "input": true
                },
                {
                    "label": "Text field Nijmegen",
                    "hideLabel": true,
                    "tableView": true,
                    "calculateValue": "value = 'U moet ' + data.totaalbedrag + ' Euro betalen.'",
                    "key": "textfield2",
                    "type": "textfield",
                    "input": true,
                    "prefill": {
                        "plugin": "",
                        "attribute": "",
                        "identifierRole": "main"
                    }
                },
                {
                    "label": "Columns",
                    "columns": [
                        {
                            "components": [],
                            "width": 3,
                            "offset": 0,
                            "push": 0,
                            "pull": 0,
                            "size": "md",
                            "currentWidth": 3
                        },
                        {
                            "components": [],
                            "width": 3,
                            "offset": 0,
                            "push": 0,
                            "pull": 0,
                            "size": "md",
                            "currentWidth": 3
                        },
                        {
                            "components": [],
                            "size": "md",
                            "width": 3,
                            "offset": 0,
                            "push": 0,
                            "pull": 0,
                            "currentWidth": 3
                        }
                    ],
                    "key": "columns3",
                    "type": "columns",
                    "input": false,
                    "tableView": false
                }
            ]
        }
    }
]