[
    {
        "uuid": "ce34f1a2-0f7d-4240-aaad-9f392cef09cf",
        "name": "e2emetbetaling",
        "internal_name": "",
        "login_required": false,
        "authentication_backends": [],
        "slug": "e2emetbetaling",
        "url": "http://localhost/api/v2/forms/ce34f1a2-0f7d-4240-aaad-9f392cef09cf",
        "show_progress_indicator": true,
        "maintenance_mode": false,
        "active": true,
        "is_deleted": false,
        "suspension_allowed": true,
        "send_confirmation_email": true,
        "display_main_website_link": true,
        "required_fields_with_asterisk": true,
        "resume_link_lifetime": 7,
        "hide_non_applicable_steps": true
    }
]