[
    {
        "uuid": "576a52d2-74b0-4948-a1ff-6cdecd18d293",
        "name": "Water lozen op het riool melden",
        "internal_name": "",
        "login_required": false,
        "authentication_backends": [],
        "slug": "waterlozenophetrioolmelden",
        "url": "http://localhost/api/v2/forms/576a52d2-74b0-4948-a1ff-6cdecd18d293",
        "show_progress_indicator": true,
        "maintenance_mode": false,
        "active": true,
        "is_deleted": false,
        "suspension_allowed": true,
        "send_confirmation_email": true,
        "display_main_website_link": true,
        "required_fields_with_asterisk": true,
        "resume_link_lifetime": 7,
        "hide_non_applicable_steps": true
    }
]