[
    {
        "uuid": "f23bfd34-0f8d-4ba1-8e0f-6a0f329d30da",
        "name": "Aanvragen persoonsgegevens RNI bekijken",
        "internal_name": "",
        "login_required": false,
        "authentication_backends": [],
        "slug": "aanvragenpersoonsgegevensrnibekijken",
        "url": "http://localhost/api/v2/forms/f23bfd34-0f8d-4ba1-8e0f-6a0f329d30da",
        "show_progress_indicator": true,
        "maintenance_mode": false,
        "active": true,
        "is_deleted": false,
        "suspension_allowed": true,
        "send_confirmation_email": true,
        "display_main_website_link": true,
        "required_fields_with_asterisk": true,
        "resume_link_lifetime": 7,
        "hide_non_applicable_steps": true
    }
]