[
    {
        "uuid": "ddb33c2d-d3da-4386-8dea-043953a42711",
        "name": "Maatwerkovereenkomst jeugd en wmo aanvragen",
        "internal_name": "",
        "login_required": false,
        "authentication_backends": [],
        "slug": "maatwerkovereenkomstjeugdenwmoaanvragen",
        "url": "http://localhost/api/v2/forms/ddb33c2d-d3da-4386-8dea-043953a42711",
        "show_progress_indicator": true,
        "maintenance_mode": false,
        "active": true,
        "is_deleted": false,
        "suspension_allowed": true,
        "send_confirmation_email": true,
        "display_main_website_link": true,
        "required_fields_with_asterisk": true,
        "resume_link_lifetime": 7,
        "hide_non_applicable_steps": true
    }
]