[
    {
        "uuid": "f47b1888-7cea-4420-b2e6-9b77e616fe44",
        "index": "0",
        "slug": "uw-gegevens",
        "form_definition": "http://localhost/api/v2/form-definitions/e17fc84f-d676-470b-a307-9a87a71a1910"
    },
    {
        "uuid": "59f4b3a8-8afc-4e58-b952-e5b097dc39e6",
        "index": "1",
        "slug": "gegevens-zorgaanbieder",
        "form_definition": "http://localhost/api/v2/form-definitions/595de22c-c3bc-48d9-a556-f64db42c63c1"
    },
    {
        "uuid": "bcbc5b6d-20dc-4548-a3fb-bdff419e7851",
        "index": "2",
        "slug": "gegevens-client",
        "form_definition": "http://localhost/api/v2/form-definitions/54521403-3bb2-43c7-a374-ec71272bbbdb"
    },
    {
        "uuid": "14cab34b-3723-448b-83d1-d8ba41988542",
        "index": "3",
        "slug": "poortwachter",
        "form_definition": "http://localhost/api/v2/form-definitions/73463af6-15a2-4b30-949f-defda1420339"
    },
    {
        "uuid": "3386531f-63d7-465b-96f3-21da2047fcc6",
        "index": "4",
        "slug": "maatwerkovereenkomst",
        "form_definition": "http://localhost/api/v2/form-definitions/e1ebe90f-4313-4fa1-8650-bd076a12831c"
    },
    {
        "uuid": "c46ef9c3-9bd3-4438-9824-6fb1e4713c56",
        "index": "5",
        "slug": "onderbouwing",
        "form_definition": "http://localhost/api/v2/form-definitions/b9f056b9-039c-4fc4-9e77-59de1c6740ab"
    }
]