[
    {
        "uuid": "3584551a-3cc8-4c5d-a117-0a437a694ed7",
        "name": "SJABLOON Onderwerp voor agenda gemeenteraad onder",
        "internal_name": "",
        "login_required": false,
        "authentication_backends": [],
        "slug": "sjabloononderwerpvooragendagemeenteraadondersteun",
        "url": "http://localhost/api/v2/forms/3584551a-3cc8-4c5d-a117-0a437a694ed7",
        "show_progress_indicator": true,
        "maintenance_mode": false,
        "active": true,
        "is_deleted": false,
        "suspension_allowed": true,
        "send_confirmation_email": true,
        "display_main_website_link": true,
        "required_fields_with_asterisk": true,
        "resume_link_lifetime": 7,
        "hide_non_applicable_steps": true
    }
]