[
    {
        "uuid": "94b22320-042b-4a4c-88c6-7fc0754ab0b0",
        "index": "0",
        "slug": "uw-gegevens",
        "form_definition": "http://localhost/api/v2/form-definitions/f8ef98d9-beac-47f0-83df-2f880e513f96"
    },
    {
        "uuid": "5740f56f-b99c-451e-ae2b-c3c800d34d9c",
        "index": "1",
        "slug": "overlast",
        "form_definition": "http://localhost/api/v2/form-definitions/3d15c274-75f2-46fd-9ff9-81d2ef036608"
    },
    {
        "uuid": "ea4e68c8-bc9d-44c5-ae3a-686aa2d2e2e9",
        "index": "2",
        "slug": "bijlagen",
        "form_definition": "http://localhost/api/v2/form-definitions/f2169700-71a4-41c9-895b-c72b0b2b55f4"
    }
]