[
    {
        "uuid": "c17af1e6-2970-4338-824b-9d60b5b35d0d",
        "name": "Overlast Vierdaagse melden",
        "internal_name": "",
        "login_required": false,
        "authentication_backends": [],
        "slug": "overlastvierdaagsemelden",
        "url": "http://localhost/api/v2/forms/c17af1e6-2970-4338-824b-9d60b5b35d0d",
        "show_progress_indicator": true,
        "maintenance_mode": false,
        "active": true,
        "is_deleted": false,
        "suspension_allowed": true,
        "send_confirmation_email": true,
        "display_main_website_link": true,
        "required_fields_with_asterisk": true,
        "resume_link_lifetime": 7,
        "hide_non_applicable_steps": true
    }
]