[
    {
        "url": "http://localhost/api/v2/form-definitions/62a4f1c5-d107-4a48-94d5-3f7c549f9ea4",
        "uuid": "62a4f1c5-d107-4a48-94d5-3f7c549f9ea4",
        "name": "Bijlagen",
        "slug": "bijlagen",
        "configuration": {
            "display": "form",
            "components": [
                {
                    "label": "Toevoegen",
                    "description": "Toegestaan zijn .jpg, .png, .jpeg of .pdf documenten die niet groter zijn dan 20MB.",
                    "tableView": false,
                    "storage": "url",
                    "webcam": false,
                    "fileTypes": [
                        {
                            "label": "",
                            "value": ""
                        }
                    ],
                    "filePattern": ".pdf,.png,.jpg,.jpeg",
                    "fileMinSize": "1KB",
                    "fileMaxSize": "20MB",
                    "multiple": true,
                    "key": "toevoegen",
                    "type": "file",
                    "url": "/cloud/s3",
                    "input": true
                },
                {
                    "html": "<p>Vink aan welke bijlage(n) u heeft meegestuurd:</p>",
                    "label": "Content",
                    "refreshOnChange": false,
                    "key": "content20",
                    "type": "content",
                    "input": false,
                    "tableView": false
                },
                {
                    "label": "U kunt een brief uploaden om nog beter uit te leggen waarom u bijzondere bijstand aanvraagt",
                    "tableView": false,
                    "defaultValue": false,
                    "key": "uKuntEenBriefUploadenOmNogBeterUitTeLeggenWaaromUBijzondereBijstandAanvraagt",
                    "type": "checkbox",
                    "input": true
                },
                {
                    "label": "Ondertekend huurcontract of een brief waarin staat wanneer u een huurcontract gaat ondertekenen (verplicht meesturen)",
                    "tableView": false,
                    "defaultValue": false,
                    "validate": {
                        "required": true
                    },
                    "key": "ondertekendHuurcontractOfEenBriefWaarinStaatWanneerUEenHuurcontractGaatOndertekenen",
                    "customConditional": "show = false;\r\n\r\nif(data.waarvoorBB && data.waarvoorBB.kosteninrichting) {\r\n  show = true;\r\n} else if(data.waarvoorBB && data.waarvoorBB.verhuiskosten) {\r\n  show = true;\r\n}",
                    "type": "checkbox",
                    "input": true
                },
                {
                    "label": "Een document of foto waarop het merk, type en energielabel van de energiezuinige koelkast staat (verplicht meesturen)",
                    "tableView": false,
                    "defaultValue": false,
                    "validate": {
                        "required": true
                    },
                    "key": "eenDocumentOfFotoWaaropHetMerkTypeEnEnergielabelVanDeEnergiezuinigeKoelkastStaat",
                    "type": "checkbox",
                    "input": true
                },
                {
                    "label": "Een document of foto waarop het merk, type en energielabel van de energiezuinige wasmachine staat (verplicht meesturen)",
                    "tableView": false,
                    "defaultValue": false,
                    "validate": {
                        "required": true
                    },
                    "key": "eenDocumentOfFotoWaaropHetMerkTypeEnEnergielabelVanDeEnergiezuinigeKoelkastStaat1",
                    "type": "checkbox",
                    "input": true
                },
                {
                    "label": "Een brief waarin staat waarom u moet verhuizen. Dit kan zijn:",
                    "optionsLabelPosition": "right",
                    "description": "Kruis aan wat u meestuurt.",
                    "tableView": false,
                    "defaultValue": {
                        "rekeningVanDeRechtbankOfAdvocaat": false,
                        "ondertekendeMachtiging": false,
                        "rekeningVanDeAdvocaatMetToevoegingsnummerOfBriefVanDeRaadVoorRechtsbijstandWaarHetToevoegingsnummerInStaat": false,
                        "eenUrgentieverklaringVanDeUrgentiecommissie": false,
                        "eenVerhuisadviesVanWmoSociaalWijkteamSterkerSociaalWerkOfEenAndereProfessioneleHulpverlener": false,
                        "eenBriefWaarinUZelfUitlegtWaaromUGaatVerhuizen": false
                    },
                    "values": [
                        {
                            "label": "een urgentieverklaring van de Urgentiecommissie",
                            "value": "eenUrgentieverklaringVanDeUrgentiecommissie",
                            "shortcut": ""
                        },
                        {
                            "label": "een verhuisadvies van Wmo/Sociaal Wijkteam, Sterker Sociaal Werk of een andere professionele hulpverlener",
                            "value": "eenVerhuisadviesVanWmoSociaalWijkteamSterkerSociaalWerkOfEenAndereProfessioneleHulpverlener",
                            "shortcut": ""
                        },
                        {
                            "label": "een brief waarin u zelf uitlegt waarom u gaat verhuizen",
                            "value": "eenBriefWaarinUZelfUitlegtWaaromUGaatVerhuizen",
                            "shortcut": ""
                        }
                    ],
                    "validate": {
                        "required": true,
                        "onlyAvailableItems": false,
                        "minSelectedCount": 1
                    },
                    "key": "briefVerhuizen",
                    "customConditional": "show = false;\r\n\r\nif(data.waarvoorBB && data.waarvoorBB.kosteninrichting) {\r\n  show = true;\r\n} else if(data.waarvoorBB && data.waarvoorBB.verhuiskosten) {\r\n  show = true;\r\n}",
                    "type": "selectboxes",
                    "input": true,
                    "inputType": "checkbox"
                },
                {
                    "label": "Offerte of rekening van de verhuiskosten (verplicht meesturen)",
                    "description": "Bijvoorbeeld voor de huur van een aanhangwagen, verhuisbus of de kosten voor een verhuisbedrijf",
                    "tableView": false,
                    "defaultValue": false,
                    "validate": {
                        "required": true
                    },
                    "key": "ondertekendHuurcontractOfEenBriefWaarinStaatWanneerUEenHuurcontractGaatOndertekenen1",
                    "type": "checkbox",
                    "input": true
                },
                {
                    "label": "Zorgovereenkomst en (als u dat heeft) een plan van aanpak",
                    "tableView": false,
                    "defaultValue": false,
                    "key": "zorgovereenkomst",
                    "type": "checkbox",
                    "input": true
                },
                {
                    "label": "Brief van de zorgverzekeraar waarin staat dat u geen vergoeding krijgt voor de eigen bijdrage Wmo",
                    "tableView": false,
                    "defaultValue": false,
                    "key": "briefZorgverzekeraar",
                    "type": "checkbox",
                    "input": true
                },
                {
                    "label": "Definitieve rekening van de tandarts waarop uw eigen bijdrage staat (verplicht meesturen)",
                    "tableView": false,
                    "defaultValue": false,
                    "validate": {
                        "required": true
                    },
                    "key": "briefTandarts",
                    "type": "checkbox",
                    "input": true
                },
                {
                    "label": "Bewijs vergoeding tandartskosten zorgverzekeraar (vergoedingenoverzicht) (verplicht meesturen)",
                    "tableView": false,
                    "defaultValue": false,
                    "validate": {
                        "required": true
                    },
                    "key": "briefTandarts1",
                    "type": "checkbox",
                    "input": true
                },
                {
                    "label": "Rekening kosten hoortoestel waarop uw eigen bijdrage staat (verplicht meesturen)",
                    "tableView": false,
                    "defaultValue": false,
                    "validate": {
                        "required": true
                    },
                    "key": "rekeningHoortoestel",
                    "type": "checkbox",
                    "input": true
                },
                {
                    "label": "Bewijs van vergoeding hoortoestel zorgverzekeraar (vergoedingenoverzicht) (verplicht meesturen)",
                    "tableView": false,
                    "defaultValue": false,
                    "validate": {
                        "required": true
                    },
                    "key": "bewijsHoortoestelZorgverzekeraar",
                    "type": "checkbox",
                    "input": true
                },
                {
                    "label": "Rekening van de dagbesteding (verplicht meesturen)",
                    "tableView": false,
                    "defaultValue": false,
                    "validate": {
                        "required": true
                    },
                    "key": "rekeningDagbestedling",
                    "type": "checkbox",
                    "input": true
                },
                {
                    "label": "Rekening van de kosten voor pedicure en een afsprakenkaart (verplicht meesturen)",
                    "tableView": false,
                    "defaultValue": false,
                    "validate": {
                        "required": true
                    },
                    "key": "rekeningPedicure",
                    "type": "checkbox",
                    "input": true
                },
                {
                    "label": "Brief van uw zorgverzekeraar waarin staat dat u geen vergoeding krijgt voor pecidure (verplicht meesturen)",
                    "tableView": false,
                    "defaultValue": false,
                    "validate": {
                        "required": true
                    },
                    "key": "rekeningPedicure1",
                    "type": "checkbox",
                    "input": true
                },
                {
                    "label": "Indicatie van Sterker sociaal werk voor de maaltijdvoorziening (verplicht meesturen)",
                    "tableView": false,
                    "defaultValue": false,
                    "validate": {
                        "required": true
                    },
                    "key": "indicatieKoken",
                    "customConditional": "show = false;\n\nif (data.gaatHetOmEenEersteOfVervolgaanvraagMaaltijden == 'eersteAanvraag') {\n  show = true;\n} else {\n  show = false;\n}",
                    "type": "checkbox",
                    "input": true
                },
                {
                    "label": "Indicatie van Sterker sociaal werk voor een personenalarm (verplicht meesturen)",
                    "tableView": false,
                    "defaultValue": false,
                    "validate": {
                        "required": true
                    },
                    "key": "indicatiePersonenAlarm",
                    "customConditional": "show = false;\n\nif (data.gaatHetOmEenEersteOfVervolgaanvraagPersonenalarm == 'eersteAanvraag') {\n  show = true;\n} else {\n  show = false;\n}",
                    "type": "checkbox",
                    "input": true
                },
                {
                    "label": "Brief van uw zorgverzekeraar waarin staat dat u geen vergoeding krijgt voor een personenalarm (verplicht meesturen)",
                    "tableView": false,
                    "defaultValue": false,
                    "validate": {
                        "required": true
                    },
                    "key": "indicatiePersonenAlarm2",
                    "customConditional": "show = false;\n\nif (data.gaatHetOmEenEersteOfVervolgaanvraagPersonenalarm == 'vervolgaanvraag') {\n  show = true;\n} else {\n  show = false;\n}",
                    "type": "checkbox",
                    "input": true
                },
                {
                    "label": "Een bewijs van uw diëtist of de arts waar u onder behandelt bent (verplicht meesturen)",
                    "tableView": false,
                    "defaultValue": false,
                    "validate": {
                        "required": true
                    },
                    "key": "dieetkostenEersteAanvraag",
                    "customConditional": "show = false;\n\nif ((data.gaatHetOmEenEersteOfVervolgaanvraagDieetkosten == 'eersteAanvraag') || (data.gaatHetOmEenEersteOfVervolgaanvraag == 'vervolgaanvraag')) {\n  show = true;\n} else {\n  show = false;\n}",
                    "type": "checkbox",
                    "input": true
                },
                {
                    "label": "Overeenkomst voor het beheren van geld (budgetbeheer)",
                    "tableView": false,
                    "defaultValue": false,
                    "validate": {
                        "required": true
                    },
                    "key": "overeenkomstVoorHetBeherenVanGeld",
                    "type": "checkbox",
                    "input": true
                },
                {
                    "label": "Rekening van de kosten voor het beheren van geld (budgetbeheer)",
                    "tableView": false,
                    "defaultValue": false,
                    "validate": {
                        "required": true
                    },
                    "key": "rekeningBudgetbeheer",
                    "type": "checkbox",
                    "input": true
                },
                {
                    "label": "Rekening van de eenmalige kosten",
                    "tableView": false,
                    "validate": {
                        "required": true
                    },
                    "key": "rekeningVanDeEenmaligeKosten",
                    "type": "checkbox",
                    "input": true,
                    "defaultValue": false
                },
                {
                    "label": "Bewijs waarin staat wat u aan het ministerie van Vreemdelingenzaken en Integratie (IND) heeft betaald voor het verlengen van uw verblijfsvergunning. Bijvoorbeeld",
                    "optionsLabelPosition": "right",
                    "description": "Kruis aan wat u meestuurt.",
                    "tableView": false,
                    "defaultValue": {
                        "rekeningVanDeRechtbankOfAdvocaat": false,
                        "ondertekendeMachtiging": false,
                        "rekeningVanDeAdvocaatMetToevoegingsnummerOfBriefVanDeRaadVoorRechtsbijstandWaarHetToevoegingsnummerInStaat": false,
                        "eenBriefVanDeIndWaaropHetBedragStaat": false,
                        "eenRekeningWaaropStaatOmWelkeSoortKostenHetGaatEnOmWieHetGaat": false,
                        "eenKopieVanDeBriefVanDeIndWaaropStaatDatErEenVerleningIsAangevraagdVoorWieEnWelkeBedragErBetaaldMoetWorden": false,
                        "eenKopieVanHetDigitaleAanvraagformulierWaaropStaatDatErEenVerlengingIsAangevraagdVoorWieOmWelkSoortVerblijfsdocumentHetGaatEnWatUMoetBetalen": false,
                        "eenBankafschriftWaaropStaatWatUHeeftBetaaldAanDeInd": false,
                        "briefIND": false,
                        "rekeningSoortKosten": false,
                        "kopieBriefINDVerlenging": false,
                        "kopieDigitaleAanvraagformulier": false,
                        "bankafschrift": false
                    },
                    "values": [
                        {
                            "label": "een brief van de IND waarop het bedrag staat",
                            "value": "briefIND",
                            "shortcut": ""
                        },
                        {
                            "label": "een rekening waarop staat om welke soort kosten het gaat en om wie het gaat",
                            "value": "rekeningSoortKosten",
                            "shortcut": ""
                        },
                        {
                            "label": "een kopie van de brief van de IND waarop staat dat er een verlening is aangevraagd, voor wie en welke bedrag er betaald moet worden",
                            "value": "kopieBriefINDVerlenging",
                            "shortcut": ""
                        },
                        {
                            "label": "een kopie van het digitale aanvraagformulier waarop staat dat er een verlenging is aangevraagd, voor wie, om welk soort verblijfsdocument het gaat en wat u moet betalen ",
                            "value": "kopieDigitaleAanvraagformulier",
                            "shortcut": ""
                        },
                        {
                            "label": "een bankafschrift waarop staat wat u heeft betaald aan de IND",
                            "value": "bankafschrift",
                            "shortcut": ""
                        }
                    ],
                    "validate": {
                        "onlyAvailableItems": false
                    },
                    "key": "rechtsbijstandskosten1",
                    "type": "selectboxes",
                    "input": true,
                    "inputType": "checkbox"
                },
                {
                    "label": "Rechtsbijstand: rekening van de advocaat met toevoegingsnummer. Of brief van de Raad voor Rechtsbijstand waar het toevoegingsnummer in staat (verplicht meesturen)",
                    "tableView": false,
                    "defaultValue": false,
                    "validate": {
                        "required": true
                    },
                    "key": "rechtsbijstandRekeningVanDeAdvocaatMetToevoegingsnummerOfBriefVanDeRaadVoorRechtsbijstandWaarHetToevoegingsnummerInStaat",
                    "type": "checkbox",
                    "input": true
                },
                {
                    "label": "Griffierecht: rekening van de rechtbank of advocaat (verplicht meesturen)",
                    "tableView": false,
                    "defaultValue": false,
                    "validate": {
                        "required": true
                    },
                    "key": "griffierechtRekeningVanDeRechtbankOfAdvocaat",
                    "type": "checkbox",
                    "input": true
                },
                {
                    "label": "Ondertekende machtiging voor kosten griffierecht of rechtsbijstand (verplicht meesturen)",
                    "tableView": false,
                    "defaultValue": false,
                    "validate": {
                        "required": true
                    },
                    "key": "griffierechtOndertekendeMachtiging",
                    "type": "checkbox",
                    "input": true
                },
                {
                    "label": "De rekening waarop de eigen bijdrage van de kinderopvang staat (verplicht meesturen)",
                    "tableView": false,
                    "defaultValue": false,
                    "validate": {
                        "required": true
                    },
                    "key": "dieetkostenVervolgaanvraag1",
                    "type": "checkbox",
                    "input": true
                },
                {
                    "label": "Bewijs waarop staat dat van uw inkomen een deel wordt afgehaald (loonbeslag) (verplicht meesturen)",
                    "description": "Bijvoorbeeld de specificatie van uw inkomen.",
                    "tableView": false,
                    "defaultValue": false,
                    "validate": {
                        "required": true
                    },
                    "key": "dieetkostenVervolgaanvraag2",
                    "type": "checkbox",
                    "input": true
                },
                {
                    "label": "Bewijs waarop staat dat van uw inkomen van uw partner een deel wordt afgehaald (loonbeslag) (verplicht meesturen)",
                    "description": "Bijvoorbeeld de specificatie van uw partners inkomen.",
                    "tableView": false,
                    "defaultValue": false,
                    "validate": {
                        "required": true
                    },
                    "key": "dieetkostenVervolgaanvraag3",
                    "type": "checkbox",
                    "input": true
                },
                {
                    "label": "Brief waarin u nog beter uitlegt waarom u bijzondere bijstand aanvraagt.",
                    "tableView": false,
                    "defaultValue": false,
                    "key": "briefUitleg",
                    "type": "checkbox",
                    "input": true
                },
                {
                    "label": "Columns",
                    "columns": [
                        {
                            "components": [],
                            "width": 3,
                            "offset": 0,
                            "push": 0,
                            "pull": 0,
                            "size": "sm",
                            "currentWidth": 3
                        },
                        {
                            "components": [],
                            "size": "sm",
                            "width": 3,
                            "offset": 0,
                            "push": 0,
                            "pull": 0,
                            "currentWidth": 3
                        }
                    ],
                    "key": "columns19",
                    "type": "columns",
                    "input": false,
                    "tableView": false,
                    "hideOnChildrenHidden": false
                }
            ]
        }
    },
    {
        "url": "http://localhost/api/v2/form-definitions/e8932991-c1bf-4cbe-90ca-313974809739",
        "uuid": "e8932991-c1bf-4cbe-90ca-313974809739",
        "name": "Samenvatting",
        "slug": "samenvatting",
        "configuration": {
            "display": "form",
            "components": [
                {
                    "label": "Samenvatting",
                    "tableView": false,
                    "key": "summary",
                    "type": "summary",
                    "input": true
                },
                {
                    "label": "Columns",
                    "columns": [
                        {
                            "components": [],
                            "offset": 0,
                            "push": 0,
                            "pull": 0,
                            "size": "sm",
                            "currentWidth": 3,
                            "width": 3
                        },
                        {
                            "components": [],
                            "offset": 0,
                            "push": 0,
                            "pull": 0,
                            "size": "sm",
                            "currentWidth": 3,
                            "width": 3
                        }
                    ],
                    "key": "columns11",
                    "type": "columns",
                    "input": false,
                    "tableView": false
                }
            ]
        }
    }
]