[
    {
        "uuid": "092608ad-531d-4fba-bd0d-ee7fdcdcc838",
        "name": "checkbox-test",
        "internal_name": "",
        "login_required": false,
        "authentication_backends": [],
        "slug": "checkboxtest",
        "url": "http://localhost/api/v2/forms/092608ad-531d-4fba-bd0d-ee7fdcdcc838",
        "show_progress_indicator": true,
        "maintenance_mode": false,
        "active": true,
        "is_deleted": false,
        "suspension_allowed": true,
        "send_confirmation_email": true,
        "display_main_website_link": true,
        "required_fields_with_asterisk": true,
        "resume_link_lifetime": 7,
        "hide_non_applicable_steps": true
    }
]