[
    {
        "uuid": "2143697c-8d7b-4a0b-9cfe-e317843a36ec",
        "name": "Mijn klacht gaat over iets anders oud",
        "internal_name": "",
        "login_required": false,
        "authentication_backends": [],
        "slug": "mijnklachtgaatoverietsandersoud",
        "url": "http://localhost/api/v2/forms/2143697c-8d7b-4a0b-9cfe-e317843a36ec",
        "show_progress_indicator": true,
        "maintenance_mode": false,
        "active": true,
        "is_deleted": false,
        "suspension_allowed": true,
        "send_confirmation_email": true,
        "display_main_website_link": true,
        "required_fields_with_asterisk": true,
        "resume_link_lifetime": 7,
        "hide_non_applicable_steps": true
    }
]