[
    {
        "url": "http://localhost/api/v2/form-definitions/19741db4-2081-403c-a214-b8cad04ecd74",
        "uuid": "19741db4-2081-403c-a214-b8cad04ecd74",
        "name": "Uw klacht",
        "slug": "uw-klacht",
        "configuration": {
            "display": "form",
            "components": [
                {
                    "label": "Waarover gaat uw klacht?",
                    "widget": "choicesjs",
                    "tableView": true,
                    "data": {
                        "values": [
                            {
                                "label": "ik ben niet goed behandeld door een medewerker van de gemeente",
                                "value": "nietGoedBehandeld"
                            },
                            {
                                "label": "ik heb verkeerde informatie gekregen",
                                "value": "verkeerdeInformatie"
                            },
                            {
                                "label": "er is niet goed met mijn informatie omgegaan",
                                "value": "nietGoedOmgegaan"
                            },
                            {
                                "label": "mijn verzoek is verkeerd afgehandeld",
                                "value": "verkeerdAfgehandeld"
                            }
                        ]
                    },
                    "searchEnabled": false,
                    "validate": {
                        "required": true
                    },
                    "key": "waaroverGaatUwKlacht1",
                    "type": "select",
                    "input": true
                },
                {
                    "label": "Waarover heeft u contact gehad?",
                    "tableView": true,
                    "key": "waaroverHeeftUContactGehad",
                    "type": "textfield",
                    "input": true,
                    "prefill": {
                        "plugin": "",
                        "attribute": "",
                        "identifierRole": "main"
                    }
                },
                {
                    "label": "Weet u de naam van de medewerker?",
                    "optionsLabelPosition": "right",
                    "inline": false,
                    "tableView": false,
                    "values": [
                        {
                            "label": "ja",
                            "value": "ja",
                            "shortcut": ""
                        },
                        {
                            "label": "nee",
                            "value": "nee",
                            "shortcut": ""
                        }
                    ],
                    "key": "weetUDeNaamVanDeMedewerker",
                    "type": "radio",
                    "input": true
                },
                {
                    "label": "Naam medewerker",
                    "tableView": true,
                    "key": "naamMedewerker",
                    "type": "textfield",
                    "input": true,
                    "prefill": {
                        "plugin": "",
                        "attribute": "",
                        "identifierRole": "main"
                    }
                },
                {
                    "label": "Waar kreeg u de verkeerde informatie?",
                    "widget": "choicesjs",
                    "tableView": true,
                    "data": {
                        "values": [
                            {
                                "label": "in een (video)gesprek bij de gemeente",
                                "value": "inEenVideoGesprekBijDeGemeente"
                            },
                            {
                                "label": "in een gesprek aan de telefoon",
                                "value": "inEenGesprekAanDeTelefoon"
                            },
                            {
                                "label": "gelezen op de website",
                                "value": "gelezenOpDeWebsite"
                            },
                            {
                                "label": "gelezen op de gemeentepagina in weekblad De Brug",
                                "value": "gelezenOpDeGemeentepaginaInWeekbladDeBrug"
                            },
                            {
                                "label": "gelezen in een brief of folder van de gemeente",
                                "value": "gelezenInEenBriefOfFolderVanDeGemeente"
                            },
                            {
                                "label": "ergens anders",
                                "value": "ergensAnders"
                            }
                        ]
                    },
                    "searchEnabled": false,
                    "validate": {
                        "required": true
                    },
                    "key": "waarKreegUDeVerkeerdeInformatie",
                    "type": "select",
                    "input": true
                },
                {
                    "label": "Waar dan?",
                    "tableView": true,
                    "validate": {
                        "required": true
                    },
                    "key": "waarDan",
                    "type": "textfield",
                    "input": true,
                    "prefill": {
                        "plugin": "",
                        "attribute": "",
                        "identifierRole": "main"
                    }
                },
                {
                    "label": "Welke informatie heeft u aan de gemeente doorgegeven?",
                    "tableView": true,
                    "inputFormat": "plain",
                    "validate": {
                        "required": true
                    },
                    "key": "welkeInformatieHeeftUAanDeGemeenteDoorgegeven",
                    "type": "textarea",
                    "input": true,
                    "autoExpand": false
                },
                {
                    "label": "Aan welk bureau/afdeling heeft u de informatie doorgegeven?",
                    "tableView": true,
                    "validate": {
                        "required": true
                    },
                    "key": "aanWelkBureauAfdelingHeeftUDeInformatieDoorgegeven",
                    "type": "textfield",
                    "input": true,
                    "prefill": {
                        "plugin": "",
                        "attribute": "",
                        "identifierRole": "main"
                    }
                },
                {
                    "label": "Hoe heeft u gemerkt dat er niet goed met uw informatie is omgegaan?",
                    "tableView": true,
                    "validate": {
                        "required": true
                    },
                    "key": "hoeHeeftUGemerktDatErNietGoedMetUwInformatieIsOmgegaan",
                    "type": "textfield",
                    "input": true,
                    "prefill": {
                        "plugin": "",
                        "attribute": "",
                        "identifierRole": "main"
                    }
                },
                {
                    "label": "Wat was uw vraag of melding?",
                    "tableView": true,
                    "key": "watWasUwVraagOfMelding",
                    "type": "textfield",
                    "input": true,
                    "prefill": {
                        "plugin": "",
                        "attribute": "",
                        "identifierRole": "main"
                    }
                },
                {
                    "label": "Wat is uw klacht",
                    "description": "U kunt aan het einde van dit formulier ook een bijlage uploaden waarin u uitlegt wat uw klacht is.",
                    "tableView": true,
                    "inputFormat": "plain",
                    "validate": {
                        "required": true,
                        "maxLength": 1000
                    },
                    "key": "klachtIsAndersEnNietGoedBehandeldVerkeerdeInformatie",
                    "customConditional": "show = false;\r\nif(data.andereOptieContainer && data.andereOptieContainer.waaroverGaatUwKlacht1 && data.andereOptieContainer.waaroverGaatUwKlacht1 == 'nietGoedBehandeld') {\r\n  show = true;\r\n} else if(data.andereOptieContainer && data.andereOptieContainer.waaroverGaatUwKlacht1 && data.andereOptieContainer.waaroverGaatUwKlacht1 == 'verkeerdeInformatie') {\r\n  show = true;\r\n}",
                    "type": "textarea",
                    "input": true,
                    "autoExpand": false
                },
                {
                    "label": "Columns",
                    "columns": [
                        {
                            "components": [],
                            "width": 3,
                            "offset": 0,
                            "push": 0,
                            "pull": 0,
                            "size": "sm",
                            "currentWidth": 3
                        },
                        {
                            "components": [],
                            "width": 6,
                            "offset": 0,
                            "push": 0,
                            "pull": 0,
                            "size": "md",
                            "currentWidth": 6
                        }
                    ],
                    "key": "columns1",
                    "type": "columns",
                    "input": false,
                    "tableView": false,
                    "hideOnChildrenHidden": false
                }
            ]
        }
    },
    {
        "url": "http://localhost/api/v2/form-definitions/81f4dfd3-9ec5-4731-bb2d-065d10470d91",
        "uuid": "81f4dfd3-9ec5-4731-bb2d-065d10470d91",
        "name": "Bijlagen",
        "slug": "bijlagen",
        "configuration": {
            "display": "form",
            "components": [
                {
                    "html": "<p>U kunt een bijlage uploaden om uw klacht duidelijker te maken. Bijvoorbeeld een foto van de situatie of een kopie van een brief of artikel.</p>",
                    "label": "Content",
                    "refreshOnChange": false,
                    "key": "content7",
                    "type": "content",
                    "input": false,
                    "tableView": false
                },
                {
                    "label": "Toevoegen",
                    "description": "Toegestaan zijn .jpg, .png, .jpeg of .pdf bestanden die niet groter zijn dan 20MB.",
                    "tableView": false,
                    "storage": "url",
                    "webcam": false,
                    "fileTypes": [
                        {
                            "label": "",
                            "value": ""
                        }
                    ],
                    "filePattern": ".jpg,.png,.jpeg,.pdf",
                    "fileMinSize": "1KB",
                    "fileMaxSize": "20MB",
                    "multiple": true,
                    "validate": {
                        "customMessage": "De bijlage moet de volgende bestandsindeling hebben: .jpg of .png of .jpeg of .pdf"
                    },
                    "errorLabel": "De bijlage moet de volgende bestandsindeling hebben: .jpg of .png of .jpeg of .pdf",
                    "key": "toevoegen",
                    "type": "file",
                    "url": "/cloud/s3",
                    "input": true
                },
                {
                    "label": "Columns",
                    "columns": [
                        {
                            "components": [],
                            "width": 3,
                            "offset": 0,
                            "push": 0,
                            "pull": 0,
                            "size": "sm",
                            "currentWidth": 3
                        },
                        {
                            "components": [],
                            "size": "sm",
                            "width": 3,
                            "offset": 0,
                            "push": 0,
                            "pull": 0,
                            "currentWidth": 3
                        }
                    ],
                    "key": "columns4",
                    "type": "columns",
                    "input": false,
                    "tableView": false,
                    "hideOnChildrenHidden": false
                }
            ]
        }
    }
]