[
    {
        "url": "http://localhost/api/v2/form-definitions/e688b26e-9b36-4b96-9e52-03c763d48101",
        "uuid": "e688b26e-9b36-4b96-9e52-03c763d48101",
        "name": "Uw klacht",
        "slug": "uw-klacht",
        "configuration": {
            "display": "form",
            "components": [
                {
                    "label": "Mijn klacht gaat over",
                    "optionsLabelPosition": "right",
                    "inline": false,
                    "tableView": false,
                    "values": [
                        {
                            "label": "betaald parkeren of fietsenstalling",
                            "value": "parkerenOfFiets",
                            "shortcut": ""
                        },
                        {
                            "label": "buitenruimte van de gemeente, bijvoorbeeld parken, straten en pleinen",
                            "value": "openbareRuimte",
                            "shortcut": ""
                        },
                        {
                            "label": "bouwen",
                            "value": "bouwen",
                            "shortcut": ""
                        },
                        {
                            "label": "milieu",
                            "value": "milieu",
                            "shortcut": ""
                        },
                        {
                            "label": "leerlingenvervoer",
                            "value": "leerlingenvervoer",
                            "shortcut": ""
                        },
                        {
                            "label": "speeltuinen, wijkcentra, sportzalen of sportterreinen",
                            "value": "speeltuinen",
                            "shortcut": ""
                        },
                        {
                            "label": "de afhandeltermijn van mijn aanvraag is voorbij en ik heb nog geen antwoord gekregen",
                            "value": "afhandeltermijnVoorbij",
                            "shortcut": ""
                        },
                        {
                            "label": "de gemeente heeft bekend gemaakt een besluit te nemen en ik wil hierop reageren (zienswijze)",
                            "value": "bekendmaking",
                            "shortcut": ""
                        },
                        {
                            "label": "ik wil bezwaar maken tegen een besluit dat al genomen is",
                            "value": "bezwaar",
                            "shortcut": ""
                        },
                        {
                            "label": "iets anders",
                            "value": "andereOptie",
                            "shortcut": ""
                        }
                    ],
                    "validate": {
                        "required": true
                    },
                    "key": "klacht",
                    "type": "radio",
                    "input": true
                },
                {
                    "label": "Betaald parkeren of fietsenstalling",
                    "attrs": [
                        {
                            "attr": "",
                            "value": ""
                        }
                    ],
                    "content": "<a href=\"https://app6-accp.nijmegen.nl/#/form/ontwikkel/betaaldparkerenoffietsenstalling\" target=\"_blank\">Meld uw klacht over betaald parkeren of fietsenstalling (inloggen met DigiD)</a>",
                    "refreshOnChange": false,
                    "key": "betaaldParkerenOfFietsenstalling",
                    "type": "content",
                    "input": false,
                    "tableView": false,
                    "html": "<a href=\"https://app6-accp.nijmegen.nl/#/form/ontwikkel/betaaldparkerenoffietsenstalling\" target=\"_blank\">Meld uw klacht over betaald parkeren of fietsenstalling (inloggen met DigiD)</a>"
                },
                {
                    "label": "Klachtformulier voor openbare ruimte",
                    "attrs": [
                        {
                            "attr": "",
                            "value": ""
                        }
                    ],
                    "content": "<a href=\"https://nijmegen.jouw-omgeving.nl/burgermelding\" target=\"_blank\">Meld uw klacht</a> of gebruik de Meld &Herstelapp: <a href=\"https://play.google.com/store/apps/details?id=nl.nijmegen.meld_en_herstel\" target=\"_blank\">Google Playstore</a> of <a href=\"https://itunes.apple.com/nl/app/meld-herstel/id1140979119?mt=8%20target=\" target=\"_blank\">Appstore (voor iPhone of iPad)</a>.\n<p>Meer informatie leest u bij <a href=\"https://www.nijmegen.nl/diensten/melden-aan-de-gemeente/meld-herstel/\" target=\"_blank\">Meld&Herstel</a>.</p>",
                    "refreshOnChange": false,
                    "key": "meldEnHerstelapp",
                    "type": "content",
                    "input": false,
                    "tableView": false,
                    "html": "<a href=\"https://nijmegen.jouw-omgeving.nl/burgermelding\" target=\"_blank\">Meld uw klacht</a> of gebruik de Meld &Herstelapp: <a href=\"https://play.google.com/store/apps/details?id=nl.nijmegen.meld_en_herstel\" target=\"_blank\">Google Playstore</a> of <a href=\"https://itunes.apple.com/nl/app/meld-herstel/id1140979119?mt=8%20target=\" target=\"_blank\">Appstore (voor iPhone of iPad)</a>.\n<p>Meer informatie leest u bij <a href=\"https://www.nijmegen.nl/diensten/melden-aan-de-gemeente/meld-herstel/\" target=\"_blank\">Meld&Herstel</a>.</p>"
                },
                {
                    "label": "Leefomgeving",
                    "attrs": [
                        {
                            "attr": "",
                            "value": ""
                        }
                    ],
                    "content": "Meld uw klacht via de website <a href=\"http://milieuklacht.gelderland.nl/\" target=\"_blank\">Leefomgeving</a>.",
                    "refreshOnChange": false,
                    "key": "leefomgeving",
                    "customConditional": "show = (data.klacht == 'bouwen' || data.klacht == 'milieu')",
                    "type": "content",
                    "input": false,
                    "tableView": false,
                    "html": "Meld uw klacht via de website <a href=\"http://milieuklacht.gelderland.nl/\" target=\"_blank\">Leefomgeving</a>."
                },
                {
                    "label": "Leerlingenvervoer",
                    "attrs": [
                        {
                            "attr": "",
                            "value": ""
                        }
                    ],
                    "content": "Neem contact op met <a href=\"https://www.nijmegen.nl/diensten/onderwijs-en-kinderopvang/leerlingenvervoer/\" target=\"_blank\">Leerlingenvervoer</a>.",
                    "refreshOnChange": false,
                    "key": "leerlingenvervoer",
                    "type": "content",
                    "input": false,
                    "tableView": false,
                    "html": "Neem contact op met <a href=\"https://www.nijmegen.nl/diensten/onderwijs-en-kinderopvang/leerlingenvervoer/\" target=\"_blank\">Leerlingenvervoer</a>."
                },
                {
                    "components": [
                        {
                            "label": "Klacht doorgeven met inloggen DigiD of zonder",
                            "attrs": [
                                {
                                    "attr": "",
                                    "value": ""
                                }
                            ],
                            "content": "U kunt uw klacht hieronder doorgeven zonder in te loggen met DigiD. U kunt ook uw <a href=\"https://app6-accp.nijmegen.nl/#/form/ontwikkel/speeltuinenwijkcentrasportzalenofsportterreinen\" target=\"_blank\">klacht doorgeven met inloggen DigiD</a>",
                            "refreshOnChange": false,
                            "key": "speeltuinenWijkcentrumSportzaalOfSportterreinFormulierMetDigiD",
                            "type": "content",
                            "input": false,
                            "tableView": false,
                            "html": "U kunt uw klacht hieronder doorgeven zonder in te loggen met DigiD. U kunt ook uw <a href=\"https://app6-accp.nijmegen.nl/#/form/ontwikkel/speeltuinenwijkcentrasportzalenofsportterreinen\" target=\"_blank\">klacht doorgeven met inloggen DigiD</a>"
                        },
                        {
                            "label": "Over welke speeltuin, wijkcentrum, sportzaal of sportterrein gaat uw klacht/melding?",
                            "tableView": true,
                            "validate": {
                                "required": true
                            },
                            "key": "overWelkeSpeeltuinWijkcentrumSportcentrumOfSportterreinGaatUwKlachtMelding",
                            "type": "textfield",
                            "input": true,
                            "prefill": {
                                "plugin": "",
                                "attribute": "",
                                "identifierRole": "main"
                            }
                        },
                        {
                            "label": "Waarover gaat uw klacht/melding?",
                            "widget": "choicesjs",
                            "tableView": true,
                            "data": {
                                "values": [
                                    {
                                        "label": "administratie (prijzen en contracten)",
                                        "value": "administratiePrijzenEnContracten"
                                    },
                                    {
                                        "label": "beheer van de locatie",
                                        "value": "beheerVanDeLocatie"
                                    },
                                    {
                                        "label": "binnenverlichting",
                                        "value": "binnenverlichting"
                                    },
                                    {
                                        "label": "buitenverlichting",
                                        "value": "buitenverlichting"
                                    },
                                    {
                                        "label": "gebouw (schade, sloten en overig hang- en sluitwerk)",
                                        "value": "gebouwSchadeSlotenEnOverigHangEnSluitwerk"
                                    },
                                    {
                                        "label": "kapot gemaakte spullen (vandalisme)",
                                        "value": "vandalisme"
                                    },
                                    {
                                        "label": "last van lawaai of muziek",
                                        "value": "lastVanLawaaiOfMuziek"
                                    },
                                    {
                                        "label": "onderhoud van groen",
                                        "value": "onderhoudVanGroen"
                                    },
                                    {
                                        "label": "parkeren",
                                        "value": "parkeren"
                                    },
                                    {
                                        "label": "schoonmaak",
                                        "value": "schoonmaak"
                                    },
                                    {
                                        "label": "verwarming",
                                        "value": "verwarming"
                                    },
                                    {
                                        "label": "wc/douche",
                                        "value": "wcDouche"
                                    },
                                    {
                                        "label": "anders",
                                        "value": "anders"
                                    }
                                ]
                            },
                            "searchEnabled": false,
                            "validate": {
                                "required": true
                            },
                            "key": "waaroverGaatUwKlachtMelding",
                            "type": "select",
                            "input": true
                        },
                        {
                            "label": "Waarover gaat uw klacht/melding dan?",
                            "tableView": true,
                            "validate": {
                                "required": true
                            },
                            "key": "waaroverGaatUwKlachtMeldingDan",
                            "conditional": {
                                "show": true,
                                "when": "klachtOverSpeeltuinenEnZo.waaroverGaatUwKlachtMelding",
                                "eq": "anders"
                            },
                            "type": "textfield",
                            "input": true,
                            "prefill": {
                                "plugin": "",
                                "attribute": "",
                                "identifierRole": "main"
                            }
                        },
                        {
                            "label": "Wat is er aan de hand?",
                            "tableView": true,
                            "inputFormat": "plain",
                            "validate": {
                                "required": true
                            },
                            "key": "watIsErAanDeHand",
                            "type": "textarea",
                            "input": true,
                            "autoExpand": false
                        },
                        {
                            "label": "Wanneer heeft u dit gezien/gemerkt?",
                            "placeholder": "dag-maand-jaar",
                            "tableView": false,
                            "enableMinDateInput": false,
                            "datePicker": {
                                "disableWeekends": false,
                                "disableWeekdays": false
                            },
                            "enableMaxDateInput": false,
                            "timePicker": {
                                "showMeridian": false
                            },
                            "validate": {
                                "required": true
                            },
                            "validateOn": "blur",
                            "key": "wanneerHeeftUDitGezienGemerkt",
                            "type": "datetime",
                            "input": true,
                            "widget": {
                                "type": "calendar",
                                "displayInTimezone": "viewer",
                                "locale": "nl",
                                "useLocaleSettings": false,
                                "allowInput": true,
                                "mode": "single",
                                "enableTime": false,
                                "noCalendar": false,
                                "format": "dd-MM-yyyy",
                                "hourIncrement": 1,
                                "minuteIncrement": 5,
                                "time_24hr": true,
                                "minDate": null,
                                "disableWeekends": false,
                                "disableWeekdays": false,
                                "maxDate": null
                            }
                        },
                        {
                            "label": "Weet u wie dit gedaan heeft?",
                            "optionsLabelPosition": "right",
                            "inline": false,
                            "tableView": false,
                            "values": [
                                {
                                    "label": "ja",
                                    "value": "ja",
                                    "shortcut": ""
                                },
                                {
                                    "label": "nee",
                                    "value": "nee",
                                    "shortcut": ""
                                },
                                {
                                    "label": "anders (bijvoorbeeld door storm of door dieren)",
                                    "value": "andersBijvoorbeeldDoorStormOfDoorDieren",
                                    "shortcut": ""
                                }
                            ],
                            "validate": {
                                "required": true
                            },
                            "key": "weetUWieDitGedaanHeeft",
                            "conditional": {
                                "show": true,
                                "when": "klachtOverSpeeltuinenEnZo.waaroverGaatUwKlachtMelding",
                                "eq": "vandalisme"
                            },
                            "type": "radio",
                            "input": true
                        },
                        {
                            "html": "<p>Wij nemen hierover contact met u op.</p>",
                            "label": "Content",
                            "refreshOnChange": false,
                            "key": "content",
                            "conditional": {
                                "show": true,
                                "when": "klachtOverSpeeltuinenEnZo.weetUWieDitGedaanHeeft",
                                "eq": "ja"
                            },
                            "type": "content",
                            "input": false,
                            "tableView": false
                        },
                        {
                            "label": "Wilt u weten wat er met uw klacht/melding is gedaan?",
                            "optionsLabelPosition": "right",
                            "inline": false,
                            "tableView": false,
                            "values": [
                                {
                                    "label": "ja",
                                    "value": "ja",
                                    "shortcut": ""
                                },
                                {
                                    "label": "nee",
                                    "value": "nee",
                                    "shortcut": ""
                                }
                            ],
                            "validate": {
                                "required": true
                            },
                            "key": "wiltUWetenWatErMetUwKlachtMeldingIsGedaan",
                            "type": "radio",
                            "input": true
                        },
                        {
                            "components": [
                                {
                                    "label": "Naam",
                                    "tableView": true,
                                    "key": "naam-1",
                                    "properties": {
                                        "jz4all_key": "naam"
                                    },
                                    "type": "textfield",
                                    "input": true,
                                    "prefill": {
                                        "plugin": "",
                                        "attribute": "",
                                        "identifierRole": "main"
                                    }
                                },
                                {
                                    "label": "E-mailadres",
                                    "tableView": true,
                                    "key": "eMailadres-1",
                                    "properties": {
                                        "jz4all_key": "email"
                                    },
                                    "type": "email",
                                    "input": true
                                },
                                {
                                    "label": "Telefoonnummer",
                                    "tableView": true,
                                    "key": "telefoonnummer-1",
                                    "properties": {
                                        "jz4all_key": "phone"
                                    },
                                    "type": "textfield",
                                    "input": true,
                                    "prefill": {
                                        "plugin": "",
                                        "attribute": "",
                                        "identifierRole": "main"
                                    }
                                }
                            ],
                            "key": "fieldSet-1-2-3-4",
                            "type": "fieldset",
                            "label": "Field Set",
                            "tree": false,
                            "input": false,
                            "hidden": false,
                            "legend": "",
                            "prefix": "",
                            "suffix": "",
                            "unique": false,
                            "widget": null,
                            "dbIndex": false,
                            "overlay": {
                                "top": "",
                                "left": "",
                                "style": "",
                                "width": "",
                                "height": ""
                            },
                            "tooltip": "",
                            "disabled": false,
                            "multiple": false,
                            "redrawOn": "",
                            "tabindex": "",
                            "validate": {
                                "custom": "",
                                "unique": false,
                                "multiple": false,
                                "required": false,
                                "customPrivate": false,
                                "strictDateValidation": false
                            },
                            "autofocus": false,
                            "encrypted": false,
                            "hideLabel": false,
                            "modalEdit": false,
                            "protected": false,
                            "refreshOn": "",
                            "tableView": false,
                            "attributes": {},
                            "errorLabel": "",
                            "hideHeader": false,
                            "persistent": false,
                            "properties": {},
                            "validateOn": "change",
                            "clearOnHide": true,
                            "conditional": {
                                "eq": "",
                                "show": null,
                                "when": null
                            },
                            "customClass": "",
                            "description": "",
                            "placeholder": "",
                            "defaultValue": null,
                            "dataGridLabel": false,
                            "labelPosition": "top",
                            "showCharCount": false,
                            "showWordCount": false,
                            "calculateValue": "",
                            "calculateServer": false,
                            "allowMultipleMasks": false,
                            "customDefaultValue": "",
                            "allowCalculateOverride": false
                        }
                    ],
                    "key": "fieldSet-1-2-3",
                    "type": "fieldset",
                    "label": "Field Set",
                    "tree": false,
                    "input": false,
                    "hidden": false,
                    "legend": "",
                    "prefix": "",
                    "suffix": "",
                    "unique": false,
                    "widget": null,
                    "dbIndex": false,
                    "overlay": {
                        "top": "",
                        "left": "",
                        "style": "",
                        "width": "",
                        "height": ""
                    },
                    "tooltip": "",
                    "disabled": false,
                    "multiple": false,
                    "redrawOn": "",
                    "tabindex": "",
                    "validate": {
                        "custom": "",
                        "unique": false,
                        "multiple": false,
                        "required": false,
                        "customPrivate": false,
                        "strictDateValidation": false
                    },
                    "autofocus": false,
                    "encrypted": false,
                    "hideLabel": false,
                    "modalEdit": false,
                    "protected": false,
                    "refreshOn": "",
                    "tableView": false,
                    "attributes": {},
                    "errorLabel": "",
                    "hideHeader": false,
                    "persistent": false,
                    "properties": {},
                    "validateOn": "change",
                    "clearOnHide": true,
                    "customClass": "",
                    "description": "",
                    "placeholder": "",
                    "defaultValue": null,
                    "dataGridLabel": false,
                    "labelPosition": "top",
                    "showCharCount": false,
                    "showWordCount": false,
                    "calculateValue": "",
                    "calculateServer": false,
                    "allowMultipleMasks": false,
                    "customDefaultValue": "",
                    "allowCalculateOverride": false
                },
                {
                    "label": "Ingebrekestelling",
                    "attrs": [
                        {
                            "attr": "",
                            "value": ""
                        }
                    ],
                    "content": "Stuur een <a href=\"https://app6.nijmegen.nl/#/form/nijmegen/ingebrekestelling\" target=\"_blank\">ingebrekestelling</a> (inloggen met DigiD)",
                    "refreshOnChange": false,
                    "key": "ingebrekestelling",
                    "type": "content",
                    "input": false,
                    "tableView": false,
                    "html": "Stuur een <a href=\"https://app6.nijmegen.nl/#/form/nijmegen/ingebrekestelling\" target=\"_blank\">ingebrekestelling</a> (inloggen met DigiD)"
                },
                {
                    "label": "Zienswijze doorgeven",
                    "attrs": [
                        {
                            "attr": "",
                            "value": ""
                        }
                    ],
                    "content": "Zienswijze doorgeven (inloggen met <a href=\"https://app1.nijmegen.nl/Loket/product/start/8fb604fe6abb8100d857987bf8bad4e8/fcc13b3adfa76911c6e7790a5c16556f\" target=\"_blank\">DigiD</a> of <a href=\"https://app1.nijmegen.nl/Loket/product/start/8fb604fe6abb8100d857987bf8bad4e8/f37d9a535bdf05938f0e9d480f13be14\" target=\"_blank\">eHerkenning</a>)",
                    "refreshOnChange": false,
                    "key": "zienswijzeDoorgeven",
                    "type": "content",
                    "input": false,
                    "tableView": false,
                    "html": "Zienswijze doorgeven (inloggen met <a href=\"https://app1.nijmegen.nl/Loket/product/start/8fb604fe6abb8100d857987bf8bad4e8/fcc13b3adfa76911c6e7790a5c16556f\" target=\"_blank\">DigiD</a> of <a href=\"https://app1.nijmegen.nl/Loket/product/start/8fb604fe6abb8100d857987bf8bad4e8/f37d9a535bdf05938f0e9d480f13be14\" target=\"_blank\">eHerkenning</a>)"
                },
                {
                    "label": "Bezwaar maken",
                    "attrs": [
                        {
                            "attr": "",
                            "value": ""
                        }
                    ],
                    "content": "<a href=\"https://app1.nijmegen.nl/Loket/product/start/4d0bcbe7d0e64130117198298c5a306e/6d5ad07cb2354c3589eca1040e81e66e\" target=\"_blank\">Maak bezwaar</a> (inloggen met DigiD)",
                    "refreshOnChange": false,
                    "key": "bezwaarMaken",
                    "type": "content",
                    "input": false,
                    "tableView": false,
                    "html": "<a href=\"https://app1.nijmegen.nl/Loket/product/start/4d0bcbe7d0e64130117198298c5a306e/6d5ad07cb2354c3589eca1040e81e66e\" target=\"_blank\">Maak bezwaar</a> (inloggen met DigiD)"
                },
                {
                    "components": [
                        {
                            "label": "Klacht doorgeven met inloggen DigiD of zonder",
                            "attrs": [
                                {
                                    "attr": "",
                                    "value": ""
                                }
                            ],
                            "content": "U kunt uw klacht hieronder doorgeven zonder in te loggen met DigiD. U kunt ook uw <a href=\"https://app6-accp.nijmegen.nl/#/form/ontwikkel/klachtoverietsanders/\" target=\"_blank\">klacht doorgeven met inloggen DigiD</a>",
                            "refreshOnChange": false,
                            "key": "klachtDoorgevenMetInloggenDigiDOfZonder",
                            "type": "content",
                            "input": false,
                            "tableView": false,
                            "html": "U kunt uw klacht hieronder doorgeven zonder in te loggen met DigiD. U kunt ook uw <a href=\"https://app6-accp.nijmegen.nl/#/form/ontwikkel/klachtoverietsanders/\" target=\"_blank\">klacht doorgeven met inloggen DigiD</a>"
                        },
                        {
                            "label": "Waarover gaat uw klacht?",
                            "widget": "choicesjs",
                            "tableView": true,
                            "data": {
                                "values": [
                                    {
                                        "label": "ik ben niet goed behandeld door een medewerker van de gemeente",
                                        "value": "nietGoedBehandeld"
                                    },
                                    {
                                        "label": "ik heb verkeerde informatie gekregen",
                                        "value": "verkeerdeInformatie"
                                    },
                                    {
                                        "label": "er is niet goed met mijn informatie omgegaan",
                                        "value": "nietGoedOmgegaan"
                                    },
                                    {
                                        "label": "mijn verzoek is verkeerd afgehandeld",
                                        "value": "verkeerdAfgehandeld"
                                    }
                                ]
                            },
                            "searchEnabled": false,
                            "validate": {
                                "required": true
                            },
                            "key": "waaroverGaatUwKlacht1",
                            "type": "select",
                            "input": true
                        },
                        {
                            "label": "Waarover heeft u contact gehad?",
                            "tableView": true,
                            "key": "waaroverHeeftUContactGehad",
                            "conditional": {
                                "show": true,
                                "when": "waaroverGaatUwKlacht1",
                                "eq": "nietGoedBehandeld"
                            },
                            "type": "textfield",
                            "input": true,
                            "prefill": {
                                "plugin": "",
                                "attribute": "",
                                "identifierRole": "main"
                            }
                        },
                        {
                            "label": "Weet u de naam van de medewerker?",
                            "optionsLabelPosition": "right",
                            "inline": false,
                            "tableView": false,
                            "values": [
                                {
                                    "label": "ja",
                                    "value": "ja",
                                    "shortcut": ""
                                },
                                {
                                    "label": "nee",
                                    "value": "nee",
                                    "shortcut": ""
                                }
                            ],
                            "validate": {
                                "required": true
                            },
                            "key": "weetUDeNaamVanDeMedewerker",
                            "conditional": {
                                "show": true,
                                "when": "waaroverGaatUwKlacht1",
                                "eq": "nietGoedBehandeld"
                            },
                            "type": "radio",
                            "input": true
                        },
                        {
                            "label": "Naam medewerker",
                            "tableView": true,
                            "key": "naamMedewerker",
                            "conditional": {
                                "show": true,
                                "when": "weetUDeNaamVanDeMedewerker",
                                "eq": "ja"
                            },
                            "type": "textfield",
                            "input": true,
                            "prefill": {
                                "plugin": "",
                                "attribute": "",
                                "identifierRole": "main"
                            }
                        },
                        {
                            "components": [
                                {
                                    "label": "Waar kreeg u de verkeerde informatie?",
                                    "widget": "choicesjs",
                                    "tableView": true,
                                    "data": {
                                        "values": [
                                            {
                                                "label": "in een (video)gesprek bij de gemeente",
                                                "value": "inEenVideoGesprekBijDeGemeente"
                                            },
                                            {
                                                "label": "in een gesprek aan de telefoon",
                                                "value": "inEenGesprekAanDeTelefoon"
                                            },
                                            {
                                                "label": "gelezen op de website",
                                                "value": "gelezenOpDeWebsite"
                                            },
                                            {
                                                "label": "gelezen op de gemeentepagina in weekblad De Brug",
                                                "value": "gelezenOpDeGemeentepaginaInWeekbladDeBrug"
                                            },
                                            {
                                                "label": "gelezen in een brief of folder van de gemeente",
                                                "value": "gelezenInEenBriefOfFolderVanDeGemeente"
                                            },
                                            {
                                                "label": "ergens anders",
                                                "value": "ergensAnders"
                                            }
                                        ]
                                    },
                                    "searchEnabled": false,
                                    "validate": {
                                        "required": true
                                    },
                                    "key": "waarKreegUDeVerkeerdeInformatie",
                                    "conditional": {
                                        "show": true,
                                        "when": "andereOptieContainer.waaroverGaatUwKlacht1",
                                        "eq": "verkeerdeInformatie"
                                    },
                                    "type": "select",
                                    "input": true
                                }
                            ],
                            "key": "fieldSet-1-2",
                            "type": "fieldset",
                            "label": "Field Set",
                            "tree": false,
                            "input": false,
                            "hidden": false,
                            "legend": "",
                            "prefix": "",
                            "suffix": "",
                            "unique": false,
                            "widget": null,
                            "dbIndex": false,
                            "overlay": {
                                "top": "",
                                "left": "",
                                "style": "",
                                "width": "",
                                "height": ""
                            },
                            "tooltip": "",
                            "disabled": false,
                            "multiple": false,
                            "redrawOn": "",
                            "tabindex": "",
                            "validate": {
                                "custom": "",
                                "unique": false,
                                "multiple": false,
                                "required": false,
                                "customPrivate": false,
                                "strictDateValidation": false
                            },
                            "autofocus": false,
                            "encrypted": false,
                            "hideLabel": false,
                            "modalEdit": false,
                            "protected": false,
                            "refreshOn": "",
                            "tableView": false,
                            "attributes": {},
                            "errorLabel": "",
                            "hideHeader": false,
                            "persistent": false,
                            "properties": {},
                            "validateOn": "change",
                            "clearOnHide": true,
                            "conditional": {
                                "eq": "",
                                "show": null,
                                "when": null
                            },
                            "customClass": "",
                            "description": "",
                            "placeholder": "",
                            "defaultValue": null,
                            "dataGridLabel": false,
                            "labelPosition": "top",
                            "showCharCount": false,
                            "showWordCount": false,
                            "calculateValue": "",
                            "calculateServer": false,
                            "allowMultipleMasks": false,
                            "customDefaultValue": "",
                            "allowCalculateOverride": false
                        },
                        {
                            "label": "Waar dan?",
                            "tableView": true,
                            "validate": {
                                "required": true
                            },
                            "key": "waarDan",
                            "conditional": {
                                "show": true,
                                "when": "waarKreegUDeVerkeerdeInformatie",
                                "eq": "ergensAnders"
                            },
                            "type": "textfield",
                            "input": true,
                            "prefill": {
                                "plugin": "",
                                "attribute": "",
                                "identifierRole": "main"
                            }
                        },
                        {
                            "label": "Welke informatie heeft u aan de gemeente doorgegeven?",
                            "tableView": true,
                            "inputFormat": "plain",
                            "validate": {
                                "required": true
                            },
                            "key": "welkeInformatieHeeftUAanDeGemeenteDoorgegeven",
                            "conditional": {
                                "show": true,
                                "when": "waaroverGaatUwKlacht1",
                                "eq": "nietGoedOmgegaan"
                            },
                            "type": "textarea",
                            "input": true,
                            "autoExpand": false
                        },
                        {
                            "label": "Aan welk bureau/afdeling heeft u de informatie doorgegeven?",
                            "tableView": true,
                            "validate": {
                                "required": true
                            },
                            "key": "aanWelkBureauAfdelingHeeftUDeInformatieDoorgegeven",
                            "conditional": {
                                "show": true,
                                "when": "andereOptieContainer.waaroverGaatUwKlacht1",
                                "eq": "nietGoedOmgegaan"
                            },
                            "type": "textfield",
                            "input": true,
                            "prefill": {
                                "plugin": "",
                                "attribute": "",
                                "identifierRole": "main"
                            }
                        },
                        {
                            "label": "Hoe heeft u gemerkt dat er niet goed met uw informatie is omgegaan?",
                            "tableView": true,
                            "validate": {
                                "required": true
                            },
                            "key": "hoeHeeftUGemerktDatErNietGoedMetUwInformatieIsOmgegaan",
                            "conditional": {
                                "show": true,
                                "when": "andereOptieContainer.waaroverGaatUwKlacht1",
                                "eq": "nietGoedOmgegaan"
                            },
                            "type": "textfield",
                            "input": true,
                            "prefill": {
                                "plugin": "",
                                "attribute": "",
                                "identifierRole": "main"
                            }
                        },
                        {
                            "label": "Wat was uw (aan)vraag of melding?",
                            "tableView": true,
                            "validate": {
                                "required": true
                            },
                            "key": "watWasUwVraagOfMelding",
                            "conditional": {
                                "show": true,
                                "when": "andereOptieContainer.waaroverGaatUwKlacht1",
                                "eq": "verkeerdAfgehandeld"
                            },
                            "type": "textfield",
                            "input": true,
                            "prefill": {
                                "plugin": "",
                                "attribute": "",
                                "identifierRole": "main"
                            }
                        },
                        {
                            "label": "Wat is uw klacht",
                            "description": "U kunt aan het einde van dit formulier ook een bijlage uploaden waarin u uitlegt wat uw klacht is.",
                            "tableView": true,
                            "inputFormat": "plain",
                            "validate": {
                                "required": true,
                                "maxLength": 2000
                            },
                            "key": "klachtIsAndersEnNietGoedBehandeldVerkeerdeInformatie",
                            "customConditional": "show = false;\r\nif(data.andereOptieContainer && data.andereOptieContainer.waaroverGaatUwKlacht1 && data.andereOptieContainer.waaroverGaatUwKlacht1 == 'nietGoedBehandeld') {\r\n  show = true;\r\n} else if(data.andereOptieContainer && data.andereOptieContainer.waaroverGaatUwKlacht1 && data.andereOptieContainer.waaroverGaatUwKlacht1 == 'verkeerdeInformatie') {\r\n  show = true;\r\n} else if (data.andereOptieContainer && data.andereOptieContainer.waaroverGaatUwKlacht1 && data.andereOptieContainer.waaroverGaatUwKlacht1 == 'verkeerdAfgehandeld'){\r\n  show = true;\r\n}",
                            "type": "textarea",
                            "input": true,
                            "autoExpand": false
                        },
                        {
                            "components": [
                                {
                                    "label": "Naam",
                                    "tableView": true,
                                    "key": "naam",
                                    "properties": {
                                        "jz4all_key": "naam"
                                    },
                                    "type": "textfield",
                                    "input": true,
                                    "prefill": {
                                        "plugin": "",
                                        "attribute": "",
                                        "identifierRole": "main"
                                    }
                                },
                                {
                                    "label": "E-mailadres",
                                    "tableView": true,
                                    "validate": {
                                        "required": true
                                    },
                                    "key": "eMailadres",
                                    "properties": {
                                        "jz4all_key": "email"
                                    },
                                    "type": "email",
                                    "input": true
                                },
                                {
                                    "label": "Telefoonnummer",
                                    "tableView": true,
                                    "validate": {
                                        "required": true
                                    },
                                    "key": "telefoonnummer",
                                    "properties": {
                                        "jz4all_key": "phone"
                                    },
                                    "type": "textfield",
                                    "input": true,
                                    "prefill": {
                                        "plugin": "",
                                        "attribute": "",
                                        "identifierRole": "main"
                                    }
                                }
                            ],
                            "key": "fieldSet-1",
                            "type": "fieldset",
                            "label": "Field Set",
                            "tree": false,
                            "input": false,
                            "hidden": false,
                            "legend": "",
                            "prefix": "",
                            "suffix": "",
                            "unique": false,
                            "widget": null,
                            "dbIndex": false,
                            "overlay": {
                                "top": "",
                                "left": "",
                                "style": "",
                                "width": "",
                                "height": ""
                            },
                            "tooltip": "",
                            "disabled": false,
                            "multiple": false,
                            "redrawOn": "",
                            "tabindex": "",
                            "validate": {
                                "custom": "",
                                "unique": false,
                                "multiple": false,
                                "required": false,
                                "customPrivate": false,
                                "strictDateValidation": false
                            },
                            "autofocus": false,
                            "encrypted": false,
                            "hideLabel": false,
                            "modalEdit": false,
                            "protected": false,
                            "refreshOn": "",
                            "tableView": false,
                            "attributes": {},
                            "errorLabel": "",
                            "hideHeader": false,
                            "persistent": false,
                            "properties": {},
                            "validateOn": "change",
                            "clearOnHide": true,
                            "conditional": {
                                "eq": "",
                                "show": null,
                                "when": null
                            },
                            "customClass": "",
                            "description": "",
                            "placeholder": "",
                            "defaultValue": null,
                            "dataGridLabel": false,
                            "labelPosition": "top",
                            "showCharCount": false,
                            "showWordCount": false,
                            "calculateValue": "",
                            "calculateServer": false,
                            "allowMultipleMasks": false,
                            "customDefaultValue": "",
                            "allowCalculateOverride": false
                        }
                    ],
                    "key": "fieldSet",
                    "type": "fieldset",
                    "label": "Field Set",
                    "tree": false,
                    "input": false,
                    "hidden": false,
                    "legend": "",
                    "prefix": "",
                    "suffix": "",
                    "unique": false,
                    "widget": null,
                    "dbIndex": false,
                    "overlay": {
                        "top": "",
                        "left": "",
                        "style": "",
                        "width": "",
                        "height": ""
                    },
                    "tooltip": "",
                    "disabled": false,
                    "multiple": false,
                    "redrawOn": "",
                    "tabindex": "",
                    "validate": {
                        "custom": "",
                        "unique": false,
                        "multiple": false,
                        "required": false,
                        "customPrivate": false,
                        "strictDateValidation": false
                    },
                    "autofocus": false,
                    "encrypted": false,
                    "hideLabel": false,
                    "modalEdit": false,
                    "protected": false,
                    "refreshOn": "",
                    "tableView": false,
                    "attributes": {},
                    "errorLabel": "",
                    "hideHeader": false,
                    "persistent": false,
                    "properties": {},
                    "validateOn": "change",
                    "clearOnHide": true,
                    "customClass": "",
                    "description": "",
                    "placeholder": "",
                    "defaultValue": null,
                    "dataGridLabel": false,
                    "labelPosition": "top",
                    "showCharCount": false,
                    "showWordCount": false,
                    "calculateValue": "",
                    "calculateServer": false,
                    "allowMultipleMasks": false,
                    "customDefaultValue": "",
                    "allowCalculateOverride": false
                },
                {
                    "label": "Columns",
                    "columns": [
                        {
                            "components": [],
                            "width": 3,
                            "offset": 0,
                            "push": 0,
                            "pull": 0,
                            "size": "sm",
                            "currentWidth": 3
                        },
                        {
                            "components": [],
                            "width": 6,
                            "offset": 0,
                            "push": 0,
                            "pull": 0,
                            "size": "md",
                            "currentWidth": 6
                        }
                    ],
                    "key": "columns1",
                    "type": "columns",
                    "input": false,
                    "tableView": false,
                    "hideOnChildrenHidden": false
                }
            ]
        }
    },
    {
        "url": "http://localhost/api/v2/form-definitions/1c2eb11b-5e4d-4036-8468-f364b13dc6ab",
        "uuid": "1c2eb11b-5e4d-4036-8468-f364b13dc6ab",
        "name": "Bijlagen",
        "slug": "bijlagen",
        "configuration": {
            "display": "form",
            "components": [
                {
                    "html": "<p>U kunt een bijlage uploaden om uw klacht duidelijker te maken. Bijvoorbeeld een foto van de situatie of een kopie van een brief of artikel.</p>",
                    "label": "Content",
                    "refreshOnChange": false,
                    "key": "content7",
                    "type": "content",
                    "input": false,
                    "tableView": false
                },
                {
                    "label": "Toevoegen",
                    "description": "Toegestaan zijn .jpg, .png, .jpeg of .pdf bestanden die niet groter zijn dan 20MB.",
                    "tableView": false,
                    "storage": "url",
                    "webcam": false,
                    "fileTypes": [
                        {
                            "label": "",
                            "value": ""
                        }
                    ],
                    "filePattern": ".jpg,.png,.jpeg,.pdf",
                    "fileMinSize": "1KB",
                    "fileMaxSize": "20MB",
                    "multiple": true,
                    "validate": {
                        "customMessage": "De bijlage moet de volgende bestandsindeling hebben: .jpg of .png of .jpeg of .pdf"
                    },
                    "errorLabel": "De bijlage moet de volgende bestandsindeling hebben: .jpg of .png of .jpeg of .pdf",
                    "key": "toevoegen",
                    "type": "file",
                    "url": "/cloud/s3",
                    "input": true
                },
                {
                    "label": "Columns",
                    "columns": [
                        {
                            "components": [],
                            "width": 3,
                            "offset": 0,
                            "push": 0,
                            "pull": 0,
                            "size": "sm",
                            "currentWidth": 3
                        },
                        {
                            "components": [],
                            "size": "sm",
                            "width": 3,
                            "offset": 0,
                            "push": 0,
                            "pull": 0,
                            "currentWidth": 3
                        }
                    ],
                    "key": "columns4",
                    "type": "columns",
                    "input": false,
                    "tableView": false,
                    "hideOnChildrenHidden": false
                }
            ]
        }
    }
]