[
    {
        "uuid": "a30e5522-2793-42c1-bbe7-b2b8f6907f6b",
        "name": "Klacht over de gemeente doorgeven oud",
        "internal_name": "",
        "login_required": false,
        "authentication_backends": [],
        "slug": "klachtoverdegemeentedoorgevenoud",
        "url": "http://localhost/api/v2/forms/a30e5522-2793-42c1-bbe7-b2b8f6907f6b",
        "show_progress_indicator": true,
        "maintenance_mode": false,
        "active": true,
        "is_deleted": false,
        "suspension_allowed": true,
        "send_confirmation_email": true,
        "display_main_website_link": true,
        "required_fields_with_asterisk": true,
        "resume_link_lifetime": 7,
        "hide_non_applicable_steps": true
    }
]