[
    {
        "uuid": "656fd996-1730-4d5a-be9f-67b09f9a2943",
        "name": "Subsidie sportactiviteiten aanvragen",
        "internal_name": "",
        "login_required": false,
        "authentication_backends": [],
        "slug": "subsidiesportactiviteitenaanvragen",
        "url": "http://localhost/api/v2/forms/656fd996-1730-4d5a-be9f-67b09f9a2943",
        "show_progress_indicator": true,
        "maintenance_mode": false,
        "active": true,
        "is_deleted": false,
        "suspension_allowed": true,
        "send_confirmation_email": true,
        "display_main_website_link": true,
        "required_fields_with_asterisk": true,
        "resume_link_lifetime": 7,
        "hide_non_applicable_steps": true
    }
]