[
    {
        "uuid": "b420d609-03ba-49ed-a489-4e02952ddbbd",
        "index": "0",
        "slug": "uw-gegevens",
        "form_definition": "http://localhost/api/v2/form-definitions/d626f6c4-bc2c-4245-a658-5fe44989adc0"
    },
    {
        "uuid": "30d95dbf-ac00-418c-bebb-4a88854745a4",
        "index": "1",
        "slug": "iban",
        "form_definition": "http://localhost/api/v2/form-definitions/a822868f-2e9f-4143-8332-dbf2aa37b848"
    },
    {
        "uuid": "15103489-b3ef-4462-b985-8659d19860e8",
        "index": "2",
        "slug": "subsidie",
        "form_definition": "http://localhost/api/v2/form-definitions/db9649f7-02a7-4a44-90bd-acf5aa10a56c"
    },
    {
        "uuid": "184f75da-d408-43ba-8794-3de1d4582203",
        "index": "3",
        "slug": "bijlagen",
        "form_definition": "http://localhost/api/v2/form-definitions/e1955683-c9e9-4c50-844f-fa19ff732a58"
    }
]