[
    {
        "uuid": "1c8faaad-91f6-48cc-8f36-65533f1cb39e",
        "name": "Aanmelden training Casemanagement Multiprobleemhu",
        "internal_name": "",
        "login_required": false,
        "authentication_backends": [],
        "slug": "aanmeldentrainingcasemanagementmultiprobleemhuish",
        "url": "http://localhost/api/v2/forms/1c8faaad-91f6-48cc-8f36-65533f1cb39e",
        "show_progress_indicator": true,
        "maintenance_mode": false,
        "active": true,
        "is_deleted": false,
        "suspension_allowed": true,
        "send_confirmation_email": true,
        "display_main_website_link": true,
        "required_fields_with_asterisk": true,
        "resume_link_lifetime": 7,
        "hide_non_applicable_steps": true
    }
]