[
    {
        "url": "http://localhost/api/v2/form-definitions/381e374a-6064-4e69-a396-b94d8a6f6dbc",
        "uuid": "381e374a-6064-4e69-a396-b94d8a6f6dbc",
        "name": "Aanmelden",
        "slug": "aanmelden",
        "configuration": {
            "display": "form",
            "components": [
                {
                    "label": "Voorletters",
                    "applyMaskOn": "change",
                    "tableView": true,
                    "validate": {
                        "required": true,
                        "custom": "",
                        "customPrivate": false,
                        "strictDateValidation": false,
                        "multiple": false,
                        "unique": false,
                        "minLength": "",
                        "maxLength": "",
                        "pattern": ""
                    },
                    "key": "voorletters",
                    "type": "textfield",
                    "input": true,
                    "lang": "nl",
                    "id": "eo7mxca",
                    "placeholder": "",
                    "prefix": "",
                    "customClass": "",
                    "suffix": "",
                    "multiple": false,
                    "defaultValue": null,
                    "protected": false,
                    "unique": false,
                    "persistent": true,
                    "hidden": false,
                    "clearOnHide": true,
                    "refreshOn": "",
                    "redrawOn": "",
                    "modalEdit": false,
                    "dataGridLabel": false,
                    "labelPosition": "top",
                    "description": "",
                    "errorLabel": "",
                    "tooltip": "",
                    "hideLabel": false,
                    "tabindex": "",
                    "disabled": false,
                    "autofocus": false,
                    "dbIndex": false,
                    "customDefaultValue": "",
                    "calculateValue": "",
                    "calculateServer": false,
                    "widget": {
                        "type": "input"
                    },
                    "attributes": {},
                    "validateOn": "change",
                    "overlay": {
                        "style": "",
                        "left": "",
                        "top": "",
                        "width": "",
                        "height": ""
                    },
                    "allowCalculateOverride": false,
                    "encrypted": false,
                    "showCharCount": false,
                    "showWordCount": false,
                    "properties": {},
                    "allowMultipleMasks": false,
                    "addons": [],
                    "mask": false,
                    "inputType": "text",
                    "inputFormat": "plain",
                    "inputMask": "",
                    "displayMask": "",
                    "spellcheck": true,
                    "truncateMultipleSpaces": false,
                    "prefill": {
                        "plugin": "",
                        "attribute": "",
                        "identifierRole": "main"
                    }
                },
                {
                    "label": "Roepnaam",
                    "applyMaskOn": "change",
                    "tableView": true,
                    "validate": {
                        "required": true,
                        "custom": "",
                        "customPrivate": false,
                        "strictDateValidation": false,
                        "multiple": false,
                        "unique": false,
                        "minLength": "",
                        "maxLength": "",
                        "pattern": ""
                    },
                    "key": "roepnaam",
                    "type": "textfield",
                    "input": true,
                    "lang": "nl",
                    "id": "ehzwn4",
                    "placeholder": "",
                    "prefix": "",
                    "customClass": "",
                    "suffix": "",
                    "multiple": false,
                    "defaultValue": null,
                    "protected": false,
                    "unique": false,
                    "persistent": true,
                    "hidden": false,
                    "clearOnHide": true,
                    "refreshOn": "",
                    "redrawOn": "",
                    "modalEdit": false,
                    "dataGridLabel": false,
                    "labelPosition": "top",
                    "description": "",
                    "errorLabel": "",
                    "tooltip": "",
                    "hideLabel": false,
                    "tabindex": "",
                    "disabled": false,
                    "autofocus": false,
                    "dbIndex": false,
                    "customDefaultValue": "",
                    "calculateValue": "",
                    "calculateServer": false,
                    "widget": {
                        "type": "input"
                    },
                    "attributes": {},
                    "validateOn": "change",
                    "overlay": {
                        "style": "",
                        "left": "",
                        "top": "",
                        "width": "",
                        "height": ""
                    },
                    "allowCalculateOverride": false,
                    "encrypted": false,
                    "showCharCount": false,
                    "showWordCount": false,
                    "properties": {},
                    "allowMultipleMasks": false,
                    "addons": [],
                    "mask": false,
                    "inputType": "text",
                    "inputFormat": "plain",
                    "inputMask": "",
                    "displayMask": "",
                    "spellcheck": true,
                    "truncateMultipleSpaces": false,
                    "prefill": {
                        "plugin": "",
                        "attribute": "",
                        "identifierRole": "main"
                    }
                },
                {
                    "label": "Geboortenamen",
                    "applyMaskOn": "change",
                    "tableView": true,
                    "validate": {
                        "required": true,
                        "custom": "",
                        "customPrivate": false,
                        "strictDateValidation": false,
                        "multiple": false,
                        "unique": false,
                        "minLength": "",
                        "maxLength": "",
                        "pattern": ""
                    },
                    "key": "geboortenamen",
                    "type": "textfield",
                    "input": true,
                    "lang": "nl",
                    "id": "ejqhy2e",
                    "placeholder": "",
                    "prefix": "",
                    "customClass": "",
                    "suffix": "",
                    "multiple": false,
                    "defaultValue": null,
                    "protected": false,
                    "unique": false,
                    "persistent": true,
                    "hidden": false,
                    "clearOnHide": true,
                    "refreshOn": "",
                    "redrawOn": "",
                    "modalEdit": false,
                    "dataGridLabel": false,
                    "labelPosition": "top",
                    "description": "",
                    "errorLabel": "",
                    "tooltip": "",
                    "hideLabel": false,
                    "tabindex": "",
                    "disabled": false,
                    "autofocus": false,
                    "dbIndex": false,
                    "customDefaultValue": "",
                    "calculateValue": "",
                    "calculateServer": false,
                    "widget": {
                        "type": "input"
                    },
                    "attributes": {},
                    "validateOn": "change",
                    "overlay": {
                        "style": "",
                        "left": "",
                        "top": "",
                        "width": "",
                        "height": ""
                    },
                    "allowCalculateOverride": false,
                    "encrypted": false,
                    "showCharCount": false,
                    "showWordCount": false,
                    "properties": {},
                    "allowMultipleMasks": false,
                    "addons": [],
                    "mask": false,
                    "inputType": "text",
                    "inputFormat": "plain",
                    "inputMask": "",
                    "displayMask": "",
                    "spellcheck": true,
                    "truncateMultipleSpaces": false,
                    "prefill": {
                        "plugin": "",
                        "attribute": "",
                        "identifierRole": "main"
                    }
                },
                {
                    "label": "Achternaam",
                    "applyMaskOn": "change",
                    "tableView": true,
                    "validate": {
                        "required": true,
                        "custom": "",
                        "customPrivate": false,
                        "strictDateValidation": false,
                        "multiple": false,
                        "unique": false,
                        "minLength": "",
                        "maxLength": "",
                        "pattern": ""
                    },
                    "key": "achternaam",
                    "type": "textfield",
                    "input": true,
                    "lang": "nl",
                    "id": "eyabtbc",
                    "placeholder": "",
                    "prefix": "",
                    "customClass": "",
                    "suffix": "",
                    "multiple": false,
                    "defaultValue": null,
                    "protected": false,
                    "unique": false,
                    "persistent": true,
                    "hidden": false,
                    "clearOnHide": true,
                    "refreshOn": "",
                    "redrawOn": "",
                    "modalEdit": false,
                    "dataGridLabel": false,
                    "labelPosition": "top",
                    "description": "",
                    "errorLabel": "",
                    "tooltip": "",
                    "hideLabel": false,
                    "tabindex": "",
                    "disabled": false,
                    "autofocus": false,
                    "dbIndex": false,
                    "customDefaultValue": "",
                    "calculateValue": "",
                    "calculateServer": false,
                    "widget": {
                        "type": "input"
                    },
                    "attributes": {},
                    "validateOn": "change",
                    "overlay": {
                        "style": "",
                        "left": "",
                        "top": "",
                        "width": "",
                        "height": ""
                    },
                    "allowCalculateOverride": false,
                    "encrypted": false,
                    "showCharCount": false,
                    "showWordCount": false,
                    "properties": {},
                    "allowMultipleMasks": false,
                    "addons": [],
                    "mask": false,
                    "inputType": "text",
                    "inputFormat": "plain",
                    "inputMask": "",
                    "displayMask": "",
                    "spellcheck": true,
                    "truncateMultipleSpaces": false,
                    "prefill": {
                        "plugin": "",
                        "attribute": "",
                        "identifierRole": "main"
                    }
                },
                {
                    "label": "Meisjesnaam",
                    "applyMaskOn": "change",
                    "tableView": true,
                    "key": "meisjesnaam",
                    "type": "textfield",
                    "input": true,
                    "lang": "nl",
                    "id": "e01fxc",
                    "placeholder": "",
                    "prefix": "",
                    "customClass": "",
                    "suffix": "",
                    "multiple": false,
                    "defaultValue": null,
                    "protected": false,
                    "unique": false,
                    "persistent": true,
                    "hidden": false,
                    "clearOnHide": true,
                    "refreshOn": "",
                    "redrawOn": "",
                    "modalEdit": false,
                    "dataGridLabel": false,
                    "labelPosition": "top",
                    "description": "",
                    "errorLabel": "",
                    "tooltip": "",
                    "hideLabel": false,
                    "tabindex": "",
                    "disabled": false,
                    "autofocus": false,
                    "dbIndex": false,
                    "customDefaultValue": "",
                    "calculateValue": "",
                    "calculateServer": false,
                    "widget": {
                        "type": "input"
                    },
                    "attributes": {},
                    "validateOn": "change",
                    "validate": {
                        "required": false,
                        "custom": "",
                        "customPrivate": false,
                        "strictDateValidation": false,
                        "multiple": false,
                        "unique": false,
                        "minLength": "",
                        "maxLength": "",
                        "pattern": ""
                    },
                    "overlay": {
                        "style": "",
                        "left": "",
                        "top": "",
                        "width": "",
                        "height": ""
                    },
                    "allowCalculateOverride": false,
                    "encrypted": false,
                    "showCharCount": false,
                    "showWordCount": false,
                    "properties": {},
                    "allowMultipleMasks": false,
                    "addons": [],
                    "mask": false,
                    "inputType": "text",
                    "inputFormat": "plain",
                    "inputMask": "",
                    "displayMask": "",
                    "spellcheck": true,
                    "truncateMultipleSpaces": false,
                    "prefill": {
                        "plugin": "",
                        "attribute": "",
                        "identifierRole": "main"
                    }
                },
                {
                    "label": "Geboortedatum",
                    "placeholder": "dag-maand-jaar",
                    "tableView": false,
                    "enableMinDateInput": false,
                    "datePicker": {
                        "disableWeekends": false,
                        "disableWeekdays": false,
                        "showWeeks": true,
                        "startingDay": 0,
                        "initDate": "",
                        "minMode": "day",
                        "maxMode": "year",
                        "yearRows": 4,
                        "yearColumns": 5,
                        "minDate": null,
                        "maxDate": null
                    },
                    "enableMaxDateInput": false,
                    "timePicker": {
                        "showMeridian": false
                    },
                    "validate": {
                        "required": true,
                        "custom": "",
                        "customPrivate": false,
                        "strictDateValidation": false,
                        "multiple": false,
                        "unique": false
                    },
                    "key": "geboortedatum",
                    "type": "datetime",
                    "input": true,
                    "widget": {
                        "type": "calendar",
                        "displayInTimezone": "viewer",
                        "locale": "nl",
                        "useLocaleSettings": false,
                        "allowInput": true,
                        "mode": "single",
                        "enableTime": false,
                        "noCalendar": false,
                        "format": "dd-MM-yyyy",
                        "hourIncrement": 1,
                        "minuteIncrement": 5,
                        "time_24hr": true,
                        "minDate": null,
                        "disableWeekends": false,
                        "disableWeekdays": false,
                        "maxDate": null
                    },
                    "id": "eyjdc3p",
                    "prefix": "",
                    "customClass": "",
                    "suffix": "",
                    "multiple": false,
                    "defaultValue": "dag/maand/jaar",
                    "protected": false,
                    "unique": false,
                    "persistent": true,
                    "hidden": false,
                    "clearOnHide": true,
                    "refreshOn": "",
                    "redrawOn": "",
                    "modalEdit": false,
                    "dataGridLabel": false,
                    "labelPosition": "top",
                    "description": "",
                    "errorLabel": "",
                    "tooltip": "",
                    "hideLabel": false,
                    "tabindex": "",
                    "disabled": false,
                    "autofocus": false,
                    "dbIndex": false,
                    "customDefaultValue": "",
                    "calculateValue": "",
                    "calculateServer": false,
                    "attributes": {},
                    "validateOn": "change",
                    "overlay": {
                        "style": "",
                        "left": "",
                        "top": "",
                        "width": "",
                        "height": ""
                    },
                    "allowCalculateOverride": false,
                    "encrypted": false,
                    "showCharCount": false,
                    "showWordCount": false,
                    "properties": {},
                    "allowMultipleMasks": false,
                    "addons": [],
                    "format": "dd-MM-yyyy",
                    "useLocaleSettings": false,
                    "allowInput": true,
                    "enableDate": true,
                    "enableTime": false,
                    "defaultDate": "dag/maand/jaar",
                    "displayInTimezone": "viewer",
                    "timezone": "",
                    "datepickerMode": "day",
                    "customOptions": {},
                    "shortcutButtons": []
                },
                {
                    "label": "Geboorteplaats",
                    "applyMaskOn": "change",
                    "tableView": true,
                    "validate": {
                        "required": true,
                        "custom": "",
                        "customPrivate": false,
                        "strictDateValidation": false,
                        "multiple": false,
                        "unique": false,
                        "minLength": "",
                        "maxLength": "",
                        "pattern": ""
                    },
                    "key": "geboorteplaats",
                    "type": "textfield",
                    "input": true,
                    "lang": "nl",
                    "id": "ezaf2g",
                    "placeholder": "",
                    "prefix": "",
                    "customClass": "",
                    "suffix": "",
                    "multiple": false,
                    "defaultValue": null,
                    "protected": false,
                    "unique": false,
                    "persistent": true,
                    "hidden": false,
                    "clearOnHide": true,
                    "refreshOn": "",
                    "redrawOn": "",
                    "modalEdit": false,
                    "dataGridLabel": false,
                    "labelPosition": "top",
                    "description": "",
                    "errorLabel": "",
                    "tooltip": "",
                    "hideLabel": false,
                    "tabindex": "",
                    "disabled": false,
                    "autofocus": false,
                    "dbIndex": false,
                    "customDefaultValue": "",
                    "calculateValue": "",
                    "calculateServer": false,
                    "widget": {
                        "type": "input"
                    },
                    "attributes": {},
                    "validateOn": "change",
                    "overlay": {
                        "style": "",
                        "left": "",
                        "top": "",
                        "width": "",
                        "height": ""
                    },
                    "allowCalculateOverride": false,
                    "encrypted": false,
                    "showCharCount": false,
                    "showWordCount": false,
                    "properties": {},
                    "allowMultipleMasks": false,
                    "addons": [],
                    "mask": false,
                    "inputType": "text",
                    "inputFormat": "plain",
                    "inputMask": "",
                    "displayMask": "",
                    "spellcheck": true,
                    "truncateMultipleSpaces": false,
                    "prefill": {
                        "plugin": "",
                        "attribute": "",
                        "identifierRole": "main"
                    }
                },
                {
                    "label": "Organisatie waar je werkt",
                    "applyMaskOn": "change",
                    "tableView": true,
                    "validate": {
                        "required": true,
                        "custom": "",
                        "customPrivate": false,
                        "strictDateValidation": false,
                        "multiple": false,
                        "unique": false,
                        "minLength": "",
                        "maxLength": "",
                        "pattern": ""
                    },
                    "key": "organisatieWaarJeWerkt",
                    "type": "textfield",
                    "input": true,
                    "lang": "nl",
                    "id": "emcylwk",
                    "placeholder": "",
                    "prefix": "",
                    "customClass": "",
                    "suffix": "",
                    "multiple": false,
                    "defaultValue": null,
                    "protected": false,
                    "unique": false,
                    "persistent": true,
                    "hidden": false,
                    "clearOnHide": true,
                    "refreshOn": "",
                    "redrawOn": "",
                    "modalEdit": false,
                    "dataGridLabel": false,
                    "labelPosition": "top",
                    "description": "",
                    "errorLabel": "",
                    "tooltip": "",
                    "hideLabel": false,
                    "tabindex": "",
                    "disabled": false,
                    "autofocus": false,
                    "dbIndex": false,
                    "customDefaultValue": "",
                    "calculateValue": "",
                    "calculateServer": false,
                    "widget": {
                        "type": "input"
                    },
                    "attributes": {},
                    "validateOn": "change",
                    "overlay": {
                        "style": "",
                        "left": "",
                        "top": "",
                        "width": "",
                        "height": ""
                    },
                    "allowCalculateOverride": false,
                    "encrypted": false,
                    "showCharCount": false,
                    "showWordCount": false,
                    "properties": {},
                    "allowMultipleMasks": false,
                    "addons": [],
                    "mask": false,
                    "inputType": "text",
                    "inputFormat": "plain",
                    "inputMask": "",
                    "displayMask": "",
                    "spellcheck": true,
                    "truncateMultipleSpaces": false,
                    "prefill": {
                        "plugin": "",
                        "attribute": "",
                        "identifierRole": "main"
                    }
                },
                {
                    "label": "Naam kwaliteitsregister",
                    "applyMaskOn": "change",
                    "tableView": true,
                    "key": "naamKwaliteitsregister",
                    "type": "textfield",
                    "input": true,
                    "lang": "nl",
                    "id": "en11a5",
                    "placeholder": "",
                    "prefix": "",
                    "customClass": "",
                    "suffix": "",
                    "multiple": false,
                    "defaultValue": null,
                    "protected": false,
                    "unique": false,
                    "persistent": true,
                    "hidden": false,
                    "clearOnHide": true,
                    "refreshOn": "",
                    "redrawOn": "",
                    "modalEdit": false,
                    "dataGridLabel": false,
                    "labelPosition": "top",
                    "description": "",
                    "errorLabel": "",
                    "tooltip": "",
                    "hideLabel": false,
                    "tabindex": "",
                    "disabled": false,
                    "autofocus": false,
                    "dbIndex": false,
                    "customDefaultValue": "",
                    "calculateValue": "",
                    "calculateServer": false,
                    "widget": {
                        "type": "input"
                    },
                    "attributes": {},
                    "validateOn": "change",
                    "validate": {
                        "required": false,
                        "custom": "",
                        "customPrivate": false,
                        "strictDateValidation": false,
                        "multiple": false,
                        "unique": false,
                        "minLength": "",
                        "maxLength": "",
                        "pattern": ""
                    },
                    "overlay": {
                        "style": "",
                        "left": "",
                        "top": "",
                        "width": "",
                        "height": ""
                    },
                    "allowCalculateOverride": false,
                    "encrypted": false,
                    "showCharCount": false,
                    "showWordCount": false,
                    "properties": {},
                    "allowMultipleMasks": false,
                    "addons": [],
                    "mask": false,
                    "inputType": "text",
                    "inputFormat": "plain",
                    "inputMask": "",
                    "displayMask": "",
                    "spellcheck": true,
                    "truncateMultipleSpaces": false,
                    "prefill": {
                        "plugin": "",
                        "attribute": "",
                        "identifierRole": "main"
                    }
                },
                {
                    "label": "Registratienummer kwaliteitsregister",
                    "applyMaskOn": "change",
                    "tableView": true,
                    "key": "registratienummerKwaliteitsregister",
                    "type": "textfield",
                    "input": true,
                    "lang": "nl",
                    "id": "e09etki",
                    "placeholder": "",
                    "prefix": "",
                    "customClass": "",
                    "suffix": "",
                    "multiple": false,
                    "defaultValue": null,
                    "protected": false,
                    "unique": false,
                    "persistent": true,
                    "hidden": false,
                    "clearOnHide": true,
                    "refreshOn": "",
                    "redrawOn": "",
                    "modalEdit": false,
                    "dataGridLabel": false,
                    "labelPosition": "top",
                    "description": "",
                    "errorLabel": "",
                    "tooltip": "",
                    "hideLabel": false,
                    "tabindex": "",
                    "disabled": false,
                    "autofocus": false,
                    "dbIndex": false,
                    "customDefaultValue": "",
                    "calculateValue": "",
                    "calculateServer": false,
                    "widget": {
                        "type": "input"
                    },
                    "attributes": {},
                    "validateOn": "change",
                    "validate": {
                        "required": false,
                        "custom": "",
                        "customPrivate": false,
                        "strictDateValidation": false,
                        "multiple": false,
                        "unique": false,
                        "minLength": "",
                        "maxLength": "",
                        "pattern": ""
                    },
                    "overlay": {
                        "style": "",
                        "left": "",
                        "top": "",
                        "width": "",
                        "height": ""
                    },
                    "allowCalculateOverride": false,
                    "encrypted": false,
                    "showCharCount": false,
                    "showWordCount": false,
                    "properties": {},
                    "allowMultipleMasks": false,
                    "addons": [],
                    "mask": false,
                    "inputType": "text",
                    "inputFormat": "plain",
                    "inputMask": "",
                    "displayMask": "",
                    "spellcheck": true,
                    "truncateMultipleSpaces": false,
                    "prefill": {
                        "plugin": "",
                        "attribute": "",
                        "identifierRole": "main"
                    }
                },
                {
                    "label": "Adres",
                    "disablestreetcity": false,
                    "validate": {
                        "required": true,
                        "custom": "",
                        "customPrivate": false,
                        "strictDateValidation": false,
                        "multiple": false,
                        "unique": false,
                        "minLength": "",
                        "maxLength": "",
                        "pattern": ""
                    },
                    "tableView": true,
                    "key": "adres",
                    "type": "adres",
                    "input": true,
                    "id": "eakg6n8",
                    "placeholder": "",
                    "prefix": "",
                    "customClass": "",
                    "suffix": "",
                    "multiple": false,
                    "defaultValue": null,
                    "protected": false,
                    "unique": false,
                    "persistent": true,
                    "hidden": false,
                    "clearOnHide": true,
                    "refreshOn": "",
                    "redrawOn": "",
                    "modalEdit": false,
                    "dataGridLabel": false,
                    "labelPosition": "top",
                    "description": "",
                    "errorLabel": "",
                    "tooltip": "",
                    "hideLabel": false,
                    "tabindex": "",
                    "disabled": false,
                    "autofocus": false,
                    "dbIndex": false,
                    "customDefaultValue": "",
                    "calculateValue": "",
                    "calculateServer": false,
                    "widget": {
                        "type": "input"
                    },
                    "attributes": {},
                    "validateOn": "change",
                    "overlay": {
                        "style": "",
                        "left": "",
                        "top": "",
                        "width": "",
                        "height": ""
                    },
                    "allowCalculateOverride": false,
                    "encrypted": false,
                    "showCharCount": false,
                    "showWordCount": false,
                    "properties": {},
                    "allowMultipleMasks": false,
                    "addons": [],
                    "mask": false,
                    "inputType": "text",
                    "inputFormat": "plain",
                    "inputMask": "",
                    "spellcheck": true,
                    "lang": "nl"
                },
                {
                    "label": "Telefoonnummer",
                    "applyMaskOn": "change",
                    "tableView": true,
                    "validate": {
                        "required": true,
                        "custom": "",
                        "customPrivate": false,
                        "strictDateValidation": false,
                        "multiple": false,
                        "unique": false,
                        "minLength": "",
                        "maxLength": "",
                        "pattern": ""
                    },
                    "key": "telefoonnummer",
                    "type": "textfield",
                    "input": true,
                    "lang": "nl",
                    "id": "ei6nhp7",
                    "placeholder": "",
                    "prefix": "",
                    "customClass": "",
                    "suffix": "",
                    "multiple": false,
                    "defaultValue": null,
                    "protected": false,
                    "unique": false,
                    "persistent": true,
                    "hidden": false,
                    "clearOnHide": true,
                    "refreshOn": "",
                    "redrawOn": "",
                    "modalEdit": false,
                    "dataGridLabel": false,
                    "labelPosition": "top",
                    "description": "",
                    "errorLabel": "",
                    "tooltip": "",
                    "hideLabel": false,
                    "tabindex": "",
                    "disabled": false,
                    "autofocus": false,
                    "dbIndex": false,
                    "customDefaultValue": "",
                    "calculateValue": "",
                    "calculateServer": false,
                    "widget": {
                        "type": "input"
                    },
                    "attributes": {},
                    "validateOn": "change",
                    "overlay": {
                        "style": "",
                        "left": "",
                        "top": "",
                        "width": "",
                        "height": ""
                    },
                    "allowCalculateOverride": false,
                    "encrypted": false,
                    "showCharCount": false,
                    "showWordCount": false,
                    "properties": {},
                    "allowMultipleMasks": false,
                    "addons": [],
                    "mask": false,
                    "inputType": "text",
                    "inputFormat": "plain",
                    "inputMask": "",
                    "displayMask": "",
                    "spellcheck": true,
                    "truncateMultipleSpaces": false,
                    "prefill": {
                        "plugin": "",
                        "attribute": "",
                        "identifierRole": "main"
                    }
                },
                {
                    "label": "E-mailadres",
                    "labelPosition": "top",
                    "placeholder": "",
                    "description": "",
                    "tooltip": "",
                    "prefix": "",
                    "suffix": "",
                    "widget": {
                        "type": "input"
                    },
                    "displayMask": "",
                    "applyMaskOn": "change",
                    "customClass": "",
                    "tabindex": "",
                    "autocomplete": "",
                    "hidden": false,
                    "hideLabel": false,
                    "mask": false,
                    "autofocus": false,
                    "spellcheck": true,
                    "disabled": false,
                    "tableView": true,
                    "modalEdit": false,
                    "multiple": false,
                    "persistent": true,
                    "inputFormat": "plain",
                    "protected": false,
                    "dbIndex": false,
                    "case": "",
                    "truncateMultipleSpaces": false,
                    "encrypted": false,
                    "redrawOn": "",
                    "clearOnHide": true,
                    "customDefaultValue": "",
                    "calculateValue": "",
                    "calculateServer": false,
                    "allowCalculateOverride": false,
                    "validateOn": "blur",
                    "validate": {
                        "required": true,
                        "pattern": "",
                        "customMessage": "",
                        "custom": "",
                        "customPrivate": false,
                        "json": "",
                        "minLength": "",
                        "maxLength": "",
                        "strictDateValidation": false,
                        "multiple": false,
                        "unique": false
                    },
                    "unique": false,
                    "kickbox": {
                        "enabled": false
                    },
                    "errorLabel": "",
                    "errors": "",
                    "key": "eMailadres",
                    "tags": [],
                    "properties": {},
                    "customConditional": "",
                    "logic": [],
                    "attributes": {},
                    "overlay": {
                        "style": "",
                        "page": "",
                        "left": "",
                        "top": "",
                        "width": "",
                        "height": ""
                    },
                    "type": "email",
                    "input": true,
                    "refreshOn": "",
                    "dataGridLabel": false,
                    "showCharCount": false,
                    "showWordCount": false,
                    "allowMultipleMasks": false,
                    "addons": [],
                    "inputType": "email",
                    "inputMask": "",
                    "lang": "nl",
                    "id": "eqit5q",
                    "defaultValue": ""
                },
                {
                    "label": "Factuur sturen naar",
                    "optionsLabelPosition": "right",
                    "inline": false,
                    "tableView": false,
                    "values": [
                        {
                            "label": "mijzelf",
                            "value": "mijzelf",
                            "shortcut": ""
                        },
                        {
                            "label": "mijn werkgever",
                            "value": "mijnWerkgever",
                            "shortcut": ""
                        }
                    ],
                    "validate": {
                        "required": true,
                        "custom": "",
                        "customPrivate": false,
                        "strictDateValidation": false,
                        "multiple": false,
                        "unique": false,
                        "onlyAvailableItems": false
                    },
                    "key": "factuurSturenNaar",
                    "type": "radio",
                    "input": true,
                    "lang": "nl",
                    "id": "ef9c5vq",
                    "placeholder": "",
                    "prefix": "",
                    "customClass": "",
                    "suffix": "",
                    "multiple": false,
                    "defaultValue": null,
                    "protected": false,
                    "unique": false,
                    "persistent": true,
                    "hidden": false,
                    "clearOnHide": true,
                    "refreshOn": "",
                    "redrawOn": "",
                    "modalEdit": false,
                    "dataGridLabel": false,
                    "labelPosition": "top",
                    "description": "",
                    "errorLabel": "",
                    "tooltip": "",
                    "hideLabel": false,
                    "tabindex": "",
                    "disabled": false,
                    "autofocus": false,
                    "dbIndex": false,
                    "customDefaultValue": "",
                    "calculateValue": "",
                    "calculateServer": false,
                    "widget": null,
                    "attributes": {},
                    "validateOn": "change",
                    "overlay": {
                        "style": "",
                        "left": "",
                        "top": "",
                        "width": "",
                        "height": ""
                    },
                    "allowCalculateOverride": false,
                    "encrypted": false,
                    "showCharCount": false,
                    "showWordCount": false,
                    "properties": {},
                    "allowMultipleMasks": false,
                    "addons": [],
                    "dataSrc": "values",
                    "authenticate": false,
                    "ignoreCache": false,
                    "template": "<span>{{ item.label }}</span>",
                    "inputType": "radio",
                    "data": {
                        "url": ""
                    },
                    "fieldSet": false
                },
                {
                    "id": "ecvw9lh",
                    "components": [
                        {
                            "label": "Naam werkgever",
                            "applyMaskOn": "change",
                            "tableView": true,
                            "validate": {
                                "required": true,
                                "custom": "",
                                "customPrivate": false,
                                "strictDateValidation": false,
                                "multiple": false,
                                "unique": false,
                                "minLength": "",
                                "maxLength": "",
                                "pattern": ""
                            },
                            "key": "naamWerkgever",
                            "type": "textfield",
                            "input": true,
                            "lang": "nl",
                            "id": "evb7a5p",
                            "placeholder": "",
                            "prefix": "",
                            "customClass": "",
                            "suffix": "",
                            "multiple": false,
                            "defaultValue": null,
                            "protected": false,
                            "unique": false,
                            "persistent": true,
                            "hidden": false,
                            "clearOnHide": true,
                            "refreshOn": "",
                            "redrawOn": "",
                            "modalEdit": false,
                            "dataGridLabel": false,
                            "labelPosition": "top",
                            "description": "",
                            "errorLabel": "",
                            "tooltip": "",
                            "hideLabel": false,
                            "tabindex": "",
                            "disabled": false,
                            "autofocus": false,
                            "dbIndex": false,
                            "customDefaultValue": "",
                            "calculateValue": "",
                            "calculateServer": false,
                            "widget": {
                                "type": "input"
                            },
                            "attributes": {},
                            "validateOn": "change",
                            "conditional": {
                                "show": null,
                                "when": null,
                                "eq": ""
                            },
                            "overlay": {
                                "style": "",
                                "left": "",
                                "top": "",
                                "width": "",
                                "height": ""
                            },
                            "allowCalculateOverride": false,
                            "encrypted": false,
                            "showCharCount": false,
                            "showWordCount": false,
                            "properties": {},
                            "allowMultipleMasks": false,
                            "addons": [],
                            "mask": false,
                            "inputType": "text",
                            "inputFormat": "plain",
                            "inputMask": "",
                            "displayMask": "",
                            "spellcheck": true,
                            "truncateMultipleSpaces": false,
                            "prefill": {
                                "plugin": "",
                                "attribute": "",
                                "identifierRole": "main"
                            }
                        },
                        {
                            "label": "Naam opleidingsverantwoordelijke",
                            "applyMaskOn": "change",
                            "tableView": true,
                            "validate": {
                                "required": true,
                                "custom": "",
                                "customPrivate": false,
                                "strictDateValidation": false,
                                "multiple": false,
                                "unique": false,
                                "minLength": "",
                                "maxLength": "",
                                "pattern": ""
                            },
                            "key": "naamOpleidingsverantwoordelijke",
                            "type": "textfield",
                            "input": true,
                            "lang": "nl",
                            "id": "es01eem",
                            "placeholder": "",
                            "prefix": "",
                            "customClass": "",
                            "suffix": "",
                            "multiple": false,
                            "defaultValue": null,
                            "protected": false,
                            "unique": false,
                            "persistent": true,
                            "hidden": false,
                            "clearOnHide": true,
                            "refreshOn": "",
                            "redrawOn": "",
                            "modalEdit": false,
                            "dataGridLabel": false,
                            "labelPosition": "top",
                            "description": "",
                            "errorLabel": "",
                            "tooltip": "",
                            "hideLabel": false,
                            "tabindex": "",
                            "disabled": false,
                            "autofocus": false,
                            "dbIndex": false,
                            "customDefaultValue": "",
                            "calculateValue": "",
                            "calculateServer": false,
                            "widget": {
                                "type": "input"
                            },
                            "attributes": {},
                            "validateOn": "change",
                            "conditional": {
                                "show": null,
                                "when": null,
                                "eq": ""
                            },
                            "overlay": {
                                "style": "",
                                "left": "",
                                "top": "",
                                "width": "",
                                "height": ""
                            },
                            "allowCalculateOverride": false,
                            "encrypted": false,
                            "showCharCount": false,
                            "showWordCount": false,
                            "properties": {},
                            "allowMultipleMasks": false,
                            "addons": [],
                            "mask": false,
                            "inputType": "text",
                            "inputFormat": "plain",
                            "inputMask": "",
                            "displayMask": "",
                            "spellcheck": true,
                            "truncateMultipleSpaces": false,
                            "prefill": {
                                "plugin": "",
                                "attribute": "",
                                "identifierRole": "main"
                            }
                        },
                        {
                            "label": "E-mailadres opleidingsverantwoordelijke",
                            "applyMaskOn": "change",
                            "tableView": true,
                            "validateOn": "blur",
                            "validate": {
                                "required": true,
                                "custom": "",
                                "customPrivate": false,
                                "strictDateValidation": false,
                                "multiple": false,
                                "unique": false,
                                "minLength": "",
                                "maxLength": "",
                                "pattern": ""
                            },
                            "key": "eMailadresOpleidingsverantwoordelijke",
                            "type": "email",
                            "input": true,
                            "id": "ereemgf",
                            "placeholder": "",
                            "prefix": "",
                            "customClass": "",
                            "suffix": "",
                            "multiple": false,
                            "defaultValue": null,
                            "protected": false,
                            "unique": false,
                            "persistent": true,
                            "hidden": false,
                            "clearOnHide": true,
                            "refreshOn": "",
                            "redrawOn": "",
                            "modalEdit": false,
                            "dataGridLabel": false,
                            "labelPosition": "top",
                            "description": "",
                            "errorLabel": "",
                            "tooltip": "",
                            "hideLabel": false,
                            "tabindex": "",
                            "disabled": false,
                            "autofocus": false,
                            "dbIndex": false,
                            "customDefaultValue": "",
                            "calculateValue": "",
                            "calculateServer": false,
                            "widget": {
                                "type": "input"
                            },
                            "attributes": {},
                            "conditional": {
                                "show": null,
                                "when": null,
                                "eq": ""
                            },
                            "overlay": {
                                "style": "",
                                "left": "",
                                "top": "",
                                "width": "",
                                "height": ""
                            },
                            "allowCalculateOverride": false,
                            "encrypted": false,
                            "showCharCount": false,
                            "showWordCount": false,
                            "properties": {},
                            "allowMultipleMasks": false,
                            "addons": [],
                            "mask": false,
                            "inputType": "email",
                            "inputFormat": "plain",
                            "inputMask": "",
                            "displayMask": "",
                            "spellcheck": true,
                            "truncateMultipleSpaces": false,
                            "lang": "nl",
                            "kickbox": {
                                "enabled": false
                            }
                        },
                        {
                            "label": "Adres werkgever",
                            "disablestreetcity": false,
                            "validate": {
                                "required": true,
                                "custom": "",
                                "customPrivate": false,
                                "strictDateValidation": false,
                                "multiple": false,
                                "unique": false,
                                "minLength": "",
                                "maxLength": "",
                                "pattern": ""
                            },
                            "tableView": true,
                            "key": "adresWerkgever",
                            "type": "adres",
                            "input": true,
                            "id": "eircj9",
                            "placeholder": "",
                            "prefix": "",
                            "customClass": "",
                            "suffix": "",
                            "multiple": false,
                            "defaultValue": null,
                            "protected": false,
                            "unique": false,
                            "persistent": true,
                            "hidden": false,
                            "clearOnHide": true,
                            "refreshOn": "",
                            "redrawOn": "",
                            "modalEdit": false,
                            "dataGridLabel": false,
                            "labelPosition": "top",
                            "description": "",
                            "errorLabel": "",
                            "tooltip": "",
                            "hideLabel": false,
                            "tabindex": "",
                            "disabled": false,
                            "autofocus": false,
                            "dbIndex": false,
                            "customDefaultValue": "",
                            "calculateValue": "",
                            "calculateServer": false,
                            "widget": {
                                "type": "input"
                            },
                            "attributes": {},
                            "validateOn": "change",
                            "conditional": {
                                "show": null,
                                "when": null,
                                "eq": ""
                            },
                            "overlay": {
                                "style": "",
                                "left": "",
                                "top": "",
                                "width": "",
                                "height": ""
                            },
                            "allowCalculateOverride": false,
                            "encrypted": false,
                            "showCharCount": false,
                            "showWordCount": false,
                            "properties": {},
                            "allowMultipleMasks": false,
                            "addons": [],
                            "mask": false,
                            "inputType": "text",
                            "inputFormat": "plain",
                            "inputMask": "",
                            "spellcheck": true,
                            "lang": "nl"
                        },
                        {
                            "label": "Kostenplaats",
                            "applyMaskOn": "change",
                            "tableView": true,
                            "validate": {
                                "required": true,
                                "custom": "",
                                "customPrivate": false,
                                "strictDateValidation": false,
                                "multiple": false,
                                "unique": false,
                                "minLength": "",
                                "maxLength": "",
                                "pattern": ""
                            },
                            "key": "kostenplaats",
                            "type": "textfield",
                            "input": true,
                            "lang": "nl",
                            "id": "efy3l",
                            "placeholder": "",
                            "prefix": "",
                            "customClass": "",
                            "suffix": "",
                            "multiple": false,
                            "defaultValue": null,
                            "protected": false,
                            "unique": false,
                            "persistent": true,
                            "hidden": false,
                            "clearOnHide": true,
                            "refreshOn": "",
                            "redrawOn": "",
                            "modalEdit": false,
                            "dataGridLabel": false,
                            "labelPosition": "top",
                            "description": "",
                            "errorLabel": "",
                            "tooltip": "",
                            "hideLabel": false,
                            "tabindex": "",
                            "disabled": false,
                            "autofocus": false,
                            "dbIndex": false,
                            "customDefaultValue": "",
                            "calculateValue": "",
                            "calculateServer": false,
                            "widget": {
                                "type": "input"
                            },
                            "attributes": {},
                            "validateOn": "change",
                            "conditional": {
                                "show": null,
                                "when": null,
                                "eq": ""
                            },
                            "overlay": {
                                "style": "",
                                "left": "",
                                "top": "",
                                "width": "",
                                "height": ""
                            },
                            "allowCalculateOverride": false,
                            "encrypted": false,
                            "showCharCount": false,
                            "showWordCount": false,
                            "properties": {},
                            "allowMultipleMasks": false,
                            "addons": [],
                            "mask": false,
                            "inputType": "text",
                            "inputFormat": "plain",
                            "inputMask": "",
                            "displayMask": "",
                            "spellcheck": true,
                            "truncateMultipleSpaces": false,
                            "prefill": {
                                "plugin": "",
                                "attribute": "",
                                "identifierRole": "main"
                            }
                        },
                        {
                            "label": "E-mailadres afdeling crediteuren",
                            "applyMaskOn": "change",
                            "tableView": true,
                            "validate": {
                                "required": true,
                                "custom": "",
                                "customPrivate": false,
                                "strictDateValidation": false,
                                "multiple": false,
                                "unique": false,
                                "minLength": "",
                                "maxLength": "",
                                "pattern": ""
                            },
                            "key": "eMailadresAfdelingCrediteuren",
                            "type": "email",
                            "input": true,
                            "id": "ei3db0b",
                            "placeholder": "",
                            "prefix": "",
                            "customClass": "",
                            "suffix": "",
                            "multiple": false,
                            "defaultValue": null,
                            "protected": false,
                            "unique": false,
                            "persistent": true,
                            "hidden": false,
                            "clearOnHide": true,
                            "refreshOn": "",
                            "redrawOn": "",
                            "modalEdit": false,
                            "dataGridLabel": false,
                            "labelPosition": "top",
                            "description": "",
                            "errorLabel": "",
                            "tooltip": "",
                            "hideLabel": false,
                            "tabindex": "",
                            "disabled": false,
                            "autofocus": false,
                            "dbIndex": false,
                            "customDefaultValue": "",
                            "calculateValue": "",
                            "calculateServer": false,
                            "widget": {
                                "type": "input"
                            },
                            "attributes": {},
                            "validateOn": "change",
                            "conditional": {
                                "show": null,
                                "when": null,
                                "eq": ""
                            },
                            "overlay": {
                                "style": "",
                                "left": "",
                                "top": "",
                                "width": "",
                                "height": ""
                            },
                            "allowCalculateOverride": false,
                            "encrypted": false,
                            "showCharCount": false,
                            "showWordCount": false,
                            "properties": {},
                            "allowMultipleMasks": false,
                            "addons": [],
                            "mask": false,
                            "inputType": "email",
                            "inputFormat": "plain",
                            "inputMask": "",
                            "displayMask": "",
                            "spellcheck": true,
                            "truncateMultipleSpaces": false,
                            "lang": "nl",
                            "kickbox": {
                                "enabled": false
                            }
                        },
                        {
                            "label": "Manier van betalen",
                            "optionsLabelPosition": "right",
                            "inline": false,
                            "tableView": false,
                            "values": [
                                {
                                    "label": "in 1 termijn",
                                    "value": "in1Termijn",
                                    "shortcut": ""
                                },
                                {
                                    "label": "in 3 termijnen (extra kosten: €24,-)",
                                    "value": "in3Termijnen",
                                    "shortcut": ""
                                }
                            ],
                            "validate": {
                                "required": true,
                                "custom": "",
                                "customPrivate": false,
                                "strictDateValidation": false,
                                "multiple": false,
                                "unique": false,
                                "onlyAvailableItems": false
                            },
                            "key": "manierVanBetalen",
                            "type": "radio",
                            "input": true,
                            "lang": "nl",
                            "id": "erybqs9",
                            "placeholder": "",
                            "prefix": "",
                            "customClass": "",
                            "suffix": "",
                            "multiple": false,
                            "defaultValue": null,
                            "protected": false,
                            "unique": false,
                            "persistent": true,
                            "hidden": false,
                            "clearOnHide": true,
                            "refreshOn": "",
                            "redrawOn": "",
                            "modalEdit": false,
                            "dataGridLabel": false,
                            "labelPosition": "top",
                            "description": "",
                            "errorLabel": "",
                            "tooltip": "",
                            "hideLabel": false,
                            "tabindex": "",
                            "disabled": false,
                            "autofocus": false,
                            "dbIndex": false,
                            "customDefaultValue": "",
                            "calculateValue": "",
                            "calculateServer": false,
                            "widget": null,
                            "attributes": {},
                            "validateOn": "change",
                            "conditional": {
                                "show": null,
                                "when": null,
                                "eq": ""
                            },
                            "overlay": {
                                "style": "",
                                "left": "",
                                "top": "",
                                "width": "",
                                "height": ""
                            },
                            "allowCalculateOverride": false,
                            "encrypted": false,
                            "showCharCount": false,
                            "showWordCount": false,
                            "properties": {},
                            "allowMultipleMasks": false,
                            "addons": [],
                            "dataSrc": "values",
                            "authenticate": false,
                            "ignoreCache": false,
                            "template": "<span>{{ item.label }}</span>",
                            "inputType": "radio",
                            "data": {
                                "url": ""
                            },
                            "fieldSet": false
                        }
                    ],
                    "key": "fieldSet",
                    "type": "fieldset",
                    "label": "Field Set",
                    "tree": false,
                    "input": false,
                    "hidden": false,
                    "legend": "",
                    "prefix": "",
                    "suffix": "",
                    "unique": false,
                    "widget": null,
                    "dbIndex": false,
                    "overlay": {
                        "top": "",
                        "left": "",
                        "style": "",
                        "width": "",
                        "height": ""
                    },
                    "tooltip": "",
                    "disabled": false,
                    "multiple": false,
                    "redrawOn": "",
                    "tabindex": "",
                    "validate": {
                        "custom": "",
                        "unique": false,
                        "multiple": false,
                        "required": false,
                        "customPrivate": false,
                        "strictDateValidation": false
                    },
                    "autofocus": false,
                    "encrypted": false,
                    "hideLabel": false,
                    "modalEdit": false,
                    "protected": false,
                    "refreshOn": "",
                    "tableView": false,
                    "attributes": {},
                    "errorLabel": "",
                    "hideHeader": false,
                    "persistent": false,
                    "properties": {},
                    "validateOn": "change",
                    "clearOnHide": true,
                    "customClass": "",
                    "description": "",
                    "placeholder": "",
                    "defaultValue": null,
                    "dataGridLabel": false,
                    "labelPosition": "top",
                    "showCharCount": false,
                    "showWordCount": false,
                    "calculateValue": "",
                    "calculateServer": false,
                    "allowMultipleMasks": false,
                    "customDefaultValue": "",
                    "allowCalculateOverride": false
                },
                {
                    "label": "Opmerkingen",
                    "tableView": true,
                    "inputFormat": "plain",
                    "key": "opmerkingen",
                    "type": "textarea",
                    "input": true,
                    "lang": "nl",
                    "autoExpand": false,
                    "id": "eulp5i",
                    "placeholder": "",
                    "prefix": "",
                    "customClass": "",
                    "suffix": "",
                    "multiple": false,
                    "defaultValue": null,
                    "protected": false,
                    "unique": false,
                    "persistent": true,
                    "hidden": false,
                    "clearOnHide": true,
                    "refreshOn": "",
                    "redrawOn": "",
                    "modalEdit": false,
                    "dataGridLabel": false,
                    "labelPosition": "top",
                    "description": "",
                    "errorLabel": "",
                    "tooltip": "",
                    "hideLabel": false,
                    "tabindex": "",
                    "disabled": false,
                    "autofocus": false,
                    "dbIndex": false,
                    "customDefaultValue": "",
                    "calculateValue": "",
                    "calculateServer": false,
                    "widget": {
                        "type": "input"
                    },
                    "attributes": {},
                    "validateOn": "change",
                    "validate": {
                        "required": false,
                        "custom": "",
                        "customPrivate": false,
                        "strictDateValidation": false,
                        "multiple": false,
                        "unique": false,
                        "minLength": "",
                        "maxLength": "",
                        "pattern": "",
                        "minWords": "",
                        "maxWords": ""
                    },
                    "overlay": {
                        "style": "",
                        "left": "",
                        "top": "",
                        "width": "",
                        "height": ""
                    },
                    "allowCalculateOverride": false,
                    "encrypted": false,
                    "showCharCount": false,
                    "showWordCount": false,
                    "properties": {},
                    "allowMultipleMasks": false,
                    "addons": [],
                    "mask": false,
                    "inputType": "text",
                    "inputMask": "",
                    "displayMask": "",
                    "spellcheck": true,
                    "truncateMultipleSpaces": false,
                    "rows": 3,
                    "wysiwyg": false,
                    "editor": "",
                    "fixedSize": true
                },
                {
                    "label": "Columns",
                    "columns": [
                        {
                            "components": [],
                            "width": 3,
                            "offset": 0,
                            "push": 0,
                            "pull": 0,
                            "size": "sm",
                            "currentWidth": 3
                        },
                        {
                            "components": [],
                            "width": 6,
                            "offset": 0,
                            "push": 0,
                            "pull": 0,
                            "size": "md",
                            "currentWidth": 6
                        }
                    ],
                    "key": "columns",
                    "type": "columns",
                    "input": false,
                    "tableView": false,
                    "id": "ejssit",
                    "placeholder": "",
                    "prefix": "",
                    "customClass": "",
                    "suffix": "",
                    "multiple": false,
                    "defaultValue": null,
                    "protected": false,
                    "unique": false,
                    "persistent": false,
                    "hidden": false,
                    "clearOnHide": false,
                    "refreshOn": "",
                    "redrawOn": "",
                    "modalEdit": false,
                    "dataGridLabel": false,
                    "labelPosition": "top",
                    "description": "",
                    "errorLabel": "",
                    "tooltip": "",
                    "hideLabel": false,
                    "tabindex": "",
                    "disabled": false,
                    "autofocus": false,
                    "dbIndex": false,
                    "customDefaultValue": "",
                    "calculateValue": "",
                    "calculateServer": false,
                    "widget": null,
                    "attributes": {},
                    "validateOn": "change",
                    "validate": {
                        "required": false,
                        "custom": "",
                        "customPrivate": false,
                        "strictDateValidation": false,
                        "multiple": false,
                        "unique": false
                    },
                    "overlay": {
                        "style": "",
                        "left": "",
                        "top": "",
                        "width": "",
                        "height": ""
                    },
                    "allowCalculateOverride": false,
                    "encrypted": false,
                    "showCharCount": false,
                    "showWordCount": false,
                    "properties": {},
                    "allowMultipleMasks": false,
                    "addons": [],
                    "tree": false,
                    "lazyLoad": false,
                    "autoAdjust": false
                }
            ]
        }
    }
]