[
    {
        "uuid": "e5d0c78b-cf49-4576-bb14-abe8cd7b4513",
        "name": "Gemeente aansprakelijk stellen",
        "internal_name": "",
        "login_required": false,
        "authentication_backends": [],
        "slug": "gemeenteaansprakelijkstellen",
        "url": "http://localhost/api/v2/forms/e5d0c78b-cf49-4576-bb14-abe8cd7b4513",
        "show_progress_indicator": true,
        "maintenance_mode": false,
        "active": true,
        "is_deleted": false,
        "suspension_allowed": true,
        "send_confirmation_email": true,
        "display_main_website_link": true,
        "required_fields_with_asterisk": true,
        "resume_link_lifetime": 7,
        "hide_non_applicable_steps": true
    }
]