[
    {
        "uuid": "b2ffd08d-8f0e-41f4-921a-499281cdf6b1",
        "index": "0",
        "slug": "uw-gegevens",
        "form_definition": "http://localhost/api/v2/form-definitions/38ba127c-792d-49ad-b91d-2e92a411b16f"
    },
    {
        "uuid": "58e4d42b-b1b0-4e10-b43e-fc72189d2e12",
        "index": "1",
        "slug": "iban",
        "form_definition": "http://localhost/api/v2/form-definitions/ef028f93-aba7-47e8-8f18-7483078fda5b"
    },
    {
        "uuid": "e41a8084-2ec5-4e4b-9e5c-6d01056d9dca",
        "index": "2",
        "slug": "subsidie",
        "form_definition": "http://localhost/api/v2/form-definitions/fbf628e3-d1da-4303-8533-dfdf143928b3"
    },
    {
        "uuid": "31108d07-380e-4df4-aae2-3fe0868d3ff5",
        "index": "3",
        "slug": "plan",
        "form_definition": "http://localhost/api/v2/form-definitions/fcecdf62-065f-4588-8f0c-0b986d93a20e"
    },
    {
        "uuid": "54922945-6da6-46e6-a0f0-538f46fe2e3b",
        "index": "4",
        "slug": "uitvoeren-plan",
        "form_definition": "http://localhost/api/v2/form-definitions/131c04cb-b568-4f43-be14-3d1fde8ce702"
    },
    {
        "uuid": "2b791202-6dce-443f-bb4e-30839f3bbb28",
        "index": "5",
        "slug": "inkomsten-en-kosten",
        "form_definition": "http://localhost/api/v2/form-definitions/dc4552dd-69b1-4157-8a8e-43bd8abc5ce5"
    },
    {
        "uuid": "539898f2-d617-4d85-aae8-9b8ad473a9de",
        "index": "6",
        "slug": "bijlagen",
        "form_definition": "http://localhost/api/v2/form-definitions/39abf179-abc5-420b-be07-7462729e3572"
    }
]