[
    {
        "uuid": "8889b2a2-842a-4e00-99c4-d6f15f8fead1",
        "name": "Subsidie lhbtiq+ aanvragen",
        "internal_name": "",
        "login_required": false,
        "authentication_backends": [],
        "slug": "subsidielhbtiqaanvragen",
        "url": "http://localhost/api/v2/forms/8889b2a2-842a-4e00-99c4-d6f15f8fead1",
        "show_progress_indicator": true,
        "maintenance_mode": false,
        "active": true,
        "is_deleted": false,
        "suspension_allowed": true,
        "send_confirmation_email": true,
        "display_main_website_link": true,
        "required_fields_with_asterisk": true,
        "resume_link_lifetime": 7,
        "hide_non_applicable_steps": true
    }
]