[
    {
        "url": "http://localhost/api/v2/form-definitions/bbd6258b-bd5f-4585-b20b-fbbbe7012071",
        "uuid": "bbd6258b-bd5f-4585-b20b-fbbbe7012071",
        "name": "Uw gegevens",
        "slug": "uw-gegevens",
        "configuration": {
            "display": "form",
            "components": [
                {
                    "label": "Naam",
                    "tableView": true,
                    "key": "naam",
                    "type": "textfield",
                    "input": true,
                    "prefill": {
                        "plugin": "",
                        "attribute": "",
                        "identifierRole": "main"
                    }
                },
                {
                    "label": "E-mailadres",
                    "autocomplete": "email",
                    "tableView": true,
                    "validateOn": "blur",
                    "validate": {
                        "required": true
                    },
                    "key": "eMailadres",
                    "type": "email",
                    "input": true
                },
                {
                    "label": "Telefoonnummer",
                    "tableView": true,
                    "validate": {
                        "required": true
                    },
                    "key": "telefoonnummer",
                    "type": "textfield",
                    "input": true,
                    "prefill": {
                        "plugin": "",
                        "attribute": "",
                        "identifierRole": "main"
                    }
                },
                {
                    "label": "Columns",
                    "columns": [
                        {
                            "components": [],
                            "width": 3,
                            "offset": 0,
                            "push": 0,
                            "pull": 0,
                            "size": "sm",
                            "currentWidth": 3
                        },
                        {
                            "components": [],
                            "width": 6,
                            "offset": 0,
                            "push": 0,
                            "pull": 0,
                            "size": "md",
                            "currentWidth": 6
                        }
                    ],
                    "key": "columns",
                    "type": "columns",
                    "input": false,
                    "tableView": false
                }
            ]
        }
    },
    {
        "url": "http://localhost/api/v2/form-definitions/71c4a3d4-6c99-4d18-aea7-89e78fbba61f",
        "uuid": "71c4a3d4-6c99-4d18-aea7-89e78fbba61f",
        "name": "Aanvraag",
        "slug": "aanvraag",
        "configuration": {
            "display": "form",
            "components": [
                {
                    "label": "Wilt u een naam voor een straat of een gebouw doorgeven?",
                    "optionsLabelPosition": "right",
                    "inline": false,
                    "tableView": false,
                    "values": [
                        {
                            "label": "straat/straten",
                            "value": "straat",
                            "shortcut": ""
                        },
                        {
                            "label": "gebouw/gebouwen",
                            "value": "gebouw",
                            "shortcut": ""
                        },
                        {
                            "label": "allebei",
                            "value": "allebei",
                            "shortcut": ""
                        }
                    ],
                    "validate": {
                        "required": true
                    },
                    "key": "naamStraatGebouwDoorgeven",
                    "type": "radio",
                    "input": true
                },
                {
                    "label": "Voor hoeveel straten heeft u een naam bedacht?",
                    "tableView": true,
                    "validate": {
                        "required": true,
                        "pattern": "^[0-9]*$",
                        "customMessage": "Vul het aantal straten in."
                    },
                    "key": "voorHoeveelStratenHeeftUEenNaamBedacht",
                    "customConditional": "show = false;\n\nif (data.naamStraatGebouwDoorgeven == 'straat' || data.naamStraatGebouwDoorgeven == 'allebei'){\n  show = true;\n}",
                    "type": "textfield",
                    "input": true,
                    "prefill": {
                        "plugin": "",
                        "attribute": "",
                        "identifierRole": "main"
                    }
                },
                {
                    "label": "Voor hoeveel gebouwen heeft u een naam bedacht?",
                    "tableView": true,
                    "validate": {
                        "required": true,
                        "pattern": "^[0-9]*$",
                        "customMessage": "Vul het aantal gebouwen in."
                    },
                    "key": "voorHoeveelGebouwenHeeftUEenNaamBedacht",
                    "customConditional": "show = false;\n\nif (data.naamStraatGebouwDoorgeven == 'gebouw' || data.naamStraatGebouwDoorgeven == 'allebei'){\n  show = true;\n}",
                    "type": "textfield",
                    "input": true,
                    "prefill": {
                        "plugin": "",
                        "attribute": "",
                        "identifierRole": "main"
                    }
                },
                {
                    "label": "Om welke wijk of wijken gaat het?",
                    "description": "Bekijk <a href=\"https://www.nijmegen.nl/diensten/wijken/stadsdelen-wijken-en-buurten/\" target=\"_blank\">de wijken in Nijmegen</a>",
                    "tableView": true,
                    "key": "omWelkeWijkGaatHet",
                    "type": "textfield",
                    "input": true,
                    "prefill": {
                        "plugin": "",
                        "attribute": "",
                        "identifierRole": "main"
                    }
                },
                {
                    "label": "Welke naam of namen heeft u bedacht?",
                    "description": "Bekijk de <a href=\"https://www.nijmegen.nl/fileadmin/bestanden/diensten/Richtlijnen_straatnamen.pdf\" target=\"_blank\">voorwaarden</a>",
                    "tableView": true,
                    "inputFormat": "plain",
                    "validate": {
                        "required": true
                    },
                    "key": "welkeNaamOfNamenHeeftUBedacht",
                    "type": "textarea",
                    "input": true,
                    "autoExpand": false
                },
                {
                    "label": "Waarom stelt u deze naam of namen voor?",
                    "tableView": true,
                    "inputFormat": "plain",
                    "validate": {
                        "required": true
                    },
                    "key": "waaromSteltUDezeNaamOfNamenVoor",
                    "type": "textarea",
                    "input": true,
                    "autoExpand": false
                },
                {
                    "label": "Opmerkingen",
                    "tableView": true,
                    "inputFormat": "plain",
                    "key": "opmerkingen",
                    "type": "textarea",
                    "input": true,
                    "autoExpand": false
                },
                {
                    "label": "Columns",
                    "columns": [
                        {
                            "components": [],
                            "width": 3,
                            "offset": 0,
                            "push": 0,
                            "pull": 0,
                            "size": "sm",
                            "currentWidth": 3
                        },
                        {
                            "components": [],
                            "width": 6,
                            "offset": 0,
                            "push": 0,
                            "pull": 0,
                            "size": "md",
                            "currentWidth": 6
                        }
                    ],
                    "key": "columns1",
                    "type": "columns",
                    "input": false,
                    "tableView": false
                }
            ]
        }
    }
]