[
    {
        "uuid": "1af8071d-335f-4218-940a-f29e4937591c",
        "name": "ondersteuneninleidendverzoekreferendumjanuari2024",
        "internal_name": "",
        "login_required": false,
        "authentication_backends": [],
        "slug": "ondersteuneninleidendverzoekreferendumjanuari2024",
        "url": "http://localhost/api/v2/forms/1af8071d-335f-4218-940a-f29e4937591c",
        "show_progress_indicator": true,
        "maintenance_mode": false,
        "active": true,
        "is_deleted": false,
        "suspension_allowed": true,
        "send_confirmation_email": true,
        "display_main_website_link": true,
        "required_fields_with_asterisk": true,
        "resume_link_lifetime": 7,
        "hide_non_applicable_steps": true
    }
]