[
    {
        "uuid": "4a543f87-cf64-4c5a-9c94-0a6041c22141",
        "index": "0",
        "slug": "uw-gegevens",
        "form_definition": "http://localhost/api/v2/form-definitions/9dfef67e-a791-44af-a3fe-a7042facb578"
    },
    {
        "uuid": "59a912a9-4a53-4668-be3d-8dfcc842c7a5",
        "index": "1",
        "slug": "iban",
        "form_definition": "http://localhost/api/v2/form-definitions/1a5fe9fa-dd4a-4525-8afa-92cc4ca2e671"
    },
    {
        "uuid": "4993d152-a2cc-43d6-95ea-72fd7efefb08",
        "index": "2",
        "slug": "subsidie",
        "form_definition": "http://localhost/api/v2/form-definitions/82414e84-2442-4f4e-8b37-5c506d317252"
    },
    {
        "uuid": "ad8448c2-2e5d-4ae1-8f05-5ea7309a6b0e",
        "index": "3",
        "slug": "bijlage",
        "form_definition": "http://localhost/api/v2/form-definitions/35603d66-5e1b-488d-9e40-6db8cd9e2696"
    }
]