[
    {
        "uuid": "38fdb134-09a1-446c-ac87-4b9d75c4cc79",
        "name": "Subsidie maatwerkbanen aanvragen",
        "internal_name": "",
        "login_required": false,
        "authentication_backends": [],
        "slug": "subsidiemaatwerkbanenaanvragen",
        "url": "http://localhost/api/v2/forms/38fdb134-09a1-446c-ac87-4b9d75c4cc79",
        "show_progress_indicator": true,
        "maintenance_mode": false,
        "active": true,
        "is_deleted": false,
        "suspension_allowed": true,
        "send_confirmation_email": true,
        "display_main_website_link": true,
        "required_fields_with_asterisk": true,
        "resume_link_lifetime": 7,
        "hide_non_applicable_steps": true
    }
]