[
    {
        "uuid": "e73d456b-78b1-46d9-9023-a27051a9383b",
        "index": "0",
        "slug": "algemeen",
        "form_definition": "http://localhost/api/v2/form-definitions/2ff67fe7-f5da-441c-ac0c-a6539a6cb7a5"
    },
    {
        "uuid": "8f2339b9-0ad4-460a-ac54-8c00b742ffe1",
        "index": "1",
        "slug": "subsidie",
        "form_definition": "http://localhost/api/v2/form-definitions/73c313d3-33bf-48e0-a05d-920cf3b4e24f"
    },
    {
        "uuid": "3e4c7af1-95da-46c2-abd2-520d8fc74bfe",
        "index": "2",
        "slug": "bijlage",
        "form_definition": "http://localhost/api/v2/form-definitions/97092aa6-5627-440b-82ea-9faad6c6aa20"
    }
]