[
    {
        "uuid": "72242795-d95e-4f5c-83f8-2bca4059c0b3",
        "name": "Subsidie aanvragen",
        "internal_name": "",
        "login_required": false,
        "authentication_backends": [],
        "slug": "subsidieaanvragen",
        "url": "http://localhost/api/v2/forms/72242795-d95e-4f5c-83f8-2bca4059c0b3",
        "show_progress_indicator": true,
        "maintenance_mode": false,
        "active": true,
        "is_deleted": false,
        "suspension_allowed": true,
        "send_confirmation_email": true,
        "display_main_website_link": true,
        "required_fields_with_asterisk": true,
        "resume_link_lifetime": 7,
        "hide_non_applicable_steps": true
    }
]