[
    {
        "url": "http://localhost/api/v2/form-definitions/2ff67fe7-f5da-441c-ac0c-a6539a6cb7a5",
        "uuid": "2ff67fe7-f5da-441c-ac0c-a6539a6cb7a5",
        "name": "Algemeen",
        "slug": "algemeen",
        "configuration": {
            "display": "form",
            "components": [
                {
                    "components": [
                        {
                            "label": "Naam",
                            "customClass": "naamingelogdegebruikerfieldnonhidden nonhiddenfield",
                            "tableView": true,
                            "persistent": false,
                            "key": "naamIngelogdeGebruiker",
                            "type": "textfield",
                            "input": true,
                            "prefill": {
                                "plugin": "haalcentraal",
                                "attribute": "verblijfplaats.huisnummer",
                                "identifierRole": "main"
                            }
                        },
                        {
                            "label": "Straatnaam",
                            "customClass": "straatnaamfieldnonhidden nonhiddenfield",
                            "tableView": true,
                            "persistent": false,
                            "key": "straatnaam",
                            "type": "textfield",
                            "input": true,
                            "prefill": {
                                "plugin": "haalcentraal",
                                "attribute": "verblijfplaats.woonplaats",
                                "identifierRole": "main"
                            }
                        },
                        {
                            "label": "Huisnummer",
                            "customClass": "huisnummerfieldnonhidden nonhiddenfield",
                            "tableView": true,
                            "persistent": false,
                            "key": "huisnummerfield",
                            "type": "textfield",
                            "input": true,
                            "prefill": {
                                "plugin": "haalcentraal",
                                "attribute": "verblijfplaats.huisnummer",
                                "identifierRole": "main"
                            }
                        },
                        {
                            "label": "Postcode",
                            "customClass": "postcodefieldnonhidden nonhiddenfield",
                            "tableView": true,
                            "persistent": false,
                            "key": "postcode",
                            "type": "textfield",
                            "input": true,
                            "prefill": {
                                "plugin": "haalcentraal",
                                "attribute": "verblijfplaats.huisnummer",
                                "identifierRole": "main"
                            }
                        },
                        {
                            "label": "Woonplaats",
                            "customClass": "woonplaatsfieldnonhidden nonhiddenfield",
                            "tableView": true,
                            "persistent": false,
                            "key": "woonplaats",
                            "type": "textfield",
                            "input": true,
                            "prefill": {
                                "plugin": "haalcentraal",
                                "attribute": "verblijfplaats.huisnummer",
                                "identifierRole": "main"
                            }
                        }
                    ],
                    "key": "fieldSet-1-2-3-4-5",
                    "type": "fieldset",
                    "label": "Field Set",
                    "tree": false,
                    "input": false,
                    "hidden": false,
                    "legend": "",
                    "prefix": "",
                    "suffix": "",
                    "unique": false,
                    "widget": null,
                    "dbIndex": false,
                    "overlay": {
                        "top": "",
                        "left": "",
                        "style": "",
                        "width": "",
                        "height": ""
                    },
                    "tooltip": "",
                    "disabled": false,
                    "multiple": false,
                    "redrawOn": "",
                    "tabindex": "",
                    "validate": {
                        "custom": "",
                        "unique": false,
                        "multiple": false,
                        "required": false,
                        "customPrivate": false,
                        "strictDateValidation": false
                    },
                    "autofocus": false,
                    "encrypted": false,
                    "hideLabel": false,
                    "modalEdit": false,
                    "protected": false,
                    "refreshOn": "",
                    "tableView": false,
                    "attributes": {},
                    "errorLabel": "",
                    "hideHeader": false,
                    "persistent": false,
                    "properties": {},
                    "validateOn": "change",
                    "clearOnHide": true,
                    "customClass": "",
                    "description": "",
                    "placeholder": "",
                    "defaultValue": null,
                    "dataGridLabel": false,
                    "labelPosition": "top",
                    "showCharCount": false,
                    "showWordCount": false,
                    "calculateValue": "",
                    "calculateServer": false,
                    "allowMultipleMasks": false,
                    "customDefaultValue": "",
                    "allowCalculateOverride": false,
                    "originalFormName": "nonhiddenfieldsform1"
                },
                {
                    "components": [
                        {
                            "label": "E-mailadres",
                            "tableView": true,
                            "validateOn": "blur",
                            "validate": {
                                "required": true
                            },
                            "key": "eMailadres",
                            "type": "email",
                            "input": true
                        },
                        {
                            "label": "Telefoonnummer",
                            "tableView": true,
                            "validate": {
                                "required": true
                            },
                            "key": "telefoonnummer",
                            "type": "textfield",
                            "input": true,
                            "prefill": {
                                "plugin": "",
                                "attribute": "",
                                "identifierRole": "main"
                            }
                        },
                        {
                            "html": "<p>U kunt namens uzelf of namens een organisatie subsidie aanvragen. Kies 'namens een organisatie' als het gaat om bijvoorbeeld een vereniging, een stichting of een sportgroep.</p>",
                            "label": "Content",
                            "refreshOnChange": false,
                            "key": "content-1",
                            "type": "content",
                            "input": false,
                            "tableView": false
                        },
                        {
                            "label": "Vraagt u subsidie aan namens een organisatie?",
                            "optionsLabelPosition": "right",
                            "inline": false,
                            "tableView": false,
                            "values": [
                                {
                                    "label": "ja",
                                    "value": "ja",
                                    "shortcut": ""
                                },
                                {
                                    "label": "nee",
                                    "value": "nee",
                                    "shortcut": ""
                                }
                            ],
                            "validate": {
                                "required": true
                            },
                            "key": "vraagtUSubsidieAanNamensEenOrganisatie",
                            "type": "radio",
                            "input": true
                        },
                        {
                            "components": [
                                {
                                    "label": "Naam organisatie",
                                    "tableView": true,
                                    "validate": {
                                        "required": true
                                    },
                                    "key": "naamOrganisatie",
                                    "type": "textfield",
                                    "input": true,
                                    "prefill": {
                                        "plugin": "",
                                        "attribute": "",
                                        "identifierRole": "main"
                                    }
                                },
                                {
                                    "label": "Inschrijfnummer Kamer van Koophandel",
                                    "tableView": true,
                                    "validateOn": "blur",
                                    "validate": {
                                        "required": true,
                                        "pattern": "^[0-9]*$",
                                        "customMessage": "Een inschrijfnummer Kamer van Koophandel bevat 8 cijfers.",
                                        "minLength": 8,
                                        "maxLength": 8
                                    },
                                    "key": "inschrijfnummerKamerVanKoophandel",
                                    "type": "textfield",
                                    "input": true,
                                    "prefill": {
                                        "plugin": "",
                                        "attribute": "",
                                        "identifierRole": "main"
                                    }
                                },
                                {
                                    "label": "Uw functie in de organisatie",
                                    "tableView": true,
                                    "validate": {
                                        "required": true
                                    },
                                    "key": "uwFunctieInDeOrganisatie",
                                    "type": "textfield",
                                    "input": true,
                                    "prefill": {
                                        "plugin": "",
                                        "attribute": "",
                                        "identifierRole": "main"
                                    }
                                },
                                {
                                    "label": "Bent u zelf de contactpersoon voor deze aanvraag?",
                                    "optionsLabelPosition": "right",
                                    "inline": false,
                                    "tableView": false,
                                    "values": [
                                        {
                                            "label": "ja",
                                            "value": "ja",
                                            "shortcut": ""
                                        },
                                        {
                                            "label": "nee",
                                            "value": "nee",
                                            "shortcut": ""
                                        }
                                    ],
                                    "validate": {
                                        "required": true
                                    },
                                    "key": "bentUZelfDeContactpersoonVoorDezeAanvraag",
                                    "type": "radio",
                                    "input": true
                                },
                                {
                                    "components": [
                                        {
                                            "label": "Naam contactpersoon",
                                            "tableView": true,
                                            "validate": {
                                                "required": true
                                            },
                                            "key": "naamContactpersoon",
                                            "type": "textfield",
                                            "input": true,
                                            "prefill": {
                                                "plugin": "",
                                                "attribute": "",
                                                "identifierRole": "main"
                                            }
                                        },
                                        {
                                            "label": "E-mailadres",
                                            "tableView": true,
                                            "validateOn": "blur",
                                            "validate": {
                                                "required": true
                                            },
                                            "key": "eMailadresCP",
                                            "type": "email",
                                            "input": true
                                        },
                                        {
                                            "label": "Telefoonnummer",
                                            "tableView": true,
                                            "validate": {
                                                "required": true
                                            },
                                            "key": "telefoonnummer1",
                                            "type": "textfield",
                                            "input": true,
                                            "prefill": {
                                                "plugin": "",
                                                "attribute": "",
                                                "identifierRole": "main"
                                            }
                                        }
                                    ],
                                    "key": "fieldSet-1-2-3-4",
                                    "type": "fieldset",
                                    "label": "Field Set",
                                    "tree": false,
                                    "input": false,
                                    "hidden": false,
                                    "legend": "",
                                    "prefix": "",
                                    "suffix": "",
                                    "unique": false,
                                    "widget": null,
                                    "dbIndex": false,
                                    "overlay": {
                                        "top": "",
                                        "left": "",
                                        "style": "",
                                        "width": "",
                                        "height": ""
                                    },
                                    "tooltip": "",
                                    "disabled": false,
                                    "multiple": false,
                                    "redrawOn": "",
                                    "tabindex": "",
                                    "validate": {
                                        "custom": "",
                                        "unique": false,
                                        "multiple": false,
                                        "required": false,
                                        "customPrivate": false,
                                        "strictDateValidation": false
                                    },
                                    "autofocus": false,
                                    "encrypted": false,
                                    "hideLabel": false,
                                    "modalEdit": false,
                                    "protected": false,
                                    "refreshOn": "",
                                    "tableView": false,
                                    "attributes": {},
                                    "errorLabel": "",
                                    "hideHeader": false,
                                    "persistent": false,
                                    "properties": {},
                                    "validateOn": "change",
                                    "clearOnHide": true,
                                    "conditional": {
                                        "eq": "",
                                        "show": null,
                                        "when": null
                                    },
                                    "customClass": "",
                                    "description": "",
                                    "placeholder": "",
                                    "defaultValue": null,
                                    "dataGridLabel": false,
                                    "labelPosition": "top",
                                    "showCharCount": false,
                                    "showWordCount": false,
                                    "calculateValue": "",
                                    "calculateServer": false,
                                    "allowMultipleMasks": false,
                                    "customDefaultValue": "",
                                    "allowCalculateOverride": false
                                }
                            ],
                            "key": "fieldSet-1-2-3",
                            "type": "fieldset",
                            "label": "Field Set",
                            "tree": false,
                            "input": false,
                            "hidden": false,
                            "legend": "",
                            "prefix": "",
                            "suffix": "",
                            "unique": false,
                            "widget": null,
                            "dbIndex": false,
                            "overlay": {
                                "top": "",
                                "left": "",
                                "style": "",
                                "width": "",
                                "height": ""
                            },
                            "tooltip": "",
                            "disabled": false,
                            "multiple": false,
                            "redrawOn": "",
                            "tabindex": "",
                            "validate": {
                                "custom": "",
                                "unique": false,
                                "multiple": false,
                                "required": false,
                                "customPrivate": false,
                                "strictDateValidation": false
                            },
                            "autofocus": false,
                            "encrypted": false,
                            "hideLabel": false,
                            "modalEdit": false,
                            "protected": false,
                            "refreshOn": "",
                            "tableView": false,
                            "attributes": {},
                            "errorLabel": "",
                            "hideHeader": false,
                            "persistent": false,
                            "properties": {},
                            "validateOn": "change",
                            "clearOnHide": true,
                            "conditional": {
                                "eq": "",
                                "show": null,
                                "when": null
                            },
                            "customClass": "",
                            "description": "",
                            "placeholder": "",
                            "defaultValue": null,
                            "dataGridLabel": false,
                            "labelPosition": "top",
                            "showCharCount": false,
                            "showWordCount": false,
                            "calculateValue": "",
                            "calculateServer": false,
                            "allowMultipleMasks": false,
                            "customDefaultValue": "",
                            "allowCalculateOverride": false
                        }
                    ],
                    "key": "fieldSet-1-2",
                    "type": "fieldset",
                    "label": "Field Set",
                    "tree": false,
                    "input": false,
                    "hidden": false,
                    "legend": "",
                    "prefix": "",
                    "suffix": "",
                    "unique": false,
                    "widget": null,
                    "dbIndex": false,
                    "overlay": {
                        "top": "",
                        "left": "",
                        "style": "",
                        "width": "",
                        "height": ""
                    },
                    "tooltip": "",
                    "disabled": false,
                    "multiple": false,
                    "redrawOn": "",
                    "tabindex": "",
                    "validate": {
                        "custom": "",
                        "unique": false,
                        "multiple": false,
                        "required": false,
                        "customPrivate": false,
                        "strictDateValidation": false
                    },
                    "autofocus": false,
                    "encrypted": false,
                    "hideLabel": false,
                    "modalEdit": false,
                    "protected": false,
                    "refreshOn": "",
                    "tableView": false,
                    "attributes": {},
                    "errorLabel": "",
                    "hideHeader": false,
                    "persistent": false,
                    "properties": {},
                    "validateOn": "change",
                    "clearOnHide": true,
                    "customClass": "",
                    "description": "",
                    "placeholder": "",
                    "defaultValue": null,
                    "dataGridLabel": false,
                    "labelPosition": "top",
                    "showCharCount": false,
                    "showWordCount": false,
                    "calculateValue": "",
                    "calculateServer": false,
                    "allowMultipleMasks": false,
                    "customDefaultValue": "",
                    "allowCalculateOverride": false
                },
                {
                    "components": [
                        {
                            "label": "Volledig postbusadres",
                            "tableView": true,
                            "calculateValue": "value = data.volledigadres;",
                            "key": "volledigPostbusadres",
                            "customConditional": "show = !(_.isEmpty(data.postbusnummer));",
                            "type": "textfield",
                            "input": true,
                            "prefill": {
                                "plugin": "",
                                "attribute": "",
                                "identifierRole": "main"
                            }
                        },
                        {
                            "label": "Uw naam",
                            "tableView": true,
                            "validate": {
                                "required": true
                            },
                            "key": "uwNaam",
                            "type": "textfield",
                            "input": true,
                            "prefill": {
                                "plugin": "",
                                "attribute": "",
                                "identifierRole": "main"
                            }
                        },
                        {
                            "label": "Uw functie in de organisatie",
                            "tableView": true,
                            "validate": {
                                "required": true
                            },
                            "key": "uwFunctieInDeOrganisatie1",
                            "type": "textfield",
                            "input": true,
                            "prefill": {
                                "plugin": "",
                                "attribute": "",
                                "identifierRole": "main"
                            }
                        },
                        {
                            "label": "Bent u zelf de contactpersoon voor deze aanvraag?",
                            "optionsLabelPosition": "right",
                            "inline": false,
                            "tableView": false,
                            "values": [
                                {
                                    "label": "ja",
                                    "value": "ja",
                                    "shortcut": ""
                                },
                                {
                                    "label": "nee",
                                    "value": "nee",
                                    "shortcut": ""
                                }
                            ],
                            "validate": {
                                "required": true
                            },
                            "key": "bentUZelfDeContactpersoonVoorDezeAanvraag1",
                            "type": "radio",
                            "input": true
                        },
                        {
                            "label": "Naam contactpersoon",
                            "tableView": true,
                            "validate": {
                                "required": true
                            },
                            "key": "naamContactpersoon1",
                            "conditional": {
                                "show": true,
                                "when": "eHerkenning.bentUZelfDeContactpersoonVoorDezeAanvraag1",
                                "eq": "nee"
                            },
                            "type": "textfield",
                            "input": true,
                            "prefill": {
                                "plugin": "",
                                "attribute": "",
                                "identifierRole": "main"
                            }
                        },
                        {
                            "label": "E-mailadres",
                            "tableView": true,
                            "validateOn": "blur",
                            "validate": {
                                "required": true
                            },
                            "key": "eMailadres1",
                            "type": "email",
                            "input": true
                        },
                        {
                            "label": "Telefoonnummer",
                            "tableView": true,
                            "validate": {
                                "required": true
                            },
                            "key": "telefoonnummer2",
                            "type": "textfield",
                            "input": true,
                            "prefill": {
                                "plugin": "",
                                "attribute": "",
                                "identifierRole": "main"
                            }
                        }
                    ],
                    "key": "fieldSet-1",
                    "type": "fieldset",
                    "label": "Field Set",
                    "tree": false,
                    "input": false,
                    "hidden": false,
                    "legend": "",
                    "prefix": "",
                    "suffix": "",
                    "unique": false,
                    "widget": null,
                    "dbIndex": false,
                    "overlay": {
                        "top": "",
                        "left": "",
                        "style": "",
                        "width": "",
                        "height": ""
                    },
                    "tooltip": "",
                    "disabled": false,
                    "multiple": false,
                    "redrawOn": "",
                    "tabindex": "",
                    "validate": {
                        "custom": "",
                        "unique": false,
                        "multiple": false,
                        "required": false,
                        "customPrivate": false,
                        "strictDateValidation": false
                    },
                    "autofocus": false,
                    "encrypted": false,
                    "hideLabel": false,
                    "modalEdit": false,
                    "protected": false,
                    "refreshOn": "",
                    "tableView": false,
                    "attributes": {},
                    "errorLabel": "",
                    "hideHeader": false,
                    "persistent": false,
                    "properties": {},
                    "validateOn": "change",
                    "clearOnHide": true,
                    "customClass": "",
                    "description": "",
                    "placeholder": "",
                    "defaultValue": null,
                    "dataGridLabel": false,
                    "labelPosition": "top",
                    "showCharCount": false,
                    "showWordCount": false,
                    "calculateValue": "",
                    "calculateServer": false,
                    "allowMultipleMasks": false,
                    "customDefaultValue": "",
                    "allowCalculateOverride": false
                },
                {
                    "label": "IBAN waarop de subsidie mag komen",
                    "inputMask": "AA99AAAA9999999999",
                    "tableView": true,
                    "validateOn": "blur",
                    "validate": {
                        "required": true,
                        "customMessage": "Vul een geldig IBAN in."
                    },
                    "key": "ibanWaaropDeSubsidieMagKomen",
                    "type": "textfield",
                    "input": true,
                    "prefill": {
                        "plugin": "",
                        "attribute": "",
                        "identifierRole": "main"
                    }
                },
                {
                    "label": "Op naam van",
                    "tableView": true,
                    "validate": {
                        "required": true
                    },
                    "key": "opNaamVan",
                    "type": "textfield",
                    "input": true,
                    "prefill": {
                        "plugin": "",
                        "attribute": "",
                        "identifierRole": "main"
                    }
                },
                {
                    "label": "Columns",
                    "columns": [
                        {
                            "components": [],
                            "width": 3,
                            "offset": 0,
                            "push": 0,
                            "pull": 0,
                            "size": "sm",
                            "currentWidth": 3
                        },
                        {
                            "components": [],
                            "width": 6,
                            "offset": 0,
                            "push": 0,
                            "pull": 0,
                            "size": "md",
                            "currentWidth": 6
                        }
                    ],
                    "key": "columns",
                    "type": "columns",
                    "input": false,
                    "tableView": false,
                    "hideOnChildrenHidden": false
                }
            ]
        }
    },
    {
        "url": "http://localhost/api/v2/form-definitions/73c313d3-33bf-48e0-a05d-920cf3b4e24f",
        "uuid": "73c313d3-33bf-48e0-a05d-920cf3b4e24f",
        "name": "Subsidie",
        "slug": "subsidie",
        "configuration": {
            "display": "form",
            "components": [
                {
                    "label": "Voor welk jaar vraagt u subsidie aan?",
                    "tableView": true,
                    "validateOn": "blur",
                    "validate": {
                        "required": true,
                        "pattern": "^[0-9]*$",
                        "customMessage": "Vul een jaartal in.",
                        "minLength": 4,
                        "maxLength": 4
                    },
                    "key": "voorWelkJaarVraagtUSubsidieAan",
                    "type": "textfield",
                    "input": true,
                    "prefill": {
                        "plugin": "",
                        "attribute": "",
                        "identifierRole": "main"
                    }
                },
                {
                    "label": "Welk bedrag aan subsidie wilt u ontvangen?",
                    "prefix": "€",
                    "tableView": true,
                    "validate": {
                        "required": true,
                        "pattern": "^\\d{0,7}(\\,\\d{0,2})?$",
                        "customMessage": "Vul een bedrag in."
                    },
                    "key": "welkBedragAanSubsidieWiltUOntvangen",
                    "type": "textfield",
                    "input": true,
                    "prefill": {
                        "plugin": "",
                        "attribute": "",
                        "identifierRole": "main"
                    }
                },
                {
                    "label": "Voor welke activiteiten wilt u subsidie ontvangen?",
                    "optionsLabelPosition": "right",
                    "description": "U kunt hierover vragen beantwoorden of een overzicht van de activiteiten uploaden.",
                    "inline": false,
                    "tableView": false,
                    "values": [
                        {
                            "label": "ik beantwoord de vragen in dit formulier",
                            "value": "vragenBeantwoorden",
                            "shortcut": ""
                        },
                        {
                            "label": "ik upload een bijlage",
                            "value": "bijlageUploaden",
                            "shortcut": ""
                        }
                    ],
                    "validate": {
                        "required": true
                    },
                    "key": "voorWelkeActiviteitenWiltUSubsidieOntvangen",
                    "type": "radio",
                    "input": true
                },
                {
                    "label": "Beantwoord alle vragen per activiteit. Met de knop '+ nog een toevoegen' onder aan deze pagina voegt u nog een activiteit toe.",
                    "reorder": false,
                    "addAnotherPosition": "bottom",
                    "layoutFixed": false,
                    "enableRowGroups": false,
                    "initEmpty": false,
                    "tableView": false,
                    "defaultValue": [
                        {
                            "container": {
                                "naam": "",
                                "plaats": ""
                            }
                        }
                    ],
                    "key": "activiteit",
                    "type": "datagrid",
                    "input": true,
                    "components": [
                        {
                            "components": [
                                {
                                    "label": "Naam",
                                    "tableView": true,
                                    "validate": {
                                        "required": true
                                    },
                                    "key": "naam",
                                    "type": "textfield",
                                    "input": true,
                                    "prefill": {
                                        "plugin": "",
                                        "attribute": "",
                                        "identifierRole": "main"
                                    }
                                },
                                {
                                    "label": "Datum",
                                    "placeholder": "dag-maand-jaar",
                                    "tableView": false,
                                    "enableMinDateInput": false,
                                    "datePicker": {
                                        "disableWeekends": false,
                                        "disableWeekdays": false
                                    },
                                    "enableMaxDateInput": false,
                                    "timePicker": {
                                        "showMeridian": false
                                    },
                                    "key": "datum",
                                    "type": "datetime",
                                    "input": true,
                                    "widget": {
                                        "type": "calendar",
                                        "displayInTimezone": "viewer",
                                        "locale": "nl",
                                        "useLocaleSettings": false,
                                        "allowInput": true,
                                        "mode": "single",
                                        "enableTime": false,
                                        "noCalendar": false,
                                        "format": "dd-MM-yyyy",
                                        "hourIncrement": 1,
                                        "minuteIncrement": 5,
                                        "time_24hr": true,
                                        "minDate": null,
                                        "disableWeekends": false,
                                        "disableWeekdays": false,
                                        "maxDate": null
                                    }
                                },
                                {
                                    "label": "Plaats",
                                    "tableView": true,
                                    "validate": {
                                        "required": true
                                    },
                                    "key": "plaats",
                                    "type": "textfield",
                                    "input": true,
                                    "prefill": {
                                        "plugin": "",
                                        "attribute": "",
                                        "identifierRole": "main"
                                    }
                                },
                                {
                                    "label": "Wat gaat u doen?",
                                    "tableView": true,
                                    "inputFormat": "plain",
                                    "validate": {
                                        "required": true
                                    },
                                    "key": "watGaatUDoen",
                                    "type": "textarea",
                                    "input": true,
                                    "autoExpand": false
                                },
                                {
                                    "label": "Wat is het doel van de activiteit?",
                                    "tableView": true,
                                    "inputFormat": "plain",
                                    "validate": {
                                        "required": true
                                    },
                                    "key": "watIsHetDoelvanDeActiviteit",
                                    "type": "textarea",
                                    "input": true,
                                    "autoExpand": false
                                }
                            ],
                            "key": "fieldSet",
                            "type": "fieldset",
                            "label": "Field Set",
                            "tree": false,
                            "input": false,
                            "hidden": false,
                            "legend": "",
                            "prefix": "",
                            "suffix": "",
                            "unique": false,
                            "widget": null,
                            "dbIndex": false,
                            "overlay": {
                                "top": "",
                                "left": "",
                                "style": "",
                                "width": "",
                                "height": ""
                            },
                            "tooltip": "",
                            "disabled": false,
                            "multiple": false,
                            "redrawOn": "",
                            "tabindex": "",
                            "validate": {
                                "custom": "",
                                "unique": false,
                                "multiple": false,
                                "required": false,
                                "customPrivate": false,
                                "strictDateValidation": false
                            },
                            "autofocus": false,
                            "encrypted": false,
                            "hideLabel": false,
                            "modalEdit": false,
                            "protected": false,
                            "refreshOn": "",
                            "tableView": false,
                            "attributes": {},
                            "errorLabel": "",
                            "hideHeader": false,
                            "persistent": false,
                            "properties": {},
                            "validateOn": "change",
                            "clearOnHide": true,
                            "conditional": {
                                "eq": "",
                                "show": null,
                                "when": null
                            },
                            "customClass": "",
                            "description": "",
                            "placeholder": "",
                            "defaultValue": null,
                            "dataGridLabel": false,
                            "labelPosition": "top",
                            "showCharCount": false,
                            "showWordCount": false,
                            "calculateValue": "",
                            "calculateServer": false,
                            "allowMultipleMasks": false,
                            "customDefaultValue": "",
                            "allowCalculateOverride": false
                        }
                    ]
                },
                {
                    "html": "<p>Aan het einde van dit formulier moet u een overzicht van de activiteiten uploaden. Noem hierin: &nbsp;</p><ul><li>Naam, datum en de plaats van de activiteiten &nbsp;</li><li>Wat u gaat doen &nbsp;</li><li>Wat het doel is van de activiteiten</li></ul><p>&nbsp;</p>",
                    "label": "Content",
                    "refreshOnChange": false,
                    "key": "content",
                    "type": "content",
                    "input": false,
                    "tableView": false
                },
                {
                    "label": "Columns",
                    "columns": [
                        {
                            "components": [],
                            "width": 3,
                            "offset": 0,
                            "push": 0,
                            "pull": 0,
                            "size": "sm",
                            "currentWidth": 3
                        },
                        {
                            "components": [],
                            "size": "sm",
                            "width": 3,
                            "offset": 0,
                            "push": 0,
                            "pull": 0,
                            "currentWidth": 3
                        }
                    ],
                    "key": "columns1",
                    "type": "columns",
                    "input": false,
                    "tableView": false,
                    "hideOnChildrenHidden": false
                }
            ]
        }
    },
    {
        "url": "http://localhost/api/v2/form-definitions/97092aa6-5627-440b-82ea-9faad6c6aa20",
        "uuid": "97092aa6-5627-440b-82ea-9faad6c6aa20",
        "name": "Bijlage",
        "slug": "bijlage",
        "configuration": {
            "display": "form",
            "components": [
                {
                    "label": "Toevoegen",
                    "description": "Toegestaan zijn .jpg, .png, .jpeg of .pdf documenten die niet groter zijn dan 20MB.",
                    "tableView": false,
                    "storage": "url",
                    "webcam": false,
                    "fileTypes": [
                        {
                            "label": "",
                            "value": ""
                        },
                        {
                            "label": "",
                            "value": ""
                        }
                    ],
                    "filePattern": ".jpg,.png,.jpeg,.pdf",
                    "fileMinSize": "1KB",
                    "fileMaxSize": "20MB",
                    "multiple": true,
                    "validate": {
                        "required": true,
                        "customMessage": "U moet minimaal 1 bijlage toevoegen. Deze bijlage moet de volgende bestandsindeling hebben: .jpg of .png of .jpeg of .pdf"
                    },
                    "errorLabel": "U moet minimaal 1 bijlage toevoegen. Deze bijlage moet de volgende bestandsindeling hebben: .jpg of .png of .jpeg of .pdf",
                    "key": "plattegrondWaarOpStaatWaarOpHetBedrijvenTerreinEnDirecteOmgevingUDeStoffenAflevert",
                    "type": "file",
                    "url": "/cloud/s3",
                    "input": true
                },
                {
                    "html": "<p>Ik heb deze bijlage toegevoegd:</p>",
                    "label": "Content",
                    "refreshOnChange": false,
                    "key": "content1",
                    "type": "content",
                    "input": false,
                    "tableView": false
                },
                {
                    "label": "Overzicht van de inkomsten en kosten die u verwacht (begroting).",
                    "description": "Beschrijf de inkomsten en kosten zo precies mogelijk.",
                    "tableView": false,
                    "defaultValue": false,
                    "validate": {
                        "required": true,
                        "customMessage": "U bent verplicht deze bijlage mee te sturen."
                    },
                    "key": "overzichtVanDeInkomstenEnKosten",
                    "type": "checkbox",
                    "input": true
                },
                {
                    "label": "Overzicht activiteiten",
                    "tableView": false,
                    "validate": {
                        "required": true
                    },
                    "key": "overzichtActiviteiten",
                    "type": "checkbox",
                    "input": true,
                    "defaultValue": false
                },
                {
                    "label": "Columns",
                    "columns": [
                        {
                            "components": [],
                            "width": 3,
                            "offset": 0,
                            "push": 0,
                            "pull": 0,
                            "size": "sm",
                            "currentWidth": 3
                        },
                        {
                            "components": [],
                            "size": "sm",
                            "width": 3,
                            "offset": 0,
                            "push": 0,
                            "pull": 0,
                            "currentWidth": 3
                        }
                    ],
                    "key": "columns3",
                    "type": "columns",
                    "input": false,
                    "tableView": false,
                    "hideOnChildrenHidden": false
                }
            ]
        }
    }
]