[
    {
        "url": "http://localhost/api/v2/form-definitions/cb7d7237-2eed-4788-b40c-b9ae6dbaa99b",
        "uuid": "cb7d7237-2eed-4788-b40c-b9ae6dbaa99b",
        "name": "Page 1",
        "slug": "page-1",
        "configuration": {
            "display": "form",
            "components": [
                {
                    "label": "Work",
                    "optionsLabelPosition": "right",
                    "inline": false,
                    "tableView": false,
                    "values": [
                        {
                            "label": "Yes",
                            "value": "yes",
                            "shortcut": ""
                        },
                        {
                            "label": "No",
                            "value": "no",
                            "shortcut": ""
                        }
                    ],
                    "key": "work",
                    "type": "radio",
                    "input": true
                },
                {
                    "label": "Checkbox always visible",
                    "tableView": false,
                    "defaultValue": false,
                    "key": "checkbox1",
                    "type": "checkbox",
                    "input": true
                },
                {
                    "label": "Checkbox conditional visible",
                    "tableView": false,
                    "defaultValue": false,
                    "key": "checkbox2",
                    "type": "checkbox",
                    "input": true
                }
            ]
        }
    },
    {
        "url": "http://localhost/api/v2/form-definitions/5c32bef0-1ee1-4946-b06d-e4b016c7c1b2",
        "uuid": "5c32bef0-1ee1-4946-b06d-e4b016c7c1b2",
        "name": "Page 2",
        "slug": "page-2",
        "configuration": {
            "display": "form",
            "components": [
                {
                    "html": "<p>Het werkt!</p>",
                    "label": "Content",
                    "refreshOnChange": false,
                    "key": "content",
                    "type": "content",
                    "input": false,
                    "tableView": false
                },
                {
                    "label": "Checkbox niet conditioneel",
                    "tableView": false,
                    "defaultValue": false,
                    "key": "nietConditioneel",
                    "type": "checkbox",
                    "input": true
                },
                {
                    "label": "Checkbox conditional visible next page",
                    "tableView": false,
                    "defaultValue": false,
                    "validate": {
                        "required": true
                    },
                    "key": "checkbox3",
                    "type": "checkbox",
                    "input": true
                },
                {
                    "label": "Conditionele radio",
                    "optionsLabelPosition": "right",
                    "inline": false,
                    "tableView": false,
                    "values": [
                        {
                            "label": "work",
                            "value": "q",
                            "shortcut": "A"
                        }
                    ],
                    "redrawOn": "data",
                    "key": "radio1",
                    "type": "radio",
                    "input": true
                },
                {
                    "label": "Conditioneel tekstveld",
                    "tableView": true,
                    "redrawOn": "data",
                    "key": "conditioneelTekstveld",
                    "type": "textfield",
                    "input": true,
                    "prefill": {
                        "plugin": "",
                        "attribute": "",
                        "identifierRole": "main"
                    }
                }
            ]
        }
    },
    {
        "url": "http://localhost/api/v2/form-definitions/efe8d001-d1bb-473b-a14a-e2a719f6900a",
        "uuid": "efe8d001-d1bb-473b-a14a-e2a719f6900a",
        "name": "Page 3",
        "slug": "page-3",
        "configuration": {
            "display": "form",
            "components": [
                {
                    "html": "<p>Druk op submit</p>",
                    "label": "Content",
                    "refreshOnChange": false,
                    "key": "content1",
                    "type": "content",
                    "input": false,
                    "tableView": false
                }
            ]
        }
    }
]