[
    {
        "uuid": "2044baa2-9319-4d69-8c5b-cc26b344e7eb",
        "index": "0",
        "slug": "uw-gegevens",
        "form_definition": "http://localhost/api/v2/form-definitions/05e4c18a-6df5-45af-8c86-eda300d855e2"
    },
    {
        "uuid": "2e67190f-b1e2-4c41-8aa2-6d2e270cbdda",
        "index": "1",
        "slug": "zienswijze",
        "form_definition": "http://localhost/api/v2/form-definitions/6bd4548b-699d-47b4-88b6-f2a2f50c5eae"
    },
    {
        "uuid": "b99220b2-2e32-4642-93ac-341b2825c7bc",
        "index": "2",
        "slug": "bijlagen",
        "form_definition": "http://localhost/api/v2/form-definitions/0e95bbdb-a1f2-4c39-a34f-fffef88f8afd"
    }
]