[
    {
        "uuid": "858ab359-f1ee-44f3-9b2c-f34a8b6a3b1e",
        "name": "Zienswijze doorgeven oud",
        "internal_name": "",
        "login_required": false,
        "authentication_backends": [],
        "slug": "zienswijzedoorgevenoud",
        "url": "http://localhost/api/v2/forms/858ab359-f1ee-44f3-9b2c-f34a8b6a3b1e",
        "show_progress_indicator": true,
        "maintenance_mode": false,
        "active": true,
        "is_deleted": false,
        "suspension_allowed": true,
        "send_confirmation_email": true,
        "display_main_website_link": true,
        "required_fields_with_asterisk": true,
        "resume_link_lifetime": 7,
        "hide_non_applicable_steps": true
    }
]