[
    {
        "uuid": "3d22fbd3-ca76-4a33-a20d-9ab9f8a00f61",
        "name": "Toestemming aanvragen gebruik busbaan door taxi o",
        "internal_name": "",
        "login_required": false,
        "authentication_backends": [],
        "slug": "toestemmingaanvragengebruikbusbaandoortaxioud",
        "url": "http://localhost/api/v2/forms/3d22fbd3-ca76-4a33-a20d-9ab9f8a00f61",
        "show_progress_indicator": true,
        "maintenance_mode": false,
        "active": true,
        "is_deleted": false,
        "suspension_allowed": true,
        "send_confirmation_email": true,
        "display_main_website_link": true,
        "required_fields_with_asterisk": true,
        "resume_link_lifetime": 7,
        "hide_non_applicable_steps": true
    }
]