[
    {
        "uuid": "6b282a68-1022-4717-94b5-0d20507e5c08",
        "index": "0",
        "slug": "uw-gegevens",
        "form_definition": "http://localhost/api/v2/form-definitions/b507e621-dc2d-4897-8f43-01dd7a3e6fa2"
    },
    {
        "uuid": "38bf1d57-e632-4af4-8a23-0895b9ee2252",
        "index": "1",
        "slug": "toestemming",
        "form_definition": "http://localhost/api/v2/form-definitions/03adaad4-fe88-4e6e-b409-eac0291e4b8e"
    },
    {
        "uuid": "a34d089f-876a-4a9c-b4e8-f6b8e2554888",
        "index": "2",
        "slug": "bijlagen",
        "form_definition": "http://localhost/api/v2/form-definitions/b8fc3415-1880-4fbb-88a2-e2e89109ff1e"
    }
]