[
    {
        "uuid": "b4075574-76c9-4669-8d90-f8de013c07ff",
        "name": "Subsidie afkoppelen regenpijpen aanvragen of klaa",
        "internal_name": "",
        "login_required": false,
        "authentication_backends": [],
        "slug": "subsidieafkoppelenregenpijpenaanvragenofklaarmeld",
        "url": "http://localhost/api/v2/forms/b4075574-76c9-4669-8d90-f8de013c07ff",
        "show_progress_indicator": true,
        "maintenance_mode": false,
        "active": true,
        "is_deleted": false,
        "suspension_allowed": true,
        "send_confirmation_email": true,
        "display_main_website_link": true,
        "required_fields_with_asterisk": true,
        "resume_link_lifetime": 7,
        "hide_non_applicable_steps": true
    }
]