[
    {
        "uuid": "dbaf42f0-e077-4475-8b06-afc75fcbfa6a",
        "index": "0",
        "slug": "uw-gegevens",
        "form_definition": "http://localhost/api/v2/form-definitions/bdc957e0-f347-4489-89c3-8421c9b3a25c"
    },
    {
        "uuid": "46a3c9bf-a235-4121-aba5-354076b70c35",
        "index": "1",
        "slug": "aanvraag",
        "form_definition": "http://localhost/api/v2/form-definitions/f919443a-d448-44a3-ba07-e2124ca41431"
    },
    {
        "uuid": "ffa19a95-f787-476e-b4e8-6a3e0e30d94e",
        "index": "2",
        "slug": "subsidie",
        "form_definition": "http://localhost/api/v2/form-definitions/21bee30b-6b04-49d5-a89d-43f1687e8f1a"
    },
    {
        "uuid": "2219583d-7a05-4219-af73-b01445aa6f9d",
        "index": "3",
        "slug": "planning",
        "form_definition": "http://localhost/api/v2/form-definitions/f96e2f2d-50e8-4646-8474-34af565b8b84"
    },
    {
        "uuid": "7b2731b7-c570-41ad-a2ae-ae7c994b1a24",
        "index": "4",
        "slug": "bijlagen",
        "form_definition": "http://localhost/api/v2/form-definitions/418f4d10-6dec-4a0d-abb4-2064cefb91ae"
    }
]