[
    {
        "uuid": "5022b00e-fa50-4976-917c-7851061560c5",
        "index": "0",
        "slug": "toestemming",
        "form_definition": "http://localhost/api/v2/form-definitions/1b32e09b-6957-4a3d-b38e-c33766e19b82"
    },
    {
        "uuid": "466ae40f-171c-4e7f-a23e-c5315abc96f2",
        "index": "1",
        "slug": "contactgegevens",
        "form_definition": "http://localhost/api/v2/form-definitions/8961a121-ed13-43db-a4ec-37fe2a4a2b05"
    },
    {
        "uuid": "6ddfdc6c-d0d1-4c91-a769-12ac01c59d95",
        "index": "2",
        "slug": "bijlagen",
        "form_definition": "http://localhost/api/v2/form-definitions/81a09a0c-b804-4617-bb0a-baf0c9f3daba"
    }
]