[
    {
        "uuid": "fc8ceb42-88ae-4601-b574-76fec678f03c",
        "index": "0",
        "slug": "algemeen",
        "form_definition": "http://localhost/api/v2/form-definitions/d6cd2117-1b1d-498c-8f54-177f445936c4"
    },
    {
        "uuid": "2ca03b0e-cb4d-4e3b-a242-2b2e3b238d75",
        "index": "1",
        "slug": "bijlagen",
        "form_definition": "http://localhost/api/v2/form-definitions/36985f7d-1a9c-4946-a4d7-77747ef9349f"
    },
    {
        "uuid": "00f438e2-dedf-4c7e-8081-bdec40cd96c5",
        "index": "2",
        "slug": "uw-gegevens",
        "form_definition": "http://localhost/api/v2/form-definitions/5b94a2ae-b18f-4ad6-8851-48a76b31530c"
    }
]