[
    {
        "uuid": "171604c7-1bfa-44a7-80e7-e60043f41c9e",
        "name": "Toestemming laden lossen of parkeren aanvragen",
        "internal_name": "",
        "login_required": false,
        "authentication_backends": [],
        "slug": "toestemmingladenlossenofparkerenaanvragen",
        "url": "http://localhost/api/v2/forms/171604c7-1bfa-44a7-80e7-e60043f41c9e",
        "show_progress_indicator": true,
        "maintenance_mode": false,
        "active": true,
        "is_deleted": false,
        "suspension_allowed": true,
        "send_confirmation_email": true,
        "display_main_website_link": true,
        "required_fields_with_asterisk": true,
        "resume_link_lifetime": 7,
        "hide_non_applicable_steps": true
    }
]