[
    {
        "uuid": "8e1bad13-13e6-4a2c-83e0-ce4091971ccb",
        "index": "0",
        "slug": "uw-gegevens",
        "form_definition": "http://localhost/api/v2/form-definitions/db629cfc-2824-4ef2-a496-237241598be6"
    },
    {
        "uuid": "c49c09f4-d3f5-423c-8ddc-4b89b7e5cd84",
        "index": "1",
        "slug": "lozing",
        "form_definition": "http://localhost/api/v2/form-definitions/d4ca0eec-4a70-4db1-9355-7e989d851942"
    },
    {
        "uuid": "5cda9216-3c96-4996-bfc6-7500d26d2fd7",
        "index": "2",
        "slug": "bijlagen",
        "form_definition": "http://localhost/api/v2/form-definitions/cfe5d2d1-675e-4cbb-9c51-3142eb0c72c4"
    }
]