[
    {
        "uuid": "2b6e8212-c1aa-4ebc-9788-2438a55f8742",
        "name": "Water lozen op de bodem melden",
        "internal_name": "",
        "login_required": false,
        "authentication_backends": [],
        "slug": "waterlozenopdebodemmelden",
        "url": "http://localhost/api/v2/forms/2b6e8212-c1aa-4ebc-9788-2438a55f8742",
        "show_progress_indicator": true,
        "maintenance_mode": false,
        "active": true,
        "is_deleted": false,
        "suspension_allowed": true,
        "send_confirmation_email": true,
        "display_main_website_link": true,
        "required_fields_with_asterisk": true,
        "resume_link_lifetime": 7,
        "hide_non_applicable_steps": true
    }
]