[
    {
        "uuid": "75c4823f-7dc5-4d4c-830e-e0f821954ddf",
        "name": "Woo-aanvraag",
        "internal_name": "",
        "login_required": false,
        "authentication_backends": [],
        "slug": "wooaanvraag",
        "url": "http://localhost/api/v2/forms/75c4823f-7dc5-4d4c-830e-e0f821954ddf",
        "show_progress_indicator": true,
        "maintenance_mode": false,
        "active": true,
        "is_deleted": false,
        "suspension_allowed": true,
        "send_confirmation_email": true,
        "display_main_website_link": true,
        "required_fields_with_asterisk": true,
        "resume_link_lifetime": 7,
        "hide_non_applicable_steps": true
    }
]