[
    {
        "uuid": "1cd2a996-62a6-4b16-99b9-a95c1bccbbfb",
        "name": "Jaarabonnement krachthonk aanvragen of verlengen",
        "internal_name": "",
        "login_required": false,
        "authentication_backends": [],
        "slug": "jaarabonnementkrachthonkaanvragenofverlengen",
        "url": "http://localhost/api/v2/forms/1cd2a996-62a6-4b16-99b9-a95c1bccbbfb",
        "show_progress_indicator": true,
        "maintenance_mode": false,
        "active": true,
        "is_deleted": false,
        "suspension_allowed": true,
        "send_confirmation_email": true,
        "display_main_website_link": true,
        "required_fields_with_asterisk": true,
        "resume_link_lifetime": 7,
        "hide_non_applicable_steps": true
    }
]