[
    {
        "uuid": "3b3f2f81-7470-4281-9c35-0564dd5d24fd",
        "name": "Eenjarige culturele subsidie aanvragen",
        "internal_name": "",
        "login_required": false,
        "authentication_backends": [],
        "slug": "eenjarigeculturelesubsidieaanvragen",
        "url": "http://localhost/api/v2/forms/3b3f2f81-7470-4281-9c35-0564dd5d24fd",
        "show_progress_indicator": true,
        "maintenance_mode": false,
        "active": true,
        "is_deleted": false,
        "suspension_allowed": true,
        "send_confirmation_email": true,
        "display_main_website_link": true,
        "required_fields_with_asterisk": true,
        "resume_link_lifetime": 7,
        "hide_non_applicable_steps": true
    }
]