[
    {
        "uuid": "dcba641e-a8d6-4656-b396-c7dcc6407e6a",
        "index": "0",
        "slug": "uw-gegevens",
        "form_definition": "http://localhost/api/v2/form-definitions/4b79be03-c0b1-4aa4-bfc8-ba35ec056870"
    },
    {
        "uuid": "6896779d-5bc1-4d63-b416-12890772a361",
        "index": "1",
        "slug": "subsidie",
        "form_definition": "http://localhost/api/v2/form-definitions/8b46b15b-998c-4760-8081-578fec45ade8"
    },
    {
        "uuid": "a5d7db8e-5306-4a94-b415-63ee21a6be14",
        "index": "2",
        "slug": "bijlage",
        "form_definition": "http://localhost/api/v2/form-definitions/1336802a-dc67-49cd-991a-a0f71ffdf7ee"
    }
]