[
    {
        "uuid": "cf6fad23-8ec3-4663-baa1-763dc3385913",
        "name": "Account digitaal opkopersregister aanvragen",
        "internal_name": "",
        "login_required": false,
        "authentication_backends": [],
        "slug": "accountdigitaalopkopersregisteraanvragen",
        "url": "http://localhost/api/v2/forms/cf6fad23-8ec3-4663-baa1-763dc3385913",
        "show_progress_indicator": true,
        "maintenance_mode": false,
        "active": true,
        "is_deleted": false,
        "suspension_allowed": true,
        "send_confirmation_email": true,
        "display_main_website_link": true,
        "required_fields_with_asterisk": true,
        "resume_link_lifetime": 7,
        "hide_non_applicable_steps": true
    }
]