[
    {
        "uuid": "f4597311-3117-4d87-a275-2fff7b656364",
        "name": "Subsidie aanvragen verwijderen schoorsteen",
        "internal_name": "",
        "login_required": false,
        "authentication_backends": [],
        "slug": "subsidieaanvragenverwijderenschoorsteen",
        "url": "http://localhost/api/v2/forms/f4597311-3117-4d87-a275-2fff7b656364",
        "show_progress_indicator": true,
        "maintenance_mode": false,
        "active": true,
        "is_deleted": false,
        "suspension_allowed": true,
        "send_confirmation_email": true,
        "display_main_website_link": true,
        "required_fields_with_asterisk": true,
        "resume_link_lifetime": 7,
        "hide_non_applicable_steps": true
    }
]