[
    {
        "uuid": "ee5d3c0d-8f76-47af-880e-c1ba5bdd401e",
        "name": "Natuurinclusief bouwen",
        "internal_name": "",
        "login_required": false,
        "authentication_backends": [],
        "slug": "natuurinclusiefbouwen",
        "url": "http://localhost/api/v2/forms/ee5d3c0d-8f76-47af-880e-c1ba5bdd401e",
        "show_progress_indicator": true,
        "maintenance_mode": false,
        "active": true,
        "is_deleted": false,
        "suspension_allowed": true,
        "send_confirmation_email": true,
        "display_main_website_link": true,
        "required_fields_with_asterisk": true,
        "resume_link_lifetime": 7,
        "hide_non_applicable_steps": true
    }
]