[
    {
        "uuid": "b0088b3e-be24-4972-a6b4-2a8364a70509",
        "name": "Aanvragen keuring gehandicaptenparkeerkaart",
        "internal_name": "",
        "login_required": false,
        "authentication_backends": [],
        "slug": "aanvragenkeuringgehandicaptenparkeerkaart",
        "url": "http://localhost/api/v2/forms/b0088b3e-be24-4972-a6b4-2a8364a70509",
        "show_progress_indicator": true,
        "maintenance_mode": false,
        "active": true,
        "is_deleted": false,
        "suspension_allowed": true,
        "send_confirmation_email": true,
        "display_main_website_link": true,
        "required_fields_with_asterisk": true,
        "resume_link_lifetime": 7,
        "hide_non_applicable_steps": true
    }
]