[
    {
        "uuid": "2eb2e703-2d57-410f-b66a-3bf1ef044d0e",
        "index": "0",
        "slug": "uw-gegevens",
        "form_definition": "http://localhost/api/v2/form-definitions/65ece915-05cf-4343-992c-1b44bc04726d"
    },
    {
        "uuid": "6229edd4-cec6-46cb-9e7a-e62e76e35737",
        "index": "1",
        "slug": "uw-vraag",
        "form_definition": "http://localhost/api/v2/form-definitions/f0212ac1-9dc8-4e33-9618-eb50ba62984e"
    },
    {
        "uuid": "a04a08f5-4e4f-4c2b-9786-b1a85844f80c",
        "index": "2",
        "slug": "hulp-bij-het-huishouden",
        "form_definition": "http://localhost/api/v2/form-definitions/864d0958-d27c-4b53-923c-0b6f961b2eae"
    },
    {
        "uuid": "e7da0405-c6b8-452d-81db-a0ad4f8b41b3",
        "index": "3",
        "slug": "hulpmiddelen",
        "form_definition": "http://localhost/api/v2/form-definitions/64b2ae65-e5b7-4a7f-a171-aeb496837596"
    },
    {
        "uuid": "99e7c387-9659-46ee-9a38-a14d59a2fabc",
        "index": "4",
        "slug": "aanpassing-van-een-woning",
        "form_definition": "http://localhost/api/v2/form-definitions/e06c9d29-c8eb-4af5-8db6-7ed0516e9bd2"
    },
    {
        "uuid": "0ed6832b-b968-4b32-91da-099f063aaf88",
        "index": "5",
        "slug": "verhuizen",
        "form_definition": "http://localhost/api/v2/form-definitions/935d27c5-6ef3-4c17-a61c-386e88d9ed43"
    },
    {
        "uuid": "0425258a-8595-4bc2-b747-f0f85a2bf95f",
        "index": "6",
        "slug": "vervoer",
        "form_definition": "http://localhost/api/v2/form-definitions/80171826-da71-4ad1-beb0-3a63492781c4"
    },
    {
        "uuid": "ae427ca5-3b6b-449f-aa54-198ab8268e86",
        "index": "7",
        "slug": "anders",
        "form_definition": "http://localhost/api/v2/form-definitions/375e2a5f-34dd-41e6-aa2d-ccb9ff672e5e"
    },
    {
        "uuid": "3b5da45d-f1de-4290-b039-81d6e1c09b7b",
        "index": "8",
        "slug": "bijlage",
        "form_definition": "http://localhost/api/v2/form-definitions/e31a25cd-8325-49a0-9450-ffa84e738a6b"
    }
]