[
    {
        "url": "http://localhost/api/v2/form-definitions/65ece915-05cf-4343-992c-1b44bc04726d",
        "uuid": "65ece915-05cf-4343-992c-1b44bc04726d",
        "name": "Uw gegevens",
        "slug": "uw-gegevens",
        "configuration": {
            "display": "form",
            "components": [
                {
                    "components": [
                        {
                            "label": "Naam",
                            "customClass": "naamingelogdegebruikerfieldnonhidden nonhiddenfield",
                            "tableView": true,
                            "persistent": false,
                            "key": "naamIngelogdeGebruiker",
                            "type": "textfield",
                            "input": true,
                            "prefill": {
                                "plugin": "haalcentraal",
                                "attribute": "verblijfplaats.huisnummer",
                                "identifierRole": "main"
                            }
                        },
                        {
                            "label": "Straatnaam",
                            "customClass": "straatnaamfieldnonhidden nonhiddenfield",
                            "tableView": true,
                            "persistent": false,
                            "key": "straatnaam",
                            "type": "textfield",
                            "input": true,
                            "prefill": {
                                "plugin": "haalcentraal",
                                "attribute": "verblijfplaats.woonplaats",
                                "identifierRole": "main"
                            }
                        },
                        {
                            "label": "Huisnummer",
                            "customClass": "huisnummerfieldnonhidden nonhiddenfield",
                            "tableView": true,
                            "persistent": false,
                            "key": "huisnummerfield",
                            "type": "textfield",
                            "input": true,
                            "prefill": {
                                "plugin": "haalcentraal",
                                "attribute": "verblijfplaats.huisnummer",
                                "identifierRole": "main"
                            }
                        },
                        {
                            "label": "Postcode",
                            "customClass": "postcodefieldnonhidden nonhiddenfield",
                            "tableView": true,
                            "persistent": false,
                            "key": "postcode",
                            "type": "textfield",
                            "input": true,
                            "prefill": {
                                "plugin": "haalcentraal",
                                "attribute": "verblijfplaats.huisnummer",
                                "identifierRole": "main"
                            }
                        },
                        {
                            "label": "Woonplaats",
                            "customClass": "woonplaatsfieldnonhidden nonhiddenfield",
                            "tableView": true,
                            "persistent": false,
                            "key": "woonplaats",
                            "type": "textfield",
                            "input": true,
                            "prefill": {
                                "plugin": "haalcentraal",
                                "attribute": "verblijfplaats.huisnummer",
                                "identifierRole": "main"
                            }
                        }
                    ],
                    "key": "fieldSet-1",
                    "type": "fieldset",
                    "label": "Field Set",
                    "tree": false,
                    "input": false,
                    "hidden": false,
                    "legend": "",
                    "prefix": "",
                    "suffix": "",
                    "unique": false,
                    "widget": null,
                    "dbIndex": false,
                    "overlay": {
                        "top": "",
                        "left": "",
                        "style": "",
                        "width": "",
                        "height": ""
                    },
                    "tooltip": "",
                    "disabled": false,
                    "multiple": false,
                    "redrawOn": "",
                    "tabindex": "",
                    "validate": {
                        "custom": "",
                        "unique": false,
                        "multiple": false,
                        "required": false,
                        "customPrivate": false,
                        "strictDateValidation": false
                    },
                    "autofocus": false,
                    "encrypted": false,
                    "hideLabel": false,
                    "modalEdit": false,
                    "protected": false,
                    "refreshOn": "",
                    "tableView": false,
                    "attributes": {},
                    "errorLabel": "",
                    "hideHeader": false,
                    "persistent": false,
                    "properties": {},
                    "validateOn": "change",
                    "clearOnHide": true,
                    "customClass": "",
                    "description": "",
                    "placeholder": "",
                    "defaultValue": null,
                    "dataGridLabel": false,
                    "labelPosition": "top",
                    "showCharCount": false,
                    "showWordCount": false,
                    "calculateValue": "",
                    "calculateServer": false,
                    "allowMultipleMasks": false,
                    "customDefaultValue": "",
                    "allowCalculateOverride": false,
                    "originalFormName": "nonhiddenfieldsform1"
                },
                {
                    "label": "Telefoonnummer",
                    "autocomplete": "tel",
                    "tableView": true,
                    "validate": {
                        "required": true
                    },
                    "key": "telefoonnummer",
                    "type": "textfield",
                    "input": true,
                    "prefill": {
                        "plugin": "",
                        "attribute": "",
                        "identifierRole": "main"
                    }
                },
                {
                    "label": "E-mailadres",
                    "autocomplete": "email",
                    "tableView": true,
                    "validateOn": "blur",
                    "key": "eMailadres",
                    "type": "email",
                    "input": true
                },
                {
                    "label": "Met wie mogen wij contact opnemen over uw vraag?",
                    "optionsLabelPosition": "right",
                    "inline": false,
                    "tableView": false,
                    "values": [
                        {
                            "label": "met mijzelf",
                            "value": "a",
                            "shortcut": ""
                        },
                        {
                            "label": "met iemand anders (contactpersoon)",
                            "value": "b",
                            "shortcut": ""
                        }
                    ],
                    "validate": {
                        "required": true
                    },
                    "key": "metWieContactOpnemen",
                    "type": "radio",
                    "input": true
                },
                {
                    "components": [
                        {
                            "label": "Naam contactpersoon",
                            "tableView": true,
                            "key": "voornaam",
                            "type": "textfield",
                            "input": true,
                            "prefill": {
                                "plugin": "",
                                "attribute": "",
                                "identifierRole": "main"
                            }
                        },
                        {
                            "label": "Telefoonnummer",
                            "tableView": true,
                            "validate": {
                                "required": true
                            },
                            "key": "telefoonnummer1",
                            "type": "textfield",
                            "input": true,
                            "prefill": {
                                "plugin": "",
                                "attribute": "",
                                "identifierRole": "main"
                            }
                        },
                        {
                            "label": "E-mailadres",
                            "tableView": true,
                            "validateOn": "blur",
                            "key": "eMailadresCP",
                            "type": "email",
                            "input": true
                        },
                        {
                            "label": "Wat is uw relatie met deze contactpersoon?",
                            "description": "Bijvoorbeeld mijn buurman, ouder of kind",
                            "tableView": true,
                            "validate": {
                                "required": true
                            },
                            "key": "watIsUwRelatieMetDezeContactpersoon",
                            "type": "textfield",
                            "input": true,
                            "prefill": {
                                "plugin": "",
                                "attribute": "",
                                "identifierRole": "main"
                            }
                        },
                        {
                            "label": "Wilt u dat wij post sturen naar uw contactpersoon?",
                            "optionsLabelPosition": "right",
                            "inline": false,
                            "tableView": false,
                            "values": [
                                {
                                    "label": "ja",
                                    "value": "ja",
                                    "shortcut": ""
                                },
                                {
                                    "label": "nee",
                                    "value": "nee",
                                    "shortcut": ""
                                }
                            ],
                            "validate": {
                                "required": true
                            },
                            "key": "wiltUDatWijPostSturenNaarUwContactpersoon",
                            "type": "radio",
                            "input": true
                        },
                        {
                            "label": "Adres contactpersoon",
                            "disablestreetcity": false,
                            "validate": {
                                "required": true
                            },
                            "tableView": true,
                            "key": "adresContactpersoon",
                            "conditional": {
                                "show": true,
                                "when": "andereContactpersoon.wiltUDatWijPostSturenNaarUwContactpersoon",
                                "eq": "ja"
                            },
                            "type": "adres",
                            "input": true
                        }
                    ],
                    "key": "fieldSet",
                    "type": "fieldset",
                    "label": "Field Set",
                    "tree": false,
                    "input": false,
                    "hidden": false,
                    "legend": "",
                    "prefix": "",
                    "suffix": "",
                    "unique": false,
                    "widget": null,
                    "dbIndex": false,
                    "overlay": {
                        "top": "",
                        "left": "",
                        "style": "",
                        "width": "",
                        "height": ""
                    },
                    "tooltip": "",
                    "disabled": false,
                    "multiple": false,
                    "redrawOn": "",
                    "tabindex": "",
                    "validate": {
                        "custom": "",
                        "unique": false,
                        "multiple": false,
                        "required": false,
                        "customPrivate": false,
                        "strictDateValidation": false
                    },
                    "autofocus": false,
                    "encrypted": false,
                    "hideLabel": false,
                    "modalEdit": false,
                    "protected": false,
                    "refreshOn": "",
                    "tableView": false,
                    "attributes": {},
                    "errorLabel": "",
                    "hideHeader": false,
                    "persistent": false,
                    "properties": {},
                    "validateOn": "change",
                    "clearOnHide": true,
                    "customClass": "",
                    "description": "",
                    "placeholder": "",
                    "defaultValue": null,
                    "dataGridLabel": false,
                    "labelPosition": "top",
                    "showCharCount": false,
                    "showWordCount": false,
                    "calculateValue": "",
                    "calculateServer": false,
                    "allowMultipleMasks": false,
                    "customDefaultValue": "",
                    "allowCalculateOverride": false
                },
                {
                    "label": "Columns",
                    "columns": [
                        {
                            "components": [],
                            "width": 3,
                            "offset": 0,
                            "push": 0,
                            "pull": 0,
                            "size": "sm",
                            "currentWidth": 3
                        },
                        {
                            "components": [],
                            "width": 6,
                            "offset": 0,
                            "push": 0,
                            "pull": 0,
                            "size": "md",
                            "currentWidth": 6
                        }
                    ],
                    "key": "columns",
                    "type": "columns",
                    "input": false,
                    "tableView": false,
                    "hideOnChildrenHidden": false
                }
            ]
        }
    },
    {
        "url": "http://localhost/api/v2/form-definitions/f0212ac1-9dc8-4e33-9618-eb50ba62984e",
        "uuid": "f0212ac1-9dc8-4e33-9618-eb50ba62984e",
        "name": "Uw vraag",
        "slug": "uw-vraag",
        "configuration": {
            "display": "form",
            "components": [
                {
                    "label": "Waarover heeft u een vraag? (U kunt meerdere antwoorden aanvinken)",
                    "optionsLabelPosition": "right",
                    "tableView": false,
                    "defaultValue": {
                        "ikHebHulpNodigBijHetHuishouden": false,
                        "ikHebHulpOfEenHulpmiddelNodigBijHetVervoer": false,
                        "ikHebEenHulpmiddelOfAanpassingInMijnWoningNodig": false,
                        "anders": false,
                        "a": false,
                        "b": false,
                        "c": false,
                        "d": false,
                        "e": false,
                        "f": false,
                        "g": false,
                        "h": false,
                        "huishouden": false,
                        "hulpmiddelen": false,
                        "aanpassing": false,
                        "verhuizen": false,
                        "vervoer": false
                    },
                    "values": [
                        {
                            "label": "hulp bij het huishouden",
                            "value": "huishouden",
                            "shortcut": ""
                        },
                        {
                            "label": "hulpmiddelen (bijvoorbeeld een rolstoel, scootmobiel, douchestoel of een tillift)",
                            "value": "hulpmiddelen",
                            "shortcut": ""
                        },
                        {
                            "label": "aanpassing van een woning (bijvoorbeeld een traplift of aanpassen douche of toegang tot de woning)",
                            "value": "aanpassing",
                            "shortcut": ""
                        },
                        {
                            "label": "verhuizen",
                            "value": "verhuizen",
                            "shortcut": ""
                        },
                        {
                            "label": "vervoer (bijvoorbeeld Wmo-pas AVAN)",
                            "value": "vervoer",
                            "shortcut": ""
                        },
                        {
                            "label": "anders",
                            "value": "anders",
                            "shortcut": ""
                        }
                    ],
                    "validate": {
                        "required": true,
                        "onlyAvailableItems": false
                    },
                    "key": "waaroverHeeftUEenVraag",
                    "type": "selectboxes",
                    "input": true,
                    "inputType": "checkbox"
                },
                {
                    "label": "Columns",
                    "columns": [
                        {
                            "components": [],
                            "width": 3,
                            "offset": 0,
                            "push": 0,
                            "pull": 0,
                            "size": "sm",
                            "currentWidth": 3
                        },
                        {
                            "components": [],
                            "size": "sm",
                            "width": 3,
                            "offset": 0,
                            "push": 0,
                            "pull": 0,
                            "currentWidth": 3
                        }
                    ],
                    "key": "columns1",
                    "type": "columns",
                    "input": false,
                    "tableView": false,
                    "hideOnChildrenHidden": false
                }
            ]
        }
    },
    {
        "url": "http://localhost/api/v2/form-definitions/864d0958-d27c-4b53-923c-0b6f961b2eae",
        "uuid": "864d0958-d27c-4b53-923c-0b6f961b2eae",
        "name": "Hulp bij het huishouden",
        "slug": "hulp-bij-het-huishouden",
        "configuration": {
            "display": "form",
            "components": [
                {
                    "label": "Wat wilt u doen?",
                    "optionsLabelPosition": "right",
                    "inline": false,
                    "tableView": false,
                    "values": [
                        {
                            "label": "ik heb een nieuwe vraag",
                            "value": "a",
                            "shortcut": ""
                        },
                        {
                            "label": "ik wil uren aanpassen en/of hulp verlengen",
                            "value": "b",
                            "shortcut": ""
                        }
                    ],
                    "validate": {
                        "required": true
                    },
                    "key": "watWiltUDoen",
                    "type": "radio",
                    "input": true
                },
                {
                    "label": "Wat is uw vraag of probleem?",
                    "description": "Beschrijf dit zo duidelijk en compleet mogelijk",
                    "tableView": true,
                    "inputFormat": "plain",
                    "validate": {
                        "required": true
                    },
                    "key": "watIsUwVraag5",
                    "customConditional": "show = data.watWiltUDoen == 'a';",
                    "type": "textarea",
                    "input": true,
                    "autoExpand": false
                },
                {
                    "label": "Wat ziet u zelf als mogelijke oplossing?",
                    "tableView": true,
                    "inputFormat": "plain",
                    "validate": {
                        "required": true
                    },
                    "key": "watZietUZelfAlsMogelijkeOplossing5",
                    "customConditional": "show = data.watWiltUDoen == 'a';",
                    "type": "textarea",
                    "input": true,
                    "autoExpand": false
                },
                {
                    "label": "Heeft u op dit moment hulp en /of hulpmiddelen?",
                    "optionsLabelPosition": "right",
                    "inline": false,
                    "tableView": false,
                    "values": [
                        {
                            "label": "ja",
                            "value": "ja",
                            "shortcut": ""
                        },
                        {
                            "label": "nee",
                            "value": "nee",
                            "shortcut": ""
                        }
                    ],
                    "validate": {
                        "required": true
                    },
                    "key": "heeftUOpDitMomentHulpEnOfHulpmiddelen",
                    "customConditional": "show = data.watWiltUDoen == 'a';",
                    "type": "radio",
                    "input": true
                },
                {
                    "label": "Welke hulp of hulpmiddelen?",
                    "tableView": true,
                    "inputFormat": "plain",
                    "validate": {
                        "required": true
                    },
                    "key": "welkeHulpOfHulpmiddelen",
                    "type": "textarea",
                    "input": true,
                    "autoExpand": false
                },
                {
                    "label": "Heeft u een Wlz-indicatie (indicatie voor de Wet Langdurige Zorg)?",
                    "optionsLabelPosition": "right",
                    "inline": false,
                    "tableView": false,
                    "values": [
                        {
                            "label": "ja",
                            "value": "ja",
                            "shortcut": ""
                        },
                        {
                            "label": "nee",
                            "value": "nee",
                            "shortcut": ""
                        }
                    ],
                    "validate": {
                        "required": true
                    },
                    "key": "WlzIndicatie",
                    "customConditional": "show = data.watWiltUDoen == 'a';",
                    "type": "radio",
                    "input": true
                },
                {
                    "label": "Heeft u huisgenoten?",
                    "optionsLabelPosition": "right",
                    "inline": false,
                    "tableView": false,
                    "values": [
                        {
                            "label": "ja",
                            "value": "ja",
                            "shortcut": ""
                        },
                        {
                            "label": "nee",
                            "value": "nee",
                            "shortcut": ""
                        }
                    ],
                    "validate": {
                        "required": true
                    },
                    "key": "heeftUHuisgenoten",
                    "customConditional": "show = data.watWiltUDoen == 'a';",
                    "type": "radio",
                    "input": true
                },
                {
                    "label": "Heeft één van uw huisgenoten een Wlz-indicatie?",
                    "optionsLabelPosition": "right",
                    "inline": false,
                    "tableView": false,
                    "values": [
                        {
                            "label": "ja",
                            "value": "ja",
                            "shortcut": ""
                        },
                        {
                            "label": "nee",
                            "value": "nee",
                            "shortcut": ""
                        }
                    ],
                    "validate": {
                        "required": true
                    },
                    "key": "WlzIndicatieHuisgenoten",
                    "type": "radio",
                    "input": true
                },
                {
                    "html": "<p>U en/of één van uw huisgenoten heeft een Wlz-indicatie. Het schoonmaken van uw huis kunt u regelen via de Wlz-zorg en niet via de gemeente. U kunt het beste contact opnemen met het zorgkantoor VGZ.</p>",
                    "label": "Content",
                    "refreshOnChange": false,
                    "key": "content1",
                    "customConditional": "show = false;\n\nvar wlz = data.WlzIndicatie == 'ja' ? true:false;\nvar huisgenoten = data.WlzIndicatieHuisgenoten == 'ja' ? true:false;\n\nif (wlz || huisgenoten) {\n  show = true;\n} else {\n  show = false;\n}",
                    "type": "content",
                    "input": false,
                    "tableView": false
                },
                {
                    "label": "Ik wil",
                    "optionsLabelPosition": "right",
                    "tableView": false,
                    "defaultValue": {
                        "a": false,
                        "b": false
                    },
                    "values": [
                        {
                            "label": "het aantal uren aanpassen",
                            "value": "urenAanpassen",
                            "shortcut": ""
                        },
                        {
                            "label": "mijn hulp verlengen",
                            "value": "hulpVerlengen",
                            "shortcut": ""
                        }
                    ],
                    "validate": {
                        "required": true,
                        "onlyAvailableItems": false
                    },
                    "key": "ikWil",
                    "customConditional": "show = data.watWiltUDoen == 'b';",
                    "type": "selectboxes",
                    "input": true,
                    "inputType": "checkbox"
                },
                {
                    "label": "Waarom wilt u het aantal uren aanpassen?",
                    "tableView": true,
                    "inputFormat": "plain",
                    "validate": {
                        "required": true
                    },
                    "key": "waaromWiltUHetAantalUrenAanpassen",
                    "type": "textarea",
                    "input": true,
                    "autoExpand": false
                },
                {
                    "label": "Waarom wilt u uw hulp verlengen?",
                    "tableView": true,
                    "inputFormat": "plain",
                    "validate": {
                        "required": true
                    },
                    "key": "waaromWiltUUwHulpVerlengen",
                    "type": "textarea",
                    "input": true,
                    "autoExpand": false
                },
                {
                    "label": "Heeft u de hulp die u zou krijgen echt gekregen?",
                    "optionsLabelPosition": "right",
                    "inline": false,
                    "tableView": false,
                    "values": [
                        {
                            "label": "ja, ik ontvang de afgesproken uren per week hulp bij het huishouden",
                            "value": "ja",
                            "shortcut": ""
                        },
                        {
                            "label": "nee",
                            "value": "nee",
                            "shortcut": ""
                        }
                    ],
                    "validate": {
                        "required": true
                    },
                    "key": "heeftUDeHulpDieUZouKrijgenEchtGekregen",
                    "customConditional": "show = data.watWiltUDoen == 'b';",
                    "type": "radio",
                    "input": true
                },
                {
                    "label": "Waarom krijgt u de afgesproken hulp niet?",
                    "tableView": true,
                    "inputFormat": "plain",
                    "validate": {
                        "required": true
                    },
                    "key": "waaromKrijgtUDeAfgesprokenHulpNiet",
                    "type": "textarea",
                    "input": true,
                    "autoExpand": false
                },
                {
                    "label": "Is uw gezondheid veranderd sinds u hulp heeft gekregen?",
                    "optionsLabelPosition": "right",
                    "inline": false,
                    "tableView": false,
                    "values": [
                        {
                            "label": "ja",
                            "value": "ja",
                            "shortcut": ""
                        },
                        {
                            "label": "nee",
                            "value": "nee",
                            "shortcut": ""
                        }
                    ],
                    "validate": {
                        "required": true
                    },
                    "key": "isUwGezondheidVeranderdSindsUHulpHeeftGekregen",
                    "customConditional": "show = data.watWiltUDoen == 'b';",
                    "type": "radio",
                    "input": true
                },
                {
                    "label": "Wat is er veranderd?",
                    "tableView": true,
                    "inputFormat": "plain",
                    "validate": {
                        "required": true
                    },
                    "key": "watIsErVeranderd",
                    "type": "textarea",
                    "input": true,
                    "autoExpand": false
                },
                {
                    "label": "Is uw woon- of leefsituatie veranderd?",
                    "optionsLabelPosition": "right",
                    "inline": false,
                    "tableView": false,
                    "values": [
                        {
                            "label": "ja",
                            "value": "ja",
                            "shortcut": ""
                        },
                        {
                            "label": "nee",
                            "value": "nee",
                            "shortcut": ""
                        }
                    ],
                    "validate": {
                        "required": true
                    },
                    "key": "isUwWoonOfLeefsituatieVeranderd",
                    "customConditional": "show = data.watWiltUDoen == 'b';",
                    "type": "radio",
                    "input": true
                },
                {
                    "label": "Wat is er veranderd?",
                    "tableView": true,
                    "inputFormat": "plain",
                    "validate": {
                        "required": true
                    },
                    "key": "watIsErVeranderd1",
                    "type": "textarea",
                    "input": true,
                    "autoExpand": false
                },
                {
                    "label": "Columns",
                    "columns": [
                        {
                            "components": [],
                            "width": 3,
                            "offset": 0,
                            "push": 0,
                            "pull": 0,
                            "size": "sm",
                            "currentWidth": 3
                        },
                        {
                            "components": [],
                            "size": "sm",
                            "width": 3,
                            "offset": 0,
                            "push": 0,
                            "pull": 0,
                            "currentWidth": 3
                        }
                    ],
                    "key": "columns10",
                    "type": "columns",
                    "input": false,
                    "tableView": false,
                    "hideOnChildrenHidden": false
                }
            ]
        }
    },
    {
        "url": "http://localhost/api/v2/form-definitions/64b2ae65-e5b7-4a7f-a171-aeb496837596",
        "uuid": "64b2ae65-e5b7-4a7f-a171-aeb496837596",
        "name": "Hulpmiddelen",
        "slug": "hulpmiddelen",
        "configuration": {
            "display": "form",
            "components": [
                {
                    "label": "Wat is uw vraag of probleem?",
                    "description": "Beschrijf dit zo duidelijk en compleet mogelijk",
                    "tableView": true,
                    "inputFormat": "plain",
                    "validate": {
                        "required": true
                    },
                    "key": "watIsUwVraag",
                    "type": "textarea",
                    "input": true,
                    "autoExpand": false
                },
                {
                    "label": "Wat ziet u zelf als mogelijke oplossing?",
                    "tableView": true,
                    "inputFormat": "plain",
                    "validate": {
                        "required": true
                    },
                    "key": "watZietUZelfAlsMogelijkeOplossing",
                    "type": "textarea",
                    "input": true,
                    "autoExpand": false
                },
                {
                    "label": "Columns",
                    "columns": [
                        {
                            "components": [],
                            "width": 3,
                            "offset": 0,
                            "push": 0,
                            "pull": 0,
                            "size": "sm",
                            "currentWidth": 3
                        },
                        {
                            "components": [],
                            "size": "sm",
                            "width": 3,
                            "offset": 0,
                            "push": 0,
                            "pull": 0,
                            "currentWidth": 3
                        }
                    ],
                    "key": "columns9",
                    "type": "columns",
                    "input": false,
                    "tableView": false,
                    "hideOnChildrenHidden": false
                }
            ]
        }
    },
    {
        "url": "http://localhost/api/v2/form-definitions/e06c9d29-c8eb-4af5-8db6-7ed0516e9bd2",
        "uuid": "e06c9d29-c8eb-4af5-8db6-7ed0516e9bd2",
        "name": "Aanpassing van een woning",
        "slug": "aanpassing-van-een-woning",
        "configuration": {
            "display": "form",
            "components": [
                {
                    "label": "Wat is uw vraag of probleem?",
                    "description": "Beschrijf dit zo duidelijk en compleet mogelijk",
                    "tableView": true,
                    "inputFormat": "plain",
                    "validate": {
                        "required": true
                    },
                    "key": "watIsUwVraag1",
                    "type": "textarea",
                    "input": true,
                    "autoExpand": false
                },
                {
                    "label": "Wat ziet u zelf als mogelijke oplossing?",
                    "tableView": true,
                    "inputFormat": "plain",
                    "validate": {
                        "required": true
                    },
                    "key": "watZietUZelfAlsMogelijkeOplossing1",
                    "type": "textarea",
                    "input": true,
                    "autoExpand": false
                },
                {
                    "label": "Columns",
                    "columns": [
                        {
                            "components": [],
                            "width": 3,
                            "offset": 0,
                            "push": 0,
                            "pull": 0,
                            "size": "sm",
                            "currentWidth": 3
                        },
                        {
                            "components": [],
                            "size": "sm",
                            "width": 3,
                            "offset": 0,
                            "push": 0,
                            "pull": 0,
                            "currentWidth": 3
                        }
                    ],
                    "key": "columns8",
                    "type": "columns",
                    "input": false,
                    "tableView": false,
                    "hideOnChildrenHidden": false
                }
            ]
        }
    },
    {
        "url": "http://localhost/api/v2/form-definitions/935d27c5-6ef3-4c17-a61c-386e88d9ed43",
        "uuid": "935d27c5-6ef3-4c17-a61c-386e88d9ed43",
        "name": "Verhuizen",
        "slug": "verhuizen",
        "configuration": {
            "display": "form",
            "components": [
                {
                    "label": "Wat is uw vraag of probleem?",
                    "description": "Beschrijf dit zo duidelijk en compleet mogelijk",
                    "tableView": true,
                    "inputFormat": "plain",
                    "validate": {
                        "required": true
                    },
                    "key": "watIsUwVraag2",
                    "type": "textarea",
                    "input": true,
                    "autoExpand": false
                },
                {
                    "label": "Wat ziet u zelf als mogelijke oplossing?",
                    "tableView": true,
                    "inputFormat": "plain",
                    "validate": {
                        "required": true
                    },
                    "key": "watZietUZelfAlsMogelijkeOplossing2",
                    "type": "textarea",
                    "input": true,
                    "autoExpand": false
                },
                {
                    "label": "Columns",
                    "columns": [
                        {
                            "components": [],
                            "width": 3,
                            "offset": 0,
                            "push": 0,
                            "pull": 0,
                            "size": "sm",
                            "currentWidth": 3
                        },
                        {
                            "components": [],
                            "size": "sm",
                            "width": 3,
                            "offset": 0,
                            "push": 0,
                            "pull": 0,
                            "currentWidth": 3
                        }
                    ],
                    "key": "columns6",
                    "type": "columns",
                    "input": false,
                    "tableView": false,
                    "hideOnChildrenHidden": false
                }
            ]
        }
    },
    {
        "url": "http://localhost/api/v2/form-definitions/80171826-da71-4ad1-beb0-3a63492781c4",
        "uuid": "80171826-da71-4ad1-beb0-3a63492781c4",
        "name": "Vervoer",
        "slug": "vervoer",
        "configuration": {
            "display": "form",
            "components": [
                {
                    "label": "Aanvullende informatie",
                    "attrs": [
                        {
                            "attr": "",
                            "value": ""
                        }
                    ],
                    "content": "U kunt alleen vervoer door AVAN bij de gemeente aanvragen (vervoer tot 25 km rond Nijmegen). U kunt geen vervoer aanvragen voor Valys (verder weg dan 25 km rond Nijmegen).  Vraag vervoer voor Valys aan bij <a href=\"https://www.valys.nl/wat-is-valys/valys-vrij/hoe-vraag-ik-een-pas-aan\" target=\"_blank\">valys.nl</a>. Lukt dit niet? Bel dan naar 14 024.",
                    "refreshOnChange": false,
                    "key": "aanvullendeInformatie",
                    "type": "content",
                    "input": false,
                    "tableView": false,
                    "html": "U kunt alleen vervoer door AVAN bij de gemeente aanvragen (vervoer tot 25 km rond Nijmegen). U kunt geen vervoer aanvragen voor Valys (verder weg dan 25 km rond Nijmegen).  Vraag vervoer voor Valys aan bij <a href=\"https://www.valys.nl/wat-is-valys/valys-vrij/hoe-vraag-ik-een-pas-aan\" target=\"_blank\">valys.nl</a>. Lukt dit niet? Bel dan naar 14 024."
                },
                {
                    "label": "Wat is uw vraag of probleem?",
                    "description": "Beschrijf dit zo duidelijk en compleet mogelijk",
                    "tableView": true,
                    "inputFormat": "plain",
                    "validate": {
                        "required": true
                    },
                    "key": "watIsUwVraag3",
                    "type": "textarea",
                    "input": true,
                    "autoExpand": false
                },
                {
                    "label": "Wat ziet u zelf als mogelijke oplossing?",
                    "tableView": true,
                    "inputFormat": "plain",
                    "validate": {
                        "required": true
                    },
                    "key": "watZietUZelfAlsMogelijkeOplossing3",
                    "type": "textarea",
                    "input": true,
                    "autoExpand": false
                },
                {
                    "label": "Columns",
                    "columns": [
                        {
                            "components": [],
                            "width": 3,
                            "offset": 0,
                            "push": 0,
                            "pull": 0,
                            "size": "sm",
                            "currentWidth": 3
                        },
                        {
                            "components": [],
                            "size": "sm",
                            "width": 3,
                            "offset": 0,
                            "push": 0,
                            "pull": 0,
                            "currentWidth": 3
                        }
                    ],
                    "key": "columns5",
                    "type": "columns",
                    "input": false,
                    "tableView": false,
                    "hideOnChildrenHidden": false
                }
            ]
        }
    },
    {
        "url": "http://localhost/api/v2/form-definitions/375e2a5f-34dd-41e6-aa2d-ccb9ff672e5e",
        "uuid": "375e2a5f-34dd-41e6-aa2d-ccb9ff672e5e",
        "name": "Anders",
        "slug": "anders",
        "configuration": {
            "display": "form",
            "components": [
                {
                    "label": "Wat is uw vraag of probleem?",
                    "description": "Beschrijf dit zo duidelijk en compleet mogelijk",
                    "tableView": true,
                    "inputFormat": "plain",
                    "validate": {
                        "required": true
                    },
                    "key": "watIsUwVraag4",
                    "type": "textarea",
                    "input": true,
                    "autoExpand": false
                },
                {
                    "label": "Wat ziet u zelf als mogelijke oplossing?",
                    "tableView": true,
                    "inputFormat": "plain",
                    "validate": {
                        "required": true
                    },
                    "key": "watZietUZelfAlsMogelijkeOplossing4",
                    "type": "textarea",
                    "input": true,
                    "autoExpand": false
                },
                {
                    "label": "Columns",
                    "columns": [
                        {
                            "components": [],
                            "width": 3,
                            "offset": 0,
                            "push": 0,
                            "pull": 0,
                            "size": "sm",
                            "currentWidth": 3
                        },
                        {
                            "components": [],
                            "size": "sm",
                            "width": 3,
                            "offset": 0,
                            "push": 0,
                            "pull": 0,
                            "currentWidth": 3
                        }
                    ],
                    "key": "columns4",
                    "type": "columns",
                    "input": false,
                    "tableView": false,
                    "hideOnChildrenHidden": false
                }
            ]
        }
    },
    {
        "url": "http://localhost/api/v2/form-definitions/e31a25cd-8325-49a0-9450-ffa84e738a6b",
        "uuid": "e31a25cd-8325-49a0-9450-ffa84e738a6b",
        "name": "Bijlage",
        "slug": "bijlage",
        "configuration": {
            "display": "form",
            "components": [
                {
                    "html": "<p>U kunt bijlagen uploaden om uw vraag duidelijker te maken. Bijvoorbeeld een afbeelding of een persoonlijk plan.</p>",
                    "label": "Content",
                    "refreshOnChange": false,
                    "key": "content",
                    "type": "content",
                    "input": false,
                    "tableView": false
                },
                {
                    "label": "Toevoegen",
                    "description": "Toegestaan zijn .jpg, .png, .jpeg of .pdf documenten die niet groter zijn dan 20MB.",
                    "tableView": false,
                    "storage": "url",
                    "webcam": false,
                    "fileTypes": [
                        {
                            "label": "",
                            "value": ""
                        }
                    ],
                    "filePattern": ".jpg,.png,.jpeg,.pdf",
                    "fileMinSize": "1KB",
                    "fileMaxSize": "20MB",
                    "multiple": true,
                    "key": "toevoegen",
                    "type": "file",
                    "url": "/cloud/s3",
                    "input": true
                },
                {
                    "label": "Columns",
                    "columns": [
                        {
                            "components": [],
                            "width": 3,
                            "offset": 0,
                            "push": 0,
                            "pull": 0,
                            "size": "sm",
                            "currentWidth": 3
                        },
                        {
                            "components": [],
                            "size": "sm",
                            "width": 3,
                            "offset": 0,
                            "push": 0,
                            "pull": 0,
                            "currentWidth": 3
                        }
                    ],
                    "key": "columns2",
                    "type": "columns",
                    "input": false,
                    "tableView": false,
                    "hideOnChildrenHidden": false
                }
            ]
        }
    }
]