[
    {
        "uuid": "0e109bbd-76a4-414d-8f76-bd1cde3dcff3",
        "name": "Melding Wmo",
        "internal_name": "",
        "login_required": false,
        "authentication_backends": [],
        "slug": "meldingwmo",
        "url": "http://localhost/api/v2/forms/0e109bbd-76a4-414d-8f76-bd1cde3dcff3",
        "show_progress_indicator": true,
        "maintenance_mode": false,
        "active": true,
        "is_deleted": false,
        "suspension_allowed": true,
        "send_confirmation_email": true,
        "display_main_website_link": true,
        "required_fields_with_asterisk": true,
        "resume_link_lifetime": 7,
        "hide_non_applicable_steps": true
    }
]