[
    {
        "uuid": "a8d3f285-5acd-4534-9570-88fda4d6b141",
        "name": "Bouwmaterialen op openbaar terrein melden of verg",
        "internal_name": "",
        "login_required": false,
        "authentication_backends": [],
        "slug": "bouwmaterialenopopenbaarterreinmeldenofvergunning",
        "url": "http://localhost/api/v2/forms/a8d3f285-5acd-4534-9570-88fda4d6b141",
        "show_progress_indicator": true,
        "maintenance_mode": false,
        "active": true,
        "is_deleted": false,
        "suspension_allowed": true,
        "send_confirmation_email": true,
        "display_main_website_link": true,
        "required_fields_with_asterisk": true,
        "resume_link_lifetime": 7,
        "hide_non_applicable_steps": true
    }
]