[
    {
        "url": "http://localhost/api/v2/form-definitions/9b5ffbc9-c417-4815-a024-84ecbc38c752",
        "uuid": "9b5ffbc9-c417-4815-a024-84ecbc38c752",
        "name": "Bouwmaterialen",
        "slug": "bouwmaterialen",
        "configuration": {
            "display": "form",
            "components": [
                {
                    "label": "Waar gaat u de bouwmaterialen plaatsen?",
                    "description": "Noem de straatnaam en het huisnummer dat het meest in de buurt is",
                    "widget": "",
                    "tableView": true,
                    "inputFormat": "plain",
                    "key": "waarGaatUDeBouwmaterialenPlaatsen",
                    "type": "textarea",
                    "input": true,
                    "lang": "nl",
                    "autoExpand": false
                },
                {
                    "label": "Welke bouwmaterialen wilt u plaatsen? Beantwoordt per bouwmateriaal dat u gaat plaatsen deze vragen: ",
                    "reorder": false,
                    "addAnother": "Toevoegen",
                    "addAnotherPosition": "bottom",
                    "layoutFixed": false,
                    "enableRowGroups": false,
                    "initEmpty": false,
                    "tableView": false,
                    "defaultValue": [
                        {
                            "container": {
                                "bouwmateriaal": "",
                                "lengte": ""
                            }
                        }
                    ],
                    "key": "welkeBouwmaterialenWiltUPlaatsen",
                    "type": "datagrid",
                    "input": true,
                    "components": [
                        {
                            "components": [
                                {
                                    "label": "Bouwmateriaal",
                                    "widget": "choicesjs",
                                    "tableView": true,
                                    "data": {
                                        "values": [
                                            {
                                                "label": "steiger (per gebouw)",
                                                "value": "steigerPerGebouw"
                                            },
                                            {
                                                "label": "hoogwerker",
                                                "value": "hoogwerker"
                                            },
                                            {
                                                "label": "puinbak",
                                                "value": "puinbak"
                                            },
                                            {
                                                "label": "afzetcontainer",
                                                "value": "afzetcontainer"
                                            },
                                            {
                                                "label": "bouwkeet",
                                                "value": "bouwkeet"
                                            },
                                            {
                                                "label": "verhuislift",
                                                "value": "verhuislift"
                                            },
                                            {
                                                "label": "pompinstallatie",
                                                "value": "pompinstallatie"
                                            },
                                            {
                                                "label": "eco-toilet",
                                                "value": "ecoToilet"
                                            },
                                            {
                                                "label": "mobiele kraan",
                                                "value": "mobieleKraan"
                                            },
                                            {
                                                "label": "big bag zand of cement",
                                                "value": "bigBagZandOfCement"
                                            },
                                            {
                                                "label": "pallet stenen of tegels",
                                                "value": "palletStenenOfTegels"
                                            },
                                            {
                                                "label": "anders",
                                                "value": "anders"
                                            }
                                        ]
                                    },
                                    "validate": {
                                        "required": true
                                    },
                                    "key": "bouwmateriaal",
                                    "type": "select",
                                    "input": true,
                                    "searchThreshold": 0.3,
                                    "lang": "nl"
                                },
                                {
                                    "components": [
                                        {
                                            "label": "Lengte",
                                            "applyMaskOn": "change",
                                            "tableView": true,
                                            "validate": {
                                                "required": true,
                                                "pattern": "^\\d{0,3}(\\,\\d{0,1})?$"
                                            },
                                            "key": "lengte",
                                            "type": "textfield",
                                            "input": true,
                                            "lang": "nl",
                                            "prefill": {
                                                "plugin": "",
                                                "attribute": "",
                                                "identifierRole": "main"
                                            }
                                        },
                                        {
                                            "label": "Breedte",
                                            "applyMaskOn": "change",
                                            "tableView": true,
                                            "validate": {
                                                "required": true,
                                                "pattern": "^\\d{0,3}(\\,\\d{0,1})?$"
                                            },
                                            "key": "breedte",
                                            "type": "textfield",
                                            "input": true,
                                            "lang": "nl",
                                            "prefill": {
                                                "plugin": "",
                                                "attribute": "",
                                                "identifierRole": "main"
                                            }
                                        },
                                        {
                                            "label": "Hoogte",
                                            "applyMaskOn": "change",
                                            "tableView": true,
                                            "validate": {
                                                "required": true,
                                                "pattern": "^\\d{0,3}(\\,\\d{0,1})?$"
                                            },
                                            "key": "hoogte",
                                            "type": "textfield",
                                            "input": true,
                                            "lang": "nl",
                                            "prefill": {
                                                "plugin": "",
                                                "attribute": "",
                                                "identifierRole": "main"
                                            }
                                        }
                                    ],
                                    "key": "fieldSet-1-2-3-4-5",
                                    "type": "fieldset",
                                    "label": "Field Set",
                                    "tree": false,
                                    "input": false,
                                    "hidden": false,
                                    "legend": "",
                                    "prefix": "",
                                    "suffix": "",
                                    "unique": false,
                                    "widget": null,
                                    "dbIndex": false,
                                    "overlay": {
                                        "top": "",
                                        "left": "",
                                        "style": "",
                                        "width": "",
                                        "height": ""
                                    },
                                    "tooltip": "",
                                    "disabled": false,
                                    "multiple": false,
                                    "redrawOn": "",
                                    "tabindex": "",
                                    "validate": {
                                        "custom": "",
                                        "unique": false,
                                        "multiple": false,
                                        "required": false,
                                        "customPrivate": false,
                                        "strictDateValidation": false
                                    },
                                    "autofocus": false,
                                    "encrypted": false,
                                    "hideLabel": false,
                                    "modalEdit": false,
                                    "protected": false,
                                    "refreshOn": "",
                                    "tableView": false,
                                    "attributes": {},
                                    "errorLabel": "",
                                    "hideHeader": false,
                                    "persistent": false,
                                    "properties": {},
                                    "validateOn": "change",
                                    "clearOnHide": true,
                                    "conditional": {
                                        "eq": "",
                                        "show": null,
                                        "when": null
                                    },
                                    "customClass": "",
                                    "description": "",
                                    "placeholder": "",
                                    "defaultValue": null,
                                    "dataGridLabel": false,
                                    "labelPosition": "top",
                                    "showCharCount": false,
                                    "showWordCount": false,
                                    "calculateValue": "",
                                    "calculateServer": false,
                                    "allowMultipleMasks": false,
                                    "customDefaultValue": "",
                                    "allowCalculateOverride": false
                                },
                                {
                                    "label": "Sluit u met deze mobiele kraan de straat af?",
                                    "optionsLabelPosition": "right",
                                    "inline": false,
                                    "tableView": false,
                                    "values": [
                                        {
                                            "label": "ja",
                                            "value": "ja",
                                            "shortcut": ""
                                        },
                                        {
                                            "label": "nee",
                                            "value": "nee",
                                            "shortcut": ""
                                        }
                                    ],
                                    "validate": {
                                        "required": true
                                    },
                                    "key": "sluitUMetDezeMobieleKraanDeStraatAf",
                                    "conditional": {
                                        "show": true,
                                        "conjunction": "all",
                                        "conditions": [
                                            {
                                                "component": "welkeBouwmaterialenWiltUPlaatsen.container.bouwmateriaal",
                                                "operator": "isEqual",
                                                "value": "mobieleKraan"
                                            }
                                        ]
                                    },
                                    "type": "radio",
                                    "input": true,
                                    "lang": "nl"
                                },
                                {
                                    "label": "Wat dan?",
                                    "applyMaskOn": "change",
                                    "tableView": true,
                                    "validate": {
                                        "required": true
                                    },
                                    "key": "watDan",
                                    "conditional": {
                                        "show": true,
                                        "conjunction": "all",
                                        "conditions": [
                                            {
                                                "component": "welkeBouwmaterialenWiltUPlaatsen.container.bouwmateriaal",
                                                "operator": "isEqual",
                                                "value": "anders"
                                            }
                                        ]
                                    },
                                    "type": "textfield",
                                    "input": true,
                                    "lang": "nl",
                                    "prefill": {
                                        "plugin": "",
                                        "attribute": "",
                                        "identifierRole": "main"
                                    }
                                }
                            ],
                            "key": "fieldSet-1-2-3-4",
                            "type": "fieldset",
                            "label": "Field Set",
                            "tree": false,
                            "input": false,
                            "hidden": false,
                            "legend": "",
                            "prefix": "",
                            "suffix": "",
                            "unique": false,
                            "widget": null,
                            "dbIndex": false,
                            "overlay": {
                                "top": "",
                                "left": "",
                                "style": "",
                                "width": "",
                                "height": ""
                            },
                            "tooltip": "",
                            "disabled": false,
                            "multiple": false,
                            "redrawOn": "",
                            "tabindex": "",
                            "validate": {
                                "custom": "",
                                "unique": false,
                                "multiple": false,
                                "required": false,
                                "customPrivate": false,
                                "strictDateValidation": false
                            },
                            "autofocus": false,
                            "encrypted": false,
                            "hideLabel": false,
                            "modalEdit": false,
                            "protected": false,
                            "refreshOn": "",
                            "tableView": false,
                            "attributes": {},
                            "errorLabel": "",
                            "hideHeader": false,
                            "persistent": false,
                            "properties": {},
                            "validateOn": "change",
                            "clearOnHide": true,
                            "conditional": {
                                "eq": "",
                                "show": null,
                                "when": null
                            },
                            "customClass": "",
                            "description": "",
                            "placeholder": "",
                            "defaultValue": null,
                            "dataGridLabel": false,
                            "labelPosition": "top",
                            "showCharCount": false,
                            "showWordCount": false,
                            "calculateValue": "",
                            "calculateServer": false,
                            "allowMultipleMasks": false,
                            "customDefaultValue": "",
                            "allowCalculateOverride": false
                        }
                    ]
                },
                {
                    "label": "Datum vanaf wanneer u de bouwmaterialen wilt plaatsen ",
                    "placeholder": "dag-maand-jaar",
                    "tableView": false,
                    "enableMinDateInput": false,
                    "datePicker": {
                        "disableWeekends": false,
                        "disableWeekdays": false
                    },
                    "enableMaxDateInput": false,
                    "timePicker": {
                        "showMeridian": false
                    },
                    "validate": {
                        "required": true,
                        "custom": "var morgen = new Date((new Date()).valueOf() + 1000*60*60*24);\nvar invulDatum = new Date(input.split('-')[2] + '-' + input.split('-')[1] + '-' + input.split('-')[0]).getTime();\nif(morgen >= invulDatum) {\n  valid = 'Deze datum mag niet minder dan 24 uur in de toekomst liggen.';\n} else {\nvalid = true;\n}"
                    },
                    "key": "datumVanafWanneerUDeBouwmaterialenWiltPlaatsen",
                    "type": "datetime",
                    "input": true,
                    "widget": {
                        "type": "calendar",
                        "displayInTimezone": "viewer",
                        "locale": "nl",
                        "useLocaleSettings": false,
                        "allowInput": true,
                        "mode": "single",
                        "enableTime": false,
                        "noCalendar": false,
                        "format": "dd-MM-yyyy",
                        "hourIncrement": 1,
                        "minuteIncrement": 5,
                        "time_24hr": true,
                        "minDate": null,
                        "disableWeekends": false,
                        "disableWeekdays": false,
                        "maxDate": null
                    }
                },
                {
                    "label": "Datum tot wanneer u de bouwmaterialen wilt plaatsen",
                    "placeholder": "dag-maand-jaar",
                    "tableView": false,
                    "enableMinDateInput": false,
                    "datePicker": {
                        "disableWeekends": false,
                        "disableWeekdays": false
                    },
                    "enableMaxDateInput": false,
                    "timePicker": {
                        "showMeridian": false
                    },
                    "validate": {
                        "required": true,
                        "custom": "if(!data.datumVanafWanneerUDeBouwmaterialenWiltPlaatsen) {\n valid = 'Vul eerst in wanneer u start met het plaatsen van bouwmaterialen.';\n} else {\n  var start = data.datumVanafWanneerUDeBouwmaterialenWiltPlaatsen;\n  var startFormatted = new Date(start.split('-')[2] + '-' + start.split('-')[1] + '-' + start.split('-')[0]).getTime();\n  var totWanneer = new Date(input.split('-')[2] + '-' + input.split('-')[1] + '-' + input.split('-')[0]).getTime();\n  if(totWanneer >= startFormatted) {\n    valid = true;\n  } else {\n  valid = 'Deze datum moet later zijn dan de datum waarop u start met het plaatsen van bouwmaterialen.';\n  }\n}"
                    },
                    "key": "datumTotWanneerUDeBouwmaterialenWiltPlaatsen",
                    "type": "datetime",
                    "input": true,
                    "widget": {
                        "type": "calendar",
                        "displayInTimezone": "viewer",
                        "locale": "nl",
                        "useLocaleSettings": false,
                        "allowInput": true,
                        "mode": "single",
                        "enableTime": false,
                        "noCalendar": false,
                        "format": "dd-MM-yyyy",
                        "hourIncrement": 1,
                        "minuteIncrement": 5,
                        "time_24hr": true,
                        "minDate": null,
                        "disableWeekends": false,
                        "disableWeekdays": false,
                        "maxDate": null
                    }
                },
                {
                    "label": "Opmerkingen",
                    "tableView": true,
                    "inputFormat": "plain",
                    "key": "opmerkingen",
                    "type": "textarea",
                    "input": true,
                    "lang": "nl",
                    "autoExpand": false
                },
                {
                    "label": "Columns",
                    "columns": [
                        {
                            "components": [],
                            "width": 3,
                            "offset": 0,
                            "push": 0,
                            "pull": 0,
                            "size": "sm",
                            "currentWidth": 3
                        },
                        {
                            "components": [],
                            "width": 6,
                            "offset": 0,
                            "push": 0,
                            "pull": 0,
                            "size": "md",
                            "currentWidth": 6
                        }
                    ],
                    "key": "columns",
                    "type": "columns",
                    "input": false,
                    "tableView": false
                }
            ]
        }
    },
    {
        "url": "http://localhost/api/v2/form-definitions/a3459d45-10d6-4029-a0a1-365012d58940",
        "uuid": "a3459d45-10d6-4029-a0a1-365012d58940",
        "name": "Regels",
        "slug": "regels",
        "configuration": {
            "display": "form",
            "components": [
                {
                    "label": "Totaal aantal bouwmaterialen",
                    "applyMaskOn": "change",
                    "tableView": true,
                    "key": "totaalAantalBouwmaterialen",
                    "type": "textfield",
                    "input": true,
                    "lang": "nl",
                    "prefill": {
                        "plugin": "",
                        "attribute": "",
                        "identifierRole": "main"
                    }
                },
                {
                    "label": "Houdt u zich aan deze regels?",
                    "optionsLabelPosition": "right",
                    "description": "Bekijk de &nbsp<a href=\"https://lokaleregelgeving.overheid.nl/CVDR625706\" target=\"_blank\">‘Nadere regels bouwobjecten’</a>. ",
                    "inline": false,
                    "tableView": false,
                    "values": [
                        {
                            "label": "ja",
                            "value": "ja",
                            "shortcut": ""
                        },
                        {
                            "label": "nee",
                            "value": "nee",
                            "shortcut": ""
                        }
                    ],
                    "validate": {
                        "required": true
                    },
                    "key": "houdtUZichAanDezeRegels",
                    "type": "radio",
                    "input": true,
                    "lang": "nl"
                },
                {
                    "label": "Als er andere regels zijn waar u zich niet aan houdt, naast het afsluiten van de straat met een mobiele kraan, noem deze dan",
                    "description": "Bekijk de <a href=\"https://lokaleregelgeving.overheid.nl/CVDR625706\" target=\"_blank\">‘Nadere regels bouwobjecten’</a>.",
                    "applyMaskOn": "change",
                    "tableView": true,
                    "validate": {
                        "required": true
                    },
                    "key": "alsErAndereRegelsZijnWaarUZichNietAanHoudtNaastHetAfsluitenVanDeStraatMetEenMobieleKraanNoemDezeDan",
                    "type": "textfield",
                    "input": true,
                    "lang": "nl",
                    "prefill": {
                        "plugin": "",
                        "attribute": "",
                        "identifierRole": "main"
                    }
                },
                {
                    "html": "<p>U hoeft geen vergunning aan te vragen, de werkzaamheden melden is genoeg.&nbsp;<br>U meldt de werkzaamheden door dit formulier te verzenden. Doe dit op het laatst om 9:00 uur 's ochtends op de werkdag vóór de dag dat u de bouwmaterialen gaat plaatsen.</p>",
                    "label": "Content",
                    "refreshOnChange": false,
                    "key": "content-1-2",
                    "type": "content",
                    "input": false,
                    "tableView": false
                },
                {
                    "label": "melding bewaren",
                    "attrs": [
                        {
                            "attr": "",
                            "value": ""
                        }
                    ],
                    "content": "Op de bouwplaats moet een kopie van uw melding aanwezig zijn. Bewaar daarom uw melding: kies na verzenden voor ‘gegevens bewaren als PDF-document’. Of download uw melding via <a href=\"https://www.nijmegen.nl/diensten/mijn-nijmegen/\" target=\"_blank\">Mijn Nijmegen</a>.",
                    "refreshOnChange": false,
                    "key": "meldingBewaren",
                    "type": "content",
                    "input": false,
                    "tableView": false,
                    "html": "Op de bouwplaats moet een kopie van uw melding aanwezig zijn. Bewaar daarom uw melding: kies na verzenden voor ‘gegevens bewaren als PDF-document’. Of download uw melding via <a href=\"https://www.nijmegen.nl/diensten/mijn-nijmegen/\" target=\"_blank\">Mijn Nijmegen</a>."
                },
                {
                    "label": "Aan welke regels houdt u zich niet?",
                    "tableView": true,
                    "inputFormat": "plain",
                    "validate": {
                        "required": true
                    },
                    "key": "aanWelkeRegelsHoudtUZichNiet",
                    "type": "textarea",
                    "input": true,
                    "lang": "nl",
                    "autoExpand": false
                },
                {
                    "html": "<p>U moet een vergunning aanvragen voor het plaatsen van de bouwmaterialen (bouwobjectenvergunning). U vraagt de vergunning aan door aan het einde van dit formulier te klikken op ‘Verzenden’. Doe dit op het laatst 3 weken voordat u de bouwmaterialen wilt plaatsen.</p>",
                    "label": "Content",
                    "refreshOnChange": false,
                    "key": "content1",
                    "type": "content",
                    "input": false,
                    "tableView": false
                },
                {
                    "label": "Columns",
                    "columns": [
                        {
                            "components": [],
                            "width": 3,
                            "offset": 0,
                            "push": 0,
                            "pull": 0,
                            "size": "sm",
                            "currentWidth": 3
                        },
                        {
                            "components": [],
                            "width": 3,
                            "offset": 0,
                            "push": 0,
                            "pull": 0,
                            "size": "sm",
                            "currentWidth": 3
                        }
                    ],
                    "key": "columns1",
                    "type": "columns",
                    "input": false,
                    "tableView": false
                }
            ]
        }
    },
    {
        "url": "http://localhost/api/v2/form-definitions/9d044263-257a-47c9-bf28-07aaf997b2b9",
        "uuid": "9d044263-257a-47c9-bf28-07aaf997b2b9",
        "name": "Contactgegevens",
        "slug": "contactgegevens",
        "configuration": {
            "display": "form",
            "components": [
                {
                    "components": [
                        {
                            "label": "Naam",
                            "customClass": "naamingelogdegebruikerfieldnonhidden nonhiddenfield",
                            "tableView": true,
                            "persistent": false,
                            "key": "naamIngelogdeGebruiker",
                            "type": "textfield",
                            "input": true,
                            "prefill": {
                                "plugin": "haalcentraal",
                                "attribute": "verblijfplaats.huisnummer",
                                "identifierRole": "main"
                            }
                        },
                        {
                            "label": "Straatnaam",
                            "customClass": "straatnaamfieldnonhidden nonhiddenfield",
                            "tableView": true,
                            "persistent": false,
                            "key": "straatnaam",
                            "type": "textfield",
                            "input": true,
                            "prefill": {
                                "plugin": "haalcentraal",
                                "attribute": "verblijfplaats.woonplaats",
                                "identifierRole": "main"
                            }
                        },
                        {
                            "label": "Huisnummer",
                            "customClass": "huisnummerfieldnonhidden nonhiddenfield",
                            "tableView": true,
                            "persistent": false,
                            "key": "huisnummerfield",
                            "type": "textfield",
                            "input": true,
                            "prefill": {
                                "plugin": "haalcentraal",
                                "attribute": "verblijfplaats.huisnummer",
                                "identifierRole": "main"
                            }
                        },
                        {
                            "label": "Postcode",
                            "customClass": "postcodefieldnonhidden nonhiddenfield",
                            "tableView": true,
                            "persistent": false,
                            "key": "postcode",
                            "type": "textfield",
                            "input": true,
                            "prefill": {
                                "plugin": "haalcentraal",
                                "attribute": "verblijfplaats.huisnummer",
                                "identifierRole": "main"
                            }
                        },
                        {
                            "label": "Woonplaats",
                            "customClass": "woonplaatsfieldnonhidden nonhiddenfield",
                            "tableView": true,
                            "persistent": false,
                            "key": "woonplaats",
                            "type": "textfield",
                            "input": true,
                            "prefill": {
                                "plugin": "haalcentraal",
                                "attribute": "verblijfplaats.huisnummer",
                                "identifierRole": "main"
                            }
                        }
                    ],
                    "key": "fieldSet-1-2-3",
                    "type": "fieldset",
                    "label": "Field Set",
                    "tree": false,
                    "input": false,
                    "hidden": false,
                    "legend": "",
                    "prefix": "",
                    "suffix": "",
                    "unique": false,
                    "widget": null,
                    "dbIndex": false,
                    "overlay": {
                        "top": "",
                        "left": "",
                        "style": "",
                        "width": "",
                        "height": ""
                    },
                    "tooltip": "",
                    "disabled": false,
                    "multiple": false,
                    "redrawOn": "",
                    "tabindex": "",
                    "validate": {
                        "custom": "",
                        "unique": false,
                        "multiple": false,
                        "required": false,
                        "customPrivate": false,
                        "strictDateValidation": false
                    },
                    "autofocus": false,
                    "encrypted": false,
                    "hideLabel": false,
                    "modalEdit": false,
                    "protected": false,
                    "refreshOn": "",
                    "tableView": false,
                    "attributes": {},
                    "errorLabel": "",
                    "hideHeader": false,
                    "persistent": false,
                    "properties": {},
                    "validateOn": "change",
                    "clearOnHide": true,
                    "customClass": "",
                    "description": "",
                    "placeholder": "",
                    "defaultValue": null,
                    "dataGridLabel": false,
                    "labelPosition": "top",
                    "showCharCount": false,
                    "showWordCount": false,
                    "calculateValue": "",
                    "calculateServer": false,
                    "allowMultipleMasks": false,
                    "customDefaultValue": "",
                    "allowCalculateOverride": false,
                    "originalFormName": "nonhiddenfieldsform1"
                },
                {
                    "label": "Bent u zelf de contactpersoon voor deze aanvraag?",
                    "optionsLabelPosition": "right",
                    "inline": false,
                    "tableView": false,
                    "values": [
                        {
                            "label": "ja",
                            "value": "ja",
                            "shortcut": ""
                        },
                        {
                            "label": "nee",
                            "value": "nee",
                            "shortcut": ""
                        }
                    ],
                    "validate": {
                        "required": true
                    },
                    "key": "bentUZelfDeContactpersoonVoorDezeAanvraag",
                    "type": "radio",
                    "input": true,
                    "lang": "nl"
                },
                {
                    "components": [
                        {
                            "label": "Naam contactpersoon",
                            "applyMaskOn": "change",
                            "tableView": true,
                            "validate": {
                                "required": true
                            },
                            "key": "naamContactpersoon",
                            "type": "textfield",
                            "input": true,
                            "lang": "nl",
                            "prefill": {
                                "plugin": "",
                                "attribute": "",
                                "identifierRole": "main"
                            }
                        },
                        {
                            "label": "E-mailadres contactpersoon",
                            "applyMaskOn": "change",
                            "tableView": true,
                            "validate": {
                                "required": true
                            },
                            "key": "eMailadresContactpersoon",
                            "type": "email",
                            "input": true
                        },
                        {
                            "label": "Telefoonnummer",
                            "applyMaskOn": "change",
                            "tableView": true,
                            "validate": {
                                "required": true
                            },
                            "key": "telefoonnummerContactpersoon",
                            "type": "textfield",
                            "input": true,
                            "lang": "nl",
                            "prefill": {
                                "plugin": "",
                                "attribute": "",
                                "identifierRole": "main"
                            }
                        }
                    ],
                    "key": "fieldSet-1-2",
                    "type": "fieldset",
                    "label": "Field Set",
                    "tree": false,
                    "input": false,
                    "hidden": false,
                    "legend": "",
                    "prefix": "",
                    "suffix": "",
                    "unique": false,
                    "widget": null,
                    "dbIndex": false,
                    "overlay": {
                        "top": "",
                        "left": "",
                        "style": "",
                        "width": "",
                        "height": ""
                    },
                    "tooltip": "",
                    "disabled": false,
                    "multiple": false,
                    "redrawOn": "",
                    "tabindex": "",
                    "validate": {
                        "custom": "",
                        "unique": false,
                        "multiple": false,
                        "required": false,
                        "customPrivate": false,
                        "strictDateValidation": false
                    },
                    "autofocus": false,
                    "encrypted": false,
                    "hideLabel": false,
                    "modalEdit": false,
                    "protected": false,
                    "refreshOn": "",
                    "tableView": false,
                    "attributes": {},
                    "errorLabel": "",
                    "hideHeader": false,
                    "persistent": false,
                    "properties": {},
                    "validateOn": "change",
                    "clearOnHide": true,
                    "customClass": "",
                    "description": "",
                    "placeholder": "",
                    "defaultValue": null,
                    "dataGridLabel": false,
                    "labelPosition": "top",
                    "showCharCount": false,
                    "showWordCount": false,
                    "calculateValue": "",
                    "calculateServer": false,
                    "allowMultipleMasks": false,
                    "customDefaultValue": "",
                    "allowCalculateOverride": false
                },
                {
                    "label": "Hoe wilt u dat de gemeente contact met u opneemt over uw aanvraag/melding als dat nodig is?",
                    "optionsLabelPosition": "right",
                    "description": "Soms is de gemeente verplicht om via post contact met u op te nemen. Dan kan er geen rekening gehouden worden met hoe u het liefste contact wilt hebben.",
                    "inline": false,
                    "tableView": false,
                    "values": [
                        {
                            "label": "via e-mail",
                            "value": "viaEMail",
                            "shortcut": ""
                        },
                        {
                            "label": "via telefoon",
                            "value": "viaTelefoon",
                            "shortcut": ""
                        }
                    ],
                    "validate": {
                        "required": true
                    },
                    "key": "hoeWiltUDatDeGemeenteContactMetUOpneemtOverUwAanvraagMeldingAlsDatNodigIs",
                    "type": "radio",
                    "input": true,
                    "lang": "nl"
                },
                {
                    "components": [
                        {
                            "label": "E-mailadres",
                            "applyMaskOn": "change",
                            "tableView": true,
                            "validate": {
                                "required": true
                            },
                            "key": "eMailadres",
                            "type": "email",
                            "input": true
                        },
                        {
                            "label": "Telefoonnummer",
                            "applyMaskOn": "change",
                            "tableView": true,
                            "key": "telefoonnummer",
                            "type": "textfield",
                            "input": true,
                            "lang": "nl",
                            "prefill": {
                                "plugin": "",
                                "attribute": "",
                                "identifierRole": "main"
                            }
                        },
                        {
                            "html": "<p>Als u ook uw telefoonnummer invult kunnen wij sneller met u contact opnemen als dit nodig is.</p>",
                            "label": "Content",
                            "refreshOnChange": false,
                            "key": "content-1",
                            "type": "content",
                            "input": false,
                            "tableView": false
                        }
                    ],
                    "key": "fieldSet-1",
                    "type": "fieldset",
                    "label": "Field Set",
                    "tree": false,
                    "input": false,
                    "hidden": false,
                    "legend": "",
                    "prefix": "",
                    "suffix": "",
                    "unique": false,
                    "widget": null,
                    "dbIndex": false,
                    "overlay": {
                        "top": "",
                        "left": "",
                        "style": "",
                        "width": "",
                        "height": ""
                    },
                    "tooltip": "",
                    "disabled": false,
                    "multiple": false,
                    "redrawOn": "",
                    "tabindex": "",
                    "validate": {
                        "custom": "",
                        "unique": false,
                        "multiple": false,
                        "required": false,
                        "customPrivate": false,
                        "strictDateValidation": false
                    },
                    "autofocus": false,
                    "encrypted": false,
                    "hideLabel": false,
                    "modalEdit": false,
                    "protected": false,
                    "refreshOn": "",
                    "tableView": false,
                    "attributes": {},
                    "errorLabel": "",
                    "hideHeader": false,
                    "persistent": false,
                    "properties": {},
                    "validateOn": "change",
                    "clearOnHide": true,
                    "customClass": "",
                    "description": "",
                    "placeholder": "",
                    "defaultValue": null,
                    "dataGridLabel": false,
                    "labelPosition": "top",
                    "showCharCount": false,
                    "showWordCount": false,
                    "calculateValue": "",
                    "calculateServer": false,
                    "allowMultipleMasks": false,
                    "customDefaultValue": "",
                    "allowCalculateOverride": false
                },
                {
                    "components": [
                        {
                            "label": "Telefoonnummer",
                            "applyMaskOn": "change",
                            "tableView": true,
                            "validate": {
                                "required": true
                            },
                            "key": "telefoonnummer1",
                            "type": "textfield",
                            "input": true,
                            "lang": "nl",
                            "prefill": {
                                "plugin": "",
                                "attribute": "",
                                "identifierRole": "main"
                            }
                        },
                        {
                            "label": "E-mailadres",
                            "applyMaskOn": "change",
                            "tableView": true,
                            "key": "eMailadres1",
                            "type": "email",
                            "input": true
                        },
                        {
                            "html": "<ul><li>Als wij u niet kunnen bereiken via de telefoon dan sturen wij u een e-mail&nbsp;</li><li>Als u een bericht wilt ontvangen via e-mail dat uw aanvraag goed bij ons is aangekomen, vul dan uw e-mailadres in. U heeft dan een bewijs dat u een aanvraag heeft gedaan</li></ul>",
                            "label": "Content",
                            "refreshOnChange": false,
                            "key": "content",
                            "type": "content",
                            "input": false,
                            "tableView": false
                        }
                    ],
                    "key": "fieldSet",
                    "type": "fieldset",
                    "label": "Field Set",
                    "tree": false,
                    "input": false,
                    "hidden": false,
                    "legend": "",
                    "prefix": "",
                    "suffix": "",
                    "unique": false,
                    "widget": null,
                    "dbIndex": false,
                    "overlay": {
                        "top": "",
                        "left": "",
                        "style": "",
                        "width": "",
                        "height": ""
                    },
                    "tooltip": "",
                    "disabled": false,
                    "multiple": false,
                    "redrawOn": "",
                    "tabindex": "",
                    "validate": {
                        "custom": "",
                        "unique": false,
                        "multiple": false,
                        "required": false,
                        "customPrivate": false,
                        "strictDateValidation": false
                    },
                    "autofocus": false,
                    "encrypted": false,
                    "hideLabel": false,
                    "modalEdit": false,
                    "protected": false,
                    "refreshOn": "",
                    "tableView": false,
                    "attributes": {},
                    "errorLabel": "",
                    "hideHeader": false,
                    "persistent": false,
                    "properties": {},
                    "validateOn": "change",
                    "clearOnHide": true,
                    "customClass": "",
                    "description": "",
                    "placeholder": "",
                    "defaultValue": null,
                    "dataGridLabel": false,
                    "labelPosition": "top",
                    "showCharCount": false,
                    "showWordCount": false,
                    "calculateValue": "",
                    "calculateServer": false,
                    "allowMultipleMasks": false,
                    "customDefaultValue": "",
                    "allowCalculateOverride": false
                },
                {
                    "label": "Columns",
                    "columns": [
                        {
                            "components": [],
                            "width": 3,
                            "offset": 0,
                            "push": 0,
                            "pull": 0,
                            "size": "sm",
                            "currentWidth": 3
                        },
                        {
                            "components": [],
                            "width": 3,
                            "offset": 0,
                            "push": 0,
                            "pull": 0,
                            "size": "sm",
                            "currentWidth": 3
                        }
                    ],
                    "key": "columns2",
                    "type": "columns",
                    "input": false,
                    "tableView": false
                }
            ]
        }
    },
    {
        "url": "http://localhost/api/v2/form-definitions/067eb19d-ba40-4def-8fd3-1ec3e30edc65",
        "uuid": "067eb19d-ba40-4def-8fd3-1ec3e30edc65",
        "name": "Bijlage(n)",
        "slug": "bijlagen",
        "configuration": {
            "display": "form",
            "components": [
                {
                    "label": "Toevoegen",
                    "description": "Toegestaan zijn .jpg, .png, .jpeg of .pdf documenten die niet groter zijn dan 20MB.",
                    "tableView": false,
                    "storage": "url",
                    "webcam": false,
                    "fileTypes": [
                        {
                            "label": "",
                            "value": ""
                        }
                    ],
                    "filePattern": ".jpg,.png,.jpeg,.pdf",
                    "fileMinSize": "1KB",
                    "fileMaxSize": "20MB",
                    "multiple": true,
                    "validate": {
                        "required": true,
                        "customMessage": "U moet minimaal 1 bijlage toevoegen. Deze bijlage moet de volgende bestandsindeling hebben: .jpg of .png of .jpeg of .pdf"
                    },
                    "key": "toevoegen",
                    "type": "file",
                    "url": "/cloud/s3",
                    "input": true,
                    "lang": "nl"
                },
                {
                    "html": "<p>Ik heb deze bijlage toegevoegd:</p>",
                    "label": "Content",
                    "refreshOnChange": false,
                    "key": "content2",
                    "type": "content",
                    "input": false,
                    "tableView": false
                },
                {
                    "label": "Tekening van de bouwplaats. Hierop staat waar de bouwmaterialen geplaatst worden",
                    "tableView": false,
                    "validate": {
                        "required": true
                    },
                    "key": "tekeningVanDeBouwplaatsHieropStaatWaarDeBouwmaterialenGeplaatstWorden",
                    "type": "checkbox",
                    "input": true,
                    "lang": "nl",
                    "defaultValue": false
                },
                {
                    "label": "En de dwarsprofielen van de plaats waar de mobiele kraan staat",
                    "tableView": false,
                    "key": "enDeDwarsprofielenVanDePlaatsWaarDeMobieleKraanStaat",
                    "type": "checkbox",
                    "input": true,
                    "lang": "nl",
                    "defaultValue": false
                },
                {
                    "label": "Columns",
                    "columns": [
                        {
                            "components": [],
                            "width": 3,
                            "offset": 0,
                            "push": 0,
                            "pull": 0,
                            "size": "sm",
                            "currentWidth": 3
                        },
                        {
                            "components": [],
                            "width": 3,
                            "offset": 0,
                            "push": 0,
                            "pull": 0,
                            "size": "sm",
                            "currentWidth": 3
                        }
                    ],
                    "key": "columns3",
                    "type": "columns",
                    "input": false,
                    "tableView": false
                }
            ]
        }
    }
]