[
    {
        "uuid": "d2867b9b-78c3-4357-a2b9-9996626afe04",
        "name": "Aanpassing beheer bewindvoerderskosten",
        "internal_name": "",
        "login_required": false,
        "authentication_backends": [],
        "slug": "aanpassingbeheerbewindvoerderskosten",
        "url": "http://localhost/api/v2/forms/d2867b9b-78c3-4357-a2b9-9996626afe04",
        "show_progress_indicator": true,
        "maintenance_mode": false,
        "active": true,
        "is_deleted": false,
        "suspension_allowed": true,
        "send_confirmation_email": true,
        "display_main_website_link": true,
        "required_fields_with_asterisk": true,
        "resume_link_lifetime": 7,
        "hide_non_applicable_steps": true
    }
]