[
    {
        "uuid": "a5febd6d-c3e9-491c-93df-aa10dc75f6bc",
        "name": "Mantelzorgcompliment aanvragen",
        "internal_name": "",
        "login_required": false,
        "authentication_backends": [],
        "slug": "mantelzorgcomplimentaanvragen",
        "url": "http://localhost/api/v2/forms/a5febd6d-c3e9-491c-93df-aa10dc75f6bc",
        "show_progress_indicator": true,
        "maintenance_mode": false,
        "active": true,
        "is_deleted": false,
        "suspension_allowed": true,
        "send_confirmation_email": true,
        "display_main_website_link": true,
        "required_fields_with_asterisk": true,
        "resume_link_lifetime": 7,
        "hide_non_applicable_steps": true
    }
]