[
    {
        "url": "http://localhost/api/v2/form-definitions/2f71e550-6e5f-4a44-92f9-aa893f275eba",
        "uuid": "2f71e550-6e5f-4a44-92f9-aa893f275eba",
        "name": "Gegevens verwijzer",
        "slug": "gegevens-verwijzer",
        "configuration": {
            "display": "form",
            "components": [
                {
                    "label": "Naam",
                    "tableView": true,
                    "validate": {
                        "required": true
                    },
                    "key": "naam",
                    "type": "textfield",
                    "input": true,
                    "prefill": {
                        "plugin": "",
                        "attribute": "",
                        "identifierRole": "main"
                    }
                },
                {
                    "label": "Functie",
                    "tableView": true,
                    "validate": {
                        "required": true
                    },
                    "key": "functie",
                    "type": "textfield",
                    "input": true,
                    "prefill": {
                        "plugin": "",
                        "attribute": "",
                        "identifierRole": "main"
                    }
                },
                {
                    "label": "Telefoonnummer",
                    "tableView": true,
                    "validate": {
                        "required": true
                    },
                    "key": "telefoonnummer",
                    "type": "textfield",
                    "input": true,
                    "prefill": {
                        "plugin": "",
                        "attribute": "",
                        "identifierRole": "main"
                    }
                },
                {
                    "label": "E-mailadres",
                    "tableView": true,
                    "validateOn": "blur",
                    "validate": {
                        "required": true
                    },
                    "key": "eMailadres",
                    "type": "email",
                    "input": true
                },
                {
                    "label": "Columns",
                    "columns": [
                        {
                            "components": [],
                            "width": 3,
                            "offset": 0,
                            "push": 0,
                            "pull": 0,
                            "size": "sm",
                            "currentWidth": 3
                        },
                        {
                            "components": [],
                            "width": 6,
                            "offset": 0,
                            "push": 0,
                            "pull": 0,
                            "size": "md",
                            "currentWidth": 6
                        }
                    ],
                    "key": "columns",
                    "type": "columns",
                    "input": false,
                    "tableView": false
                }
            ]
        }
    },
    {
        "url": "http://localhost/api/v2/form-definitions/c983946e-2867-4ac1-abd9-ab69d2d56449",
        "uuid": "c983946e-2867-4ac1-abd9-ab69d2d56449",
        "name": "Gegevens inwoner",
        "slug": "gegevens-inwoner",
        "configuration": {
            "display": "form",
            "components": [
                {
                    "label": "Achternaam",
                    "tableView": true,
                    "validate": {
                        "required": true
                    },
                    "key": "achternaam",
                    "type": "textfield",
                    "input": true,
                    "prefill": {
                        "plugin": "",
                        "attribute": "",
                        "identifierRole": "main"
                    }
                },
                {
                    "label": "Voorletters",
                    "tableView": true,
                    "validate": {
                        "required": true
                    },
                    "key": "voorletters",
                    "type": "textfield",
                    "input": true,
                    "prefill": {
                        "plugin": "",
                        "attribute": "",
                        "identifierRole": "main"
                    }
                },
                {
                    "label": "BSN",
                    "tableView": true,
                    "validateOn": "blur",
                    "validate": {
                        "required": true,
                        "minLength": 9,
                        "maxLength": 9,
                        "pattern": "^[0-9]*$"
                    },
                    "key": "bsn",
                    "type": "textfield",
                    "input": true,
                    "prefill": {
                        "plugin": "",
                        "attribute": "",
                        "identifierRole": "main"
                    }
                },
                {
                    "label": "Telefoonnummer",
                    "tableView": true,
                    "validate": {
                        "required": true
                    },
                    "key": "telefoonnummer1",
                    "type": "textfield",
                    "input": true,
                    "prefill": {
                        "plugin": "",
                        "attribute": "",
                        "identifierRole": "main"
                    }
                },
                {
                    "label": "E-mailadres",
                    "tableView": true,
                    "validateOn": "blur",
                    "validate": {
                        "required": true
                    },
                    "key": "eMailadres1",
                    "type": "email",
                    "input": true
                },
                {
                    "label": "Is er een contactpersoon waarmee contact opgenomen kan worden over de hulpvraag?",
                    "optionsLabelPosition": "right",
                    "inline": false,
                    "tableView": false,
                    "values": [
                        {
                            "label": "ja",
                            "value": "ja",
                            "shortcut": ""
                        },
                        {
                            "label": "nee",
                            "value": "nee",
                            "shortcut": ""
                        }
                    ],
                    "validate": {
                        "required": true
                    },
                    "key": "isErEenContactpersoonWaarmeeContactOpgenomenKanWordenOverDeHulpvraag",
                    "type": "radio",
                    "input": true
                },
                {
                    "components": [
                        {
                            "label": "Naam contactpersoon",
                            "tableView": true,
                            "validate": {
                                "required": true
                            },
                            "key": "naamContactpersoon",
                            "type": "textfield",
                            "input": true,
                            "prefill": {
                                "plugin": "",
                                "attribute": "",
                                "identifierRole": "main"
                            }
                        },
                        {
                            "label": "Telefoonnummer",
                            "tableView": true,
                            "validate": {
                                "required": true
                            },
                            "key": "telefoonnummer2",
                            "type": "textfield",
                            "input": true,
                            "prefill": {
                                "plugin": "",
                                "attribute": "",
                                "identifierRole": "main"
                            }
                        },
                        {
                            "label": "E-mailadres",
                            "tableView": true,
                            "validate": {
                                "required": true
                            },
                            "key": "eMailadres2",
                            "type": "email",
                            "input": true
                        },
                        {
                            "label": "Wat is de relatie tot de inwoner?",
                            "tableView": true,
                            "validate": {
                                "required": true
                            },
                            "key": "watIsDeRelatieTotDeInwoner",
                            "type": "textfield",
                            "input": true,
                            "prefill": {
                                "plugin": "",
                                "attribute": "",
                                "identifierRole": "main"
                            }
                        }
                    ],
                    "key": "fieldSet",
                    "type": "fieldset",
                    "label": "Field Set",
                    "tree": false,
                    "input": false,
                    "hidden": false,
                    "legend": "",
                    "prefix": "",
                    "suffix": "",
                    "unique": false,
                    "widget": null,
                    "dbIndex": false,
                    "overlay": {
                        "top": "",
                        "left": "",
                        "style": "",
                        "width": "",
                        "height": ""
                    },
                    "tooltip": "",
                    "disabled": false,
                    "multiple": false,
                    "redrawOn": "",
                    "tabindex": "",
                    "validate": {
                        "custom": "",
                        "unique": false,
                        "multiple": false,
                        "required": false,
                        "customPrivate": false,
                        "strictDateValidation": false
                    },
                    "autofocus": false,
                    "encrypted": false,
                    "hideLabel": false,
                    "modalEdit": false,
                    "protected": false,
                    "refreshOn": "",
                    "tableView": false,
                    "attributes": {},
                    "errorLabel": "",
                    "hideHeader": false,
                    "persistent": false,
                    "properties": {},
                    "validateOn": "change",
                    "clearOnHide": true,
                    "customClass": "",
                    "description": "",
                    "placeholder": "",
                    "defaultValue": null,
                    "dataGridLabel": false,
                    "labelPosition": "top",
                    "showCharCount": false,
                    "showWordCount": false,
                    "calculateValue": "",
                    "calculateServer": false,
                    "allowMultipleMasks": false,
                    "customDefaultValue": "",
                    "allowCalculateOverride": false
                },
                {
                    "label": "Heeft u toestemming om namens de inwoner deze melding te doen?",
                    "optionsLabelPosition": "right",
                    "inline": false,
                    "tableView": false,
                    "values": [
                        {
                            "label": "ja",
                            "value": "ja",
                            "shortcut": ""
                        },
                        {
                            "label": "nee",
                            "value": "nee",
                            "shortcut": ""
                        }
                    ],
                    "validate": {
                        "required": true
                    },
                    "key": "heeftUToestemmingOmNamensDeInwonerDezeMeldingTeDoen",
                    "type": "radio",
                    "input": true
                },
                {
                    "label": "Geen toestemming",
                    "attrs": [
                        {
                            "attr": "",
                            "value": ""
                        }
                    ],
                    "content": "U kunt geen melding doen namens de inwoner. Zorg eerst voor toestemming van de inwoner of laat de inwoner zelf de <a href=\"https://www.nijmegen.nl/diensten/zorg-en-hulp/wmo-hulp/\" target=\"_blank\">melding doen</a>",
                    "refreshOnChange": false,
                    "key": "geenToestemming",
                    "type": "content",
                    "input": false,
                    "tableView": false,
                    "html": "U kunt geen melding doen namens de inwoner. Zorg eerst voor toestemming van de inwoner of laat de inwoner zelf de <a href=\"https://www.nijmegen.nl/diensten/zorg-en-hulp/wmo-hulp/\" target=\"_blank\">melding doen</a>"
                },
                {
                    "label": "Columns",
                    "columns": [
                        {
                            "components": [],
                            "width": 3,
                            "offset": 0,
                            "push": 0,
                            "pull": 0,
                            "size": "sm",
                            "currentWidth": 3
                        },
                        {
                            "components": [],
                            "width": 6,
                            "offset": 0,
                            "push": 0,
                            "pull": 0,
                            "size": "md",
                            "currentWidth": 6
                        }
                    ],
                    "key": "columns1",
                    "type": "columns",
                    "input": false,
                    "tableView": false
                }
            ]
        }
    },
    {
        "url": "http://localhost/api/v2/form-definitions/0acbd675-f2df-452c-870e-d5bdf161a402",
        "uuid": "0acbd675-f2df-452c-870e-d5bdf161a402",
        "name": "De aanmelding",
        "slug": "de-aanmelding",
        "configuration": {
            "display": "form",
            "components": [
                {
                    "label": "Soort aanmelding",
                    "optionsLabelPosition": "right",
                    "tableView": false,
                    "values": [
                        {
                            "label": "nieuwe voorziening",
                            "value": "a",
                            "shortcut": ""
                        },
                        {
                            "label": "verlenging / herindicatie",
                            "value": "b",
                            "shortcut": ""
                        },
                        {
                            "label": "aanpassing",
                            "value": "c",
                            "shortcut": ""
                        }
                    ],
                    "validate": {
                        "required": true,
                        "onlyAvailableItems": false
                    },
                    "key": "soortAanmelding",
                    "type": "selectboxes",
                    "input": true,
                    "inputType": "checkbox",
                    "defaultValue": {
                        "a": false,
                        "b": false,
                        "c": false
                    }
                },
                {
                    "label": "Soort hulp",
                    "optionsLabelPosition": "right",
                    "tableView": false,
                    "values": [
                        {
                            "label": "hulp bij het huishouden",
                            "value": "a",
                            "shortcut": ""
                        },
                        {
                            "label": "hulp of hulpmiddel bij vervoer",
                            "value": "b",
                            "shortcut": ""
                        },
                        {
                            "label": "hulp of hulpmiddel bij het verplaatsen",
                            "value": "c",
                            "shortcut": ""
                        },
                        {
                            "label": "hulpmiddel of aanpassing in wonen",
                            "value": "d",
                            "shortcut": ""
                        },
                        {
                            "label": "anders",
                            "value": "e",
                            "shortcut": ""
                        }
                    ],
                    "validate": {
                        "required": true,
                        "onlyAvailableItems": false
                    },
                    "key": "soortHulp",
                    "type": "selectboxes",
                    "input": true,
                    "inputType": "checkbox",
                    "defaultValue": {
                        "a": false,
                        "b": false,
                        "c": false,
                        "d": false,
                        "e": false
                    }
                },
                {
                    "label": "Welke hulp dan?",
                    "tableView": true,
                    "validate": {
                        "required": true
                    },
                    "key": "welkeHulpDan",
                    "type": "textfield",
                    "input": true,
                    "prefill": {
                        "plugin": "",
                        "attribute": "",
                        "identifierRole": "main"
                    }
                },
                {
                    "label": "Columns",
                    "columns": [
                        {
                            "components": [],
                            "width": 3,
                            "offset": 0,
                            "push": 0,
                            "pull": 0,
                            "size": "sm",
                            "currentWidth": 3
                        },
                        {
                            "components": [],
                            "width": 6,
                            "offset": 0,
                            "push": 0,
                            "pull": 0,
                            "size": "md",
                            "currentWidth": 6
                        }
                    ],
                    "key": "columns3",
                    "type": "columns",
                    "input": false,
                    "tableView": false
                }
            ]
        }
    },
    {
        "url": "http://localhost/api/v2/form-definitions/8ed94951-6413-43cf-8f8a-66e9362d7b7c",
        "uuid": "8ed94951-6413-43cf-8f8a-66e9362d7b7c",
        "name": "Gegevens behandelaar, hulpverlening of overige on",
        "slug": "gegevens-behandelaar-hulpverlening-of-overige-ondersteuning",
        "configuration": {
            "display": "form",
            "components": [
                {
                    "label": "Zijn er andere behandelaars of hulpverleners betrokken?",
                    "optionsLabelPosition": "right",
                    "inline": false,
                    "tableView": false,
                    "values": [
                        {
                            "label": "ja",
                            "value": "ja",
                            "shortcut": ""
                        },
                        {
                            "label": "nee",
                            "value": "nee",
                            "shortcut": ""
                        }
                    ],
                    "validate": {
                        "required": true
                    },
                    "key": "zijnErAndereBehandelaarsOfHulpverlenersBetrokken",
                    "type": "radio",
                    "input": true
                },
                {
                    "label": "Welke?",
                    "tableView": true,
                    "inputFormat": "plain",
                    "validate": {
                        "required": true
                    },
                    "key": "welke",
                    "type": "textarea",
                    "input": true,
                    "autoExpand": false
                },
                {
                    "label": "Columns",
                    "columns": [
                        {
                            "components": [],
                            "width": 3,
                            "offset": 0,
                            "push": 0,
                            "pull": 0,
                            "size": "sm",
                            "currentWidth": 3
                        },
                        {
                            "components": [],
                            "width": 6,
                            "offset": 0,
                            "push": 0,
                            "pull": 0,
                            "size": "md",
                            "currentWidth": 6
                        }
                    ],
                    "key": "columns2",
                    "type": "columns",
                    "input": false,
                    "tableView": false
                }
            ]
        }
    },
    {
        "url": "http://localhost/api/v2/form-definitions/e5813258-3b95-4068-8e39-9958bfa4458e",
        "uuid": "e5813258-3b95-4068-8e39-9958bfa4458e",
        "name": "Aanwezige hulp en zorg",
        "slug": "aanwezige-hulp-en-zorg",
        "configuration": {
            "display": "form",
            "components": [
                {
                    "label": "Is er een Wlz-indicatie?",
                    "optionsLabelPosition": "right",
                    "inline": false,
                    "tableView": false,
                    "values": [
                        {
                            "label": "ja",
                            "value": "ja",
                            "shortcut": ""
                        },
                        {
                            "label": "nee",
                            "value": "nee",
                            "shortcut": ""
                        }
                    ],
                    "validate": {
                        "required": true
                    },
                    "key": "isErEenWlzIndicatie",
                    "type": "radio",
                    "input": true
                },
                {
                    "label": "Welke indicatie?",
                    "optionsLabelPosition": "right",
                    "inline": false,
                    "tableView": false,
                    "values": [
                        {
                            "label": "woonachtig in een Wlz-instelling",
                            "value": "a",
                            "shortcut": ""
                        },
                        {
                            "label": "zelfstandig wonend",
                            "value": "b",
                            "shortcut": ""
                        }
                    ],
                    "validate": {
                        "required": true
                    },
                    "key": "welkeIndicatie",
                    "type": "radio",
                    "input": true
                },
                {
                    "label": "Woont de aanvrager in een Fokus of Mindsetwoning?",
                    "optionsLabelPosition": "right",
                    "inline": false,
                    "tableView": false,
                    "values": [
                        {
                            "label": "ja",
                            "value": "ja",
                            "shortcut": ""
                        },
                        {
                            "label": "nee",
                            "value": "nee",
                            "shortcut": ""
                        }
                    ],
                    "validate": {
                        "required": true
                    },
                    "key": "woontDeAanvragerInEenFokusOfMindsetwoning",
                    "type": "radio",
                    "input": true
                },
                {
                    "label": "Is het een verwijzing vanuit Visio, Robert Coppes Stichting of een Kalorama vanwege beperkte visus?",
                    "optionsLabelPosition": "right",
                    "inline": false,
                    "tableView": false,
                    "values": [
                        {
                            "label": "ja",
                            "value": "ja",
                            "shortcut": ""
                        },
                        {
                            "label": "nee",
                            "value": "nee",
                            "shortcut": ""
                        }
                    ],
                    "validate": {
                        "required": true
                    },
                    "key": "isDeAanvragerBlindOfSlechtziendEnIsErEenVerwijzingDoorVisioRobertCoppesStichtingOfEenKaloramaGespecialiseerdeErgotherapeut",
                    "type": "radio",
                    "input": true
                },
                {
                    "label": "Is er sprake van letselschade?",
                    "optionsLabelPosition": "right",
                    "inline": false,
                    "tableView": false,
                    "values": [
                        {
                            "label": "ja",
                            "value": "ja",
                            "shortcut": ""
                        },
                        {
                            "label": "nee",
                            "value": "nee",
                            "shortcut": ""
                        }
                    ],
                    "validate": {
                        "required": true
                    },
                    "key": "isErSprakeVanLetselschade",
                    "type": "radio",
                    "input": true
                },
                {
                    "label": "Columns",
                    "columns": [
                        {
                            "components": [],
                            "width": 3,
                            "offset": 0,
                            "push": 0,
                            "pull": 0,
                            "size": "sm",
                            "currentWidth": 3
                        },
                        {
                            "components": [],
                            "width": 6,
                            "offset": 0,
                            "push": 0,
                            "pull": 0,
                            "size": "md",
                            "currentWidth": 6
                        }
                    ],
                    "key": "columns4",
                    "type": "columns",
                    "input": false,
                    "tableView": false
                }
            ]
        }
    },
    {
        "url": "http://localhost/api/v2/form-definitions/4625e20d-44c7-4740-9097-08595064a50c",
        "uuid": "4625e20d-44c7-4740-9097-08595064a50c",
        "name": "Hulpvraag",
        "slug": "hulpvraag",
        "configuration": {
            "display": "form",
            "components": [
                {
                    "label": "Wat is de hulpvraag?",
                    "tableView": true,
                    "inputFormat": "plain",
                    "validate": {
                        "required": true
                    },
                    "key": "watIsDeHulpvraag",
                    "type": "textarea",
                    "input": true,
                    "autoExpand": false
                },
                {
                    "label": "Huidige situatie",
                    "tableView": true,
                    "inputFormat": "plain",
                    "validate": {
                        "required": true
                    },
                    "key": "huidigeSituatie",
                    "type": "textarea",
                    "input": true,
                    "autoExpand": false
                },
                {
                    "label": "Gewenste situatie",
                    "tableView": true,
                    "inputFormat": "plain",
                    "validate": {
                        "required": true
                    },
                    "key": "gewensteSituatie",
                    "type": "textarea",
                    "input": true,
                    "autoExpand": false
                },
                {
                    "label": "Opmerkingen",
                    "tableView": true,
                    "inputFormat": "plain",
                    "validate": {
                        "required": true
                    },
                    "key": "opmerkingen",
                    "type": "textarea",
                    "input": true,
                    "autoExpand": false
                },
                {
                    "label": "Is er een persoonlijk plan aanwezig of volgt dat nog?",
                    "optionsLabelPosition": "right",
                    "inline": false,
                    "tableView": false,
                    "values": [
                        {
                            "label": "ja",
                            "value": "ja",
                            "shortcut": ""
                        },
                        {
                            "label": "nee",
                            "value": "nee",
                            "shortcut": ""
                        }
                    ],
                    "validate": {
                        "required": true
                    },
                    "key": "isErEenPersoonlijkPlanAanwezigOfVolgtDatNog",
                    "type": "radio",
                    "input": true
                },
                {
                    "label": "Columns",
                    "columns": [
                        {
                            "components": [],
                            "width": 3,
                            "offset": 0,
                            "push": 0,
                            "pull": 0,
                            "size": "sm",
                            "currentWidth": 3
                        },
                        {
                            "components": [],
                            "width": 6,
                            "offset": 0,
                            "push": 0,
                            "pull": 0,
                            "size": "md",
                            "currentWidth": 6
                        }
                    ],
                    "key": "columns5",
                    "type": "columns",
                    "input": false,
                    "tableView": false
                }
            ]
        }
    },
    {
        "url": "http://localhost/api/v2/form-definitions/8bb6a950-83e3-4cf9-9365-a0aceaf74ccc",
        "uuid": "8bb6a950-83e3-4cf9-9365-a0aceaf74ccc",
        "name": "Bijlage(n)",
        "slug": "bijlagen",
        "configuration": {
            "display": "form",
            "components": [
                {
                    "html": "<p><span style=\"background-color:rgb(255,255,255);color:rgb(0,0,0);\">U kunt bijlagen uploaden om uw vraag duidelijker te maken.</span></p>",
                    "label": "Content",
                    "refreshOnChange": false,
                    "key": "content",
                    "type": "content",
                    "input": false,
                    "tableView": false
                },
                {
                    "label": "Toevoegen",
                    "description": "Toegestaan zijn .jpg, .png, .jpeg of .pdf documenten die niet groter zijn dan 20MB.",
                    "tableView": false,
                    "storage": "url",
                    "webcam": false,
                    "fileTypes": [
                        {
                            "label": "",
                            "value": ""
                        }
                    ],
                    "filePattern": ".jpg,.png,.jpeg,.pdf",
                    "fileMinSize": "1KB",
                    "fileMaxSize": "20MB",
                    "multiple": true,
                    "key": "toevoegen",
                    "type": "file",
                    "input": true,
                    "url": "/cloud/s3"
                },
                {
                    "label": "Columns",
                    "columns": [
                        {
                            "components": [],
                            "width": 3,
                            "offset": 0,
                            "push": 0,
                            "pull": 0,
                            "size": "sm",
                            "currentWidth": 3
                        },
                        {
                            "components": [],
                            "width": 6,
                            "offset": 0,
                            "push": 0,
                            "pull": 0,
                            "size": "md",
                            "currentWidth": 6
                        }
                    ],
                    "key": "columns7",
                    "type": "columns",
                    "input": false,
                    "tableView": false
                }
            ]
        }
    }
]