[
    {
        "uuid": "ffab1088-4e86-4c6b-833b-32217986df7d",
        "name": "Melding Wmo professionals",
        "internal_name": "",
        "login_required": false,
        "authentication_backends": [],
        "slug": "meldingwmoprofessionals",
        "url": "http://localhost/api/v2/forms/ffab1088-4e86-4c6b-833b-32217986df7d",
        "show_progress_indicator": true,
        "maintenance_mode": false,
        "active": true,
        "is_deleted": false,
        "suspension_allowed": true,
        "send_confirmation_email": true,
        "display_main_website_link": true,
        "required_fields_with_asterisk": true,
        "resume_link_lifetime": 7,
        "hide_non_applicable_steps": true
    }
]