[
    {
        "uuid": "6a5a1bb7-1b9a-481c-8503-a38e59373471",
        "name": "Subsidie Urban sport en cultuur aanvragen 1",
        "internal_name": "",
        "login_required": false,
        "authentication_backends": [],
        "slug": "subsidieurbansportencultuuraanvragen1",
        "url": "http://localhost/api/v2/forms/6a5a1bb7-1b9a-481c-8503-a38e59373471",
        "show_progress_indicator": true,
        "maintenance_mode": false,
        "active": true,
        "is_deleted": false,
        "suspension_allowed": true,
        "send_confirmation_email": true,
        "display_main_website_link": true,
        "required_fields_with_asterisk": true,
        "resume_link_lifetime": 7,
        "hide_non_applicable_steps": true
    }
]