[
    {
        "uuid": "afdffbd2-d43a-41f8-8b03-04618a289278",
        "name": "Rioolaansluiting aanvragen of aanpassen",
        "internal_name": "",
        "login_required": false,
        "authentication_backends": [],
        "slug": "rioolaansluitingaanvragenofaanpassen",
        "url": "http://localhost/api/v2/forms/afdffbd2-d43a-41f8-8b03-04618a289278",
        "show_progress_indicator": true,
        "maintenance_mode": false,
        "active": true,
        "is_deleted": false,
        "suspension_allowed": true,
        "send_confirmation_email": true,
        "display_main_website_link": true,
        "required_fields_with_asterisk": true,
        "resume_link_lifetime": 7,
        "hide_non_applicable_steps": true
    }
]