[
    {
        "url": "http://localhost/api/v2/form-definitions/4f2fdd6c-2816-4ff1-aa64-fd50119ce76b",
        "uuid": "4f2fdd6c-2816-4ff1-aa64-fd50119ce76b",
        "name": "Uw klacht",
        "slug": "uw-klacht",
        "configuration": {
            "display": "form",
            "components": [
                {
                    "components": [
                        {
                            "label": "Naam",
                            "customClass": "naamingelogdegebruikerfieldnonhidden nonhiddenfield",
                            "tableView": true,
                            "persistent": false,
                            "key": "naamIngelogdeGebruiker",
                            "type": "textfield",
                            "input": true,
                            "prefill": {
                                "plugin": "haalcentraal",
                                "attribute": "verblijfplaats.huisnummer",
                                "identifierRole": "main"
                            }
                        },
                        {
                            "label": "Straatnaam",
                            "customClass": "straatnaamfieldnonhidden nonhiddenfield",
                            "tableView": true,
                            "persistent": false,
                            "key": "straatnaam",
                            "type": "textfield",
                            "input": true,
                            "prefill": {
                                "plugin": "haalcentraal",
                                "attribute": "verblijfplaats.woonplaats",
                                "identifierRole": "main"
                            }
                        },
                        {
                            "label": "Huisnummer",
                            "customClass": "huisnummerfieldnonhidden nonhiddenfield",
                            "tableView": true,
                            "persistent": false,
                            "key": "huisnummerfield",
                            "type": "textfield",
                            "input": true,
                            "prefill": {
                                "plugin": "haalcentraal",
                                "attribute": "verblijfplaats.huisnummer",
                                "identifierRole": "main"
                            }
                        },
                        {
                            "label": "Postcode",
                            "customClass": "postcodefieldnonhidden nonhiddenfield",
                            "tableView": true,
                            "persistent": false,
                            "key": "postcode",
                            "type": "textfield",
                            "input": true,
                            "prefill": {
                                "plugin": "haalcentraal",
                                "attribute": "verblijfplaats.huisnummer",
                                "identifierRole": "main"
                            }
                        },
                        {
                            "label": "Woonplaats",
                            "customClass": "woonplaatsfieldnonhidden nonhiddenfield",
                            "tableView": true,
                            "persistent": false,
                            "key": "woonplaats",
                            "type": "textfield",
                            "input": true,
                            "prefill": {
                                "plugin": "haalcentraal",
                                "attribute": "verblijfplaats.huisnummer",
                                "identifierRole": "main"
                            }
                        }
                    ],
                    "key": "fieldSet-1",
                    "type": "fieldset",
                    "label": "Field Set",
                    "tree": false,
                    "input": false,
                    "hidden": false,
                    "legend": "",
                    "prefix": "",
                    "suffix": "",
                    "unique": false,
                    "widget": null,
                    "dbIndex": false,
                    "overlay": {
                        "top": "",
                        "left": "",
                        "style": "",
                        "width": "",
                        "height": ""
                    },
                    "tooltip": "",
                    "disabled": false,
                    "multiple": false,
                    "redrawOn": "",
                    "tabindex": "",
                    "validate": {
                        "custom": "",
                        "unique": false,
                        "multiple": false,
                        "required": false,
                        "customPrivate": false,
                        "strictDateValidation": false
                    },
                    "autofocus": false,
                    "encrypted": false,
                    "hideLabel": false,
                    "modalEdit": false,
                    "protected": false,
                    "refreshOn": "",
                    "tableView": false,
                    "attributes": {},
                    "errorLabel": "",
                    "hideHeader": false,
                    "persistent": false,
                    "properties": {},
                    "validateOn": "change",
                    "clearOnHide": true,
                    "customClass": "",
                    "description": "",
                    "placeholder": "",
                    "defaultValue": null,
                    "dataGridLabel": false,
                    "labelPosition": "top",
                    "showCharCount": false,
                    "showWordCount": false,
                    "calculateValue": "",
                    "calculateServer": false,
                    "allowMultipleMasks": false,
                    "customDefaultValue": "",
                    "allowCalculateOverride": false,
                    "originalFormName": "nonhiddenfieldsform1"
                },
                {
                    "label": "E-mailadres",
                    "autocomplete": "email",
                    "tableView": true,
                    "validateOn": "blur",
                    "validate": {
                        "required": true
                    },
                    "errors": {
                        "required": "U heeft geen e-mailadres ingevuld.",
                        "invalid_email": "Het ingevulde e-mailadres is ongeldig. Een e-mailadres moet als volgt worden ingevuld: voorbeeld@domain.nl"
                    },
                    "key": "eMailadres",
                    "properties": {
                        "jz4all_key": "email"
                    },
                    "type": "email",
                    "input": true
                },
                {
                    "label": "Telefoonnummer",
                    "tableView": true,
                    "validate": {
                        "required": true
                    },
                    "key": "telefoonnummer",
                    "properties": {
                        "jz4all_key": "phone"
                    },
                    "type": "textfield",
                    "input": true,
                    "prefill": {
                        "plugin": "",
                        "attribute": "",
                        "identifierRole": "main"
                    }
                },
                {
                    "label": "Waarover gaat uw klacht?",
                    "tableView": true,
                    "data": {
                        "values": [
                            {
                                "label": "ik ben niet goed behandeld door een medewerker van de gemeente",
                                "value": "nietGoedBehandeld"
                            },
                            {
                                "label": "ik heb verkeerde informatie gekregen",
                                "value": "verkeerdeInformatie"
                            },
                            {
                                "label": "er is niet goed met mijn informatie omgegaan",
                                "value": "nietGoedOmgegaan"
                            },
                            {
                                "label": "mijn verzoek is verkeerd afgehandeld",
                                "value": "verkeerdAfgehandeld"
                            }
                        ]
                    },
                    "validate": {
                        "required": true
                    },
                    "key": "waaroverGaatUwKlacht",
                    "type": "select",
                    "input": true,
                    "searchThreshold": 0.3
                },
                {
                    "label": "Waarover heeft u contact gehad?",
                    "tableView": true,
                    "key": "waaroverHeeftUContactGehad",
                    "type": "textfield",
                    "input": true,
                    "prefill": {
                        "plugin": "",
                        "attribute": "",
                        "identifierRole": "main"
                    }
                },
                {
                    "label": "Weet u de naam van de medewerker?",
                    "optionsLabelPosition": "right",
                    "inline": false,
                    "tableView": false,
                    "values": [
                        {
                            "label": "ja",
                            "value": "ja",
                            "shortcut": ""
                        },
                        {
                            "label": "nee",
                            "value": "nee",
                            "shortcut": ""
                        }
                    ],
                    "validate": {
                        "required": true
                    },
                    "key": "weetUDeNaamVanDeMedewerker",
                    "type": "radio",
                    "input": true
                },
                {
                    "label": "Naam medewerker",
                    "tableView": true,
                    "key": "naamMedewerker",
                    "type": "textfield",
                    "input": true,
                    "prefill": {
                        "plugin": "",
                        "attribute": "",
                        "identifierRole": "main"
                    }
                },
                {
                    "components": [
                        {
                            "label": "Waar kreeg u de verkeerde informatie?",
                            "tableView": true,
                            "data": {
                                "values": [
                                    {
                                        "label": "in een (video)gesprek bij de gemeente",
                                        "value": "inEenVideoGesprekBijDeGemeente"
                                    },
                                    {
                                        "label": "in een gesprek aan de telefoon",
                                        "value": "inEenGesprekAanDeTelefoon"
                                    },
                                    {
                                        "label": "gelezen op de website",
                                        "value": "gelezenOpDeWebsite"
                                    },
                                    {
                                        "label": "gelezen op de gemeentepagina in weekblad De Brug",
                                        "value": "gelezenOpDeGemeentepaginaInWeekbladDeBrug"
                                    },
                                    {
                                        "label": "gelezen in een brief of folder van de gemeente",
                                        "value": "gelezenInEenBriefOfFolderVanDeGemeente"
                                    },
                                    {
                                        "label": "ergens anders",
                                        "value": "ergensAnders"
                                    }
                                ]
                            },
                            "validate": {
                                "required": true
                            },
                            "key": "waarKreegUDeVerkeerdeInformatie",
                            "conditional": {
                                "show": true,
                                "when": "waaroverGaatUwKlacht",
                                "eq": "verkeerdeInformatie"
                            },
                            "type": "select",
                            "input": true,
                            "searchThreshold": 0.3
                        }
                    ],
                    "key": "fieldSet",
                    "type": "fieldset",
                    "label": "Field Set",
                    "tree": false,
                    "input": false,
                    "hidden": false,
                    "legend": "",
                    "prefix": "",
                    "suffix": "",
                    "unique": false,
                    "widget": null,
                    "dbIndex": false,
                    "overlay": {
                        "top": "",
                        "left": "",
                        "style": "",
                        "width": "",
                        "height": ""
                    },
                    "tooltip": "",
                    "disabled": false,
                    "multiple": false,
                    "redrawOn": "",
                    "tabindex": "",
                    "validate": {
                        "custom": "",
                        "unique": false,
                        "multiple": false,
                        "required": false,
                        "customPrivate": false,
                        "strictDateValidation": false
                    },
                    "autofocus": false,
                    "encrypted": false,
                    "hideLabel": false,
                    "modalEdit": false,
                    "protected": false,
                    "refreshOn": "",
                    "tableView": false,
                    "attributes": {},
                    "errorLabel": "",
                    "hideHeader": false,
                    "persistent": false,
                    "properties": {},
                    "validateOn": "change",
                    "clearOnHide": true,
                    "customClass": "",
                    "description": "",
                    "placeholder": "",
                    "defaultValue": null,
                    "dataGridLabel": false,
                    "labelPosition": "top",
                    "showCharCount": false,
                    "showWordCount": false,
                    "calculateValue": "",
                    "calculateServer": false,
                    "allowMultipleMasks": false,
                    "customDefaultValue": "",
                    "allowCalculateOverride": false
                },
                {
                    "label": "Waar dan?",
                    "tableView": true,
                    "validate": {
                        "required": true
                    },
                    "key": "waarDan",
                    "type": "textfield",
                    "input": true,
                    "prefill": {
                        "plugin": "",
                        "attribute": "",
                        "identifierRole": "main"
                    }
                },
                {
                    "label": "Welke informatie heeft u aan de gemeente doorgegeven?",
                    "tableView": true,
                    "inputFormat": "plain",
                    "validate": {
                        "required": true
                    },
                    "key": "welkeInformatieHeeftUAanDeGemeenteDoorgegeven",
                    "type": "textarea",
                    "input": true,
                    "autoExpand": false
                },
                {
                    "label": "Aan welk bureau/afdeling heeft u de informatie doorgegeven?",
                    "tableView": true,
                    "validate": {
                        "required": true
                    },
                    "key": "aanWelkBureauAfdelingHeeftUDeInformatieDoorgegeven",
                    "type": "textfield",
                    "input": true,
                    "prefill": {
                        "plugin": "",
                        "attribute": "",
                        "identifierRole": "main"
                    }
                },
                {
                    "label": "Hoe heeft u gemerkt dat er niet goed met uw informatie is omgegaan?",
                    "tableView": true,
                    "validate": {
                        "required": true
                    },
                    "key": "hoeHeeftUGemerktDatErNietGoedMetUwInformatieIsOmgegaan",
                    "type": "textfield",
                    "input": true,
                    "prefill": {
                        "plugin": "",
                        "attribute": "",
                        "identifierRole": "main"
                    }
                },
                {
                    "label": "Wat was uw (aan)vraag of melding?",
                    "tableView": true,
                    "validate": {
                        "required": true
                    },
                    "key": "watWasUwVraagOfMelding",
                    "type": "textfield",
                    "input": true,
                    "prefill": {
                        "plugin": "",
                        "attribute": "",
                        "identifierRole": "main"
                    }
                },
                {
                    "label": "Wat is uw klacht",
                    "description": "U kunt aan het einde van dit formulier ook een bijlage uploaden waarin u uitlegt wat uw klacht is.",
                    "tableView": true,
                    "inputFormat": "plain",
                    "validate": {
                        "required": true,
                        "maxLength": 2000
                    },
                    "key": "watIsUwKlacht",
                    "customConditional": "show = false;\nif(data.waaroverGaatUwKlacht == 'nietGoedBehandeld' || data.waaroverGaatUwKlacht == 'verkeerdeInformatie' || data.waaroverGaatUwKlacht == 'verkeerdAfgehandeld'){\n  show = true;\n} else{\n  show = false;\n}",
                    "type": "textarea",
                    "input": true,
                    "autoExpand": false
                },
                {
                    "label": "Columns",
                    "columns": [
                        {
                            "components": [],
                            "width": 3,
                            "offset": 0,
                            "push": 0,
                            "pull": 0,
                            "size": "sm",
                            "currentWidth": 3
                        },
                        {
                            "components": [],
                            "width": 6,
                            "offset": 0,
                            "push": 0,
                            "pull": 0,
                            "size": "md",
                            "currentWidth": 6
                        }
                    ],
                    "key": "columns",
                    "type": "columns",
                    "input": false,
                    "tableView": false
                }
            ]
        }
    },
    {
        "url": "http://localhost/api/v2/form-definitions/90dee1f2-6d21-4f40-a738-2258cc1f7c1a",
        "uuid": "90dee1f2-6d21-4f40-a738-2258cc1f7c1a",
        "name": "Bijlagen",
        "slug": "bijlagen",
        "configuration": {
            "display": "form",
            "components": [
                {
                    "html": "<p>U kunt een bijlage uploaden om uw klacht duidelijker te maken. Bijvoorbeeld een foto van de situatie of een kopie van een brief of artikel.</p>",
                    "label": "Content",
                    "refreshOnChange": false,
                    "key": "content",
                    "type": "content",
                    "input": false,
                    "tableView": false
                },
                {
                    "label": "Toevoegen",
                    "description": "Toegestaan zijn .jpg, .png, .jpeg of .pdf bestanden die niet groter zijn dan 20MB.",
                    "tableView": false,
                    "storage": "url",
                    "webcam": false,
                    "fileTypes": [
                        {
                            "label": "",
                            "value": ""
                        }
                    ],
                    "filePattern": ".jpg,.png,.jpeg,.pdf",
                    "fileMinSize": "1KB",
                    "fileMaxSize": "20MB",
                    "multiple": true,
                    "validate": {
                        "customMessage": "De bijlage moet de volgende bestandsindeling hebben: .jpg of .png of .jpeg of .pdf"
                    },
                    "errorLabel": "De bijlage moet de volgende bestandsindeling hebben: .jpg of .png of .jpeg of .pdf",
                    "key": "toevoegen",
                    "type": "file",
                    "input": true,
                    "url": "/cloud/s3"
                },
                {
                    "label": "Columns",
                    "columns": [
                        {
                            "components": [],
                            "width": 3,
                            "offset": 0,
                            "push": 0,
                            "pull": 0,
                            "size": "sm",
                            "currentWidth": 3
                        },
                        {
                            "components": [],
                            "width": 6,
                            "offset": 0,
                            "push": 0,
                            "pull": 0,
                            "size": "md",
                            "currentWidth": 6
                        }
                    ],
                    "key": "columns1",
                    "type": "columns",
                    "input": false,
                    "tableView": false
                }
            ]
        }
    }
]