[
    {
        "uuid": "9bbe37e3-9994-45e5-a76f-559fe6f1906a",
        "name": "Burgemeester of wethouder uitnodigen",
        "internal_name": "",
        "login_required": false,
        "authentication_backends": [],
        "slug": "burgemeesterofwethouderuitnodigen",
        "url": "http://localhost/api/v2/forms/9bbe37e3-9994-45e5-a76f-559fe6f1906a",
        "show_progress_indicator": true,
        "maintenance_mode": false,
        "active": true,
        "is_deleted": false,
        "suspension_allowed": true,
        "send_confirmation_email": true,
        "display_main_website_link": true,
        "required_fields_with_asterisk": true,
        "resume_link_lifetime": 7,
        "hide_non_applicable_steps": true
    }
]