[
    {
        "uuid": "34d5094f-cf01-4bb2-abcb-318cc8e10435",
        "index": "0",
        "slug": "uw-gegevens",
        "form_definition": "http://localhost/api/v2/form-definitions/79c34fe5-b1fe-4fc3-b8cd-40426047b90f"
    },
    {
        "uuid": "2e134e05-8456-4ccb-a07c-1a8675aa1d40",
        "index": "1",
        "slug": "uitnodiging",
        "form_definition": "http://localhost/api/v2/form-definitions/e9af4d42-3b3a-4e0b-a551-3eea22ba68d3"
    },
    {
        "uuid": "9a93245e-02c9-4a57-b89d-03516c1cc906",
        "index": "2",
        "slug": "gegevens-organisatie",
        "form_definition": "http://localhost/api/v2/form-definitions/4ada9f6a-c43f-40fc-8074-dcfa2a79cca7"
    },
    {
        "uuid": "ce19bdc5-2249-48ab-a4bd-fb314801b952",
        "index": "3",
        "slug": "bijlagen",
        "form_definition": "http://localhost/api/v2/form-definitions/319c7d34-1666-48d9-95da-ee4eaf8038f0"
    }
]