[
    {
        "url": "http://localhost/api/v2/form-definitions/79c34fe5-b1fe-4fc3-b8cd-40426047b90f",
        "uuid": "79c34fe5-b1fe-4fc3-b8cd-40426047b90f",
        "name": "Uw gegevens",
        "slug": "uw-gegevens",
        "configuration": {
            "display": "form",
            "components": [
                {
                    "html": "<h2>Burgemeester of wethouder uitnodigen</h2>",
                    "label": "Content",
                    "refreshOnChange": false,
                    "key": "content19",
                    "type": "content",
                    "input": false,
                    "tableView": false
                },
                {
                    "html": "<h3>Uw gegevens</h3>",
                    "label": "Content",
                    "refreshOnChange": false,
                    "key": "content",
                    "type": "content",
                    "input": false,
                    "tableView": false
                },
                {
                    "label": "Naam",
                    "widget": "",
                    "tableView": true,
                    "key": "naam",
                    "type": "textfield",
                    "input": true,
                    "prefill": {
                        "plugin": "",
                        "attribute": "",
                        "identifierRole": "main"
                    }
                },
                {
                    "label": "E-mailadres",
                    "tableView": true,
                    "validate": {
                        "required": true
                    },
                    "key": "eMailadres2",
                    "type": "email",
                    "input": true,
                    "widget": null
                },
                {
                    "label": "Telefoonnummer",
                    "tableView": true,
                    "validate": {
                        "required": true
                    },
                    "key": "telefoonnummer1",
                    "type": "textfield",
                    "input": true,
                    "widget": null,
                    "prefill": {
                        "plugin": "",
                        "attribute": "",
                        "identifierRole": "main"
                    }
                },
                {
                    "label": "Columns",
                    "columns": [
                        {
                            "components": [],
                            "width": 3,
                            "offset": 0,
                            "push": 0,
                            "pull": 0,
                            "size": "sm",
                            "currentWidth": 3
                        },
                        {
                            "components": [],
                            "width": 6,
                            "offset": 0,
                            "push": 0,
                            "pull": 0,
                            "size": "md",
                            "currentWidth": 6
                        }
                    ],
                    "key": "columns",
                    "type": "columns",
                    "input": false,
                    "tableView": false,
                    "hideOnChildrenHidden": false
                }
            ]
        }
    },
    {
        "url": "http://localhost/api/v2/form-definitions/e9af4d42-3b3a-4e0b-a551-3eea22ba68d3",
        "uuid": "e9af4d42-3b3a-4e0b-a551-3eea22ba68d3",
        "name": "Uitnodiging",
        "slug": "uitnodiging",
        "configuration": {
            "display": "form",
            "components": [
                {
                    "html": "<h2>Burgemeester of wethouder uitnodigen</h2>",
                    "label": "Content",
                    "refreshOnChange": false,
                    "key": "content20",
                    "type": "content",
                    "input": false,
                    "tableView": false
                },
                {
                    "label": "Wie wilt u uitnodigen?",
                    "optionsLabelPosition": "right",
                    "tableView": false,
                    "values": [
                        {
                            "label": "de burgemeester",
                            "value": "deBurgemeester",
                            "shortcut": ""
                        },
                        {
                            "label": "een of meer wethouder(s)",
                            "value": "eenOfMeerWethouderS",
                            "shortcut": ""
                        },
                        {
                            "label": "de burgemeester en alle wethouders",
                            "value": "deBurgemeesterEnAlleWethouders",
                            "shortcut": ""
                        }
                    ],
                    "validate": {
                        "required": true,
                        "onlyAvailableItems": false
                    },
                    "key": "wieWiltUUitnodigen",
                    "type": "selectboxes",
                    "input": true,
                    "inputType": "checkbox",
                    "defaultValue": {
                        "burgemeesterBruls": false,
                        "wethouderEsselbrugge": false,
                        "wethouderMolenaar": false,
                        "wethouderWijnia": false,
                        "wethouderVelthuis": false,
                        "wethoudersVergunst": false,
                        "wethouderVisser": false,
                        "deBurgemeesterEnAlleWethouders": false,
                        "deBurgemeester": false,
                        "eenOfMeerWethouderS": false
                    }
                },
                {
                    "label": "Welke wethouder(s) wilt u uitnodigen?",
                    "tableView": true,
                    "inputFormat": "plain",
                    "validate": {
                        "required": true
                    },
                    "key": "waarvoorNodigtUDeBurgemeesterEnOfDeWethouderSUit1",
                    "type": "textarea",
                    "input": true,
                    "autoExpand": false
                },
                {
                    "label": "Waarvoor nodigt u de burgemeester en/of de wethouder(s) uit?",
                    "tableView": true,
                    "inputFormat": "plain",
                    "validate": {
                        "required": true
                    },
                    "key": "waarvoorNodigtUDeBurgemeesterEnOfDeWethouderSUit",
                    "type": "textarea",
                    "input": true,
                    "autoExpand": false
                },
                {
                    "label": "Waar is dit?",
                    "tableView": true,
                    "inputFormat": "plain",
                    "validate": {
                        "required": true
                    },
                    "key": "waarIsDit",
                    "type": "textarea",
                    "input": true,
                    "autoExpand": false
                },
                {
                    "label": "Datum",
                    "placeholder": "dag-maand-jaar",
                    "tableView": false,
                    "enableMinDateInput": false,
                    "datePicker": {
                        "disableWeekends": false,
                        "disableWeekdays": false
                    },
                    "enableMaxDateInput": false,
                    "timePicker": {
                        "showMeridian": false
                    },
                    "validate": {
                        "required": true
                    },
                    "validateOn": "blur",
                    "key": "datum",
                    "type": "datetime",
                    "input": true,
                    "widget": {
                        "type": "calendar",
                        "displayInTimezone": "viewer",
                        "locale": "nl",
                        "useLocaleSettings": false,
                        "allowInput": true,
                        "mode": "single",
                        "enableTime": false,
                        "noCalendar": false,
                        "format": "dd-MM-yyyy",
                        "hourIncrement": 1,
                        "minuteIncrement": 5,
                        "time_24hr": true,
                        "minDate": null,
                        "disableWeekends": false,
                        "disableWeekdays": false,
                        "maxDate": null
                    }
                },
                {
                    "label": "Vanaf (tijd)",
                    "tableView": true,
                    "dataFormat": "HH:mm",
                    "validate": {
                        "required": true
                    },
                    "validateOn": "blur",
                    "key": "vanafTijd",
                    "type": "time",
                    "input": true,
                    "inputMask": "99:99"
                },
                {
                    "label": "Tot (tijd)",
                    "tableView": true,
                    "dataFormat": "HH:mm",
                    "validate": {
                        "required": true
                    },
                    "key": "totTijd",
                    "type": "time",
                    "input": true,
                    "inputMask": "99:99"
                },
                {
                    "label": "Beschrijf de bijeenkomst",
                    "tableView": true,
                    "inputFormat": "plain",
                    "validate": {
                        "required": true
                    },
                    "key": "beschrijfDeBijeenkomst",
                    "type": "textarea",
                    "input": true,
                    "autoExpand": false
                },
                {
                    "label": "Wat is het programma?",
                    "description": "Noem de onderdelen en de tijden.",
                    "tableView": true,
                    "inputFormat": "plain",
                    "validate": {
                        "required": true
                    },
                    "key": "watIsHetProgramma",
                    "type": "textarea",
                    "input": true,
                    "autoExpand": false
                },
                {
                    "label": "Hoeveel gasten verwacht u?",
                    "tableView": true,
                    "validateOn": "blur",
                    "validate": {
                        "required": true,
                        "pattern": "^[0-9]*$",
                        "customMessage": "Vul een getal in."
                    },
                    "key": "hoeveelGastenVerwachtU",
                    "type": "textfield",
                    "input": true,
                    "prefill": {
                        "plugin": "",
                        "attribute": "",
                        "identifierRole": "main"
                    }
                },
                {
                    "label": "Wat mag de burgemeester en/of de wethouder(s) doen bij de bijeenkomst?",
                    "optionsLabelPosition": "right",
                    "tableView": false,
                    "values": [
                        {
                            "label": "openen",
                            "value": "openen",
                            "shortcut": ""
                        },
                        {
                            "label": "spreken (speech)",
                            "value": "spreken",
                            "shortcut": ""
                        },
                        {
                            "label": "als gast aanwezig zijn",
                            "value": "gast",
                            "shortcut": ""
                        },
                        {
                            "label": "anders",
                            "value": "anders",
                            "shortcut": ""
                        }
                    ],
                    "validate": {
                        "required": true,
                        "onlyAvailableItems": false,
                        "minSelectedCount": 1
                    },
                    "key": "doen",
                    "type": "selectboxes",
                    "input": true,
                    "inputType": "checkbox",
                    "defaultValue": {
                        "openen": false,
                        "spreken": false,
                        "gast": false,
                        "anders": false
                    }
                },
                {
                    "html": "<p><strong>Openen</strong></p>",
                    "label": "Content",
                    "refreshOnChange": false,
                    "key": "content2",
                    "type": "content",
                    "input": false,
                    "tableView": false
                },
                {
                    "label": "Wat is precies de bedoeling?",
                    "tableView": true,
                    "inputFormat": "plain",
                    "validate": {
                        "required": true
                    },
                    "key": "bedoelingOpenen",
                    "type": "textarea",
                    "input": true,
                    "autoExpand": false
                },
                {
                    "html": "<p><strong>Spreken (speech)</strong></p>",
                    "label": "Content",
                    "refreshOnChange": false,
                    "key": "content3",
                    "type": "content",
                    "input": false,
                    "tableView": false
                },
                {
                    "label": "Wat is precies de bedoeling? Voor wie is de speech en wat is het onderwerp?",
                    "tableView": true,
                    "inputFormat": "plain",
                    "validate": {
                        "required": true
                    },
                    "key": "bedoelingSpreken",
                    "type": "textarea",
                    "input": true,
                    "autoExpand": false
                },
                {
                    "html": "<p><strong>Anders</strong></p>",
                    "label": "Content",
                    "refreshOnChange": false,
                    "key": "content4",
                    "type": "content",
                    "input": false,
                    "tableView": false
                },
                {
                    "label": "Wat dan?",
                    "tableView": true,
                    "inputFormat": "plain",
                    "validate": {
                        "required": true
                    },
                    "key": "bedoelingSpreken1",
                    "type": "textarea",
                    "input": true,
                    "autoExpand": false
                },
                {
                    "label": "Columns",
                    "columns": [
                        {
                            "components": [],
                            "width": 3,
                            "offset": 0,
                            "push": 0,
                            "pull": 0,
                            "size": "sm",
                            "currentWidth": 3
                        },
                        {
                            "components": [],
                            "size": "sm",
                            "width": 3,
                            "offset": 0,
                            "push": 0,
                            "pull": 0,
                            "currentWidth": 3
                        }
                    ],
                    "key": "columns4",
                    "type": "columns",
                    "input": false,
                    "tableView": false,
                    "hideOnChildrenHidden": false
                }
            ]
        }
    },
    {
        "url": "http://localhost/api/v2/form-definitions/4ada9f6a-c43f-40fc-8074-dcfa2a79cca7",
        "uuid": "4ada9f6a-c43f-40fc-8074-dcfa2a79cca7",
        "name": "Gegevens organisatie",
        "slug": "gegevens-organisatie",
        "configuration": {
            "display": "form",
            "components": [
                {
                    "html": "<h2>Burgemeester of wethouder uitnodigen</h2>",
                    "label": "Content",
                    "refreshOnChange": false,
                    "key": "content22",
                    "type": "content",
                    "input": false,
                    "tableView": false
                },
                {
                    "label": "Naam van de organisatie die de bijeenkomst organiseert.",
                    "tableView": true,
                    "validate": {
                        "required": true
                    },
                    "key": "naamVanDeOrganisatieDieDeBijeenkomstOrganiseert",
                    "type": "textfield",
                    "input": true,
                    "prefill": {
                        "plugin": "",
                        "attribute": "",
                        "identifierRole": "main"
                    }
                },
                {
                    "label": "Naam contactpersoon",
                    "tableView": true,
                    "key": "naamContactpersoon",
                    "type": "textfield",
                    "input": true,
                    "prefill": {
                        "plugin": "",
                        "attribute": "",
                        "identifierRole": "main"
                    }
                },
                {
                    "label": "E-mailadres contactpersoon",
                    "tableView": true,
                    "validateOn": "blur",
                    "validate": {
                        "required": true
                    },
                    "key": "eMailadresContactpersoon",
                    "type": "email",
                    "input": true
                },
                {
                    "label": "Telefoonnummer contactpersoon",
                    "tableView": true,
                    "validate": {
                        "required": true
                    },
                    "key": "telefoonnummerContactpersoon",
                    "type": "textfield",
                    "input": true,
                    "prefill": {
                        "plugin": "",
                        "attribute": "",
                        "identifierRole": "main"
                    }
                },
                {
                    "label": "Website organisatie",
                    "tableView": true,
                    "key": "websiteOrganisatie",
                    "type": "textfield",
                    "input": true,
                    "prefill": {
                        "plugin": "",
                        "attribute": "",
                        "identifierRole": "main"
                    }
                },
                {
                    "label": "Opmerkingen",
                    "tableView": true,
                    "inputFormat": "plain",
                    "key": "opmerkingen",
                    "type": "textarea",
                    "input": true,
                    "autoExpand": false
                },
                {
                    "label": "Columns",
                    "columns": [
                        {
                            "components": [],
                            "width": 3,
                            "offset": 0,
                            "push": 0,
                            "pull": 0,
                            "size": "sm",
                            "currentWidth": 3
                        },
                        {
                            "components": [],
                            "size": "sm",
                            "width": 3,
                            "offset": 0,
                            "push": 0,
                            "pull": 0,
                            "currentWidth": 3
                        }
                    ],
                    "key": "columns5",
                    "type": "columns",
                    "input": false,
                    "tableView": false,
                    "hideOnChildrenHidden": false
                }
            ]
        }
    },
    {
        "url": "http://localhost/api/v2/form-definitions/319c7d34-1666-48d9-95da-ee4eaf8038f0",
        "uuid": "319c7d34-1666-48d9-95da-ee4eaf8038f0",
        "name": "Bijlage(n)",
        "slug": "bijlagen",
        "configuration": {
            "display": "form",
            "components": [
                {
                    "html": "<h2>Burgemeester of wethouder uitnodigen</h2>",
                    "label": "Content",
                    "refreshOnChange": false,
                    "key": "content23",
                    "type": "content",
                    "input": false,
                    "tableView": false
                },
                {
                    "html": "<p><span style=\"color:rgb(0,0,0);\">U kunt bijlagen uploaden om uw uitnodiging duidelijker te maken. Bijvoorbeeld een persbericht, uitnodiging, plattegrond of een brief.</span></p>",
                    "label": "Content",
                    "refreshOnChange": false,
                    "key": "content1",
                    "type": "content",
                    "input": false,
                    "tableView": false
                },
                {
                    "label": "Toevoegen",
                    "description": "Toegestaan zijn .jpg, .png, .jpeg of .pdf documenten die niet groter zijn dan 20MB.",
                    "tableView": false,
                    "storage": "url",
                    "webcam": false,
                    "fileTypes": [
                        {
                            "label": "",
                            "value": ""
                        }
                    ],
                    "filePattern": "jpg,.png,.jpeg,.pdf",
                    "fileMinSize": "1KB",
                    "fileMaxSize": "20MB",
                    "multiple": true,
                    "key": "bijlage",
                    "type": "file",
                    "url": "/cloud/s3",
                    "input": true
                },
                {
                    "label": "Columns",
                    "columns": [
                        {
                            "components": [],
                            "width": 3,
                            "offset": 0,
                            "push": 0,
                            "pull": 0,
                            "size": "sm",
                            "currentWidth": 3
                        },
                        {
                            "components": [],
                            "size": "sm",
                            "width": 3,
                            "offset": 0,
                            "push": 0,
                            "pull": 0,
                            "currentWidth": 3
                        }
                    ],
                    "key": "columns6",
                    "type": "columns",
                    "input": false,
                    "tableView": false,
                    "hideOnChildrenHidden": false
                }
            ]
        }
    }
]