[
    {
        "uuid": "cda39a9e-ab36-46a0-9346-20fa3f924914",
        "name": "Subsidie groendak of groengevel aanvragen of klaa",
        "internal_name": "",
        "login_required": false,
        "authentication_backends": [],
        "slug": "subsidiegroendakofgroengevelaanvragenofklaarmelde",
        "url": "http://localhost/api/v2/forms/cda39a9e-ab36-46a0-9346-20fa3f924914",
        "show_progress_indicator": true,
        "maintenance_mode": false,
        "active": true,
        "is_deleted": false,
        "suspension_allowed": true,
        "send_confirmation_email": true,
        "display_main_website_link": true,
        "required_fields_with_asterisk": true,
        "resume_link_lifetime": 7,
        "hide_non_applicable_steps": true
    }
]