[
    {
        "uuid": "2886bb70-ff35-4aed-9332-72a507c4475e",
        "index": "0",
        "slug": "uw-gegevens",
        "form_definition": "http://localhost/api/v2/form-definitions/504c4b9e-8b1c-4d33-9636-a6c7ed29164d"
    },
    {
        "uuid": "34e4090a-c568-42f6-be98-b55dac0c4eb5",
        "index": "1",
        "slug": "aanvraag",
        "form_definition": "http://localhost/api/v2/form-definitions/89bb26a5-fa2b-4416-a061-b7fa4893aeb0"
    },
    {
        "uuid": "97e4926a-f0be-4ab2-be0f-0474df273c13",
        "index": "2",
        "slug": "subsidie",
        "form_definition": "http://localhost/api/v2/form-definitions/cdb09318-ef12-4cba-8df0-da19fb0e3669"
    },
    {
        "uuid": "0586a064-3f70-4c6a-a11f-a3e12f7712b9",
        "index": "3",
        "slug": "regenwater",
        "form_definition": "http://localhost/api/v2/form-definitions/56625006-200f-4f70-a3b2-18f02cd11113"
    },
    {
        "uuid": "5733faf4-e698-401e-9ad1-a0c98d9fd048",
        "index": "4",
        "slug": "planning",
        "form_definition": "http://localhost/api/v2/form-definitions/af155fa6-139c-4b24-87d9-01b8b700efc6"
    },
    {
        "uuid": "d9060acd-a59d-4fb2-a172-b2885163bbe7",
        "index": "5",
        "slug": "bijlagen",
        "form_definition": "http://localhost/api/v2/form-definitions/f35f0c38-4f59-4232-b3b0-d37b5944edb0"
    }
]