[
    {
        "uuid": "82306a77-4378-4a85-84e1-bc289ea1951c",
        "name": "Mantelzorgcompliment aanvragen oud",
        "internal_name": "",
        "login_required": false,
        "authentication_backends": [],
        "slug": "mantelzorgcomplimentaanvragenoud",
        "url": "http://localhost/api/v2/forms/82306a77-4378-4a85-84e1-bc289ea1951c",
        "show_progress_indicator": true,
        "maintenance_mode": false,
        "active": true,
        "is_deleted": false,
        "suspension_allowed": true,
        "send_confirmation_email": true,
        "display_main_website_link": true,
        "required_fields_with_asterisk": true,
        "resume_link_lifetime": 7,
        "hide_non_applicable_steps": true
    }
]