[
    {
        "url": "http://localhost/api/v2/form-definitions/4924ab43-d01f-469f-ad24-0c2e1df93d65",
        "uuid": "4924ab43-d01f-469f-ad24-0c2e1df93d65",
        "name": "Gegevens van de persoon die zorg krijgt",
        "slug": "gegevens-van-de-persoon-die-zorg-krijgt",
        "configuration": {
            "display": "form",
            "components": [
                {
                    "components": [
                        {
                            "label": "Naam",
                            "customClass": "naamingelogdegebruikerfieldnonhidden nonhiddenfield",
                            "tableView": true,
                            "persistent": false,
                            "key": "naamIngelogdeGebruiker",
                            "type": "textfield",
                            "input": true,
                            "prefill": {
                                "plugin": "haalcentraal",
                                "attribute": "verblijfplaats.huisnummer",
                                "identifierRole": "main"
                            }
                        },
                        {
                            "label": "Straatnaam",
                            "customClass": "straatnaamfieldnonhidden nonhiddenfield",
                            "tableView": true,
                            "persistent": false,
                            "key": "straatnaam",
                            "type": "textfield",
                            "input": true,
                            "prefill": {
                                "plugin": "haalcentraal",
                                "attribute": "verblijfplaats.woonplaats",
                                "identifierRole": "main"
                            }
                        },
                        {
                            "label": "Huisnummer",
                            "customClass": "huisnummerfieldnonhidden nonhiddenfield",
                            "tableView": true,
                            "persistent": false,
                            "key": "huisnummerfield",
                            "type": "textfield",
                            "input": true,
                            "prefill": {
                                "plugin": "haalcentraal",
                                "attribute": "verblijfplaats.huisnummer",
                                "identifierRole": "main"
                            }
                        },
                        {
                            "label": "Postcode",
                            "customClass": "postcodefieldnonhidden nonhiddenfield",
                            "tableView": true,
                            "persistent": false,
                            "key": "postcode",
                            "type": "textfield",
                            "input": true,
                            "prefill": {
                                "plugin": "haalcentraal",
                                "attribute": "verblijfplaats.huisnummer",
                                "identifierRole": "main"
                            }
                        },
                        {
                            "label": "Woonplaats",
                            "customClass": "woonplaatsfieldnonhidden nonhiddenfield",
                            "tableView": true,
                            "persistent": false,
                            "key": "woonplaats",
                            "type": "textfield",
                            "input": true,
                            "prefill": {
                                "plugin": "haalcentraal",
                                "attribute": "verblijfplaats.huisnummer",
                                "identifierRole": "main"
                            }
                        }
                    ],
                    "key": "fieldSet-1",
                    "type": "fieldset",
                    "label": "Field Set",
                    "tree": false,
                    "input": false,
                    "hidden": false,
                    "legend": "",
                    "prefix": "",
                    "suffix": "",
                    "unique": false,
                    "widget": null,
                    "dbIndex": false,
                    "overlay": {
                        "top": "",
                        "left": "",
                        "style": "",
                        "width": "",
                        "height": ""
                    },
                    "tooltip": "",
                    "disabled": false,
                    "multiple": false,
                    "redrawOn": "",
                    "tabindex": "",
                    "validate": {
                        "custom": "",
                        "unique": false,
                        "multiple": false,
                        "required": false,
                        "customPrivate": false,
                        "strictDateValidation": false
                    },
                    "autofocus": false,
                    "encrypted": false,
                    "hideLabel": false,
                    "modalEdit": false,
                    "protected": false,
                    "refreshOn": "",
                    "tableView": false,
                    "attributes": {},
                    "errorLabel": "",
                    "hideHeader": false,
                    "persistent": false,
                    "properties": {},
                    "validateOn": "change",
                    "clearOnHide": true,
                    "customClass": "",
                    "description": "",
                    "placeholder": "",
                    "defaultValue": null,
                    "dataGridLabel": false,
                    "labelPosition": "top",
                    "showCharCount": false,
                    "showWordCount": false,
                    "calculateValue": "",
                    "calculateServer": false,
                    "allowMultipleMasks": false,
                    "customDefaultValue": "",
                    "allowCalculateOverride": false,
                    "originalFormName": "nonhiddenfieldsform1"
                },
                {
                    "label": "E-mailadres",
                    "tableView": true,
                    "validateOn": "blur",
                    "validate": {
                        "required": true
                    },
                    "key": "eMailadres",
                    "type": "email",
                    "input": true,
                    "widget": null
                },
                {
                    "label": "Telefoonnummer",
                    "tableView": true,
                    "validate": {
                        "required": true
                    },
                    "key": "telefoonnummer",
                    "type": "textfield",
                    "input": true,
                    "widget": null,
                    "prefill": {
                        "plugin": "",
                        "attribute": "",
                        "identifierRole": "main"
                    }
                },
                {
                    "label": "Aanvraag",
                    "optionsLabelPosition": "right",
                    "inline": false,
                    "tableView": false,
                    "values": [
                        {
                            "label": "ik ben zelf de persoon die zorg ontvangt",
                            "value": "zelfZorg",
                            "shortcut": ""
                        },
                        {
                            "label": "ik vraag voor iemand anders die zorg ontvangt een compliment aan (bijvoorbeeld voor uw kind of uw partner)",
                            "value": "anderZorg",
                            "shortcut": ""
                        }
                    ],
                    "validate": {
                        "required": true
                    },
                    "key": "aanvraag",
                    "type": "radio",
                    "input": true
                },
                {
                    "components": [
                        {
                            "html": "<h3>Gegevens van de persoon die zorg ontvangt</h3>",
                            "label": "Content",
                            "refreshOnChange": false,
                            "key": "content3",
                            "type": "content",
                            "input": false,
                            "tableView": false
                        },
                        {
                            "label": "Achternaam en voorletters van de persoon die zorg ontvangt",
                            "widget": "",
                            "tableView": true,
                            "validate": {
                                "required": true
                            },
                            "key": "achternaamEnVoorlettersVanDePersoonDieZorgKrijgt",
                            "type": "textfield",
                            "input": true,
                            "prefill": {
                                "plugin": "",
                                "attribute": "",
                                "identifierRole": "main"
                            }
                        },
                        {
                            "label": "Geboortedatum",
                            "placeholder": "dag-maand-jaar",
                            "tableView": false,
                            "enableMinDateInput": false,
                            "datePicker": {
                                "disableWeekends": false,
                                "disableWeekdays": false
                            },
                            "enableMaxDateInput": false,
                            "timePicker": {
                                "showMeridian": false
                            },
                            "validate": {
                                "required": true
                            },
                            "validateOn": "blur",
                            "key": "geboortedatum",
                            "type": "datetime",
                            "input": true,
                            "widget": {
                                "type": "calendar",
                                "displayInTimezone": "viewer",
                                "locale": "nl",
                                "useLocaleSettings": false,
                                "allowInput": true,
                                "mode": "single",
                                "enableTime": false,
                                "noCalendar": false,
                                "format": "dd-MM-yyyy",
                                "hourIncrement": 1,
                                "minuteIncrement": 5,
                                "time_24hr": true,
                                "minDate": null,
                                "disableWeekends": false,
                                "disableWeekdays": false,
                                "maxDate": null
                            },
                            "defaultValue": null
                        },
                        {
                            "label": "Is het adres van de persoon die zorg ontvangt hetzelfde als uw adres?",
                            "optionsLabelPosition": "right",
                            "inline": false,
                            "tableView": false,
                            "values": [
                                {
                                    "label": "ja",
                                    "value": "ja",
                                    "shortcut": ""
                                },
                                {
                                    "label": "nee",
                                    "value": "nee",
                                    "shortcut": ""
                                }
                            ],
                            "validate": {
                                "required": true
                            },
                            "key": "adres",
                            "type": "radio",
                            "input": true
                        },
                        {
                            "label": "Adres van de persoon die zorg ontvangt",
                            "disablestreetcity": false,
                            "validate": {
                                "required": true
                            },
                            "widget": "",
                            "tableView": true,
                            "key": "adres1",
                            "conditional": {
                                "show": true,
                                "when": "aanvraagVoorIemandAnders.adres",
                                "eq": "nee"
                            },
                            "type": "adres",
                            "input": true
                        }
                    ],
                    "key": "fieldSet",
                    "type": "fieldset",
                    "label": "Field Set",
                    "tree": false,
                    "input": false,
                    "hidden": false,
                    "legend": "",
                    "prefix": "",
                    "suffix": "",
                    "unique": false,
                    "widget": null,
                    "dbIndex": false,
                    "overlay": {
                        "top": "",
                        "left": "",
                        "style": "",
                        "width": "",
                        "height": ""
                    },
                    "tooltip": "",
                    "disabled": false,
                    "multiple": false,
                    "redrawOn": "",
                    "tabindex": "",
                    "validate": {
                        "custom": "",
                        "unique": false,
                        "multiple": false,
                        "required": false,
                        "customPrivate": false,
                        "strictDateValidation": false
                    },
                    "autofocus": false,
                    "encrypted": false,
                    "hideLabel": false,
                    "modalEdit": false,
                    "protected": false,
                    "refreshOn": "",
                    "tableView": false,
                    "attributes": {},
                    "errorLabel": "",
                    "hideHeader": false,
                    "persistent": false,
                    "properties": {},
                    "validateOn": "change",
                    "clearOnHide": true,
                    "customClass": "",
                    "description": "",
                    "placeholder": "",
                    "defaultValue": null,
                    "dataGridLabel": false,
                    "labelPosition": "top",
                    "showCharCount": false,
                    "showWordCount": false,
                    "calculateValue": "",
                    "calculateServer": false,
                    "allowMultipleMasks": false,
                    "customDefaultValue": "",
                    "allowCalculateOverride": false
                },
                {
                    "label": "IBAN van de persoon die zorg ontvangt",
                    "description": "Is de persoon jonger dan 18 jaar dan het IBAN van de wettelijke vertegenwoordiger(s) invullen.",
                    "widget": "",
                    "inputMask": "AA99 AAAA 9999 9999 99",
                    "tableView": true,
                    "validateOn": "blur",
                    "validate": {
                        "required": true,
                        "customMessage": "Vul een geldig IBAN in."
                    },
                    "key": "ibanVanDePersoonDieZorgKrijgt",
                    "type": "textfield",
                    "input": true,
                    "prefill": {
                        "plugin": "",
                        "attribute": "",
                        "identifierRole": "main"
                    }
                },
                {
                    "label": "Op naam van",
                    "tableView": true,
                    "validate": {
                        "required": true
                    },
                    "key": "opNaamVan",
                    "type": "textfield",
                    "input": true,
                    "widget": null,
                    "prefill": {
                        "plugin": "",
                        "attribute": "",
                        "identifierRole": "main"
                    }
                },
                {
                    "label": "Waarom is er mantelzorg, wat is de beperking?",
                    "tableView": true,
                    "inputFormat": "plain",
                    "validate": {
                        "required": true
                    },
                    "key": "waaromMantelzorg",
                    "type": "textarea",
                    "input": true,
                    "autoExpand": false,
                    "widget": null
                },
                {
                    "label": "Columns",
                    "columns": [
                        {
                            "components": [],
                            "width": 3,
                            "offset": 0,
                            "push": 0,
                            "pull": 0,
                            "size": "sm",
                            "currentWidth": 3
                        },
                        {
                            "components": [],
                            "width": 6,
                            "offset": 0,
                            "push": 0,
                            "pull": 0,
                            "size": "md",
                            "currentWidth": 6
                        }
                    ],
                    "key": "columns",
                    "type": "columns",
                    "input": false,
                    "tableView": false,
                    "hideOnChildrenHidden": false
                }
            ]
        }
    },
    {
        "url": "http://localhost/api/v2/form-definitions/f5aa184d-e107-4fa1-b6d3-d1d2bd264f4d",
        "uuid": "f5aa184d-e107-4fa1-b6d3-d1d2bd264f4d",
        "name": "Gegevens mantelzorger",
        "slug": "gegevens-mantelzorger",
        "configuration": {
            "display": "form",
            "components": [
                {
                    "label": "Achternaam en voorletters van de persoon die zorg geeft, de mantelzorger",
                    "tableView": true,
                    "validate": {
                        "required": true
                    },
                    "key": "achternaamEnVoorlettersVanDePersoonDieZorgGeeftDeMantelzorger",
                    "type": "textfield",
                    "input": true,
                    "prefill": {
                        "plugin": "",
                        "attribute": "",
                        "identifierRole": "main"
                    }
                },
                {
                    "label": "Geboortedatum",
                    "placeholder": "dag-maand-jaar",
                    "tableView": false,
                    "enableMinDateInput": false,
                    "datePicker": {
                        "disableWeekends": false,
                        "disableWeekdays": false
                    },
                    "enableMaxDateInput": false,
                    "timePicker": {
                        "hourStep": "",
                        "minuteStep": "",
                        "showMeridian": false
                    },
                    "validate": {
                        "required": true
                    },
                    "validateOn": "blur",
                    "key": "geboortedatumMantelzorger",
                    "type": "datetime",
                    "input": true,
                    "widget": {
                        "type": "calendar",
                        "displayInTimezone": "viewer",
                        "locale": "nl",
                        "useLocaleSettings": false,
                        "allowInput": true,
                        "mode": "single",
                        "enableTime": false,
                        "noCalendar": false,
                        "format": "dd-MM-yyyy",
                        "time_24hr": true,
                        "minDate": null,
                        "disableWeekends": false,
                        "disableWeekdays": false,
                        "maxDate": null
                    }
                },
                {
                    "label": "Telefoonnummer",
                    "tableView": true,
                    "validate": {
                        "required": true
                    },
                    "key": "telefoonnummer1",
                    "type": "textfield",
                    "input": true,
                    "prefill": {
                        "plugin": "",
                        "attribute": "",
                        "identifierRole": "main"
                    }
                },
                {
                    "label": "E-mailadres",
                    "tableView": true,
                    "validateOn": "blur",
                    "validate": {
                        "required": true
                    },
                    "key": "eMailadresMantelzorger",
                    "type": "email",
                    "input": true
                },
                {
                    "label": "Is het adres van de mantelzorger hetzelfde als uw adres?",
                    "optionsLabelPosition": "right",
                    "inline": false,
                    "tableView": false,
                    "values": [
                        {
                            "label": "ja, het adres is hetzelfde",
                            "value": "ja",
                            "shortcut": ""
                        },
                        {
                            "label": "nee, het is een ander adres",
                            "value": "nee",
                            "shortcut": ""
                        }
                    ],
                    "validate": {
                        "required": true
                    },
                    "key": "adresMantelzorger",
                    "type": "radio",
                    "input": true
                },
                {
                    "label": "Adres van de mantelzorger",
                    "disablestreetcity": false,
                    "validate": {
                        "required": true
                    },
                    "tableView": true,
                    "key": "adresVanDeMantelzorger",
                    "type": "adres",
                    "input": true
                },
                {
                    "label": "Relatie mantelzorger en persoon die zorg ontvangt",
                    "widget": "choicesjs",
                    "tableView": true,
                    "data": {
                        "values": [
                            {
                                "label": "de mantelzorger is een partner van de persoon die zorg krijgt",
                                "value": "partner"
                            },
                            {
                                "label": "de mantelzorger is een kind van de persoon die zorg krijgt",
                                "value": "kind"
                            },
                            {
                                "label": "de mantelzorger is een ouder van de persoon die zorg krijgt",
                                "value": "ouder"
                            },
                            {
                                "label": "de mantelzorger is een ander familielid van de persoon die zorg krijgt",
                                "value": "overigeFamilie"
                            },
                            {
                                "label": "de mantelzorger is iemand die in hetzelfde huis woont als de persoon die zorg krijgt",
                                "value": "huisgenoot"
                            },
                            {
                                "label": "de mantelzorger is iemand die in buurt woont van de persoon die zorg krijgt",
                                "value": "buurtgenoot"
                            },
                            {
                                "label": "de mantelzorger is een vriend of vriendin van de persoon die zorg krijgt",
                                "value": "vriendIn"
                            }
                        ]
                    },
                    "validate": {
                        "required": true
                    },
                    "key": "relatieMantelzorgerEnPersoonDieZorgKrijgt",
                    "type": "select",
                    "input": true
                },
                {
                    "label": "Waarmee helpt de mantelzorger u?",
                    "optionsLabelPosition": "right",
                    "tableView": false,
                    "values": [
                        {
                            "label": "boodschappen",
                            "value": "boodschappen",
                            "shortcut": ""
                        },
                        {
                            "label": "klaarzetten van maaltijden",
                            "value": "klaarzettenVanMaaltijden",
                            "shortcut": ""
                        },
                        {
                            "label": "koken",
                            "value": "koken",
                            "shortcut": ""
                        },
                        {
                            "label": "vervoer",
                            "value": "vervoer",
                            "shortcut": ""
                        },
                        {
                            "label": "schoonmaken",
                            "value": "schoonmaken",
                            "shortcut": ""
                        },
                        {
                            "label": "douchen en aankleden",
                            "value": "douchenEnAankleden",
                            "shortcut": ""
                        },
                        {
                            "label": "administratie",
                            "value": "administratie",
                            "shortcut": ""
                        },
                        {
                            "label": "begeleiden",
                            "value": "begeleiden",
                            "shortcut": ""
                        },
                        {
                            "label": "anders",
                            "value": "anders",
                            "shortcut": ""
                        }
                    ],
                    "validate": {
                        "required": true,
                        "onlyAvailableItems": false
                    },
                    "key": "waarmeeHelptDeMantelzorgerU",
                    "type": "selectboxes",
                    "input": true,
                    "inputType": "checkbox"
                },
                {
                    "label": "Waarmee dan?",
                    "tableView": true,
                    "validate": {
                        "required": true
                    },
                    "key": "waarmeeDan",
                    "type": "textfield",
                    "input": true,
                    "prefill": {
                        "plugin": "",
                        "attribute": "",
                        "identifierRole": "main"
                    }
                },
                {
                    "label": "Columns",
                    "columns": [
                        {
                            "components": [],
                            "width": 3,
                            "offset": 0,
                            "push": 0,
                            "pull": 0,
                            "size": "sm",
                            "currentWidth": 3
                        },
                        {
                            "components": [],
                            "size": "sm",
                            "width": 3,
                            "offset": 0,
                            "push": 0,
                            "pull": 0,
                            "currentWidth": 3
                        }
                    ],
                    "key": "columns1",
                    "type": "columns",
                    "input": false,
                    "tableView": false,
                    "hideOnChildrenHidden": false
                }
            ]
        }
    },
    {
        "url": "http://localhost/api/v2/form-definitions/14d50e85-7225-45a8-9e3a-af8c26cf36fb",
        "uuid": "14d50e85-7225-45a8-9e3a-af8c26cf36fb",
        "name": "Voorwaarden",
        "slug": "voorwaarden",
        "configuration": {
            "display": "form",
            "components": [
                {
                    "html": "<p style=\"margin-left:0px;\">Om een mantelzorgcompliment te krijgen hebben we de volgende voorwaarden:</p><ul><li>de mantelzorger is minimaal 18 jaar oud</li><li>de mantelzorger geeft meer zorg dan de normale dagelijkse zorg voor partners, ouders of kinderen die thuis wonen</li><li>de mantelzorger is geen vrijwilliger. De mantelzorg zorgt omdat hij een relatie heeft met de persoon die zorg krijgt. Bijvoorbeeld partner, kind, familie, buur of vriend</li><li>de mantelzorger geeft meer dan 8 uur zorg per week voor minimaal 1 jaar&nbsp;<br>&nbsp;</li></ul>",
                    "label": "Content",
                    "refreshOnChange": false,
                    "key": "content1",
                    "type": "content",
                    "input": false,
                    "tableView": false
                },
                {
                    "label": "Klopt dit voor de mantelzorger?",
                    "optionsLabelPosition": "right",
                    "inline": false,
                    "tableView": false,
                    "values": [
                        {
                            "label": "ja",
                            "value": "ja",
                            "shortcut": ""
                        },
                        {
                            "label": "nee",
                            "value": "nee",
                            "shortcut": ""
                        }
                    ],
                    "validate": {
                        "required": true
                    },
                    "key": "houdtDeMantelzorgerZichAanDezeVoorwaarden",
                    "type": "radio",
                    "input": true
                },
                {
                    "label": "Opmerkingen",
                    "tableView": true,
                    "inputFormat": "plain",
                    "key": "opmerkingen",
                    "type": "textarea",
                    "input": true,
                    "autoExpand": false
                },
                {
                    "label": "Columns",
                    "columns": [
                        {
                            "components": [],
                            "width": 3,
                            "offset": 0,
                            "push": 0,
                            "pull": 0,
                            "size": "sm",
                            "currentWidth": 3
                        },
                        {
                            "components": [],
                            "size": "sm",
                            "width": 3,
                            "offset": 0,
                            "push": 0,
                            "pull": 0,
                            "currentWidth": 3
                        }
                    ],
                    "key": "columns4",
                    "type": "columns",
                    "input": false,
                    "tableView": false,
                    "hideOnChildrenHidden": false
                }
            ]
        }
    },
    {
        "url": "http://localhost/api/v2/form-definitions/3902f3f9-923e-4c24-b843-af330a29cf4a",
        "uuid": "3902f3f9-923e-4c24-b843-af330a29cf4a",
        "name": "Bijlage(n)",
        "slug": "bijlagen",
        "configuration": {
            "display": "form",
            "components": [
                {
                    "label": "Toevoegen",
                    "description": "Toegestaan zijn .jpg, .png, .jpeg of .pdf documenten die niet groter zijn dan 20MB.",
                    "tableView": false,
                    "storage": "url",
                    "webcam": false,
                    "fileTypes": [
                        {
                            "label": "",
                            "value": ""
                        }
                    ],
                    "filePattern": ".jpg,.png,.jpeg,.pdf",
                    "fileMinSize": "1KB",
                    "fileMaxSize": "20MB",
                    "multiple": true,
                    "validate": {
                        "required": true
                    },
                    "key": "toevoegen",
                    "type": "file",
                    "url": "/cloud/s3",
                    "input": true
                },
                {
                    "html": "<p>Ik heb deze bijlage(n) toegevoegd:</p>",
                    "label": "Content",
                    "refreshOnChange": false,
                    "key": "content",
                    "type": "content",
                    "input": false,
                    "tableView": false
                },
                {
                    "label": "kopie laatste bankafschrift IBAN van de persoon die zorg krijgt of zijn/haar wettelijke vertegenwoordiger als die persoon jonger is dan 18 jaar. ",
                    "description": "Op de kopie moet de naam en het rekeningnummer goed te zien zijn. De rest van de gegevens mag u onzichtbaar maken. Stuur géén kopie van uw bankpas mee. Die kunnen wij niet gebruiken.",
                    "tableView": false,
                    "defaultValue": false,
                    "validate": {
                        "required": true
                    },
                    "key": "kopieLaatsteBankafschriftIban",
                    "type": "checkbox",
                    "input": true
                },
                {
                    "label": "Columns",
                    "columns": [
                        {
                            "components": [],
                            "width": 3,
                            "offset": 0,
                            "push": 0,
                            "pull": 0,
                            "size": "sm",
                            "currentWidth": 3
                        },
                        {
                            "components": [],
                            "size": "sm",
                            "width": 3,
                            "offset": 0,
                            "push": 0,
                            "pull": 0,
                            "currentWidth": 3
                        }
                    ],
                    "key": "columns2",
                    "type": "columns",
                    "input": false,
                    "tableView": false,
                    "hideOnChildrenHidden": false
                }
            ]
        }
    }
]