[
    {
        "uuid": "4e4ed967-0185-44bc-b63e-42b75ec7e512",
        "name": "Vergunning aanvragen kraam podium langs route Vie",
        "internal_name": "",
        "login_required": false,
        "authentication_backends": [],
        "slug": "vergunningaanvragenkraampodiumlangsroutevierdaags",
        "url": "http://localhost/api/v2/forms/4e4ed967-0185-44bc-b63e-42b75ec7e512",
        "show_progress_indicator": true,
        "maintenance_mode": false,
        "active": true,
        "is_deleted": false,
        "suspension_allowed": true,
        "send_confirmation_email": true,
        "display_main_website_link": true,
        "required_fields_with_asterisk": true,
        "resume_link_lifetime": 7,
        "hide_non_applicable_steps": true
    }
]