[
    {
        "uuid": "bbb866e8-8db5-4bd2-82f7-c6177f9078f6",
        "index": "0",
        "slug": "algemeen",
        "form_definition": "http://localhost/api/v2/form-definitions/cb7138e2-a1f1-4cea-bb5e-48134c375cd5"
    },
    {
        "uuid": "ac9d0704-c469-41b1-a1ff-4a5811d3c7dd",
        "index": "1",
        "slug": "wat-wilt-u-plaatsen",
        "form_definition": "http://localhost/api/v2/form-definitions/f9eca9e0-66b3-4721-93e8-39643f6a897d"
    },
    {
        "uuid": "a8f20219-0e6f-4a1f-813a-336ac8ea36b7",
        "index": "2",
        "slug": "datum-en-tijden",
        "form_definition": "http://localhost/api/v2/form-definitions/6a324e2d-79fb-4b02-b0b6-1e57fbfaaacf"
    },
    {
        "uuid": "9423b3d0-7983-47e8-bba5-4c7f8607dd92",
        "index": "3",
        "slug": "plaats",
        "form_definition": "http://localhost/api/v2/form-definitions/4d38fcd7-eeba-497d-9b6f-4ec7c35955ad"
    },
    {
        "uuid": "b335db71-d539-426f-9ca9-99feba606221",
        "index": "4",
        "slug": "vergunning",
        "form_definition": "http://localhost/api/v2/form-definitions/8c854bc9-c1cd-451e-8c73-e1529d4e2cba"
    },
    {
        "uuid": "7ec352e1-824f-4a9c-a904-34e4d40707af",
        "index": "5",
        "slug": "bijlagen",
        "form_definition": "http://localhost/api/v2/form-definitions/6d71ef19-c28c-41ab-bdc8-752b346be5e3"
    }
]