[
    {
        "url": "http://localhost/api/v2/form-definitions/cb7138e2-a1f1-4cea-bb5e-48134c375cd5",
        "uuid": "cb7138e2-a1f1-4cea-bb5e-48134c375cd5",
        "name": "Algemeen",
        "slug": "algemeen",
        "configuration": {
            "display": "form",
            "components": [
                {
                    "html": "<h2>Vergunning aanvragen kraam podium langs route Vierdaagse</h2>",
                    "label": "Content",
                    "refreshOnChange": false,
                    "key": "content14",
                    "type": "content",
                    "input": false,
                    "tableView": false
                },
                {
                    "components": [
                        {
                            "collapsible": false,
                            "key": "page1",
                            "type": "panel",
                            "label": "Panel",
                            "input": false,
                            "tableView": false,
                            "components": [
                                {
                                    "label": "Voor wie vraagt u aan?",
                                    "optionsLabelPosition": "right",
                                    "inline": false,
                                    "tableView": false,
                                    "values": [
                                        {
                                            "label": "mijzelf",
                                            "value": "mijzelf",
                                            "shortcut": ""
                                        },
                                        {
                                            "label": "een organisatie of bedrijf",
                                            "value": "organisatie",
                                            "shortcut": ""
                                        }
                                    ],
                                    "dataType": "auto",
                                    "validate": {
                                        "required": true
                                    },
                                    "key": "namensWieVraagtUEenOntheffingAan",
                                    "conditional": {
                                        "show": true,
                                        "when": "inlogmiddel",
                                        "eq": "digid"
                                    },
                                    "customConditional": "show = (data.bsn && data.bsn.length > 0) || (data.inlogmiddel == 'digid');",
                                    "type": "radio",
                                    "input": true
                                },
                                {
                                    "label": "Naam organisatie of bedrijf",
                                    "tableView": true,
                                    "validate": {
                                        "required": true
                                    },
                                    "key": "naamOrganisatieOfBedrijf",
                                    "properties": {
                                        "dms_key": "initiator.niet_natuurlijk_persoon.statutaireNaam"
                                    },
                                    "conditional": {
                                        "show": true,
                                        "when": "namensWieVraagtUEenOntheffingAan",
                                        "eq": "organisatie"
                                    },
                                    "type": "textfield",
                                    "input": true,
                                    "prefill": {
                                        "plugin": "",
                                        "attribute": "",
                                        "identifierRole": "main"
                                    }
                                },
                                {
                                    "label": "Inschrijfnummer Kamer van Koophandel",
                                    "tableView": true,
                                    "validateOn": "blur",
                                    "validate": {
                                        "required": true,
                                        "pattern": "^[0-9]*$",
                                        "customMessage": "Een inschrijfnummer Kamer van Koophandel bevat 8 cijfers.",
                                        "minLength": 8,
                                        "maxLength": 8
                                    },
                                    "key": "inschrijfnummerKamerVanKoophandel",
                                    "properties": {
                                        "vip_key": "kvk"
                                    },
                                    "conditional": {
                                        "show": true,
                                        "when": "namensWieVraagtUEenOntheffingAan",
                                        "eq": "organisatie"
                                    },
                                    "type": "textfield",
                                    "input": true,
                                    "prefill": {
                                        "plugin": "",
                                        "attribute": "",
                                        "identifierRole": "main"
                                    }
                                },
                                {
                                    "label": "Bent u zelf de contactpersoon van deze aanvraag?",
                                    "optionsLabelPosition": "right",
                                    "inline": false,
                                    "tableView": false,
                                    "values": [
                                        {
                                            "label": "ja",
                                            "value": "ja",
                                            "shortcut": ""
                                        },
                                        {
                                            "label": "nee",
                                            "value": "nee",
                                            "shortcut": ""
                                        }
                                    ],
                                    "validate": {
                                        "required": true
                                    },
                                    "key": "contactpersoon",
                                    "properties": {
                                        "vip_key": "initiator_is_contact"
                                    },
                                    "conditional": {
                                        "show": true,
                                        "when": "inlogmiddel",
                                        "eq": "digid"
                                    },
                                    "customConditional": "show = (data.bsn && data.bsn.length > 0) || (data.inlogmiddel == 'digid');",
                                    "type": "radio",
                                    "input": true
                                },
                                {
                                    "label": "Naam contactpersoon",
                                    "tableView": true,
                                    "validate": {
                                        "required": true
                                    },
                                    "key": "naamContactpersoon",
                                    "properties": {
                                        "vip_key": "name"
                                    },
                                    "customConditional": "show = false;\n\nif(data.inlogmiddel && data.inlogmiddel == 'eherkenning') {\n  show = true;\n}else if(data.contactpersoon && data.contactpersoon == 'nee') {\n  show = true;\n}",
                                    "type": "textfield",
                                    "input": true,
                                    "prefill": {
                                        "plugin": "",
                                        "attribute": "",
                                        "identifierRole": "main"
                                    }
                                },
                                {
                                    "label": "E-mailadres",
                                    "tableView": true,
                                    "validateOn": "blur",
                                    "validate": {
                                        "required": true
                                    },
                                    "key": "eMailadres",
                                    "properties": {
                                        "vip_key": "email",
                                        "oz_api": "zaakeigenschappen",
                                        "oz_name": "email_adres"
                                    },
                                    "type": "email",
                                    "input": true
                                },
                                {
                                    "label": "De gemeente mag dit e-mailadres gebruiken om te reageren op mijn aanvraag.",
                                    "optionsLabelPosition": "right",
                                    "inline": false,
                                    "tableView": false,
                                    "values": [
                                        {
                                            "label": "ja",
                                            "value": "ja",
                                            "shortcut": ""
                                        },
                                        {
                                            "label": "nee",
                                            "value": "nee",
                                            "shortcut": ""
                                        }
                                    ],
                                    "key": "deGemeenteMagDitEMailadresGebruikenOmTeReagerenOpMijnAanvraag",
                                    "type": "radio",
                                    "input": true
                                },
                                {
                                    "label": "Telefoonnummer",
                                    "tableView": true,
                                    "validate": {
                                        "required": true
                                    },
                                    "key": "telefoonnummer-1",
                                    "properties": {
                                        "vip_key": "phone",
                                        "oz_api": "zaakeigenschappen",
                                        "oz_name": "telefoonnummer"
                                    },
                                    "type": "textfield",
                                    "input": true,
                                    "prefill": {
                                        "plugin": "",
                                        "attribute": "",
                                        "identifierRole": "main"
                                    }
                                }
                            ]
                        }
                    ],
                    "key": "fieldSet-1-2-3-4-5-6-7-8-9-10-11",
                    "type": "fieldset",
                    "label": "Field Set",
                    "tree": false,
                    "input": false,
                    "hidden": false,
                    "legend": "",
                    "prefix": "",
                    "suffix": "",
                    "unique": false,
                    "widget": null,
                    "dbIndex": false,
                    "overlay": {
                        "top": "",
                        "left": "",
                        "style": "",
                        "width": "",
                        "height": ""
                    },
                    "tooltip": "",
                    "disabled": false,
                    "multiple": false,
                    "redrawOn": "",
                    "tabindex": "",
                    "validate": {
                        "custom": "",
                        "unique": false,
                        "multiple": false,
                        "required": false,
                        "customPrivate": false,
                        "strictDateValidation": false
                    },
                    "autofocus": false,
                    "encrypted": false,
                    "hideLabel": false,
                    "modalEdit": false,
                    "protected": false,
                    "refreshOn": "",
                    "tableView": false,
                    "attributes": {},
                    "errorLabel": "",
                    "hideHeader": false,
                    "persistent": false,
                    "properties": {},
                    "validateOn": "change",
                    "clearOnHide": true,
                    "customClass": "",
                    "description": "",
                    "placeholder": "",
                    "defaultValue": null,
                    "dataGridLabel": false,
                    "labelPosition": "top",
                    "showCharCount": false,
                    "showWordCount": false,
                    "calculateValue": "",
                    "calculateServer": false,
                    "allowMultipleMasks": false,
                    "customDefaultValue": "",
                    "allowCalculateOverride": false,
                    "originalFormName": "apvBlok2A"
                },
                {
                    "label": "Columns",
                    "columns": [
                        {
                            "components": [],
                            "width": 3,
                            "offset": 0,
                            "push": 0,
                            "pull": 0,
                            "size": "sm",
                            "currentWidth": 3
                        },
                        {
                            "components": [],
                            "width": 6,
                            "offset": 0,
                            "push": 0,
                            "pull": 0,
                            "size": "md",
                            "currentWidth": 6
                        }
                    ],
                    "key": "columns",
                    "type": "columns",
                    "input": false,
                    "tableView": false,
                    "hideOnChildrenHidden": false
                }
            ]
        }
    },
    {
        "url": "http://localhost/api/v2/form-definitions/f9eca9e0-66b3-4721-93e8-39643f6a897d",
        "uuid": "f9eca9e0-66b3-4721-93e8-39643f6a897d",
        "name": "Wat wilt u plaatsen?",
        "slug": "wat-wilt-u-plaatsen",
        "configuration": {
            "display": "form",
            "components": [
                {
                    "html": "<h2>Vergunning aanvragen kraam podium langs route Vierdaagse</h2>",
                    "label": "Content",
                    "refreshOnChange": false,
                    "key": "content15",
                    "type": "content",
                    "input": false,
                    "tableView": false
                },
                {
                    "html": "<p style=\"margin-left:0px;\">Aan het einde van dit formulier moet u <span style=\"background-color:rgb(255,255,255);\">uploaden:</span>&nbsp;</p><ul><li style=\"margin-left:0px;\"><span style=\"background-color:rgb(255,255,255);\">een plattegrond met de inrichting op schaal (1:500 of 1:1000). Op de plattegrond geeft u alles aan wat er op de plek staat of geplaatst wordt.</span>&nbsp;</li><li style=\"margin-left:0px;\">een uittreksel Kamer van Koophandel, niet ouder dan 6 maanden uploaden&nbsp;<br>&nbsp;</li></ul>",
                    "label": "Content",
                    "refreshOnChange": false,
                    "key": "content-1",
                    "type": "content",
                    "input": false,
                    "tableView": false
                },
                {
                    "label": "Vul de gegevens in over wat u wilt plaatsen:",
                    "reorder": false,
                    "addAnother": "Toevoegen",
                    "addAnotherPosition": "bottom",
                    "defaultOpen": false,
                    "layoutFixed": false,
                    "enableRowGroups": false,
                    "initEmpty": false,
                    "tableView": false,
                    "defaultValue": [
                        {
                            "container": {
                                "watWiltUPlaatsen": "",
                                "afmetingenVulDeLengteXBreedteXHoogteInMetersIn": ""
                            }
                        }
                    ],
                    "key": "objecten",
                    "type": "datagrid",
                    "input": true,
                    "components": [
                        {
                            "components": [
                                {
                                    "label": "Wat wilt u plaatsen?",
                                    "optionsLabelPosition": "right",
                                    "inline": false,
                                    "tableView": false,
                                    "values": [
                                        {
                                            "label": "podium met overkapping",
                                            "value": "podiumMetOverkapping",
                                            "shortcut": ""
                                        },
                                        {
                                            "label": "podium zonder overkapping",
                                            "value": "podiumZonderOverkapping",
                                            "shortcut": ""
                                        },
                                        {
                                            "label": "(party)tent",
                                            "value": "partyTent",
                                            "shortcut": ""
                                        },
                                        {
                                            "label": "tribune",
                                            "value": "tribune",
                                            "shortcut": ""
                                        },
                                        {
                                            "label": "informatiekraam",
                                            "value": "informatiekraam",
                                            "shortcut": ""
                                        },
                                        {
                                            "label": "verkoopwagen",
                                            "value": "verkoopwagen",
                                            "shortcut": ""
                                        },
                                        {
                                            "label": "verkoopkraam",
                                            "value": "verkoopkraam",
                                            "shortcut": ""
                                        },
                                        {
                                            "label": "speakers/boxen",
                                            "value": "speakersBoxen",
                                            "shortcut": ""
                                        },
                                        {
                                            "label": "toiletwagen",
                                            "value": "toiletwagen",
                                            "shortcut": ""
                                        },
                                        {
                                            "label": "anders",
                                            "value": "anders",
                                            "shortcut": ""
                                        }
                                    ],
                                    "validate": {
                                        "required": true
                                    },
                                    "key": "watWiltUPlaatsen",
                                    "type": "radio",
                                    "input": true
                                },
                                {
                                    "label": "Wat wilt u dan plaatsen?",
                                    "tableView": true,
                                    "validate": {
                                        "required": true
                                    },
                                    "key": "watWiltUDanPlaatsen",
                                    "conditional": {
                                        "show": true,
                                        "when": "objecten.container.watWiltUPlaatsen",
                                        "eq": "anders"
                                    },
                                    "type": "textfield",
                                    "input": true,
                                    "prefill": {
                                        "plugin": "",
                                        "attribute": "",
                                        "identifierRole": "main"
                                    }
                                },
                                {
                                    "label": "Afmetingen:",
                                    "description": "Geef de lenge x breedte x hoogte in meters aan.",
                                    "tableView": true,
                                    "validate": {
                                        "required": true
                                    },
                                    "key": "afmetingenVulDeLengteXBreedteXHoogteInMetersIn",
                                    "type": "textfield",
                                    "input": true,
                                    "prefill": {
                                        "plugin": "",
                                        "attribute": "",
                                        "identifierRole": "main"
                                    }
                                }
                            ],
                            "key": "fieldSet-1-2-3-4-5-6-7-8-9-10",
                            "type": "fieldset",
                            "label": "Field Set",
                            "tree": false,
                            "input": false,
                            "hidden": false,
                            "legend": "",
                            "prefix": "",
                            "suffix": "",
                            "unique": false,
                            "widget": null,
                            "dbIndex": false,
                            "overlay": {
                                "top": "",
                                "left": "",
                                "style": "",
                                "width": "",
                                "height": ""
                            },
                            "tooltip": "",
                            "disabled": false,
                            "multiple": false,
                            "redrawOn": "",
                            "tabindex": "",
                            "validate": {
                                "custom": "",
                                "unique": false,
                                "multiple": false,
                                "required": false,
                                "customPrivate": false,
                                "strictDateValidation": false
                            },
                            "autofocus": false,
                            "encrypted": false,
                            "hideLabel": false,
                            "modalEdit": false,
                            "protected": false,
                            "refreshOn": "",
                            "tableView": false,
                            "attributes": {},
                            "errorLabel": "",
                            "hideHeader": false,
                            "persistent": false,
                            "properties": {},
                            "validateOn": "change",
                            "clearOnHide": true,
                            "conditional": {
                                "eq": "",
                                "show": null,
                                "when": null
                            },
                            "customClass": "",
                            "description": "",
                            "placeholder": "",
                            "defaultValue": null,
                            "dataGridLabel": false,
                            "labelPosition": "top",
                            "showCharCount": false,
                            "showWordCount": false,
                            "calculateValue": "",
                            "calculateServer": false,
                            "allowMultipleMasks": false,
                            "customDefaultValue": "",
                            "allowCalculateOverride": false
                        }
                    ]
                },
                {
                    "label": "Columns",
                    "columns": [
                        {
                            "components": [],
                            "width": 3,
                            "offset": 0,
                            "push": 0,
                            "pull": 0,
                            "size": "sm",
                            "currentWidth": 3
                        },
                        {
                            "components": [],
                            "size": "sm",
                            "width": 3,
                            "offset": 0,
                            "push": 0,
                            "pull": 0,
                            "currentWidth": 3
                        }
                    ],
                    "key": "columns1",
                    "type": "columns",
                    "input": false,
                    "tableView": false,
                    "hideOnChildrenHidden": false
                }
            ]
        }
    },
    {
        "url": "http://localhost/api/v2/form-definitions/6a324e2d-79fb-4b02-b0b6-1e57fbfaaacf",
        "uuid": "6a324e2d-79fb-4b02-b0b6-1e57fbfaaacf",
        "name": "Datum en tijden",
        "slug": "datum-en-tijden",
        "configuration": {
            "display": "form",
            "components": [
                {
                    "html": "<h2>Vergunning aanvragen kraam podium langs route Vierdaagse</h2>",
                    "label": "Content",
                    "refreshOnChange": false,
                    "key": "content16",
                    "type": "content",
                    "input": false,
                    "tableView": false
                },
                {
                    "label": "Op welke dag wilt u iets plaatsen? (Meerdere antwoorden mogelijk)",
                    "optionsLabelPosition": "right",
                    "tableView": false,
                    "values": [
                        {
                            "label": "zaterdag 16 juli 2022",
                            "value": "zaterdag",
                            "shortcut": ""
                        },
                        {
                            "label": "zondag 17 juli 2022",
                            "value": "zondag",
                            "shortcut": ""
                        },
                        {
                            "label": "maandag 18 juli 2022",
                            "value": "maandag",
                            "shortcut": ""
                        },
                        {
                            "label": "dinsdag 19 juli 2022",
                            "value": "dinsdag",
                            "shortcut": ""
                        },
                        {
                            "label": "woensdag 20 juli 2022",
                            "value": "woensdag",
                            "shortcut": ""
                        },
                        {
                            "label": "donderdag 21 juli 2022",
                            "value": "donderdag",
                            "shortcut": ""
                        },
                        {
                            "label": "vrijdag 22 juli 2022",
                            "value": "vrijdag",
                            "shortcut": ""
                        }
                    ],
                    "validate": {
                        "required": true,
                        "onlyAvailableItems": false,
                        "minSelectedCount": 1
                    },
                    "minSelectedCountMessage": "Vink minimaal 1 datum aan.",
                    "key": "opWelkeDagWiltUIetsPlaatsenMeerdereAntwoordenMogelijk",
                    "type": "selectboxes",
                    "input": true,
                    "inputType": "checkbox",
                    "defaultValue": {
                        "zaterdag": false,
                        "zondag": false,
                        "maandag": false,
                        "dinsdag": false,
                        "woensdag": false,
                        "donderdag": false,
                        "vrijdag": false
                    }
                },
                {
                    "components": [
                        {
                            "label": "Zaterdag 16 juli startijd",
                            "inputType": "text",
                            "tableView": true,
                            "dataFormat": "HH:mm",
                            "validate": {
                                "required": true
                            },
                            "validateOn": "blur",
                            "key": "zaterdag16JuliBegintijd",
                            "type": "time",
                            "input": true,
                            "inputMask": "99:99"
                        },
                        {
                            "label": "Zaterdag 16 juli eindtijd",
                            "inputType": "text",
                            "tableView": true,
                            "dataFormat": "HH:mm",
                            "validate": {
                                "required": true
                            },
                            "validateOn": "blur",
                            "key": "zaterdag16JuliBegintijd1-1-2",
                            "type": "time",
                            "input": true,
                            "inputMask": "99:99"
                        }
                    ],
                    "key": "fieldSet-1-2-3-4-5-6-7-8-9",
                    "type": "fieldset",
                    "label": "Field Set",
                    "tree": false,
                    "input": false,
                    "hidden": false,
                    "legend": "",
                    "prefix": "",
                    "suffix": "",
                    "unique": false,
                    "widget": null,
                    "dbIndex": false,
                    "overlay": {
                        "top": "",
                        "left": "",
                        "style": "",
                        "width": "",
                        "height": ""
                    },
                    "tooltip": "",
                    "disabled": false,
                    "multiple": false,
                    "redrawOn": "",
                    "tabindex": "",
                    "validate": {
                        "custom": "",
                        "unique": false,
                        "multiple": false,
                        "required": false,
                        "customPrivate": false,
                        "strictDateValidation": false
                    },
                    "autofocus": false,
                    "encrypted": false,
                    "hideLabel": false,
                    "modalEdit": false,
                    "protected": false,
                    "refreshOn": "",
                    "tableView": false,
                    "attributes": {},
                    "errorLabel": "",
                    "hideHeader": false,
                    "persistent": false,
                    "properties": {},
                    "validateOn": "change",
                    "clearOnHide": true,
                    "customClass": "",
                    "description": "",
                    "placeholder": "",
                    "defaultValue": null,
                    "dataGridLabel": false,
                    "labelPosition": "top",
                    "showCharCount": false,
                    "showWordCount": false,
                    "calculateValue": "",
                    "calculateServer": false,
                    "allowMultipleMasks": false,
                    "customDefaultValue": "",
                    "allowCalculateOverride": false
                },
                {
                    "components": [
                        {
                            "label": "Zondag 17 juli starttijd",
                            "inputType": "text",
                            "tableView": true,
                            "dataFormat": "HH:mm",
                            "validate": {
                                "required": true
                            },
                            "validateOn": "blur",
                            "key": "zondag17JuliStarttijd",
                            "type": "time",
                            "input": true,
                            "inputMask": "99:99"
                        },
                        {
                            "label": "Zondag 17 juli eindtijd",
                            "inputType": "text",
                            "tableView": true,
                            "dataFormat": "HH:mm",
                            "validate": {
                                "required": true
                            },
                            "validateOn": "blur",
                            "key": "zaterdag16JuliBegintijd1-1",
                            "type": "time",
                            "input": true,
                            "inputMask": "99:99"
                        }
                    ],
                    "key": "fieldSet-1-2-3-4-5-6-7-8",
                    "type": "fieldset",
                    "label": "Field Set",
                    "tree": false,
                    "input": false,
                    "hidden": false,
                    "legend": "",
                    "prefix": "",
                    "suffix": "",
                    "unique": false,
                    "widget": null,
                    "dbIndex": false,
                    "overlay": {
                        "top": "",
                        "left": "",
                        "style": "",
                        "width": "",
                        "height": ""
                    },
                    "tooltip": "",
                    "disabled": false,
                    "multiple": false,
                    "redrawOn": "",
                    "tabindex": "",
                    "validate": {
                        "custom": "",
                        "unique": false,
                        "multiple": false,
                        "required": false,
                        "customPrivate": false,
                        "strictDateValidation": false
                    },
                    "autofocus": false,
                    "encrypted": false,
                    "hideLabel": false,
                    "modalEdit": false,
                    "protected": false,
                    "refreshOn": "",
                    "tableView": false,
                    "attributes": {},
                    "errorLabel": "",
                    "hideHeader": false,
                    "persistent": false,
                    "properties": {},
                    "validateOn": "change",
                    "clearOnHide": true,
                    "customClass": "",
                    "description": "",
                    "placeholder": "",
                    "defaultValue": null,
                    "dataGridLabel": false,
                    "labelPosition": "top",
                    "showCharCount": false,
                    "showWordCount": false,
                    "calculateValue": "",
                    "calculateServer": false,
                    "allowMultipleMasks": false,
                    "customDefaultValue": "",
                    "allowCalculateOverride": false
                },
                {
                    "components": [
                        {
                            "label": "Maandag 18 juli starttijd",
                            "inputType": "text",
                            "tableView": true,
                            "dataFormat": "HH:mm",
                            "validate": {
                                "required": true
                            },
                            "validateOn": "blur",
                            "key": "maandag18JuliStarttijd-1-2-3-4",
                            "type": "time",
                            "input": true,
                            "inputMask": "99:99"
                        },
                        {
                            "label": "Maandag 18 juli eindtijd",
                            "inputType": "text",
                            "tableView": true,
                            "dataFormat": "HH:mm",
                            "validate": {
                                "required": true
                            },
                            "validateOn": "blur",
                            "key": "zaterdag16JuliBegintijd1",
                            "type": "time",
                            "input": true,
                            "inputMask": "99:99"
                        }
                    ],
                    "key": "fieldSet-1-2-3-4-5-6-7",
                    "type": "fieldset",
                    "label": "Field Set",
                    "tree": false,
                    "input": false,
                    "hidden": false,
                    "legend": "",
                    "prefix": "",
                    "suffix": "",
                    "unique": false,
                    "widget": null,
                    "dbIndex": false,
                    "overlay": {
                        "top": "",
                        "left": "",
                        "style": "",
                        "width": "",
                        "height": ""
                    },
                    "tooltip": "",
                    "disabled": false,
                    "multiple": false,
                    "redrawOn": "",
                    "tabindex": "",
                    "validate": {
                        "custom": "",
                        "unique": false,
                        "multiple": false,
                        "required": false,
                        "customPrivate": false,
                        "strictDateValidation": false
                    },
                    "autofocus": false,
                    "encrypted": false,
                    "hideLabel": false,
                    "modalEdit": false,
                    "protected": false,
                    "refreshOn": "",
                    "tableView": false,
                    "attributes": {},
                    "errorLabel": "",
                    "hideHeader": false,
                    "persistent": false,
                    "properties": {},
                    "validateOn": "change",
                    "clearOnHide": true,
                    "customClass": "",
                    "description": "",
                    "placeholder": "",
                    "defaultValue": null,
                    "dataGridLabel": false,
                    "labelPosition": "top",
                    "showCharCount": false,
                    "showWordCount": false,
                    "calculateValue": "",
                    "calculateServer": false,
                    "allowMultipleMasks": false,
                    "customDefaultValue": "",
                    "allowCalculateOverride": false
                },
                {
                    "components": [
                        {
                            "label": "Dinsdag 19 juli starttijd",
                            "inputType": "text",
                            "tableView": true,
                            "dataFormat": "HH:mm",
                            "validate": {
                                "required": true
                            },
                            "validateOn": "blur",
                            "key": "maandag18JuliStarttijd-1-2-3",
                            "type": "time",
                            "input": true,
                            "inputMask": "99:99"
                        },
                        {
                            "label": "Dinsdag 19 juli eindtijd",
                            "inputType": "text",
                            "tableView": true,
                            "dataFormat": "HH:mm",
                            "validate": {
                                "required": true
                            },
                            "validateOn": "blur",
                            "key": "maandag18JuliStarttijd1-1-2-3",
                            "type": "time",
                            "input": true,
                            "inputMask": "99:99"
                        }
                    ],
                    "key": "fieldSet-1-2-3-4-5-6",
                    "type": "fieldset",
                    "label": "Field Set",
                    "tree": false,
                    "input": false,
                    "hidden": false,
                    "legend": "",
                    "prefix": "",
                    "suffix": "",
                    "unique": false,
                    "widget": null,
                    "dbIndex": false,
                    "overlay": {
                        "top": "",
                        "left": "",
                        "style": "",
                        "width": "",
                        "height": ""
                    },
                    "tooltip": "",
                    "disabled": false,
                    "multiple": false,
                    "redrawOn": "",
                    "tabindex": "",
                    "validate": {
                        "custom": "",
                        "unique": false,
                        "multiple": false,
                        "required": false,
                        "customPrivate": false,
                        "strictDateValidation": false
                    },
                    "autofocus": false,
                    "encrypted": false,
                    "hideLabel": false,
                    "modalEdit": false,
                    "protected": false,
                    "refreshOn": "",
                    "tableView": false,
                    "attributes": {},
                    "errorLabel": "",
                    "hideHeader": false,
                    "persistent": false,
                    "properties": {},
                    "validateOn": "change",
                    "clearOnHide": true,
                    "customClass": "",
                    "description": "",
                    "placeholder": "",
                    "defaultValue": null,
                    "dataGridLabel": false,
                    "labelPosition": "top",
                    "showCharCount": false,
                    "showWordCount": false,
                    "calculateValue": "",
                    "calculateServer": false,
                    "allowMultipleMasks": false,
                    "customDefaultValue": "",
                    "allowCalculateOverride": false
                },
                {
                    "components": [
                        {
                            "label": "Woensdag 20 juli starttijd",
                            "inputType": "text",
                            "tableView": true,
                            "dataFormat": "HH:mm",
                            "validate": {
                                "required": true
                            },
                            "validateOn": "blur",
                            "key": "maandag18JuliStarttijd-1-2",
                            "type": "time",
                            "input": true,
                            "inputMask": "99:99"
                        },
                        {
                            "label": "Woensdag 20 juli eindtijd",
                            "inputType": "text",
                            "tableView": true,
                            "dataFormat": "HH:mm",
                            "validate": {
                                "required": true
                            },
                            "validateOn": "blur",
                            "key": "maandag18JuliStarttijd1-1-2",
                            "type": "time",
                            "input": true,
                            "inputMask": "99:99"
                        }
                    ],
                    "key": "fieldSet-1-2-3-4-5",
                    "type": "fieldset",
                    "label": "Field Set",
                    "tree": false,
                    "input": false,
                    "hidden": false,
                    "legend": "",
                    "prefix": "",
                    "suffix": "",
                    "unique": false,
                    "widget": null,
                    "dbIndex": false,
                    "overlay": {
                        "top": "",
                        "left": "",
                        "style": "",
                        "width": "",
                        "height": ""
                    },
                    "tooltip": "",
                    "disabled": false,
                    "multiple": false,
                    "redrawOn": "",
                    "tabindex": "",
                    "validate": {
                        "custom": "",
                        "unique": false,
                        "multiple": false,
                        "required": false,
                        "customPrivate": false,
                        "strictDateValidation": false
                    },
                    "autofocus": false,
                    "encrypted": false,
                    "hideLabel": false,
                    "modalEdit": false,
                    "protected": false,
                    "refreshOn": "",
                    "tableView": false,
                    "attributes": {},
                    "errorLabel": "",
                    "hideHeader": false,
                    "persistent": false,
                    "properties": {},
                    "validateOn": "change",
                    "clearOnHide": true,
                    "customClass": "",
                    "description": "",
                    "placeholder": "",
                    "defaultValue": null,
                    "dataGridLabel": false,
                    "labelPosition": "top",
                    "showCharCount": false,
                    "showWordCount": false,
                    "calculateValue": "",
                    "calculateServer": false,
                    "allowMultipleMasks": false,
                    "customDefaultValue": "",
                    "allowCalculateOverride": false
                },
                {
                    "components": [
                        {
                            "label": "Donderdag 21 juli starttijd",
                            "inputType": "text",
                            "tableView": true,
                            "dataFormat": "HH:mm",
                            "validate": {
                                "required": true
                            },
                            "validateOn": "blur",
                            "key": "maandag18JuliStarttijd-1",
                            "type": "time",
                            "input": true,
                            "inputMask": "99:99"
                        },
                        {
                            "label": "Donderdag 21 juli eindtijd",
                            "inputType": "text",
                            "tableView": true,
                            "dataFormat": "HH:mm",
                            "validate": {
                                "required": true
                            },
                            "validateOn": "blur",
                            "key": "maandag18JuliStarttijd1-1",
                            "type": "time",
                            "input": true,
                            "inputMask": "99:99"
                        }
                    ],
                    "key": "fieldSet-1-2-3-4",
                    "type": "fieldset",
                    "label": "Field Set",
                    "tree": false,
                    "input": false,
                    "hidden": false,
                    "legend": "",
                    "prefix": "",
                    "suffix": "",
                    "unique": false,
                    "widget": null,
                    "dbIndex": false,
                    "overlay": {
                        "top": "",
                        "left": "",
                        "style": "",
                        "width": "",
                        "height": ""
                    },
                    "tooltip": "",
                    "disabled": false,
                    "multiple": false,
                    "redrawOn": "",
                    "tabindex": "",
                    "validate": {
                        "custom": "",
                        "unique": false,
                        "multiple": false,
                        "required": false,
                        "customPrivate": false,
                        "strictDateValidation": false
                    },
                    "autofocus": false,
                    "encrypted": false,
                    "hideLabel": false,
                    "modalEdit": false,
                    "protected": false,
                    "refreshOn": "",
                    "tableView": false,
                    "attributes": {},
                    "errorLabel": "",
                    "hideHeader": false,
                    "persistent": false,
                    "properties": {},
                    "validateOn": "change",
                    "clearOnHide": true,
                    "customClass": "",
                    "description": "",
                    "placeholder": "",
                    "defaultValue": null,
                    "dataGridLabel": false,
                    "labelPosition": "top",
                    "showCharCount": false,
                    "showWordCount": false,
                    "calculateValue": "",
                    "calculateServer": false,
                    "allowMultipleMasks": false,
                    "customDefaultValue": "",
                    "allowCalculateOverride": false
                },
                {
                    "components": [
                        {
                            "label": "Vrijdag 22 juli starttijd",
                            "inputType": "text",
                            "tableView": true,
                            "dataFormat": "HH:mm",
                            "validate": {
                                "required": true
                            },
                            "validateOn": "blur",
                            "key": "maandag18JuliStarttijd",
                            "type": "time",
                            "input": true,
                            "inputMask": "99:99"
                        },
                        {
                            "label": "Vrijdag 22 juli eindtijd",
                            "inputType": "text",
                            "tableView": true,
                            "dataFormat": "HH:mm",
                            "validate": {
                                "required": true
                            },
                            "validateOn": "blur",
                            "key": "maandag18JuliStarttijd1",
                            "type": "time",
                            "input": true,
                            "inputMask": "99:99"
                        }
                    ],
                    "key": "fieldSet-1-2-3",
                    "type": "fieldset",
                    "label": "Field Set",
                    "tree": false,
                    "input": false,
                    "hidden": false,
                    "legend": "",
                    "prefix": "",
                    "suffix": "",
                    "unique": false,
                    "widget": null,
                    "dbIndex": false,
                    "overlay": {
                        "top": "",
                        "left": "",
                        "style": "",
                        "width": "",
                        "height": ""
                    },
                    "tooltip": "",
                    "disabled": false,
                    "multiple": false,
                    "redrawOn": "",
                    "tabindex": "",
                    "validate": {
                        "custom": "",
                        "unique": false,
                        "multiple": false,
                        "required": false,
                        "customPrivate": false,
                        "strictDateValidation": false
                    },
                    "autofocus": false,
                    "encrypted": false,
                    "hideLabel": false,
                    "modalEdit": false,
                    "protected": false,
                    "refreshOn": "",
                    "tableView": false,
                    "attributes": {},
                    "errorLabel": "",
                    "hideHeader": false,
                    "persistent": false,
                    "properties": {},
                    "validateOn": "change",
                    "clearOnHide": true,
                    "customClass": "",
                    "description": "",
                    "placeholder": "",
                    "defaultValue": null,
                    "dataGridLabel": false,
                    "labelPosition": "top",
                    "showCharCount": false,
                    "showWordCount": false,
                    "calculateValue": "",
                    "calculateServer": false,
                    "allowMultipleMasks": false,
                    "customDefaultValue": "",
                    "allowCalculateOverride": false
                },
                {
                    "label": "Columns",
                    "columns": [
                        {
                            "components": [],
                            "width": 3,
                            "offset": 0,
                            "push": 0,
                            "pull": 0,
                            "size": "sm",
                            "currentWidth": 3
                        },
                        {
                            "components": [],
                            "size": "sm",
                            "width": 3,
                            "offset": 0,
                            "push": 0,
                            "pull": 0,
                            "currentWidth": 3
                        }
                    ],
                    "key": "columns8",
                    "type": "columns",
                    "input": false,
                    "tableView": false,
                    "hideOnChildrenHidden": false
                }
            ]
        }
    },
    {
        "url": "http://localhost/api/v2/form-definitions/4d38fcd7-eeba-497d-9b6f-4ec7c35955ad",
        "uuid": "4d38fcd7-eeba-497d-9b6f-4ec7c35955ad",
        "name": "Plaats",
        "slug": "plaats",
        "configuration": {
            "display": "form",
            "components": [
                {
                    "html": "<h2>Vergunning aanvragen kraam podium langs route Vierdaagse</h2>",
                    "label": "Content",
                    "refreshOnChange": false,
                    "key": "content17",
                    "type": "content",
                    "input": false,
                    "tableView": false
                },
                {
                    "label": "In welke straat wilt u iets plaatsen?",
                    "tableView": true,
                    "validate": {
                        "required": true
                    },
                    "key": "inWelkeStraatWiltUIetsPlaatsen",
                    "type": "textfield",
                    "input": true,
                    "prefill": {
                        "plugin": "",
                        "attribute": "",
                        "identifierRole": "main"
                    }
                },
                {
                    "label": "Bij huisnummer",
                    "tableView": true,
                    "validate": {
                        "required": true
                    },
                    "key": "bijHuisnummer1",
                    "type": "textfield",
                    "input": true,
                    "prefill": {
                        "plugin": "",
                        "attribute": "",
                        "identifierRole": "main"
                    }
                },
                {
                    "label": "Gaat het om een privéterrein?",
                    "optionsLabelPosition": "right",
                    "inline": false,
                    "tableView": false,
                    "values": [
                        {
                            "label": "ja",
                            "value": "ja",
                            "shortcut": ""
                        },
                        {
                            "label": "nee",
                            "value": "nee",
                            "shortcut": ""
                        }
                    ],
                    "validate": {
                        "required": true
                    },
                    "key": "gaatHetOmEenPriveterrein",
                    "type": "radio",
                    "input": true
                },
                {
                    "components": [
                        {
                            "label": "Naam en voorletters eigenaar",
                            "tableView": true,
                            "validate": {
                                "required": true
                            },
                            "key": "naamEnVoorlettersEigenaar",
                            "type": "textfield",
                            "input": true,
                            "prefill": {
                                "plugin": "",
                                "attribute": "",
                                "identifierRole": "main"
                            }
                        },
                        {
                            "label": "Telefoonnummer",
                            "tableView": true,
                            "validate": {
                                "required": true
                            },
                            "key": "telefoonnummer",
                            "type": "textfield",
                            "input": true,
                            "prefill": {
                                "plugin": "",
                                "attribute": "",
                                "identifierRole": "main"
                            }
                        },
                        {
                            "label": "Eigenaar geeft toestemming dat u iets plaatst op zijn/haar terrein",
                            "tableView": false,
                            "defaultValue": false,
                            "validate": {
                                "required": true
                            },
                            "key": "eigenaarGeeftToestemmingDatUIetsPlaatsOpHetZijnTerrein",
                            "type": "checkbox",
                            "input": true
                        },
                        {
                            "html": "<p>Aan het einde van dit formulier moet u een ondertekende toestemming van de eigenaar uploaden.</p>",
                            "label": "Content",
                            "refreshOnChange": false,
                            "key": "content",
                            "type": "content",
                            "input": false,
                            "tableView": false
                        }
                    ],
                    "key": "fieldSet-1-2",
                    "type": "fieldset",
                    "label": "Field Set",
                    "tree": false,
                    "input": false,
                    "hidden": false,
                    "legend": "",
                    "prefix": "",
                    "suffix": "",
                    "unique": false,
                    "widget": null,
                    "dbIndex": false,
                    "overlay": {
                        "top": "",
                        "left": "",
                        "style": "",
                        "width": "",
                        "height": ""
                    },
                    "tooltip": "",
                    "disabled": false,
                    "multiple": false,
                    "redrawOn": "",
                    "tabindex": "",
                    "validate": {
                        "custom": "",
                        "unique": false,
                        "multiple": false,
                        "required": false,
                        "customPrivate": false,
                        "strictDateValidation": false
                    },
                    "autofocus": false,
                    "encrypted": false,
                    "hideLabel": false,
                    "modalEdit": false,
                    "protected": false,
                    "refreshOn": "",
                    "tableView": false,
                    "attributes": {},
                    "errorLabel": "",
                    "hideHeader": false,
                    "persistent": false,
                    "properties": {},
                    "validateOn": "change",
                    "clearOnHide": true,
                    "customClass": "",
                    "description": "",
                    "placeholder": "",
                    "defaultValue": null,
                    "dataGridLabel": false,
                    "labelPosition": "top",
                    "showCharCount": false,
                    "showWordCount": false,
                    "calculateValue": "",
                    "calculateServer": false,
                    "allowMultipleMasks": false,
                    "customDefaultValue": "",
                    "allowCalculateOverride": false
                },
                {
                    "label": "Columns",
                    "columns": [
                        {
                            "components": [],
                            "width": 3,
                            "offset": 0,
                            "push": 0,
                            "pull": 0,
                            "size": "sm",
                            "currentWidth": 3
                        },
                        {
                            "components": [],
                            "size": "sm",
                            "width": 3,
                            "offset": 0,
                            "push": 0,
                            "pull": 0,
                            "currentWidth": 3
                        }
                    ],
                    "key": "columns4",
                    "type": "columns",
                    "input": false,
                    "tableView": false,
                    "hideOnChildrenHidden": false
                }
            ]
        }
    },
    {
        "url": "http://localhost/api/v2/form-definitions/8c854bc9-c1cd-451e-8c73-e1529d4e2cba",
        "uuid": "8c854bc9-c1cd-451e-8c73-e1529d4e2cba",
        "name": "Vergunning",
        "slug": "vergunning",
        "configuration": {
            "display": "form",
            "components": [
                {
                    "html": "<h2>Vergunning aanvragen kraam podium langs route Vierdaagse</h2>",
                    "label": "Content",
                    "refreshOnChange": false,
                    "key": "content18",
                    "type": "content",
                    "input": false,
                    "tableView": false
                },
                {
                    "label": "Heeft u eerder voor dezelfde plaats een aanvraag voor een vergunning gedaan?",
                    "optionsLabelPosition": "right",
                    "inline": false,
                    "tableView": false,
                    "values": [
                        {
                            "label": "ja",
                            "value": "ja",
                            "shortcut": ""
                        },
                        {
                            "label": "nee",
                            "value": "nee",
                            "shortcut": ""
                        }
                    ],
                    "validate": {
                        "required": true
                    },
                    "key": "heeftUEerderVoorDezelfdePlaatsEenAanvraagVoorEenVergunningGedaan",
                    "type": "radio",
                    "input": true
                },
                {
                    "label": "Vul het zaaknummer van uw eerdere aanvraag in als u dit heeft",
                    "description": "Het zaaknummer is een nummer dat begint met Z18.xxxx of Z19.xxxx",
                    "tableView": true,
                    "key": "vulHetZaaknummerVanUwEerdereAanvraagInAlsUDitHeeft",
                    "type": "textfield",
                    "input": true,
                    "prefill": {
                        "plugin": "",
                        "attribute": "",
                        "identifierRole": "main"
                    }
                },
                {
                    "label": "Gebruikt u een geluidsinstallatie?",
                    "optionsLabelPosition": "right",
                    "inline": false,
                    "tableView": false,
                    "values": [
                        {
                            "label": "ja, voor muziek en een spreker",
                            "value": "jaVoorMuziekEnEenSpreker",
                            "shortcut": ""
                        },
                        {
                            "label": "ja, alleen voor een spreker",
                            "value": "jaAlleenVoorEenSpreker",
                            "shortcut": ""
                        },
                        {
                            "label": "nee",
                            "value": "nee",
                            "shortcut": ""
                        }
                    ],
                    "validate": {
                        "required": true
                    },
                    "key": "gebruiktUEenGeluidsinstallatie",
                    "type": "radio",
                    "input": true
                },
                {
                    "label": "Verkoopt u drank en/of eten?",
                    "optionsLabelPosition": "right",
                    "inline": false,
                    "tableView": false,
                    "values": [
                        {
                            "label": "ja",
                            "value": "ja",
                            "shortcut": ""
                        },
                        {
                            "label": "nee",
                            "value": "nee",
                            "shortcut": ""
                        }
                    ],
                    "validate": {
                        "required": true
                    },
                    "key": "verkooptUDrankEnOfEten",
                    "type": "radio",
                    "input": true
                },
                {
                    "components": [
                        {
                            "label": "Wat wilt u verkopen?",
                            "tableView": true,
                            "validate": {
                                "required": true
                            },
                            "key": "watWiltUVerkopen",
                            "type": "textarea",
                            "input": true,
                            "autoExpand": false
                        },
                        {
                            "label": "Wilt u drank met minder dan 15% alcohol erin verkopen?",
                            "optionsLabelPosition": "right",
                            "inline": false,
                            "tableView": false,
                            "values": [
                                {
                                    "label": "ja",
                                    "value": "ja",
                                    "shortcut": ""
                                },
                                {
                                    "label": "nee",
                                    "value": "nee",
                                    "shortcut": ""
                                }
                            ],
                            "validate": {
                                "required": true
                            },
                            "key": "wiltUDrankMetMinderDan15AlcoholErinVerkopen",
                            "type": "radio",
                            "input": true
                        },
                        {
                            "label": "Bent u zelf de leidinggevende tijdens het evenement?",
                            "optionsLabelPosition": "right",
                            "inline": false,
                            "tableView": false,
                            "values": [
                                {
                                    "label": "ja",
                                    "value": "ja",
                                    "shortcut": ""
                                },
                                {
                                    "label": "nee",
                                    "value": "nee",
                                    "shortcut": ""
                                }
                            ],
                            "validate": {
                                "required": true
                            },
                            "key": "bentUZelfDeLeidinggevendeTijdensHetEvenement",
                            "conditional": {
                                "show": true,
                                "when": "drankEnEten.wiltUDrankMetMinderDan15AlcoholErinVerkopen",
                                "eq": "ja"
                            },
                            "type": "radio",
                            "input": true
                        },
                        {
                            "label": "Vul de gegevens in van elke (andere) leidinggevende",
                            "reorder": false,
                            "addAnother": "Toevoegen",
                            "addAnotherPosition": "bottom",
                            "defaultOpen": false,
                            "layoutFixed": false,
                            "enableRowGroups": false,
                            "initEmpty": false,
                            "tableView": false,
                            "defaultValue": [
                                {
                                    "container": {
                                        "achternaamEnVoornamen": "",
                                        "geboortedatum": "",
                                        "geboorteplaats": ""
                                    }
                                }
                            ],
                            "key": "erWordtAlcoholVanMinderDan15Verkocht",
                            "conditional": {
                                "show": true,
                                "when": "drankEnEten.wiltUDrankMetMinderDan15AlcoholErinVerkopen",
                                "eq": "ja"
                            },
                            "type": "datagrid",
                            "input": true,
                            "components": [
                                {
                                    "components": [
                                        {
                                            "label": "Achternaam en voornamen",
                                            "tableView": true,
                                            "validate": {
                                                "required": true
                                            },
                                            "key": "achternaamEnVoornamen",
                                            "type": "textfield",
                                            "input": true,
                                            "prefill": {
                                                "plugin": "",
                                                "attribute": "",
                                                "identifierRole": "main"
                                            }
                                        },
                                        {
                                            "label": "Geboortedatum",
                                            "placeholder": "dag-maand-jaar",
                                            "tableView": false,
                                            "enableMinDateInput": false,
                                            "datePicker": {
                                                "disableWeekends": false,
                                                "disableWeekdays": false
                                            },
                                            "enableMaxDateInput": false,
                                            "timePicker": {
                                                "showMeridian": false
                                            },
                                            "validate": {
                                                "required": true
                                            },
                                            "key": "geboortedatum",
                                            "type": "datetime",
                                            "input": true,
                                            "widget": {
                                                "type": "calendar",
                                                "displayInTimezone": "viewer",
                                                "locale": "nl",
                                                "useLocaleSettings": false,
                                                "allowInput": true,
                                                "mode": "single",
                                                "enableTime": false,
                                                "noCalendar": false,
                                                "format": "dd-MM-yyyy",
                                                "hourIncrement": 1,
                                                "minuteIncrement": 5,
                                                "time_24hr": true,
                                                "minDate": null,
                                                "disableWeekends": false,
                                                "disableWeekdays": false,
                                                "maxDate": null
                                            }
                                        },
                                        {
                                            "label": "Geboorteplaats",
                                            "tableView": true,
                                            "validate": {
                                                "required": true
                                            },
                                            "key": "geboorteplaats",
                                            "type": "textfield",
                                            "input": true,
                                            "prefill": {
                                                "plugin": "",
                                                "attribute": "",
                                                "identifierRole": "main"
                                            }
                                        }
                                    ],
                                    "key": "fieldSet-1",
                                    "type": "fieldset",
                                    "label": "Field Set",
                                    "tree": false,
                                    "input": false,
                                    "hidden": false,
                                    "legend": "",
                                    "prefix": "",
                                    "suffix": "",
                                    "unique": false,
                                    "widget": null,
                                    "dbIndex": false,
                                    "overlay": {
                                        "top": "",
                                        "left": "",
                                        "style": "",
                                        "width": "",
                                        "height": ""
                                    },
                                    "tooltip": "",
                                    "disabled": false,
                                    "multiple": false,
                                    "redrawOn": "",
                                    "tabindex": "",
                                    "validate": {
                                        "custom": "",
                                        "unique": false,
                                        "multiple": false,
                                        "required": false,
                                        "customPrivate": false,
                                        "strictDateValidation": false
                                    },
                                    "autofocus": false,
                                    "encrypted": false,
                                    "hideLabel": false,
                                    "modalEdit": false,
                                    "protected": false,
                                    "refreshOn": "",
                                    "tableView": false,
                                    "attributes": {},
                                    "errorLabel": "",
                                    "hideHeader": false,
                                    "persistent": false,
                                    "properties": {},
                                    "validateOn": "change",
                                    "clearOnHide": true,
                                    "conditional": {
                                        "eq": "",
                                        "show": null,
                                        "when": null
                                    },
                                    "customClass": "",
                                    "description": "",
                                    "placeholder": "",
                                    "defaultValue": null,
                                    "dataGridLabel": false,
                                    "labelPosition": "top",
                                    "showCharCount": false,
                                    "showWordCount": false,
                                    "calculateValue": "",
                                    "calculateServer": false,
                                    "allowMultipleMasks": false,
                                    "customDefaultValue": "",
                                    "allowCalculateOverride": false
                                }
                            ]
                        },
                        {
                            "html": "<p><span style=\"background-color:rgb(255,255,255);color:rgb(0,0,0);\">Aan het einde van dit formulier moet u een kopie voor- en achterkant van een geldig paspoort of identiteitsbewijs van elke leidinggevende uploaden.&nbsp;</span></p>",
                            "label": "Content",
                            "refreshOnChange": false,
                            "key": "content4",
                            "conditional": {
                                "show": true,
                                "when": "drankEnEten.wiltUDrankMetMinderDan15AlcoholErinVerkopen",
                                "eq": "ja"
                            },
                            "type": "content",
                            "input": false,
                            "tableView": false
                        }
                    ],
                    "key": "fieldSet",
                    "type": "fieldset",
                    "label": "Field Set",
                    "tree": false,
                    "input": false,
                    "hidden": false,
                    "legend": "",
                    "prefix": "",
                    "suffix": "",
                    "unique": false,
                    "widget": null,
                    "dbIndex": false,
                    "overlay": {
                        "top": "",
                        "left": "",
                        "style": "",
                        "width": "",
                        "height": ""
                    },
                    "tooltip": "",
                    "disabled": false,
                    "multiple": false,
                    "redrawOn": "",
                    "tabindex": "",
                    "validate": {
                        "custom": "",
                        "unique": false,
                        "multiple": false,
                        "required": false,
                        "customPrivate": false,
                        "strictDateValidation": false
                    },
                    "autofocus": false,
                    "encrypted": false,
                    "hideLabel": false,
                    "modalEdit": false,
                    "protected": false,
                    "refreshOn": "",
                    "tableView": false,
                    "attributes": {},
                    "errorLabel": "",
                    "hideHeader": false,
                    "persistent": false,
                    "properties": {},
                    "validateOn": "change",
                    "clearOnHide": true,
                    "customClass": "",
                    "description": "",
                    "placeholder": "",
                    "defaultValue": null,
                    "dataGridLabel": false,
                    "labelPosition": "top",
                    "showCharCount": false,
                    "showWordCount": false,
                    "calculateValue": "",
                    "calculateServer": false,
                    "allowMultipleMasks": false,
                    "customDefaultValue": "",
                    "allowCalculateOverride": false
                },
                {
                    "label": "Gaat u gebruik maken van gas?",
                    "optionsLabelPosition": "right",
                    "inline": false,
                    "tableView": false,
                    "values": [
                        {
                            "label": "ja",
                            "value": "ja",
                            "shortcut": ""
                        },
                        {
                            "label": "nee",
                            "value": "nee",
                            "shortcut": ""
                        }
                    ],
                    "validate": {
                        "required": true
                    },
                    "key": "gaatUGebruikMakenVanGas",
                    "type": "radio",
                    "input": true
                },
                {
                    "label": "Wil u gebruik maken van de waterkraan van de gemeente?",
                    "optionsLabelPosition": "right",
                    "inline": false,
                    "tableView": false,
                    "values": [
                        {
                            "label": "ja",
                            "value": "ja",
                            "shortcut": ""
                        },
                        {
                            "label": "nee",
                            "value": "nee",
                            "shortcut": ""
                        }
                    ],
                    "validate": {
                        "required": true
                    },
                    "key": "wilUGebruikMakenVanDeWaterkraanVanDeGemeente",
                    "type": "radio",
                    "input": true
                },
                {
                    "label": "Wilt u gebruik maken van de stroomkast van de gemeente?",
                    "optionsLabelPosition": "right",
                    "inline": false,
                    "tableView": false,
                    "values": [
                        {
                            "label": "ja, 230V blauwe stekker (16 Amp)",
                            "value": "ja230VBlauweStekker16Amp",
                            "shortcut": ""
                        },
                        {
                            "label": "ja, krachtstroom rode stekker (32 Amp)",
                            "value": "jaKrachtstroomRodeStekker32Amp",
                            "shortcut": ""
                        },
                        {
                            "label": "nee",
                            "value": "nee",
                            "shortcut": ""
                        }
                    ],
                    "validate": {
                        "required": true
                    },
                    "key": "wiltUGebruikMakenVanDeStroomkastVanDeGemeente",
                    "type": "radio",
                    "input": true
                },
                {
                    "label": "Columns",
                    "columns": [
                        {
                            "components": [],
                            "width": 3,
                            "offset": 0,
                            "push": 0,
                            "pull": 0,
                            "size": "sm",
                            "currentWidth": 3
                        },
                        {
                            "components": [],
                            "size": "sm",
                            "width": 3,
                            "offset": 0,
                            "push": 0,
                            "pull": 0,
                            "currentWidth": 3
                        }
                    ],
                    "key": "columns5",
                    "type": "columns",
                    "input": false,
                    "tableView": false,
                    "hideOnChildrenHidden": false
                }
            ]
        }
    },
    {
        "url": "http://localhost/api/v2/form-definitions/6d71ef19-c28c-41ab-bdc8-752b346be5e3",
        "uuid": "6d71ef19-c28c-41ab-bdc8-752b346be5e3",
        "name": "Bijlagen",
        "slug": "bijlagen",
        "configuration": {
            "display": "form",
            "components": [
                {
                    "html": "<h2>Vergunning aanvragen kraam podium langs route Vierdaagse</h2>",
                    "label": "Content",
                    "refreshOnChange": false,
                    "key": "content19",
                    "type": "content",
                    "input": false,
                    "tableView": false
                },
                {
                    "label": "Toevoegen",
                    "description": "Toegestaan zijn .jpg, .png, .jpeg of .pdf documenten die niet groter zijn dan 20MB.",
                    "tableView": false,
                    "storage": "url",
                    "webcam": false,
                    "fileTypes": [
                        {
                            "label": "",
                            "value": ""
                        },
                        {
                            "label": "",
                            "value": ""
                        }
                    ],
                    "filePattern": ".jpg,.png,.jpeg,.pdf",
                    "fileMinSize": "1KB",
                    "fileMaxSize": "20MB",
                    "multiple": true,
                    "validate": {
                        "required": true,
                        "customMessage": "U moet minimaal 1 bijlage toevoegen. Deze bijlage moet de volgende bestandsindeling hebben: .jpg of .png of .jpeg of .pdf"
                    },
                    "errorLabel": "U moet minimaal 1 bijlage toevoegen. Deze bijlage moet de volgende bestandsindeling hebben: .jpg of .png of .jpeg of .pdf",
                    "key": "toevoegen",
                    "type": "file",
                    "url": "/cloud/s3",
                    "input": true
                },
                {
                    "html": "<p>Ik heb deze bijlagen toegevoegd:</p>",
                    "label": "Content",
                    "refreshOnChange": false,
                    "key": "content1",
                    "type": "content",
                    "input": false,
                    "tableView": false
                },
                {
                    "label": "een plattegrond met de inrichting van uw plek op schaal (1:500 of 1:1000). Op de plattegrond geeft u alles aan wat er op de plek staat of geplaatst wordt.",
                    "tableView": false,
                    "defaultValue": false,
                    "validate": {
                        "required": true,
                        "customMessage": "U bent verplicht deze bijlage mee te sturen."
                    },
                    "key": "plattegrondWaarOpStaatWaarOpHetBedrijvenTerreinEnDirecteOmgevingUDeStoffenAflevert1",
                    "type": "checkbox",
                    "input": true
                },
                {
                    "label": "uittreksel Kamer van Koophandel, niet ouder dan 6 maanden",
                    "tableView": false,
                    "defaultValue": false,
                    "validate": {
                        "required": true,
                        "customMessage": "U bent verplicht deze bijlage mee te sturen."
                    },
                    "key": "KvK",
                    "customConditional": "show = data.form && data.form.data && data.form.data.namensWieVraagtUEenOntheffingAan && data.form.data.namensWieVraagtUEenOntheffingAan == 'organisatie';",
                    "type": "checkbox",
                    "input": true
                },
                {
                    "label": "kopie voor- en achterkant van een geldig paspoort of identiteitsbewijs van elke leidinggevende",
                    "tableView": false,
                    "defaultValue": false,
                    "validate": {
                        "required": true,
                        "customMessage": "U bent verplicht deze bijlage mee te sturen."
                    },
                    "key": "kopieVoorEnAchterkantVanEenGeldigPaspoortOfIdentiteitsbewijsVanElkeLeidinggevende",
                    "type": "checkbox",
                    "input": true
                },
                {
                    "label": "ondertekende toestemming van de eigenaar dat u iets plaatst op zijn terrein",
                    "tableView": false,
                    "defaultValue": false,
                    "validate": {
                        "customMessage": "U bent verplicht deze bijlage mee te sturen."
                    },
                    "key": "ondertekendeToestemmingVanDeEigenaarDatUIetsPlaatstOpZijnTerrein",
                    "type": "checkbox",
                    "input": true
                },
                {
                    "label": "Columns",
                    "columns": [
                        {
                            "components": [],
                            "width": 3,
                            "offset": 0,
                            "push": 0,
                            "pull": 0,
                            "size": "sm",
                            "currentWidth": 3
                        },
                        {
                            "components": [],
                            "size": "sm",
                            "width": 3,
                            "offset": 0,
                            "push": 0,
                            "pull": 0,
                            "currentWidth": 3
                        }
                    ],
                    "key": "columns7",
                    "type": "columns",
                    "input": false,
                    "tableView": false,
                    "hideOnChildrenHidden": false
                }
            ]
        }
    }
]