[
    {
        "uuid": "c3f50ca3-f1b4-47d6-9991-f34c275e05ba",
        "name": "Nijmegenaar van het jaar voorstellen oud",
        "internal_name": "",
        "login_required": false,
        "authentication_backends": [],
        "slug": "nijmegenaarvanhetjaarvoorstellenoud",
        "url": "http://localhost/api/v2/forms/c3f50ca3-f1b4-47d6-9991-f34c275e05ba",
        "show_progress_indicator": true,
        "maintenance_mode": false,
        "active": true,
        "is_deleted": false,
        "suspension_allowed": true,
        "send_confirmation_email": true,
        "display_main_website_link": true,
        "required_fields_with_asterisk": true,
        "resume_link_lifetime": 7,
        "hide_non_applicable_steps": true
    }
]