[
    {
        "uuid": "eaa7c7ae-1880-4dbc-9adb-cb514cb554bb",
        "name": "uploadBijlage2",
        "internal_name": "",
        "login_required": false,
        "authentication_backends": [],
        "slug": "uploadbijlage2",
        "url": "http://localhost/api/v2/forms/eaa7c7ae-1880-4dbc-9adb-cb514cb554bb",
        "show_progress_indicator": true,
        "maintenance_mode": false,
        "active": true,
        "is_deleted": false,
        "suspension_allowed": true,
        "send_confirmation_email": true,
        "display_main_website_link": true,
        "required_fields_with_asterisk": true,
        "resume_link_lifetime": 7,
        "hide_non_applicable_steps": true
    }
]