[
    {
        "uuid": "d791f867-89c4-4487-aacf-cdbe8d9afae4",
        "index": "0",
        "slug": "uw-gegevens",
        "form_definition": "http://localhost/api/v2/form-definitions/af7ffb83-9406-4045-a746-24b0b3dce08d"
    },
    {
        "uuid": "df242912-c599-4524-8533-16865462ed44",
        "index": "1",
        "slug": "iban",
        "form_definition": "http://localhost/api/v2/form-definitions/836cf2a1-9571-4436-b93b-8f8d687b71c4"
    },
    {
        "uuid": "d59cfa76-cc4f-4518-9291-9d9a916f8983",
        "index": "2",
        "slug": "subsidie",
        "form_definition": "http://localhost/api/v2/form-definitions/5e3cd4a2-0287-4002-9762-06ec7c8d4759"
    },
    {
        "uuid": "94930b71-996b-4f1a-a0f4-9c464f880ce2",
        "index": "3",
        "slug": "bijlagen",
        "form_definition": "http://localhost/api/v2/form-definitions/669504e6-6e35-465d-b206-59c119fdcf7a"
    }
]