[
    {
        "uuid": "da693282-2a60-452c-8eb0-547bdaf304a4",
        "name": "Subsidie voor plan tegen armoede of schulden aanv",
        "internal_name": "",
        "login_required": false,
        "authentication_backends": [],
        "slug": "subsidievoorplantegenarmoedeofschuldenaanvragen",
        "url": "http://localhost/api/v2/forms/da693282-2a60-452c-8eb0-547bdaf304a4",
        "show_progress_indicator": true,
        "maintenance_mode": false,
        "active": true,
        "is_deleted": false,
        "suspension_allowed": true,
        "send_confirmation_email": true,
        "display_main_website_link": true,
        "required_fields_with_asterisk": true,
        "resume_link_lifetime": 7,
        "hide_non_applicable_steps": true
    }
]