[
    {
        "uuid": "d7d0ef1a-ad3e-45ec-9ccd-07e48984033a",
        "index": "0",
        "slug": "gegevens-van-de-persoon-die-ingelogd-heeft-met-digid",
        "form_definition": "http://localhost/api/v2/form-definitions/9d3b11f2-4317-4713-bdb0-d8b92dc15dee"
    },
    {
        "uuid": "216805a0-b6a3-4f9b-af41-3907b2e5b5b4",
        "index": "1",
        "slug": "gegevens-van-de-mantelzorger",
        "form_definition": "http://localhost/api/v2/form-definitions/aa2ff7ad-a7f4-4cf8-8fee-dd1e5ce810be"
    },
    {
        "uuid": "a36be08a-7d8b-4e5b-b8fa-4496d6611c97",
        "index": "2",
        "slug": "gegevens-van-de-zorgvrager",
        "form_definition": "http://localhost/api/v2/form-definitions/1170f1ae-a119-4e3a-8a8e-6c3dd4700edb"
    },
    {
        "uuid": "ddeef2b8-720b-41cb-8dde-6201afad5c6d",
        "index": "3",
        "slug": "zorg",
        "form_definition": "http://localhost/api/v2/form-definitions/18f772a6-315f-432b-a227-d4caa6f5eec4"
    },
    {
        "uuid": "edbe232d-bef2-4eeb-ab81-101e0a3ba892",
        "index": "4",
        "slug": "reisafstand",
        "form_definition": "http://localhost/api/v2/form-definitions/c005e765-7e0a-471f-9c3b-15b73d1c9f10"
    },
    {
        "uuid": "4b81f118-28b7-40e0-ac99-689df4a26413",
        "index": "5",
        "slug": "bijlagen",
        "form_definition": "http://localhost/api/v2/form-definitions/2c17d58b-096b-455e-a945-41c64739e7ae"
    }
]