[
    {
        "uuid": "1e4455b8-a720-4952-99b5-b770604f145a",
        "name": "Mantelzorgurgentie aanvragen oud",
        "internal_name": "",
        "login_required": false,
        "authentication_backends": [],
        "slug": "mantelzorgurgentieaanvragenoud",
        "url": "http://localhost/api/v2/forms/1e4455b8-a720-4952-99b5-b770604f145a",
        "show_progress_indicator": true,
        "maintenance_mode": false,
        "active": true,
        "is_deleted": false,
        "suspension_allowed": true,
        "send_confirmation_email": true,
        "display_main_website_link": true,
        "required_fields_with_asterisk": true,
        "resume_link_lifetime": 7,
        "hide_non_applicable_steps": true
    }
]