[
    {
        "url": "http://localhost/api/v2/form-definitions/9d3b11f2-4317-4713-bdb0-d8b92dc15dee",
        "uuid": "9d3b11f2-4317-4713-bdb0-d8b92dc15dee",
        "name": "Gegevens van de persoon die ingelogd heeft met Di",
        "slug": "gegevens-van-de-persoon-die-ingelogd-heeft-met-digid",
        "configuration": {
            "display": "form",
            "components": [
                {
                    "label": "Mantelzorgurgentie aanvragen",
                    "attrs": [
                        {
                            "attr": "",
                            "value": ""
                        }
                    ],
                    "content": "<h1>Mantelzorgurgentie aanvragen</h1> ",
                    "refreshOnChange": false,
                    "key": "mantelzorgurgentieAanvragen",
                    "type": "content",
                    "input": false,
                    "tableView": false,
                    "html": "<h1>Mantelzorgurgentie aanvragen</h1> "
                },
                {
                    "components": [
                        {
                            "label": "Naam",
                            "customClass": "naamingelogdegebruikerfieldnonhidden nonhiddenfield",
                            "tableView": true,
                            "persistent": false,
                            "key": "naamIngelogdeGebruiker",
                            "type": "textfield",
                            "input": true,
                            "prefill": {
                                "plugin": "haalcentraal",
                                "attribute": "verblijfplaats.huisnummer",
                                "identifierRole": "main"
                            }
                        },
                        {
                            "label": "Straatnaam",
                            "customClass": "straatnaamfieldnonhidden nonhiddenfield",
                            "tableView": true,
                            "persistent": false,
                            "key": "straatnaam",
                            "type": "textfield",
                            "input": true,
                            "prefill": {
                                "plugin": "haalcentraal",
                                "attribute": "verblijfplaats.woonplaats",
                                "identifierRole": "main"
                            }
                        },
                        {
                            "label": "Huisnummer",
                            "customClass": "huisnummerfieldnonhidden nonhiddenfield",
                            "tableView": true,
                            "persistent": false,
                            "key": "huisnummerfield",
                            "type": "textfield",
                            "input": true,
                            "prefill": {
                                "plugin": "haalcentraal",
                                "attribute": "verblijfplaats.huisnummer",
                                "identifierRole": "main"
                            }
                        },
                        {
                            "label": "Postcode",
                            "customClass": "postcodefieldnonhidden nonhiddenfield",
                            "tableView": true,
                            "persistent": false,
                            "key": "postcode",
                            "type": "textfield",
                            "input": true,
                            "prefill": {
                                "plugin": "haalcentraal",
                                "attribute": "verblijfplaats.huisnummer",
                                "identifierRole": "main"
                            }
                        },
                        {
                            "label": "Woonplaats",
                            "customClass": "woonplaatsfieldnonhidden nonhiddenfield",
                            "tableView": true,
                            "persistent": false,
                            "key": "woonplaats",
                            "type": "textfield",
                            "input": true,
                            "prefill": {
                                "plugin": "haalcentraal",
                                "attribute": "verblijfplaats.huisnummer",
                                "identifierRole": "main"
                            }
                        }
                    ],
                    "key": "fieldSet-1-2",
                    "type": "fieldset",
                    "label": "Field Set",
                    "tree": false,
                    "input": false,
                    "hidden": false,
                    "legend": "",
                    "prefix": "",
                    "suffix": "",
                    "unique": false,
                    "widget": null,
                    "dbIndex": false,
                    "overlay": {
                        "top": "",
                        "left": "",
                        "style": "",
                        "width": "",
                        "height": ""
                    },
                    "tooltip": "",
                    "disabled": false,
                    "multiple": false,
                    "redrawOn": "",
                    "tabindex": "",
                    "validate": {
                        "custom": "",
                        "unique": false,
                        "multiple": false,
                        "required": false,
                        "customPrivate": false,
                        "strictDateValidation": false
                    },
                    "autofocus": false,
                    "encrypted": false,
                    "hideLabel": false,
                    "modalEdit": false,
                    "protected": false,
                    "refreshOn": "",
                    "tableView": false,
                    "attributes": {},
                    "errorLabel": "",
                    "hideHeader": false,
                    "persistent": false,
                    "properties": {},
                    "validateOn": "change",
                    "clearOnHide": true,
                    "customClass": "",
                    "description": "",
                    "placeholder": "",
                    "defaultValue": null,
                    "dataGridLabel": false,
                    "labelPosition": "top",
                    "showCharCount": false,
                    "showWordCount": false,
                    "calculateValue": "",
                    "calculateServer": false,
                    "allowMultipleMasks": false,
                    "customDefaultValue": "",
                    "allowCalculateOverride": false,
                    "originalFormName": "nonhiddenfieldsform1"
                },
                {
                    "label": "E-mailadres",
                    "autocomplete": "email",
                    "tableView": true,
                    "validateOn": "blur",
                    "validate": {
                        "required": true
                    },
                    "key": "eMailadres",
                    "type": "email",
                    "input": true
                },
                {
                    "label": "Telefoonnummer",
                    "autocomplete": "tel",
                    "tableView": true,
                    "validate": {
                        "required": true
                    },
                    "key": "telefoonnummer",
                    "type": "textfield",
                    "input": true,
                    "prefill": {
                        "plugin": "",
                        "attribute": "",
                        "identifierRole": "main"
                    }
                },
                {
                    "label": "Situatie",
                    "optionsLabelPosition": "right",
                    "inline": false,
                    "tableView": false,
                    "values": [
                        {
                            "label": "ik krijg zorg (zorgvrager)",
                            "value": "krijg",
                            "shortcut": ""
                        },
                        {
                            "label": "ik geef zorg (mantelzorger)",
                            "value": "geef",
                            "shortcut": ""
                        }
                    ],
                    "validate": {
                        "required": true
                    },
                    "key": "situatie",
                    "type": "radio",
                    "input": true
                },
                {
                    "label": "Heeft u eerder een mantelzorgurgentieverklaring gekregen?",
                    "optionsLabelPosition": "right",
                    "inline": false,
                    "tableView": false,
                    "values": [
                        {
                            "label": "ja, ik vraag nu om verlenging omdat het niet is gelukt om binnen 4 maanden een woning te vinden",
                            "value": "woning",
                            "shortcut": ""
                        },
                        {
                            "label": "nee",
                            "value": "nee",
                            "shortcut": ""
                        }
                    ],
                    "validate": {
                        "required": true
                    },
                    "key": "eerder",
                    "type": "radio",
                    "input": true
                },
                {
                    "label": "Columns",
                    "columns": [
                        {
                            "components": [],
                            "width": 3,
                            "offset": 0,
                            "push": 0,
                            "pull": 0,
                            "size": "sm",
                            "currentWidth": 3
                        },
                        {
                            "components": [],
                            "width": 6,
                            "offset": 0,
                            "push": 0,
                            "pull": 0,
                            "size": "md",
                            "currentWidth": 6
                        }
                    ],
                    "key": "columns",
                    "type": "columns",
                    "input": false,
                    "tableView": false,
                    "hideOnChildrenHidden": false
                }
            ]
        }
    },
    {
        "url": "http://localhost/api/v2/form-definitions/aa2ff7ad-a7f4-4cf8-8fee-dd1e5ce810be",
        "uuid": "aa2ff7ad-a7f4-4cf8-8fee-dd1e5ce810be",
        "name": "Gegevens van de mantelzorger",
        "slug": "gegevens-van-de-mantelzorger",
        "configuration": {
            "display": "form",
            "components": [
                {
                    "label": "Mantelzorgurgentie aanvragen",
                    "attrs": [
                        {
                            "attr": "",
                            "value": ""
                        }
                    ],
                    "content": "<h1>Mantelzorgurgentie aanvragen</h1> ",
                    "refreshOnChange": false,
                    "key": "mantelzorgurgentieAanvragen6",
                    "type": "content",
                    "input": false,
                    "tableView": false,
                    "html": "<h1>Mantelzorgurgentie aanvragen</h1> "
                },
                {
                    "label": "Gegevens van de mantelzorger",
                    "attrs": [
                        {
                            "attr": "",
                            "value": ""
                        }
                    ],
                    "content": "<h2>Gegevens van de mantelzorger</h2> ",
                    "refreshOnChange": false,
                    "key": "mantelzorgurgentieAanvragen8",
                    "type": "content",
                    "input": false,
                    "tableView": false,
                    "html": "<h2>Gegevens van de mantelzorger</h2> "
                },
                {
                    "components": [
                        {
                            "label": "Voornaam",
                            "tableView": true,
                            "validate": {
                                "required": true
                            },
                            "key": "voornaam-1",
                            "type": "textfield",
                            "input": true,
                            "prefill": {
                                "plugin": "",
                                "attribute": "",
                                "identifierRole": "main"
                            }
                        },
                        {
                            "label": "Achternaam",
                            "tableView": true,
                            "validate": {
                                "required": true
                            },
                            "key": "achternaam-1",
                            "type": "textfield",
                            "input": true,
                            "prefill": {
                                "plugin": "",
                                "attribute": "",
                                "identifierRole": "main"
                            }
                        },
                        {
                            "label": "BSN",
                            "tableView": true,
                            "validate": {
                                "required": true
                            },
                            "key": "bsn-1",
                            "type": "textfield",
                            "input": true,
                            "prefill": {
                                "plugin": "",
                                "attribute": "",
                                "identifierRole": "main"
                            }
                        },
                        {
                            "label": "Woont deze persoon in Nijmegen",
                            "optionsLabelPosition": "right",
                            "inline": false,
                            "tableView": false,
                            "values": [
                                {
                                    "label": "ja",
                                    "value": "ja",
                                    "shortcut": ""
                                },
                                {
                                    "label": "nee",
                                    "value": "nee",
                                    "shortcut": ""
                                }
                            ],
                            "validate": {
                                "required": true
                            },
                            "key": "persoonNijmegen-1",
                            "type": "radio",
                            "input": true
                        },
                        {
                            "html": "<p><span style=\"background-color:rgb(255,255,255);color:rgb(0,0,0);\">U woont beiden (mantelzorger en zorgvrager) niet in Nijmegen. U kunt geen zorg krijgen. U kunt het formulier nu sluiten. Wilt u een officiële afwijzing ontvangen? Beantwoord dan ook<strong> alle</strong> volgende vragen van dit formulier.</span></p>",
                            "label": "Content",
                            "refreshOnChange": false,
                            "key": "content-1-2",
                            "customConditional": "var nietNijmegenEnNietLent = data.woonplaats !== 'Nijmegen' || data.woonplaats !== 'Lent' ? true : false;\r\nvar persNijmegen = data.persoonNijmegen == 'nee' ? true : false;\r\n\r\nif (nietNijmegenEnNietLent && persNijmegen){\r\n    show = true;\r\n} else {\r\n    show = false;\r\n}\r\n",
                            "type": "content",
                            "input": false,
                            "tableView": false
                        }
                    ],
                    "key": "fieldSet-1",
                    "type": "fieldset",
                    "label": "Field Set",
                    "tree": false,
                    "input": false,
                    "hidden": false,
                    "legend": "",
                    "prefix": "",
                    "suffix": "",
                    "unique": false,
                    "widget": null,
                    "dbIndex": false,
                    "overlay": {
                        "top": "",
                        "left": "",
                        "style": "",
                        "width": "",
                        "height": ""
                    },
                    "tooltip": "",
                    "disabled": false,
                    "multiple": false,
                    "redrawOn": "",
                    "tabindex": "",
                    "validate": {
                        "custom": "",
                        "unique": false,
                        "multiple": false,
                        "required": false,
                        "customPrivate": false,
                        "strictDateValidation": false
                    },
                    "autofocus": false,
                    "encrypted": false,
                    "hideLabel": false,
                    "modalEdit": false,
                    "protected": false,
                    "refreshOn": "",
                    "tableView": false,
                    "attributes": {},
                    "errorLabel": "",
                    "hideHeader": false,
                    "persistent": false,
                    "properties": {},
                    "validateOn": "change",
                    "clearOnHide": true,
                    "customClass": "",
                    "description": "",
                    "placeholder": "",
                    "defaultValue": null,
                    "dataGridLabel": false,
                    "labelPosition": "top",
                    "showCharCount": false,
                    "showWordCount": false,
                    "calculateValue": "",
                    "calculateServer": false,
                    "allowMultipleMasks": false,
                    "customDefaultValue": "",
                    "allowCalculateOverride": false
                },
                {
                    "label": "Columns",
                    "columns": [
                        {
                            "components": [],
                            "width": 3,
                            "offset": 0,
                            "push": 0,
                            "pull": 0,
                            "size": "sm",
                            "currentWidth": 3
                        },
                        {
                            "components": [],
                            "size": "sm",
                            "width": 3,
                            "offset": 0,
                            "push": 0,
                            "pull": 0,
                            "currentWidth": 3
                        }
                    ],
                    "key": "columns6",
                    "type": "columns",
                    "input": false,
                    "tableView": false,
                    "hideOnChildrenHidden": false
                }
            ]
        }
    },
    {
        "url": "http://localhost/api/v2/form-definitions/1170f1ae-a119-4e3a-8a8e-6c3dd4700edb",
        "uuid": "1170f1ae-a119-4e3a-8a8e-6c3dd4700edb",
        "name": "Gegevens van de zorgvrager",
        "slug": "gegevens-van-de-zorgvrager",
        "configuration": {
            "display": "form",
            "components": [
                {
                    "label": "Mantelzorgurgentie aanvragen",
                    "attrs": [
                        {
                            "attr": "",
                            "value": ""
                        }
                    ],
                    "content": "<h1>Mantelzorgurgentie aanvragen</h1> ",
                    "refreshOnChange": false,
                    "key": "mantelzorgurgentieAanvragen7",
                    "type": "content",
                    "input": false,
                    "tableView": false,
                    "html": "<h1>Mantelzorgurgentie aanvragen</h1> "
                },
                {
                    "label": "Gegevens van de zorgvrager",
                    "attrs": [
                        {
                            "attr": "",
                            "value": ""
                        }
                    ],
                    "content": "<h2>Gegevens van de zorgvrager</h2> ",
                    "refreshOnChange": false,
                    "key": "mantelzorgurgentieAanvragen9",
                    "type": "content",
                    "input": false,
                    "tableView": false,
                    "html": "<h2>Gegevens van de zorgvrager</h2> "
                },
                {
                    "components": [
                        {
                            "label": "Voornaam",
                            "tableView": true,
                            "validate": {
                                "required": true
                            },
                            "key": "voornaam",
                            "type": "textfield",
                            "input": true,
                            "prefill": {
                                "plugin": "",
                                "attribute": "",
                                "identifierRole": "main"
                            }
                        },
                        {
                            "label": "Achternaam",
                            "tableView": true,
                            "validate": {
                                "required": true
                            },
                            "key": "achternaam",
                            "type": "textfield",
                            "input": true,
                            "prefill": {
                                "plugin": "",
                                "attribute": "",
                                "identifierRole": "main"
                            }
                        },
                        {
                            "label": "BSN",
                            "tableView": true,
                            "validate": {
                                "required": true
                            },
                            "key": "bsn",
                            "type": "textfield",
                            "input": true,
                            "prefill": {
                                "plugin": "",
                                "attribute": "",
                                "identifierRole": "main"
                            }
                        },
                        {
                            "label": "Woont deze persoon in Nijmegen",
                            "optionsLabelPosition": "right",
                            "inline": false,
                            "tableView": false,
                            "values": [
                                {
                                    "label": "ja",
                                    "value": "ja",
                                    "shortcut": ""
                                },
                                {
                                    "label": "nee",
                                    "value": "nee",
                                    "shortcut": ""
                                }
                            ],
                            "validate": {
                                "required": true
                            },
                            "key": "persoonNijmegen",
                            "type": "radio",
                            "input": true
                        },
                        {
                            "html": "<p><span style=\"background-color:rgb(255,255,255);color:rgb(0,0,0);\">U woont beiden (mantelzorger en zorgvrager) niet in Nijmegen. U kunt geen zorg krijgen. U kunt het formulier nu sluiten. Wilt u een officiële afwijzing ontvangen? Beantwoord dan ook<strong> alle</strong> volgende vragen van dit formulier.</span></p>",
                            "label": "Content",
                            "refreshOnChange": false,
                            "key": "content-1",
                            "customConditional": "var nietNijmegenEnNietLent = data.woonplaats !== 'Nijmegen' || data.woonplaats !== 'Lent' ? true : false;\r\nvar persNijmegen = data.persoonNijmegen == 'nee' ? true : false;\r\n\r\nif (nietNijmegenEnNietLent && persNijmegen){\r\n    show = true;\r\n} else {\r\n    show = false;\r\n}\r\n",
                            "type": "content",
                            "input": false,
                            "tableView": false
                        }
                    ],
                    "key": "fieldSet",
                    "type": "fieldset",
                    "label": "Field Set",
                    "tree": false,
                    "input": false,
                    "hidden": false,
                    "legend": "",
                    "prefix": "",
                    "suffix": "",
                    "unique": false,
                    "widget": null,
                    "dbIndex": false,
                    "overlay": {
                        "top": "",
                        "left": "",
                        "style": "",
                        "width": "",
                        "height": ""
                    },
                    "tooltip": "",
                    "disabled": false,
                    "multiple": false,
                    "redrawOn": "",
                    "tabindex": "",
                    "validate": {
                        "custom": "",
                        "unique": false,
                        "multiple": false,
                        "required": false,
                        "customPrivate": false,
                        "strictDateValidation": false
                    },
                    "autofocus": false,
                    "encrypted": false,
                    "hideLabel": false,
                    "modalEdit": false,
                    "protected": false,
                    "refreshOn": "",
                    "tableView": false,
                    "attributes": {},
                    "errorLabel": "",
                    "hideHeader": false,
                    "persistent": false,
                    "properties": {},
                    "validateOn": "change",
                    "clearOnHide": true,
                    "customClass": "",
                    "description": "",
                    "placeholder": "",
                    "defaultValue": null,
                    "dataGridLabel": false,
                    "labelPosition": "top",
                    "showCharCount": false,
                    "showWordCount": false,
                    "calculateValue": "",
                    "calculateServer": false,
                    "allowMultipleMasks": false,
                    "customDefaultValue": "",
                    "allowCalculateOverride": false
                },
                {
                    "label": "Columns",
                    "columns": [
                        {
                            "components": [],
                            "width": 3,
                            "offset": 0,
                            "push": 0,
                            "pull": 0,
                            "size": "sm",
                            "currentWidth": 3
                        },
                        {
                            "components": [],
                            "size": "sm",
                            "width": 3,
                            "offset": 0,
                            "push": 0,
                            "pull": 0,
                            "currentWidth": 3
                        }
                    ],
                    "key": "columns5",
                    "type": "columns",
                    "input": false,
                    "tableView": false,
                    "hideOnChildrenHidden": false
                }
            ]
        }
    },
    {
        "url": "http://localhost/api/v2/form-definitions/18f772a6-315f-432b-a227-d4caa6f5eec4",
        "uuid": "18f772a6-315f-432b-a227-d4caa6f5eec4",
        "name": "Zorg",
        "slug": "zorg",
        "configuration": {
            "display": "form",
            "components": [
                {
                    "label": "Mantelzorgurgentie aanvragen",
                    "attrs": [
                        {
                            "attr": "",
                            "value": ""
                        }
                    ],
                    "content": "<h1>Mantelzorgurgentie aanvragen</h1> ",
                    "refreshOnChange": false,
                    "key": "mantelzorgurgentieAanvragen1",
                    "type": "content",
                    "input": false,
                    "tableView": false,
                    "html": "<h1>Mantelzorgurgentie aanvragen</h1> "
                },
                {
                    "html": "<p>De volgende vragen gaan over de zorg die gegeven wordt. Er is professionele zorg en mantelzorg: &nbsp;</p><h3>Professionele zorg &nbsp;</h3><p>Hierbij gaat het om zorg &nbsp;thuis waarvoor er een indicatie is, bijvoorbeeld van de gemeente (Wmo) of het Centrum Indicatiestelling Zorg (CIZ). Het kan gaan om huishoudelijke hulp, verzorging, verpleging of persoonlijke begeleiding. &nbsp;</p><h3>Mantelzorg &nbsp;</h3><p>Dit is zorg die: &nbsp;</p><ol><li>minimaal 1 jaar duurt</li><li>niet betaald wordt</li><li>niet professioneel is</li><li>wordt gegeven omdat de mantelzorger een relatie heeft met de persoon die zorg nodig heeft. Zoals een partner, kind, familie, buur of vriend.</li></ol>",
                    "label": "Content",
                    "refreshOnChange": false,
                    "key": "content5",
                    "type": "content",
                    "input": false,
                    "tableView": false
                },
                {
                    "label": "Krijgt of geeft u langer dan 1 jaar mantelzorg?",
                    "optionsLabelPosition": "right",
                    "inline": false,
                    "tableView": false,
                    "values": [
                        {
                            "label": "ja",
                            "value": "ja",
                            "shortcut": ""
                        },
                        {
                            "label": "nee",
                            "value": "nee",
                            "shortcut": ""
                        }
                    ],
                    "validate": {
                        "required": true
                    },
                    "key": "langer",
                    "type": "radio",
                    "input": true
                },
                {
                    "html": "<p><span style=\"background-color:rgb(255,255,255);color:rgb(0,0,0);\">U kunt geen mantelzorgurgentieverklaring krijgen omdat u korter dan 1 jaar mantelzorg krijgt of geeft. U kunt het formulier nu sluiten. Wilt u een officiële afwijzing ontvangen? Beantwoord dan ook<strong> alle</strong> volgende vragen van dit formulier.</span></p>",
                    "label": "Content",
                    "refreshOnChange": false,
                    "key": "content6",
                    "type": "content",
                    "input": false,
                    "tableView": false
                },
                {
                    "label": "Hoeveel dagen in de week is er zorg (professionele én mantelzorg)?",
                    "tableView": true,
                    "validateOn": "blur",
                    "validate": {
                        "required": true,
                        "pattern": "^[1-7]*$",
                        "customMessage": "U kunt alleen cijfers 1 t/m 7 invullen."
                    },
                    "key": "dagen",
                    "type": "textfield",
                    "input": true,
                    "prefill": {
                        "plugin": "",
                        "attribute": "",
                        "identifierRole": "main"
                    }
                },
                {
                    "html": "<p><span style=\"background-color:rgb(255,255,255);color:rgb(0,0,0);\">U kunt geen mantelzorgurgentieverklaring krijgen omdat er niet op elke dag in de week zorg is. U kunt het formulier nu sluiten. Wilt u een officiële afwijzing ontvangen? Beantwoord dan ook<strong> alle</strong> volgende vragen van dit formulier.</span></p>",
                    "label": "Content",
                    "refreshOnChange": false,
                    "key": "content7",
                    "customConditional": "show = false;\nif(dagen = parseInt(data.dagen)) {\n  if(dagen < 7) {\n    show = true;\n  }\n}",
                    "type": "content",
                    "input": false,
                    "tableView": false
                },
                {
                    "label": "Hoeveel uur per dag is er zorg (professionele én mantelzorg)?",
                    "tableView": true,
                    "validateOn": "blur",
                    "validate": {
                        "required": true,
                        "pattern": "^[0-9]*$",
                        "customMessage": "U kunt maximaal 24 uur per dag zorg krijgen."
                    },
                    "key": "uren",
                    "type": "textfield",
                    "input": true,
                    "prefill": {
                        "plugin": "",
                        "attribute": "",
                        "identifierRole": "main"
                    }
                },
                {
                    "html": "<p><span style=\"background-color:rgb(255,255,255);color:rgb(0,0,0);\">U kunt geen mantelzorgurgentieverklaring krijgen omdat er minder dan 3 uur zorg is. U kunt het formulier nu sluiten. Wilt u een officiële afwijzing ontvangen? Beantwoord dan ook<strong> alle</strong> volgende vragen van dit formulier.</span></p>",
                    "label": "Content",
                    "refreshOnChange": false,
                    "key": "content8",
                    "customConditional": "show = false;\r\nif (uren = parseInt(data.uren)){\r\n  if(uren < 3){\r\n    show = true;\r\n  }    \r\n}",
                    "type": "content",
                    "input": false,
                    "tableView": false
                },
                {
                    "label": "Hoeveel uur per week van de zorg is mantelzorg?",
                    "tableView": true,
                    "validateOn": "blur",
                    "validate": {
                        "required": true,
                        "pattern": "^[0-9]*$",
                        "customMessage": "Vul een getal in."
                    },
                    "key": "week",
                    "type": "textfield",
                    "input": true,
                    "prefill": {
                        "plugin": "",
                        "attribute": "",
                        "identifierRole": "main"
                    }
                },
                {
                    "html": "<p><span style=\"background-color:rgb(255,255,255);color:rgb(0,0,0);\">U kunt geen mantelzorgurgentieverklaring krijgen omdat u minder dan 10 uur mantelzorg krijgt of geeft. U kunt het formulier nu sluiten. Wilt u een officiële afwijzing ontvangen? Beantwoord dan ook<strong> alle</strong> volgende vragen van dit formulier.&nbsp;</span></p>",
                    "label": "Content",
                    "refreshOnChange": false,
                    "key": "content9",
                    "customConditional": "show = false;\r\nif (weken = parseInt(data.week)){\r\n  if(weken < 10){\r\n    show = true;\r\n  }    \r\n}",
                    "type": "content",
                    "input": false,
                    "tableView": false
                },
                {
                    "label": "Gaat het bij de professionele zorg om zorg waar een indicatie voor is?",
                    "optionsLabelPosition": "right",
                    "inline": false,
                    "tableView": false,
                    "values": [
                        {
                            "label": "ja",
                            "value": "ja",
                            "shortcut": ""
                        },
                        {
                            "label": "nee",
                            "value": "nee",
                            "shortcut": ""
                        }
                    ],
                    "validate": {
                        "required": true
                    },
                    "key": "indicatie",
                    "type": "radio",
                    "input": true
                },
                {
                    "label": "Gaat het om een indicatie van de gemeente, Wmo?",
                    "optionsLabelPosition": "right",
                    "inline": false,
                    "tableView": false,
                    "values": [
                        {
                            "label": "ja",
                            "value": "ja",
                            "shortcut": ""
                        },
                        {
                            "label": "nee",
                            "value": "nee",
                            "shortcut": ""
                        }
                    ],
                    "validate": {
                        "required": true
                    },
                    "key": "indicatie1",
                    "type": "radio",
                    "input": true
                },
                {
                    "html": "<p><span style=\"background-color:rgb(255,255,255);color:rgb(0,0,0);\">Aan het einde van dit formulier moet u een kopie van de indicatie uploaden.</span></p>",
                    "label": "Content",
                    "refreshOnChange": false,
                    "key": "content10",
                    "customConditional": "var geenIndicatie = data.indicatie1 == 'nee'? true:false;\r\nvar indienerNijmegen = data.woonplaats == 'Nijmegen' || data.woonplaats == 'Lent'? true:false;\r\nvar zorgvrager = data.situatie == 'krijg'? true:false;\r\nvar indienerBuiten = data.woonplaats != 'Nijmegen' && data.woonplaats != 'Lent'? true:false;\r\nvar inNijmegen = data.persooonNijmegen == 'ja'? true:false;\r\n\r\nif (geenIndicatie && indienerNijmegen && zorgvrager){\r\n\tshow = true;\r\n} else if (geenIndicatie && indienerBuiten && InNijmegen){\r\n\tshow = true;\r\n} else {\r\n\tshow = false;\r\n}",
                    "type": "content",
                    "input": false,
                    "tableView": false
                },
                {
                    "label": "Beschrijf kort om welke professionele zorg het gaat.",
                    "tableView": true,
                    "inputFormat": "plain",
                    "validate": {
                        "required": true
                    },
                    "key": "beschrijfKortOmWelkeProfessioneleZorgHetGaat",
                    "type": "textarea",
                    "input": true,
                    "autoExpand": false
                },
                {
                    "label": "Beschrijf kort om welke mantelzorg het gaat.",
                    "tableView": true,
                    "inputFormat": "plain",
                    "validate": {
                        "required": true
                    },
                    "key": "beschrijfKortOmWelkeMantelzorgHetGaat",
                    "type": "textarea",
                    "input": true,
                    "autoExpand": false
                },
                {
                    "label": "Columns",
                    "columns": [
                        {
                            "components": [],
                            "width": 3,
                            "offset": 0,
                            "push": 0,
                            "pull": 0,
                            "size": "sm",
                            "currentWidth": 3
                        },
                        {
                            "components": [],
                            "size": "sm",
                            "width": 3,
                            "offset": 0,
                            "push": 0,
                            "pull": 0,
                            "currentWidth": 3
                        }
                    ],
                    "key": "columns1",
                    "type": "columns",
                    "input": false,
                    "tableView": false,
                    "hideOnChildrenHidden": false
                }
            ]
        }
    },
    {
        "url": "http://localhost/api/v2/form-definitions/c005e765-7e0a-471f-9c3b-15b73d1c9f10",
        "uuid": "c005e765-7e0a-471f-9c3b-15b73d1c9f10",
        "name": "Reisafstand",
        "slug": "reisafstand",
        "configuration": {
            "display": "form",
            "components": [
                {
                    "label": "Wat is de reisafstand nú tussen het adres van de mantelzorger en de zorgvrager?",
                    "description": "Noem het aantal kilometers voor een enkele reis. Neem de kortste afstand via Google Maps.",
                    "tableView": true,
                    "validateOn": "blur",
                    "validate": {
                        "required": true,
                        "pattern": "^[0-9]*$",
                        "customMessage": "Vul een getal in"
                    },
                    "key": "reisafstand",
                    "type": "textfield",
                    "input": true,
                    "prefill": {
                        "plugin": "",
                        "attribute": "",
                        "identifierRole": "main"
                    }
                },
                {
                    "html": "<p><span style=\"background-color:rgb(255,255,255);color:rgb(0,0,0);\">U kunt geen mantelzorgurgentieverklaring krijgen omdat de reisafstand nu minder dan 5 kilometer is. U kunt het formulier nu sluiten. Wilt u een officiële afwijzing ontvangen? Beantwoord dan ook<strong> alle</strong> volgende vragen van dit formulier.</span></p>",
                    "label": "Content",
                    "refreshOnChange": false,
                    "key": "content1",
                    "customConditional": "show = false;\r\nif (kilometers = parseInt(data.reisafstand)){\r\n  if(kilometers < 5){\r\n    show = true;\r\n  }    \r\n}",
                    "type": "content",
                    "input": false,
                    "tableView": false
                },
                {
                    "label": "Wat is de reisafstand ná de verhuizing tussen het adres van de mantelzorger en de zorgvrager?",
                    "description": "Noem het aantal kilometers voor een enkele reis. Neem de kortste afstand via Google Maps.",
                    "tableView": true,
                    "validateOn": "blur",
                    "validate": {
                        "required": true,
                        "pattern": "^[0-9]*$",
                        "customMessage": "Vul een getal in"
                    },
                    "key": "reisafstand1",
                    "type": "textfield",
                    "input": true,
                    "prefill": {
                        "plugin": "",
                        "attribute": "",
                        "identifierRole": "main"
                    }
                },
                {
                    "html": "<p><span style=\"background-color:rgb(255,255,255);color:rgb(0,0,0);\">U kunt geen mantelzorgurgentieverklaring krijgen omdat de reisafstand na verhuizen 5 kilometer of meer is. U kunt het formulier nu sluiten. Wilt u een officiële afwijzing ontvangen? Beantwoord dan ook<strong> alle</strong> volgende vragen van dit formulier.</span></p>",
                    "label": "Content",
                    "refreshOnChange": false,
                    "key": "content11",
                    "customConditional": "show = false;\r\nif (kilometersNa = parseInt(data.reisafstand1)){\r\n  if(kilometersNa > 5){\r\n    show = true;\r\n  }    \r\n}",
                    "type": "content",
                    "input": false,
                    "tableView": false
                },
                {
                    "label": "Columns",
                    "columns": [
                        {
                            "components": [],
                            "width": 3,
                            "offset": 0,
                            "push": 0,
                            "pull": 0,
                            "size": "sm",
                            "currentWidth": 3
                        },
                        {
                            "components": [],
                            "size": "sm",
                            "width": 3,
                            "offset": 0,
                            "push": 0,
                            "pull": 0,
                            "currentWidth": 3
                        }
                    ],
                    "key": "columns4",
                    "type": "columns",
                    "input": false,
                    "tableView": false,
                    "hideOnChildrenHidden": false
                }
            ]
        }
    },
    {
        "url": "http://localhost/api/v2/form-definitions/2c17d58b-096b-455e-a945-41c64739e7ae",
        "uuid": "2c17d58b-096b-455e-a945-41c64739e7ae",
        "name": "Bijlage(n)",
        "slug": "bijlagen",
        "configuration": {
            "display": "form",
            "components": [
                {
                    "label": "Toevoegen",
                    "description": "Toegestaan zijn .jpg, .png, .jpeg of .pdf documenten die niet groter zijn dan 20MB.",
                    "tableView": false,
                    "storage": "url",
                    "webcam": false,
                    "fileTypes": [
                        {
                            "label": "",
                            "value": ""
                        }
                    ],
                    "filePattern": ".jpg,.png,.jpeg,.pdf",
                    "fileMinSize": "1KB",
                    "fileMaxSize": "20MB",
                    "multiple": true,
                    "key": "toevoegen",
                    "type": "file",
                    "url": "/cloud/s3",
                    "input": true
                },
                {
                    "html": "<p>Ik heb deze bijlage(n) toegevoegd:</p>",
                    "label": "Content",
                    "refreshOnChange": false,
                    "key": "content",
                    "type": "content",
                    "input": false,
                    "tableView": false
                },
                {
                    "label": "kopie indicatie van de professionele zorg",
                    "tableView": false,
                    "defaultValue": false,
                    "validate": {
                        "required": true
                    },
                    "key": "kopieIndicatie",
                    "type": "checkbox",
                    "input": true
                },
                {
                    "label": "Columns",
                    "columns": [
                        {
                            "components": [],
                            "width": 3,
                            "offset": 0,
                            "push": 0,
                            "pull": 0,
                            "size": "sm",
                            "currentWidth": 3
                        },
                        {
                            "components": [],
                            "size": "sm",
                            "width": 3,
                            "offset": 0,
                            "push": 0,
                            "pull": 0,
                            "currentWidth": 3
                        }
                    ],
                    "key": "columns2",
                    "type": "columns",
                    "input": false,
                    "tableView": false,
                    "hideOnChildrenHidden": false
                }
            ]
        }
    }
]