[
    {
        "uuid": "9be9c5e6-2352-4668-bd41-5cba857dc9f0",
        "name": "Evenement melden of vergunning aanvragen",
        "internal_name": "",
        "login_required": false,
        "authentication_backends": [],
        "slug": "evenementmeldenofvergunningaanvragen",
        "url": "http://localhost/api/v2/forms/9be9c5e6-2352-4668-bd41-5cba857dc9f0",
        "show_progress_indicator": true,
        "maintenance_mode": false,
        "active": true,
        "is_deleted": false,
        "suspension_allowed": true,
        "send_confirmation_email": true,
        "display_main_website_link": true,
        "required_fields_with_asterisk": true,
        "resume_link_lifetime": 7,
        "hide_non_applicable_steps": true
    }
]