[
    {
        "uuid": "f79bc9c9-c0e7-41a7-b3a1-cb0b7f5fc1ce",
        "index": "0",
        "slug": "algemeen",
        "form_definition": "http://localhost/api/v2/form-definitions/aa1ecec6-7121-44bf-acad-61d744bb5894"
    },
    {
        "uuid": "88482aab-a77d-4975-9175-0c50adbeb68c",
        "index": "1",
        "slug": "gegevens-evenement",
        "form_definition": "http://localhost/api/v2/form-definitions/c29efd9b-88b2-4224-987e-72d4c1526834"
    },
    {
        "uuid": "4ba06d4a-5deb-4be1-a621-8605c3f6c6a9",
        "index": "2",
        "slug": "bootfeest",
        "form_definition": "http://localhost/api/v2/form-definitions/3ad82963-7c00-497c-8d6c-0621581a7a1c"
    },
    {
        "uuid": "ddcdadbc-53be-47bf-a7a9-f58cc4ebb260",
        "index": "3",
        "slug": "evenement-melden-of-vergunning",
        "form_definition": "http://localhost/api/v2/form-definitions/17bf9d92-761a-4198-9477-c9c4840f44ff"
    },
    {
        "uuid": "6e31e825-7a7e-46df-8d36-df06c863171d",
        "index": "4",
        "slug": "evenement-vergunning",
        "form_definition": "http://localhost/api/v2/form-definitions/1ba4fa32-88bb-45f0-b22d-38bc6e8baef9"
    },
    {
        "uuid": "b878c8e5-c03c-4ccb-bbab-a3e5fa26b475",
        "index": "5",
        "slug": "datum-en-tijden",
        "form_definition": "http://localhost/api/v2/form-definitions/2cfaf091-e9e1-40dc-b13e-f002a09f2a73"
    },
    {
        "uuid": "b609efa9-95c5-40d3-b6c6-982047ae0882",
        "index": "6",
        "slug": "plaats",
        "form_definition": "http://localhost/api/v2/form-definitions/4da58285-468e-412d-9c2e-ef4330345da5"
    },
    {
        "uuid": "b65d7443-cdec-40a7-a29d-9915ff40182a",
        "index": "7",
        "slug": "bezoekers",
        "form_definition": "http://localhost/api/v2/form-definitions/34fde415-e609-4d34-b1a7-025474eeb534"
    },
    {
        "uuid": "772155b3-f9a0-460b-bb7e-5e4ada810e56",
        "index": "8",
        "slug": "eten-en-drinken",
        "form_definition": "http://localhost/api/v2/form-definitions/44f3d92c-95db-4a10-bfb5-9fc466b463e1"
    },
    {
        "uuid": "2c234a8c-e50e-419b-96c8-85dc36c3591d",
        "index": "9",
        "slug": "inrichting",
        "form_definition": "http://localhost/api/v2/form-definitions/4b73b00f-d59e-4336-93a2-433d7dd4b98c"
    },
    {
        "uuid": "2ed16a35-a352-4364-aac2-e25c8bd8fd73",
        "index": "10",
        "slug": "verkeer-en-parkeren",
        "form_definition": "http://localhost/api/v2/form-definitions/bcd48409-9e4d-4d31-a786-8a57c304248d"
    },
    {
        "uuid": "f4ae3f9b-7907-487d-95e0-990d6429dedb",
        "index": "11",
        "slug": "muziek-en-geluid",
        "form_definition": "http://localhost/api/v2/form-definitions/d1ab5cf7-5dcd-42a7-b956-45d94af58e73"
    },
    {
        "uuid": "7e15ca90-489a-4111-9502-df878c09e858",
        "index": "12",
        "slug": "veiligheid",
        "form_definition": "http://localhost/api/v2/form-definitions/24923031-9f79-478d-9e32-02b73431a2dc"
    },
    {
        "uuid": "1ebdd40d-8d6a-4d56-b5a3-1ffb84f98b59",
        "index": "13",
        "slug": "brandveiligheid",
        "form_definition": "http://localhost/api/v2/form-definitions/853add25-5151-48c3-95da-710cd14a2992"
    },
    {
        "uuid": "3aec2c64-9d49-4474-91e7-6d57ff7d0125",
        "index": "14",
        "slug": "voetbal",
        "form_definition": "http://localhost/api/v2/form-definitions/a810ebbf-a43e-4347-bcdf-2b87a02e1324"
    },
    {
        "uuid": "e57d7e75-03c7-4624-9f4f-20670832a6e3",
        "index": "15",
        "slug": "nieuwe-wedstrijd",
        "form_definition": "http://localhost/api/v2/form-definitions/5e6cf795-f0f3-4e78-8c53-e6c3eb4fa8a5"
    },
    {
        "uuid": "4c679192-fc01-40ed-aa44-d5667e7118ef",
        "index": "16",
        "slug": "nieuw-seizoen-voetbalwedstrijden",
        "form_definition": "http://localhost/api/v2/form-definitions/a09b30cd-2fb6-482e-87ba-3e50e7244197"
    },
    {
        "uuid": "c86a8b31-3c8c-4a39-aa2b-759d5c787e89",
        "index": "17",
        "slug": "voetbalwedstrijd-aanpassen",
        "form_definition": "http://localhost/api/v2/form-definitions/400ccde0-3ca4-4a4a-8791-06b688d560b6"
    },
    {
        "uuid": "9e9c3539-9dd3-4ff0-9e0f-fb39b3ea655e",
        "index": "18",
        "slug": "opmerkingen-en-bijlagen",
        "form_definition": "http://localhost/api/v2/form-definitions/4f473aa2-1318-4f92-894f-a488c10091d7"
    },
    {
        "uuid": "9a0d99e0-04ec-48ec-9f85-90e80b1cd57a",
        "index": "19",
        "slug": "bijlage",
        "form_definition": "http://localhost/api/v2/form-definitions/9ed26b59-a8d6-42f4-a3cd-811d5b198196"
    }
]