[
    {
        "uuid": "6e5cead7-009e-4f9f-8071-c76deba5e8d6",
        "name": "Vooroverleg omgevingsvergunning aanvragen oud",
        "internal_name": "",
        "login_required": false,
        "authentication_backends": [],
        "slug": "vooroverlegomgevingsvergunningaanvragenoud",
        "url": "http://localhost/api/v2/forms/6e5cead7-009e-4f9f-8071-c76deba5e8d6",
        "show_progress_indicator": true,
        "maintenance_mode": false,
        "active": true,
        "is_deleted": false,
        "suspension_allowed": true,
        "send_confirmation_email": true,
        "display_main_website_link": true,
        "required_fields_with_asterisk": true,
        "resume_link_lifetime": 7,
        "hide_non_applicable_steps": true
    }
]