[
    {
        "uuid": "50f0080a-bcf7-48b9-9e40-6b0b073cdd1e",
        "index": "0",
        "slug": "uw-gegevens",
        "form_definition": "http://localhost/api/v2/form-definitions/814ae06f-710d-4a60-82ae-4fc2b7f733a4"
    },
    {
        "uuid": "b8246d07-8986-415d-bfe1-c95e0f1bcc04",
        "index": "1",
        "slug": "gegevens-van-de-persoonbedrijf-waarvoor-u-een-overleg-aanvraagt",
        "form_definition": "http://localhost/api/v2/form-definitions/6733cb22-010b-424a-b630-90122b8efe05"
    },
    {
        "uuid": "2c839c92-3ef2-4898-999e-f184c16408b1",
        "index": "2",
        "slug": "vooroverleg",
        "form_definition": "http://localhost/api/v2/form-definitions/067a36da-b807-4886-999b-4c7188e817b7"
    },
    {
        "uuid": "d28b287f-4b8b-45f4-b1f8-7a51684a2189",
        "index": "3",
        "slug": "uw-plan",
        "form_definition": "http://localhost/api/v2/form-definitions/49e366c7-723f-4213-a62e-7fa461edb484"
    },
    {
        "uuid": "0ad45fef-557d-4e35-9102-8064a87efe67",
        "index": "4",
        "slug": "bijlagen",
        "form_definition": "http://localhost/api/v2/form-definitions/6e08d43f-7225-4869-b206-e198074e52a5"
    }
]