[
    {
        "uuid": "fd563053-5db2-4bc6-b505-00150829b2db",
        "name": "Application to view personal data RNI DigiD",
        "internal_name": "",
        "login_required": false,
        "authentication_backends": [],
        "slug": "applicationtoviewpersonaldatarnidigid",
        "url": "http://localhost/api/v2/forms/fd563053-5db2-4bc6-b505-00150829b2db",
        "show_progress_indicator": true,
        "maintenance_mode": false,
        "active": true,
        "is_deleted": false,
        "suspension_allowed": true,
        "send_confirmation_email": true,
        "display_main_website_link": true,
        "required_fields_with_asterisk": true,
        "resume_link_lifetime": 7,
        "hide_non_applicable_steps": true
    }
]