[
    {
        "uuid": "f8e15300-9c9a-4aaa-8039-10bcf48ed52a",
        "name": "Klacht over de gemeente doorgeven",
        "internal_name": "",
        "login_required": false,
        "authentication_backends": [],
        "slug": "klachtoverdegemeentedoorgeven",
        "url": "http://localhost/api/v2/forms/f8e15300-9c9a-4aaa-8039-10bcf48ed52a",
        "show_progress_indicator": true,
        "maintenance_mode": false,
        "active": true,
        "is_deleted": false,
        "suspension_allowed": true,
        "send_confirmation_email": true,
        "display_main_website_link": true,
        "required_fields_with_asterisk": true,
        "resume_link_lifetime": 7,
        "hide_non_applicable_steps": true
    }
]