[
    {
        "uuid": "059bebb4-5825-453e-b020-2a962cb46595",
        "name": "playwright-e2e",
        "internal_name": "",
        "login_required": false,
        "authentication_backends": [],
        "slug": "playwrighte2e",
        "url": "http://localhost/api/v2/forms/059bebb4-5825-453e-b020-2a962cb46595",
        "show_progress_indicator": true,
        "maintenance_mode": false,
        "active": true,
        "is_deleted": false,
        "suspension_allowed": true,
        "send_confirmation_email": true,
        "display_main_website_link": true,
        "required_fields_with_asterisk": true,
        "resume_link_lifetime": 7,
        "hide_non_applicable_steps": true
    }
]