[
    {
        "uuid": "4279f32d-ce8a-4680-abdd-e344a6006cce",
        "index": "0",
        "slug": "aanvraag",
        "form_definition": "http://localhost/api/v2/form-definitions/b78da682-c666-49ae-b355-a99fc9dd957a"
    },
    {
        "uuid": "46ff7830-1ae2-4edd-9831-e4986f93754e",
        "index": "1",
        "slug": "bijzondere-inzet",
        "form_definition": "http://localhost/api/v2/form-definitions/b7df767a-b98d-49ff-b2cd-0720d4b766de"
    },
    {
        "uuid": "1873a366-5aa9-4415-a7ad-27e238ae1330",
        "index": "2",
        "slug": "ondersteuners",
        "form_definition": "http://localhost/api/v2/form-definitions/325dfc2e-2f4a-4f72-bd78-b331ae8e41dc"
    },
    {
        "uuid": "6ff2c991-3092-4f3d-be8b-a3513856235b",
        "index": "3",
        "slug": "uitreiking",
        "form_definition": "http://localhost/api/v2/form-definitions/b3a46788-b809-4ca8-b3d0-a61c2b03c60a"
    },
    {
        "uuid": "dc669fdd-413a-4c5f-a660-f02d92aea30d",
        "index": "4",
        "slug": "contactgegevens",
        "form_definition": "http://localhost/api/v2/form-definitions/c3ae13d2-1687-4e97-bb67-b36fbb667f54"
    },
    {
        "uuid": "d1bce3b9-4af2-44ef-9a06-afa06b016da3",
        "index": "5",
        "slug": "bijlagen",
        "form_definition": "http://localhost/api/v2/form-definitions/ce67d2fd-47d0-4573-b8b3-c9fbbc8f96a9"
    }
]