[
    {
        "url": "http://localhost/api/v2/form-definitions/b78da682-c666-49ae-b355-a99fc9dd957a",
        "uuid": "b78da682-c666-49ae-b355-a99fc9dd957a",
        "name": "Aanvraag",
        "slug": "aanvraag",
        "configuration": {
            "display": "form",
            "components": [
                {
                    "label": "Alle voornamen",
                    "tableView": true,
                    "validate": {
                        "required": true
                    },
                    "key": "alleVoornamen",
                    "type": "textfield",
                    "input": true,
                    "prefill": {
                        "plugin": "",
                        "attribute": "",
                        "identifierRole": "main"
                    }
                },
                {
                    "label": "Achternaam",
                    "tableView": true,
                    "validate": {
                        "required": true
                    },
                    "key": "achternaam",
                    "type": "textfield",
                    "input": true,
                    "prefill": {
                        "plugin": "",
                        "attribute": "",
                        "identifierRole": "main"
                    }
                },
                {
                    "label": "Geboortedatum",
                    "placeholder": "dag-maand-jaar",
                    "tableView": false,
                    "enableMinDateInput": false,
                    "datePicker": {
                        "disableWeekends": false,
                        "disableWeekdays": false
                    },
                    "enableMaxDateInput": false,
                    "timePicker": {
                        "showMeridian": false
                    },
                    "validate": {
                        "required": true
                    },
                    "key": "geboortedatum",
                    "type": "datetime",
                    "input": true,
                    "widget": {
                        "type": "calendar",
                        "displayInTimezone": "viewer",
                        "locale": "nl",
                        "useLocaleSettings": false,
                        "allowInput": true,
                        "mode": "single",
                        "enableTime": false,
                        "noCalendar": false,
                        "format": "dd-MM-yyyy",
                        "hourIncrement": 1,
                        "minuteIncrement": 5,
                        "time_24hr": true,
                        "minDate": null,
                        "disableWeekends": false,
                        "disableWeekdays": false,
                        "maxDate": null
                    }
                },
                {
                    "label": "Wat bent u van deze persoon?",
                    "description": "Bijvoorbeeld een tante, vriend, buren of werkgever",
                    "tableView": true,
                    "key": "watBentUVanDezePersoon",
                    "type": "textfield",
                    "input": true,
                    "prefill": {
                        "plugin": "",
                        "attribute": "",
                        "identifierRole": "main"
                    }
                },
                {
                    "label": "Heeft deze persoon al een andere onderscheiding gekregen?",
                    "optionsLabelPosition": "right",
                    "inline": false,
                    "tableView": false,
                    "values": [
                        {
                            "label": "ja",
                            "value": "ja",
                            "shortcut": ""
                        },
                        {
                            "label": "nee",
                            "value": "nee",
                            "shortcut": ""
                        }
                    ],
                    "validate": {
                        "required": true
                    },
                    "key": "andereOnderscheidingGekregen",
                    "type": "radio",
                    "input": true
                },
                {
                    "label": "Welke onderscheiding heeft deze persoon gekregen ?",
                    "tableView": true,
                    "validate": {
                        "required": true
                    },
                    "key": "welkeOnderscheidingHeeftDezePersoonGekregen",
                    "type": "textfield",
                    "input": true,
                    "prefill": {
                        "plugin": "",
                        "attribute": "",
                        "identifierRole": "main"
                    }
                },
                {
                    "label": "Columns",
                    "columns": [
                        {
                            "components": [],
                            "width": 3,
                            "offset": 0,
                            "push": 0,
                            "pull": 0,
                            "size": "sm",
                            "currentWidth": 3
                        },
                        {
                            "components": [],
                            "width": 6,
                            "offset": 0,
                            "push": 0,
                            "pull": 0,
                            "size": "md",
                            "currentWidth": 6
                        }
                    ],
                    "key": "columns",
                    "type": "columns",
                    "input": false,
                    "tableView": false,
                    "hideOnChildrenHidden": false
                }
            ]
        }
    },
    {
        "url": "http://localhost/api/v2/form-definitions/b7df767a-b98d-49ff-b2cd-0720d4b766de",
        "uuid": "b7df767a-b98d-49ff-b2cd-0720d4b766de",
        "name": "Bijzondere inzet",
        "slug": "bijzondere-inzet",
        "configuration": {
            "display": "form",
            "components": [
                {
                    "label": "Wat heeft de persoon gedaan waarvoor hij of zij een Waalbrugspeld mag krijgen? Beantwoord per activiteit deze vragen:",
                    "reorder": false,
                    "addAnother": "Activiteit toevoegen",
                    "addAnotherPosition": "bottom",
                    "layoutFixed": false,
                    "enableRowGroups": false,
                    "initEmpty": false,
                    "tableView": false,
                    "defaultValue": [
                        {
                            "container": {
                                "omschrijfActiviteit": "",
                                "vanafWanneerDeedDePersoonDat": "",
                                "namensOrganisatieUitgevoerd": "",
                                "hoeveelUurHeeftDePersoonOngeveerBesteedAanDezeActiviteiten": "",
                                "per": "",
                                "werdDePersoonVoorDezeActiviteitenBetaald": ""
                            }
                        }
                    ],
                    "validate": {
                        "required": true
                    },
                    "key": "activiteitList",
                    "type": "datagrid",
                    "input": true,
                    "components": [
                        {
                            "components": [
                                {
                                    "label": "Omschrijf activiteit",
                                    "description": "Noem bijvoorbeeld op welke manier de persoon verantwoordelijk was of wat hij/zij heeft betekend voor de mensen of de stad.",
                                    "tableView": true,
                                    "inputFormat": "plain",
                                    "validate": {
                                        "required": true
                                    },
                                    "key": "omschrijfActiviteit",
                                    "type": "textarea",
                                    "input": true,
                                    "autoExpand": false
                                },
                                {
                                    "label": "Vanaf wanneer deed de persoon dat?",
                                    "description": "Noem de startdatum en de einddatum. U kunt ook een periode ingeven als u de datum niet precies weet.",
                                    "tableView": true,
                                    "validate": {
                                        "required": true
                                    },
                                    "key": "vanafWanneerDeedDePersoonDat",
                                    "type": "textfield",
                                    "input": true,
                                    "prefill": {
                                        "plugin": "",
                                        "attribute": "",
                                        "identifierRole": "main"
                                    }
                                },
                                {
                                    "label": "Heeft de persoon deze activiteit namens een organisatie uitgevoerd?",
                                    "optionsLabelPosition": "right",
                                    "inline": false,
                                    "tableView": false,
                                    "values": [
                                        {
                                            "label": "ja",
                                            "value": "ja",
                                            "shortcut": ""
                                        },
                                        {
                                            "label": "nee",
                                            "value": "nee",
                                            "shortcut": ""
                                        }
                                    ],
                                    "validate": {
                                        "required": true
                                    },
                                    "key": "namensOrganisatieUitgevoerd",
                                    "type": "radio",
                                    "input": true
                                },
                                {
                                    "components": [
                                        {
                                            "label": "Namens welke organisatie?",
                                            "tableView": true,
                                            "validate": {
                                                "required": true
                                            },
                                            "key": "namensWelkeOrganisatie",
                                            "type": "textfield",
                                            "input": true,
                                            "prefill": {
                                                "plugin": "",
                                                "attribute": "",
                                                "identifierRole": "main"
                                            }
                                        },
                                        {
                                            "label": "Hoeveel mensen werken er bij deze organisatie?",
                                            "tableView": true,
                                            "validate": {
                                                "required": true,
                                                "pattern": "^[0-9]*$",
                                                "customMessage": "Vul het aantal in."
                                            },
                                            "key": "hoeveelMensenWerkenErBijDezeOrganisatie",
                                            "type": "textfield",
                                            "input": true,
                                            "prefill": {
                                                "plugin": "",
                                                "attribute": "",
                                                "identifierRole": "main"
                                            }
                                        },
                                        {
                                            "label": "Wat doet de persoon bij deze organisatie (functie)?",
                                            "tableView": true,
                                            "validate": {
                                                "required": true
                                            },
                                            "key": "watDoetDePersoonBijDezeOrganisatieFunctie",
                                            "type": "textfield",
                                            "input": true,
                                            "prefill": {
                                                "plugin": "",
                                                "attribute": "",
                                                "identifierRole": "main"
                                            }
                                        }
                                    ],
                                    "key": "fieldSet-1-2-3-4",
                                    "type": "fieldset",
                                    "label": "Field Set",
                                    "tree": false,
                                    "input": false,
                                    "hidden": false,
                                    "legend": "",
                                    "prefix": "",
                                    "suffix": "",
                                    "unique": false,
                                    "widget": null,
                                    "dbIndex": false,
                                    "overlay": {
                                        "top": "",
                                        "left": "",
                                        "style": "",
                                        "width": "",
                                        "height": ""
                                    },
                                    "tooltip": "",
                                    "disabled": false,
                                    "multiple": false,
                                    "redrawOn": "",
                                    "tabindex": "",
                                    "validate": {
                                        "custom": "",
                                        "unique": false,
                                        "multiple": false,
                                        "required": false,
                                        "customPrivate": false,
                                        "strictDateValidation": false
                                    },
                                    "autofocus": false,
                                    "encrypted": false,
                                    "hideLabel": false,
                                    "modalEdit": false,
                                    "protected": false,
                                    "refreshOn": "",
                                    "tableView": false,
                                    "attributes": {},
                                    "errorLabel": "",
                                    "hideHeader": false,
                                    "persistent": false,
                                    "properties": {},
                                    "validateOn": "change",
                                    "clearOnHide": true,
                                    "conditional": {
                                        "eq": "",
                                        "show": null,
                                        "when": null
                                    },
                                    "customClass": "",
                                    "description": "",
                                    "placeholder": "",
                                    "defaultValue": null,
                                    "dataGridLabel": false,
                                    "labelPosition": "top",
                                    "showCharCount": false,
                                    "showWordCount": false,
                                    "calculateValue": "",
                                    "calculateServer": false,
                                    "allowMultipleMasks": false,
                                    "customDefaultValue": "",
                                    "allowCalculateOverride": false
                                },
                                {
                                    "label": "Hoeveel uur heeft de persoon ongeveer besteed aan deze activiteit?",
                                    "tableView": true,
                                    "validate": {
                                        "required": true,
                                        "pattern": "^[0-9]*$",
                                        "customMessage": "Vul de aantal uren in."
                                    },
                                    "key": "hoeveelUurHeeftDePersoonOngeveerBesteedAanDezeActiviteiten",
                                    "type": "textfield",
                                    "input": true,
                                    "prefill": {
                                        "plugin": "",
                                        "attribute": "",
                                        "identifierRole": "main"
                                    }
                                },
                                {
                                    "label": "Per",
                                    "optionsLabelPosition": "right",
                                    "inline": false,
                                    "tableView": false,
                                    "values": [
                                        {
                                            "label": "week",
                                            "value": "week",
                                            "shortcut": ""
                                        },
                                        {
                                            "label": "maand",
                                            "value": "maand",
                                            "shortcut": ""
                                        },
                                        {
                                            "label": "jaar",
                                            "value": "jaar",
                                            "shortcut": ""
                                        }
                                    ],
                                    "validate": {
                                        "required": true
                                    },
                                    "key": "per",
                                    "type": "radio",
                                    "input": true
                                },
                                {
                                    "label": "Werd de persoon voor deze activiteit betaald?",
                                    "optionsLabelPosition": "right",
                                    "inline": false,
                                    "tableView": false,
                                    "values": [
                                        {
                                            "label": "ja",
                                            "value": "ja",
                                            "shortcut": ""
                                        },
                                        {
                                            "label": "nee",
                                            "value": "nee",
                                            "shortcut": ""
                                        },
                                        {
                                            "label": "weet ik niet",
                                            "value": "weetIkNiet",
                                            "shortcut": ""
                                        }
                                    ],
                                    "validate": {
                                        "required": true
                                    },
                                    "key": "werdDePersoonVoorDezeActiviteitenBetaald",
                                    "type": "radio",
                                    "input": true
                                }
                            ],
                            "key": "fieldSet-1-2-3",
                            "type": "fieldset",
                            "label": "Field Set",
                            "tree": false,
                            "input": false,
                            "hidden": false,
                            "legend": "",
                            "prefix": "",
                            "suffix": "",
                            "unique": false,
                            "widget": null,
                            "dbIndex": false,
                            "overlay": {
                                "top": "",
                                "left": "",
                                "style": "",
                                "width": "",
                                "height": ""
                            },
                            "tooltip": "",
                            "disabled": false,
                            "multiple": false,
                            "redrawOn": "",
                            "tabindex": "",
                            "validate": {
                                "custom": "",
                                "unique": false,
                                "multiple": false,
                                "required": false,
                                "customPrivate": false,
                                "strictDateValidation": false
                            },
                            "autofocus": false,
                            "encrypted": false,
                            "hideLabel": false,
                            "modalEdit": false,
                            "protected": false,
                            "refreshOn": "",
                            "tableView": false,
                            "attributes": {},
                            "errorLabel": "",
                            "hideHeader": false,
                            "persistent": false,
                            "properties": {},
                            "validateOn": "change",
                            "clearOnHide": true,
                            "conditional": {
                                "eq": "",
                                "show": null,
                                "when": null
                            },
                            "customClass": "",
                            "description": "",
                            "placeholder": "",
                            "defaultValue": null,
                            "dataGridLabel": false,
                            "labelPosition": "top",
                            "showCharCount": false,
                            "showWordCount": false,
                            "calculateValue": "",
                            "calculateServer": false,
                            "allowMultipleMasks": false,
                            "customDefaultValue": "",
                            "allowCalculateOverride": false
                        }
                    ]
                },
                {
                    "html": "<p>U kunt aan het einde van het formulier documenten uploaden om uw aanvraag nog duidelijker te maken.</p>",
                    "label": "Content",
                    "refreshOnChange": false,
                    "key": "content-1-2",
                    "type": "content",
                    "input": false,
                    "tableView": false
                },
                {
                    "label": "Columns",
                    "columns": [
                        {
                            "components": [],
                            "width": 3,
                            "offset": 0,
                            "push": 0,
                            "pull": 0,
                            "size": "sm",
                            "currentWidth": 3
                        },
                        {
                            "components": [],
                            "size": "sm",
                            "width": 3,
                            "offset": 0,
                            "push": 0,
                            "pull": 0,
                            "currentWidth": 3
                        }
                    ],
                    "key": "columns2",
                    "type": "columns",
                    "input": false,
                    "tableView": false,
                    "hideOnChildrenHidden": false
                }
            ]
        }
    },
    {
        "url": "http://localhost/api/v2/form-definitions/325dfc2e-2f4a-4f72-bd78-b331ae8e41dc",
        "uuid": "325dfc2e-2f4a-4f72-bd78-b331ae8e41dc",
        "name": "Ondersteuners",
        "slug": "ondersteuners",
        "configuration": {
            "display": "form",
            "components": [
                {
                    "label": "Wie ondersteunt uw aanvraag? Noem minimaal 2 personen. Aan het einde van dit formulier moet u van elke ondersteuner een ondertekende brief (met handtekening) uploaden waarin staat dat deze persoon uw aanvraag voor een Waalbrugspeld ondersteunt.",
                    "reorder": false,
                    "addAnotherPosition": "bottom",
                    "layoutFixed": false,
                    "enableRowGroups": false,
                    "initEmpty": false,
                    "tableView": false,
                    "defaultValue": [
                        {
                            "container": {
                                "naam": "",
                                "telefoonnummer": "",
                                "eMailadres": "",
                                "watIsDeOndersteunerVanDePersoonDieWordtVoorgedragen": ""
                            }
                        }
                    ],
                    "validate": {
                        "required": true,
                        "minLength": "2",
                        "customMessage": "U moet minimaal 2 personen benoemen."
                    },
                    "key": "wieOndersteuntUwAanvraag",
                    "type": "datagrid",
                    "input": true,
                    "components": [
                        {
                            "components": [
                                {
                                    "label": "Naam",
                                    "tableView": true,
                                    "key": "naam",
                                    "type": "textfield",
                                    "input": true,
                                    "prefill": {
                                        "plugin": "",
                                        "attribute": "",
                                        "identifierRole": "main"
                                    }
                                },
                                {
                                    "label": "Telefoonnummer",
                                    "tableView": true,
                                    "validate": {
                                        "required": true
                                    },
                                    "key": "telefoonnummer-1",
                                    "type": "textfield",
                                    "input": true,
                                    "prefill": {
                                        "plugin": "",
                                        "attribute": "",
                                        "identifierRole": "main"
                                    }
                                },
                                {
                                    "label": "E-mailadres",
                                    "tableView": true,
                                    "validateOn": "blur",
                                    "validate": {
                                        "required": true
                                    },
                                    "key": "eMailadresOndersteuner",
                                    "type": "email",
                                    "input": true
                                },
                                {
                                    "label": "Wat is de ondersteuner van de persoon die wordt voorgedragen?",
                                    "description": "Bijvoorbeeld een tante, vriend, buren of werkgever",
                                    "tableView": true,
                                    "key": "watIsDeOndersteunerVanDePersoonDieWordtVoorgedragen",
                                    "type": "textfield",
                                    "input": true,
                                    "prefill": {
                                        "plugin": "",
                                        "attribute": "",
                                        "identifierRole": "main"
                                    }
                                }
                            ],
                            "key": "fieldSet-1-2",
                            "type": "fieldset",
                            "label": "Field Set",
                            "tree": false,
                            "input": false,
                            "hidden": false,
                            "legend": "",
                            "prefix": "",
                            "suffix": "",
                            "unique": false,
                            "widget": null,
                            "dbIndex": false,
                            "overlay": {
                                "top": "",
                                "left": "",
                                "style": "",
                                "width": "",
                                "height": ""
                            },
                            "tooltip": "",
                            "disabled": false,
                            "multiple": false,
                            "redrawOn": "",
                            "tabindex": "",
                            "validate": {
                                "custom": "",
                                "unique": false,
                                "multiple": false,
                                "required": false,
                                "customPrivate": false,
                                "strictDateValidation": false
                            },
                            "autofocus": false,
                            "encrypted": false,
                            "hideLabel": false,
                            "modalEdit": false,
                            "protected": false,
                            "refreshOn": "",
                            "tableView": false,
                            "attributes": {},
                            "errorLabel": "",
                            "hideHeader": false,
                            "persistent": false,
                            "properties": {},
                            "validateOn": "change",
                            "clearOnHide": true,
                            "conditional": {
                                "eq": "",
                                "show": null,
                                "when": null
                            },
                            "customClass": "",
                            "description": "",
                            "placeholder": "",
                            "defaultValue": null,
                            "dataGridLabel": false,
                            "labelPosition": "top",
                            "showCharCount": false,
                            "showWordCount": false,
                            "calculateValue": "",
                            "calculateServer": false,
                            "allowMultipleMasks": false,
                            "customDefaultValue": "",
                            "allowCalculateOverride": false
                        }
                    ]
                },
                {
                    "label": "Columns",
                    "columns": [
                        {
                            "components": [],
                            "width": 3,
                            "offset": 0,
                            "push": 0,
                            "pull": 0,
                            "size": "sm",
                            "currentWidth": 3
                        },
                        {
                            "components": [],
                            "size": "sm",
                            "width": 3,
                            "offset": 0,
                            "push": 0,
                            "pull": 0,
                            "currentWidth": 3
                        }
                    ],
                    "key": "columns5",
                    "type": "columns",
                    "input": false,
                    "tableView": false,
                    "hideOnChildrenHidden": false
                }
            ]
        }
    },
    {
        "url": "http://localhost/api/v2/form-definitions/b3a46788-b809-4ca8-b3d0-a61c2b03c60a",
        "uuid": "b3a46788-b809-4ca8-b3d0-a61c2b03c60a",
        "name": "Uitreiking",
        "slug": "uitreiking",
        "configuration": {
            "display": "form",
            "components": [
                {
                    "label": "Op welke datum wilt u de Waalbrugspeld laten geven aan de persoon?",
                    "placeholder": "dag-maand-jaar",
                    "tableView": false,
                    "enableMinDateInput": false,
                    "datePicker": {
                        "disableWeekends": false,
                        "disableWeekdays": false
                    },
                    "enableMaxDateInput": false,
                    "timePicker": {
                        "showMeridian": false
                    },
                    "validate": {
                        "required": true
                    },
                    "key": "opWelkeDatumWiltUDeWaalbrugspeldLatenGevenAanDePersoon",
                    "type": "datetime",
                    "input": true,
                    "widget": {
                        "type": "calendar",
                        "displayInTimezone": "viewer",
                        "locale": "nl",
                        "useLocaleSettings": false,
                        "allowInput": true,
                        "mode": "single",
                        "enableTime": false,
                        "noCalendar": false,
                        "format": "dd-MM-yyyy",
                        "hourIncrement": 1,
                        "minuteIncrement": 5,
                        "time_24hr": true,
                        "minDate": null,
                        "disableWeekends": false,
                        "disableWeekdays": false,
                        "maxDate": null
                    }
                },
                {
                    "label": "Waar?",
                    "description": "Noem het adres.",
                    "tableView": true,
                    "inputFormat": "plain",
                    "validate": {
                        "required": true
                    },
                    "key": "waar",
                    "type": "textarea",
                    "input": true,
                    "autoExpand": false
                },
                {
                    "label": "Is er op deze datum iets speciaals georganiseerd?",
                    "optionsLabelPosition": "right",
                    "inline": false,
                    "tableView": false,
                    "values": [
                        {
                            "label": "ja",
                            "value": "ja",
                            "shortcut": ""
                        },
                        {
                            "label": "nee",
                            "value": "nee",
                            "shortcut": ""
                        }
                    ],
                    "validate": {
                        "required": true
                    },
                    "key": "isErOpDezeDatumIetsSpeciaalsGeorganiseerd",
                    "type": "radio",
                    "input": true
                },
                {
                    "label": "Wat is er georganiseerd?",
                    "tableView": true,
                    "validate": {
                        "required": true
                    },
                    "key": "watIsErGeorganiseerd",
                    "type": "textfield",
                    "input": true,
                    "prefill": {
                        "plugin": "",
                        "attribute": "",
                        "identifierRole": "main"
                    }
                },
                {
                    "label": "Opmerkingen",
                    "tableView": true,
                    "inputFormat": "plain",
                    "key": "opmerkingen",
                    "type": "textarea",
                    "input": true,
                    "autoExpand": false
                },
                {
                    "label": "Columns",
                    "columns": [
                        {
                            "components": [],
                            "width": 3,
                            "offset": 0,
                            "push": 0,
                            "pull": 0,
                            "size": "sm",
                            "currentWidth": 3
                        },
                        {
                            "components": [],
                            "size": "sm",
                            "width": 3,
                            "offset": 0,
                            "push": 0,
                            "pull": 0,
                            "currentWidth": 3
                        }
                    ],
                    "key": "columns4",
                    "type": "columns",
                    "input": false,
                    "tableView": false,
                    "hideOnChildrenHidden": false
                }
            ]
        }
    },
    {
        "url": "http://localhost/api/v2/form-definitions/c3ae13d2-1687-4e97-bb67-b36fbb667f54",
        "uuid": "c3ae13d2-1687-4e97-bb67-b36fbb667f54",
        "name": "Contactgegevens",
        "slug": "contactgegevens",
        "configuration": {
            "display": "form",
            "components": [
                {
                    "label": "Voornaam",
                    "applyMaskOn": "change",
                    "tableView": true,
                    "validate": {
                        "required": true,
                        "custom": "",
                        "customPrivate": false,
                        "strictDateValidation": false,
                        "multiple": false,
                        "unique": false,
                        "minLength": "",
                        "maxLength": "",
                        "pattern": ""
                    },
                    "key": "voornaam",
                    "type": "textfield",
                    "input": true,
                    "lang": "nl",
                    "id": "e3o57n",
                    "placeholder": "",
                    "prefix": "",
                    "customClass": "",
                    "suffix": "",
                    "multiple": false,
                    "defaultValue": null,
                    "protected": false,
                    "unique": false,
                    "persistent": true,
                    "hidden": false,
                    "clearOnHide": true,
                    "refreshOn": "",
                    "redrawOn": "",
                    "modalEdit": false,
                    "dataGridLabel": false,
                    "labelPosition": "top",
                    "description": "",
                    "errorLabel": "",
                    "tooltip": "",
                    "hideLabel": false,
                    "tabindex": "",
                    "disabled": false,
                    "autofocus": false,
                    "dbIndex": false,
                    "customDefaultValue": "",
                    "calculateValue": "",
                    "calculateServer": false,
                    "widget": {
                        "type": "input"
                    },
                    "attributes": {},
                    "validateOn": "change",
                    "overlay": {
                        "style": "",
                        "left": "",
                        "top": "",
                        "width": "",
                        "height": ""
                    },
                    "allowCalculateOverride": false,
                    "encrypted": false,
                    "showCharCount": false,
                    "showWordCount": false,
                    "properties": {},
                    "allowMultipleMasks": false,
                    "addons": [],
                    "mask": false,
                    "inputType": "text",
                    "inputFormat": "plain",
                    "inputMask": "",
                    "displayMask": "",
                    "spellcheck": true,
                    "truncateMultipleSpaces": false,
                    "prefill": {
                        "plugin": "",
                        "attribute": "",
                        "identifierRole": "main"
                    }
                },
                {
                    "label": "Achternaam",
                    "applyMaskOn": "change",
                    "tableView": true,
                    "validate": {
                        "required": true,
                        "custom": "",
                        "customPrivate": false,
                        "strictDateValidation": false,
                        "multiple": false,
                        "unique": false,
                        "minLength": "",
                        "maxLength": "",
                        "pattern": ""
                    },
                    "key": "achternaam1",
                    "type": "textfield",
                    "input": true,
                    "lang": "nl",
                    "id": "ebbo6q",
                    "placeholder": "",
                    "prefix": "",
                    "customClass": "",
                    "suffix": "",
                    "multiple": false,
                    "defaultValue": null,
                    "protected": false,
                    "unique": false,
                    "persistent": true,
                    "hidden": false,
                    "clearOnHide": true,
                    "refreshOn": "",
                    "redrawOn": "",
                    "modalEdit": false,
                    "dataGridLabel": false,
                    "labelPosition": "top",
                    "description": "",
                    "errorLabel": "",
                    "tooltip": "",
                    "hideLabel": false,
                    "tabindex": "",
                    "disabled": false,
                    "autofocus": false,
                    "dbIndex": false,
                    "customDefaultValue": "",
                    "calculateValue": "",
                    "calculateServer": false,
                    "widget": {
                        "type": "input"
                    },
                    "attributes": {},
                    "validateOn": "change",
                    "overlay": {
                        "style": "",
                        "left": "",
                        "top": "",
                        "width": "",
                        "height": ""
                    },
                    "allowCalculateOverride": false,
                    "encrypted": false,
                    "showCharCount": false,
                    "showWordCount": false,
                    "properties": {},
                    "allowMultipleMasks": false,
                    "addons": [],
                    "mask": false,
                    "inputType": "text",
                    "inputFormat": "plain",
                    "inputMask": "",
                    "displayMask": "",
                    "spellcheck": true,
                    "truncateMultipleSpaces": false,
                    "prefill": {
                        "plugin": "",
                        "attribute": "",
                        "identifierRole": "main"
                    }
                },
                {
                    "label": "Adres",
                    "disablestreetcity": false,
                    "validate": {
                        "required": true,
                        "custom": "",
                        "customPrivate": false,
                        "strictDateValidation": false,
                        "multiple": false,
                        "unique": false,
                        "minLength": "",
                        "maxLength": "",
                        "pattern": ""
                    },
                    "tableView": true,
                    "key": "adres",
                    "type": "adres",
                    "input": true,
                    "id": "e9aub3i",
                    "placeholder": "",
                    "prefix": "",
                    "customClass": "",
                    "suffix": "",
                    "multiple": false,
                    "defaultValue": null,
                    "protected": false,
                    "unique": false,
                    "persistent": true,
                    "hidden": false,
                    "clearOnHide": true,
                    "refreshOn": "",
                    "redrawOn": "",
                    "modalEdit": false,
                    "dataGridLabel": false,
                    "labelPosition": "top",
                    "description": "",
                    "errorLabel": "",
                    "tooltip": "",
                    "hideLabel": false,
                    "tabindex": "",
                    "disabled": false,
                    "autofocus": false,
                    "dbIndex": false,
                    "customDefaultValue": "",
                    "calculateValue": "",
                    "calculateServer": false,
                    "widget": {
                        "type": "input"
                    },
                    "attributes": {},
                    "validateOn": "change",
                    "overlay": {
                        "style": "",
                        "left": "",
                        "top": "",
                        "width": "",
                        "height": ""
                    },
                    "allowCalculateOverride": false,
                    "encrypted": false,
                    "showCharCount": false,
                    "showWordCount": false,
                    "properties": {},
                    "allowMultipleMasks": false,
                    "addons": [],
                    "mask": false,
                    "inputType": "text",
                    "inputFormat": "plain",
                    "inputMask": "",
                    "spellcheck": true,
                    "lang": "nl"
                },
                {
                    "label": "Hoe wilt u dat de gemeente contact met u opneemt over uw aanvraag als dat nodig is? ",
                    "optionsLabelPosition": "right",
                    "description": "Soms is de gemeente verplicht om via post contact met u op te nemen. Dan kan er geen rekening gehouden worden met hoe u het liefste contact wilt hebben.",
                    "inline": false,
                    "tableView": false,
                    "values": [
                        {
                            "label": "via e-mail",
                            "value": "viaEMail",
                            "shortcut": ""
                        },
                        {
                            "label": "via telefoon",
                            "value": "viaTelefoon",
                            "shortcut": ""
                        }
                    ],
                    "validate": {
                        "required": true,
                        "custom": "",
                        "customPrivate": false,
                        "strictDateValidation": false,
                        "multiple": false,
                        "unique": false,
                        "onlyAvailableItems": false
                    },
                    "key": "hoeWiltUDatDeGemeenteContactMetUOpneemtOverUwAanvraagAlsDatNodigIs",
                    "type": "radio",
                    "input": true,
                    "id": "ezkboz",
                    "placeholder": "",
                    "prefix": "",
                    "customClass": "",
                    "suffix": "",
                    "multiple": false,
                    "defaultValue": null,
                    "protected": false,
                    "unique": false,
                    "persistent": true,
                    "hidden": false,
                    "clearOnHide": true,
                    "refreshOn": "",
                    "redrawOn": "",
                    "modalEdit": false,
                    "dataGridLabel": false,
                    "labelPosition": "top",
                    "errorLabel": "",
                    "tooltip": "",
                    "hideLabel": false,
                    "tabindex": "",
                    "disabled": false,
                    "autofocus": false,
                    "dbIndex": false,
                    "customDefaultValue": "",
                    "calculateValue": "",
                    "calculateServer": false,
                    "widget": null,
                    "attributes": {},
                    "validateOn": "change",
                    "overlay": {
                        "style": "",
                        "left": "",
                        "top": "",
                        "width": "",
                        "height": ""
                    },
                    "allowCalculateOverride": false,
                    "encrypted": false,
                    "showCharCount": false,
                    "showWordCount": false,
                    "properties": {},
                    "allowMultipleMasks": false,
                    "addons": [],
                    "dataSrc": "values",
                    "authenticate": false,
                    "ignoreCache": false,
                    "template": "<span>{{ item.label }}</span>",
                    "inputType": "radio",
                    "data": {
                        "url": ""
                    },
                    "fieldSet": false
                },
                {
                    "id": "epzthjv",
                    "components": [
                        {
                            "label": "E-mailadres",
                            "autocomplete": "email",
                            "tableView": true,
                            "validateOn": "blur",
                            "validate": {
                                "required": true,
                                "custom": "",
                                "customPrivate": false,
                                "strictDateValidation": false,
                                "multiple": false,
                                "unique": false,
                                "minLength": "",
                                "maxLength": "",
                                "pattern": ""
                            },
                            "key": "eMailadres",
                            "type": "email",
                            "input": true,
                            "id": "etyq2jm",
                            "placeholder": "",
                            "prefix": "",
                            "customClass": "",
                            "suffix": "",
                            "multiple": false,
                            "defaultValue": null,
                            "protected": false,
                            "unique": false,
                            "persistent": true,
                            "hidden": false,
                            "clearOnHide": true,
                            "refreshOn": "",
                            "redrawOn": "",
                            "modalEdit": false,
                            "dataGridLabel": false,
                            "labelPosition": "top",
                            "description": "",
                            "errorLabel": "",
                            "tooltip": "",
                            "hideLabel": false,
                            "tabindex": "",
                            "disabled": false,
                            "autofocus": false,
                            "dbIndex": false,
                            "customDefaultValue": "",
                            "calculateValue": "",
                            "calculateServer": false,
                            "widget": {
                                "type": "input"
                            },
                            "attributes": {},
                            "conditional": {
                                "show": null,
                                "when": null,
                                "eq": ""
                            },
                            "overlay": {
                                "style": "",
                                "left": "",
                                "top": "",
                                "width": "",
                                "height": ""
                            },
                            "allowCalculateOverride": false,
                            "encrypted": false,
                            "showCharCount": false,
                            "showWordCount": false,
                            "properties": {},
                            "allowMultipleMasks": false,
                            "addons": [],
                            "mask": false,
                            "inputType": "email",
                            "inputFormat": "plain",
                            "inputMask": "",
                            "displayMask": "",
                            "spellcheck": true,
                            "truncateMultipleSpaces": false,
                            "lang": "nl",
                            "kickbox": {
                                "enabled": false
                            }
                        },
                        {
                            "label": "Telefoonnummer",
                            "autocomplete": "tel",
                            "tableView": true,
                            "key": "telefoonnummer",
                            "type": "textfield",
                            "input": true,
                            "id": "eki9jck",
                            "placeholder": "",
                            "prefix": "",
                            "customClass": "",
                            "suffix": "",
                            "multiple": false,
                            "defaultValue": null,
                            "protected": false,
                            "unique": false,
                            "persistent": true,
                            "hidden": false,
                            "clearOnHide": true,
                            "refreshOn": "",
                            "redrawOn": "",
                            "modalEdit": false,
                            "dataGridLabel": false,
                            "labelPosition": "top",
                            "description": "",
                            "errorLabel": "",
                            "tooltip": "",
                            "hideLabel": false,
                            "tabindex": "",
                            "disabled": false,
                            "autofocus": false,
                            "dbIndex": false,
                            "customDefaultValue": "",
                            "calculateValue": "",
                            "calculateServer": false,
                            "widget": {
                                "type": "input"
                            },
                            "attributes": {},
                            "validateOn": "change",
                            "validate": {
                                "required": false,
                                "custom": "",
                                "customPrivate": false,
                                "strictDateValidation": false,
                                "multiple": false,
                                "unique": false,
                                "minLength": "",
                                "maxLength": "",
                                "pattern": ""
                            },
                            "conditional": {
                                "show": null,
                                "when": null,
                                "eq": ""
                            },
                            "overlay": {
                                "style": "",
                                "left": "",
                                "top": "",
                                "width": "",
                                "height": ""
                            },
                            "allowCalculateOverride": false,
                            "encrypted": false,
                            "showCharCount": false,
                            "showWordCount": false,
                            "properties": {},
                            "allowMultipleMasks": false,
                            "addons": [],
                            "mask": false,
                            "inputType": "text",
                            "inputFormat": "plain",
                            "inputMask": "",
                            "displayMask": "",
                            "spellcheck": true,
                            "truncateMultipleSpaces": false,
                            "prefill": {
                                "plugin": "",
                                "attribute": "",
                                "identifierRole": "main"
                            }
                        },
                        {
                            "html": "<p>Als u ook uw telefoonnummer invult kunnen wij sneller met u contact opnemen als dit nodig is</p>",
                            "label": "Content",
                            "refreshOnChange": false,
                            "key": "content-1",
                            "type": "content",
                            "input": false,
                            "tableView": false,
                            "id": "elukl2r",
                            "placeholder": "",
                            "prefix": "",
                            "customClass": "",
                            "suffix": "",
                            "multiple": false,
                            "defaultValue": null,
                            "protected": false,
                            "unique": false,
                            "persistent": true,
                            "hidden": false,
                            "clearOnHide": true,
                            "refreshOn": "",
                            "redrawOn": "",
                            "modalEdit": false,
                            "dataGridLabel": false,
                            "labelPosition": "top",
                            "description": "",
                            "errorLabel": "",
                            "tooltip": "",
                            "hideLabel": false,
                            "tabindex": "",
                            "disabled": false,
                            "autofocus": false,
                            "dbIndex": false,
                            "customDefaultValue": "",
                            "calculateValue": "",
                            "calculateServer": false,
                            "widget": null,
                            "attributes": {},
                            "validateOn": "change",
                            "validate": {
                                "required": false,
                                "custom": "",
                                "customPrivate": false,
                                "strictDateValidation": false,
                                "multiple": false,
                                "unique": false
                            },
                            "conditional": {
                                "show": null,
                                "when": null,
                                "eq": ""
                            },
                            "overlay": {
                                "style": "",
                                "left": "",
                                "top": "",
                                "width": "",
                                "height": ""
                            },
                            "allowCalculateOverride": false,
                            "encrypted": false,
                            "showCharCount": false,
                            "showWordCount": false,
                            "properties": {},
                            "allowMultipleMasks": false,
                            "addons": []
                        }
                    ],
                    "key": "fieldSet-1",
                    "type": "fieldset",
                    "label": "Field Set",
                    "tree": false,
                    "input": false,
                    "hidden": false,
                    "legend": "",
                    "prefix": "",
                    "suffix": "",
                    "unique": false,
                    "widget": null,
                    "dbIndex": false,
                    "overlay": {
                        "top": "",
                        "left": "",
                        "style": "",
                        "width": "",
                        "height": ""
                    },
                    "tooltip": "",
                    "disabled": false,
                    "multiple": false,
                    "redrawOn": "",
                    "tabindex": "",
                    "validate": {
                        "custom": "",
                        "unique": false,
                        "multiple": false,
                        "required": false,
                        "customPrivate": false,
                        "strictDateValidation": false
                    },
                    "autofocus": false,
                    "encrypted": false,
                    "hideLabel": false,
                    "modalEdit": false,
                    "protected": false,
                    "refreshOn": "",
                    "tableView": false,
                    "attributes": {},
                    "errorLabel": "",
                    "hideHeader": false,
                    "persistent": false,
                    "properties": {},
                    "validateOn": "change",
                    "clearOnHide": true,
                    "customClass": "",
                    "description": "",
                    "placeholder": "",
                    "defaultValue": null,
                    "dataGridLabel": false,
                    "labelPosition": "top",
                    "showCharCount": false,
                    "showWordCount": false,
                    "calculateValue": "",
                    "calculateServer": false,
                    "allowMultipleMasks": false,
                    "customDefaultValue": "",
                    "allowCalculateOverride": false
                },
                {
                    "id": "ereha8a",
                    "components": [
                        {
                            "label": "Telefoonnummer",
                            "autocomplete": "tel",
                            "tableView": true,
                            "validate": {
                                "required": true,
                                "custom": "",
                                "customPrivate": false,
                                "strictDateValidation": false,
                                "multiple": false,
                                "unique": false,
                                "minLength": "",
                                "maxLength": "",
                                "pattern": ""
                            },
                            "key": "telefoonnummer1",
                            "type": "textfield",
                            "input": true,
                            "id": "ex8hjow",
                            "placeholder": "",
                            "prefix": "",
                            "customClass": "",
                            "suffix": "",
                            "multiple": false,
                            "defaultValue": null,
                            "protected": false,
                            "unique": false,
                            "persistent": true,
                            "hidden": false,
                            "clearOnHide": true,
                            "refreshOn": "",
                            "redrawOn": "",
                            "modalEdit": false,
                            "dataGridLabel": false,
                            "labelPosition": "top",
                            "description": "",
                            "errorLabel": "",
                            "tooltip": "",
                            "hideLabel": false,
                            "tabindex": "",
                            "disabled": false,
                            "autofocus": false,
                            "dbIndex": false,
                            "customDefaultValue": "",
                            "calculateValue": "",
                            "calculateServer": false,
                            "widget": {
                                "type": "input"
                            },
                            "attributes": {},
                            "validateOn": "change",
                            "conditional": {
                                "show": null,
                                "when": null,
                                "eq": ""
                            },
                            "overlay": {
                                "style": "",
                                "left": "",
                                "top": "",
                                "width": "",
                                "height": ""
                            },
                            "allowCalculateOverride": false,
                            "encrypted": false,
                            "showCharCount": false,
                            "showWordCount": false,
                            "properties": {},
                            "allowMultipleMasks": false,
                            "addons": [],
                            "mask": false,
                            "inputType": "text",
                            "inputFormat": "plain",
                            "inputMask": "",
                            "displayMask": "",
                            "spellcheck": true,
                            "truncateMultipleSpaces": false,
                            "prefill": {
                                "plugin": "",
                                "attribute": "",
                                "identifierRole": "main"
                            }
                        },
                        {
                            "label": "E-mailadres",
                            "autocomplete": "email",
                            "tableView": true,
                            "validateOn": "blur",
                            "key": "eMailadres1",
                            "type": "email",
                            "input": true,
                            "id": "ednjehb",
                            "placeholder": "",
                            "prefix": "",
                            "customClass": "",
                            "suffix": "",
                            "multiple": false,
                            "defaultValue": null,
                            "protected": false,
                            "unique": false,
                            "persistent": true,
                            "hidden": false,
                            "clearOnHide": true,
                            "refreshOn": "",
                            "redrawOn": "",
                            "modalEdit": false,
                            "dataGridLabel": false,
                            "labelPosition": "top",
                            "description": "",
                            "errorLabel": "",
                            "tooltip": "",
                            "hideLabel": false,
                            "tabindex": "",
                            "disabled": false,
                            "autofocus": false,
                            "dbIndex": false,
                            "customDefaultValue": "",
                            "calculateValue": "",
                            "calculateServer": false,
                            "widget": {
                                "type": "input"
                            },
                            "attributes": {},
                            "validate": {
                                "required": false,
                                "custom": "",
                                "customPrivate": false,
                                "strictDateValidation": false,
                                "multiple": false,
                                "unique": false,
                                "minLength": "",
                                "maxLength": "",
                                "pattern": ""
                            },
                            "conditional": {
                                "show": null,
                                "when": null,
                                "eq": ""
                            },
                            "overlay": {
                                "style": "",
                                "left": "",
                                "top": "",
                                "width": "",
                                "height": ""
                            },
                            "allowCalculateOverride": false,
                            "encrypted": false,
                            "showCharCount": false,
                            "showWordCount": false,
                            "properties": {},
                            "allowMultipleMasks": false,
                            "addons": [],
                            "mask": false,
                            "inputType": "email",
                            "inputFormat": "plain",
                            "inputMask": "",
                            "displayMask": "",
                            "spellcheck": true,
                            "truncateMultipleSpaces": false,
                            "lang": "nl",
                            "kickbox": {
                                "enabled": false
                            }
                        },
                        {
                            "html": "<ul><li>Als wij u niet kunnen bereiken via de telefoon dan sturen wij u een brief of een e-mail</li><li>Als u een bericht wilt ontvangen via e-mail dat uw aanvraag goed bij ons is aangekomen, vul dan uw e-mailadres in</li></ul>",
                            "label": "Content",
                            "refreshOnChange": false,
                            "key": "content",
                            "type": "content",
                            "input": false,
                            "tableView": false,
                            "id": "e7ahnm68",
                            "placeholder": "",
                            "prefix": "",
                            "customClass": "",
                            "suffix": "",
                            "multiple": false,
                            "defaultValue": null,
                            "protected": false,
                            "unique": false,
                            "persistent": true,
                            "hidden": false,
                            "clearOnHide": true,
                            "refreshOn": "",
                            "redrawOn": "",
                            "modalEdit": false,
                            "dataGridLabel": false,
                            "labelPosition": "top",
                            "description": "",
                            "errorLabel": "",
                            "tooltip": "",
                            "hideLabel": false,
                            "tabindex": "",
                            "disabled": false,
                            "autofocus": false,
                            "dbIndex": false,
                            "customDefaultValue": "",
                            "calculateValue": "",
                            "calculateServer": false,
                            "widget": null,
                            "attributes": {},
                            "validateOn": "change",
                            "validate": {
                                "required": false,
                                "custom": "",
                                "customPrivate": false,
                                "strictDateValidation": false,
                                "multiple": false,
                                "unique": false
                            },
                            "conditional": {
                                "show": null,
                                "when": null,
                                "eq": ""
                            },
                            "overlay": {
                                "style": "",
                                "left": "",
                                "top": "",
                                "width": "",
                                "height": ""
                            },
                            "allowCalculateOverride": false,
                            "encrypted": false,
                            "showCharCount": false,
                            "showWordCount": false,
                            "properties": {},
                            "allowMultipleMasks": false,
                            "addons": []
                        }
                    ],
                    "key": "fieldSet",
                    "type": "fieldset",
                    "label": "Field Set",
                    "tree": false,
                    "input": false,
                    "hidden": false,
                    "legend": "",
                    "prefix": "",
                    "suffix": "",
                    "unique": false,
                    "widget": null,
                    "dbIndex": false,
                    "overlay": {
                        "top": "",
                        "left": "",
                        "style": "",
                        "width": "",
                        "height": ""
                    },
                    "tooltip": "",
                    "disabled": false,
                    "multiple": false,
                    "redrawOn": "",
                    "tabindex": "",
                    "validate": {
                        "custom": "",
                        "unique": false,
                        "multiple": false,
                        "required": false,
                        "customPrivate": false,
                        "strictDateValidation": false
                    },
                    "autofocus": false,
                    "encrypted": false,
                    "hideLabel": false,
                    "modalEdit": false,
                    "protected": false,
                    "refreshOn": "",
                    "tableView": false,
                    "attributes": {},
                    "errorLabel": "",
                    "hideHeader": false,
                    "persistent": false,
                    "properties": {},
                    "validateOn": "change",
                    "clearOnHide": true,
                    "customClass": "",
                    "description": "",
                    "placeholder": "",
                    "defaultValue": null,
                    "dataGridLabel": false,
                    "labelPosition": "top",
                    "showCharCount": false,
                    "showWordCount": false,
                    "calculateValue": "",
                    "calculateServer": false,
                    "allowMultipleMasks": false,
                    "customDefaultValue": "",
                    "allowCalculateOverride": false
                },
                {
                    "label": "Columns",
                    "columns": [
                        {
                            "components": [],
                            "width": 3,
                            "offset": 0,
                            "push": 0,
                            "pull": 0,
                            "size": "sm",
                            "currentWidth": 3
                        },
                        {
                            "components": [],
                            "size": "sm",
                            "width": 3,
                            "offset": 0,
                            "push": 0,
                            "pull": 0,
                            "currentWidth": 3
                        }
                    ],
                    "key": "columns7",
                    "type": "columns",
                    "input": false,
                    "tableView": false,
                    "hideOnChildrenHidden": false,
                    "id": "e79emqf",
                    "placeholder": "",
                    "prefix": "",
                    "customClass": "",
                    "suffix": "",
                    "multiple": false,
                    "defaultValue": null,
                    "protected": false,
                    "unique": false,
                    "persistent": false,
                    "hidden": false,
                    "clearOnHide": false,
                    "refreshOn": "",
                    "redrawOn": "",
                    "modalEdit": false,
                    "dataGridLabel": false,
                    "labelPosition": "top",
                    "description": "",
                    "errorLabel": "",
                    "tooltip": "",
                    "hideLabel": false,
                    "tabindex": "",
                    "disabled": false,
                    "autofocus": false,
                    "dbIndex": false,
                    "customDefaultValue": "",
                    "calculateValue": "",
                    "calculateServer": false,
                    "widget": null,
                    "attributes": {},
                    "validateOn": "change",
                    "validate": {
                        "required": false,
                        "custom": "",
                        "customPrivate": false,
                        "strictDateValidation": false,
                        "multiple": false,
                        "unique": false
                    },
                    "overlay": {
                        "style": "",
                        "left": "",
                        "top": "",
                        "width": "",
                        "height": ""
                    },
                    "allowCalculateOverride": false,
                    "encrypted": false,
                    "showCharCount": false,
                    "showWordCount": false,
                    "properties": {},
                    "allowMultipleMasks": false,
                    "addons": [],
                    "tree": false,
                    "lazyLoad": false,
                    "autoAdjust": false
                }
            ]
        }
    },
    {
        "url": "http://localhost/api/v2/form-definitions/ce67d2fd-47d0-4573-b8b3-c9fbbc8f96a9",
        "uuid": "ce67d2fd-47d0-4573-b8b3-c9fbbc8f96a9",
        "name": "Bijlage(n)",
        "slug": "bijlagen",
        "configuration": {
            "display": "form",
            "components": [
                {
                    "label": "Toevoegen",
                    "description": "Toegestaan zijn .jpg, .png, .jpeg of .pdf documenten die niet groter zijn dan 20MB.",
                    "tableView": false,
                    "storage": "url",
                    "webcam": false,
                    "fileTypes": [
                        {
                            "label": "",
                            "value": ""
                        }
                    ],
                    "filePattern": ".jpg,.png,.jpeg,.pdf",
                    "fileMinSize": "1KB",
                    "fileMaxSize": "20MB",
                    "multiple": true,
                    "validate": {
                        "required": true,
                        "customMessage": "U moet minimaal 1 bijlage toevoegen."
                    },
                    "errorLabel": "U moet minimaal 1 bijlage toevoegen.",
                    "key": "toevoegen",
                    "type": "file",
                    "url": "/cloud/s3",
                    "input": true
                },
                {
                    "html": "<p>Ik heb deze bijlage(n) toegevoegd:</p>",
                    "label": "Content",
                    "refreshOnChange": false,
                    "key": "content1",
                    "type": "content",
                    "input": false,
                    "tableView": false
                },
                {
                    "label": "Ondertekende brief ondersteuner 1",
                    "tableView": false,
                    "validate": {
                        "required": true
                    },
                    "key": "ondertekendeBriefOndersteuner1",
                    "type": "checkbox",
                    "input": true,
                    "defaultValue": false
                },
                {
                    "label": "Ondertekende brief ondersteuner 2",
                    "tableView": false,
                    "defaultValue": false,
                    "validate": {
                        "required": true
                    },
                    "key": "ondertekendeBriefOndersteuner2",
                    "type": "checkbox",
                    "input": true
                },
                {
                    "label": "Ondertekende brieven van nog meer ondersteuners",
                    "tableView": false,
                    "key": "ondertekendeBrievenVanNogMeerOndersteuners",
                    "type": "checkbox",
                    "input": true,
                    "defaultValue": false
                },
                {
                    "label": "Documenten die mijn aanvraag nog duidelijker maken",
                    "tableView": false,
                    "key": "documentenDieMijnAanvraagNogDuidelijkerMaken",
                    "type": "checkbox",
                    "input": true,
                    "defaultValue": false
                },
                {
                    "label": "Columns",
                    "columns": [
                        {
                            "components": [],
                            "width": 3,
                            "offset": 0,
                            "push": 0,
                            "pull": 0,
                            "size": "sm",
                            "currentWidth": 3
                        },
                        {
                            "components": [],
                            "size": "sm",
                            "width": 3,
                            "offset": 0,
                            "push": 0,
                            "pull": 0,
                            "currentWidth": 3
                        }
                    ],
                    "key": "columns6",
                    "type": "columns",
                    "input": false,
                    "tableView": false,
                    "hideOnChildrenHidden": false
                }
            ]
        }
    }
]