[
    {
        "uuid": "1ae0c89a-85f9-4a21-9852-eecc19515f16",
        "name": "Zilveren Waalbrugspeld aanvragen",
        "internal_name": "",
        "login_required": false,
        "authentication_backends": [],
        "slug": "zilverenwaalbrugspeldaanvragen",
        "url": "http://localhost/api/v2/forms/1ae0c89a-85f9-4a21-9852-eecc19515f16",
        "show_progress_indicator": true,
        "maintenance_mode": false,
        "active": true,
        "is_deleted": false,
        "suspension_allowed": true,
        "send_confirmation_email": true,
        "display_main_website_link": true,
        "required_fields_with_asterisk": true,
        "resume_link_lifetime": 7,
        "hide_non_applicable_steps": true
    }
]