[
    {
        "uuid": "32e1dd68-f7fd-4cd2-8fdd-3453d3cdf53b",
        "name": "SJABLOON Burgerinitiatief ondersteunen",
        "internal_name": "",
        "login_required": false,
        "authentication_backends": [],
        "slug": "sjabloonburgerinitiatiefondersteunen",
        "url": "http://localhost/api/v2/forms/32e1dd68-f7fd-4cd2-8fdd-3453d3cdf53b",
        "show_progress_indicator": true,
        "maintenance_mode": false,
        "active": true,
        "is_deleted": false,
        "suspension_allowed": true,
        "send_confirmation_email": true,
        "display_main_website_link": true,
        "required_fields_with_asterisk": true,
        "resume_link_lifetime": 7,
        "hide_non_applicable_steps": true
    }
]