[
    {
        "uuid": "64218efd-e7a2-4dd4-aa47-11bca7f2340a",
        "name": "Camerabeelden Nederlands kenteken opvragen",
        "internal_name": "",
        "login_required": false,
        "authentication_backends": [],
        "slug": "camerabeeldennederlandskentekenopvragen",
        "url": "http://localhost/api/v2/forms/64218efd-e7a2-4dd4-aa47-11bca7f2340a",
        "show_progress_indicator": true,
        "maintenance_mode": false,
        "active": true,
        "is_deleted": false,
        "suspension_allowed": true,
        "send_confirmation_email": true,
        "display_main_website_link": true,
        "required_fields_with_asterisk": true,
        "resume_link_lifetime": 7,
        "hide_non_applicable_steps": true
    }
]