[
    {
        "uuid": "cce12ac8-746f-4b2f-87f2-7e35ed7dbf2c",
        "name": "Marktplaatsvergunning aanvragen of aanpassen",
        "internal_name": "",
        "login_required": false,
        "authentication_backends": [],
        "slug": "marktplaatsvergunningaanvragenofaanpassen",
        "url": "http://localhost/api/v2/forms/cce12ac8-746f-4b2f-87f2-7e35ed7dbf2c",
        "show_progress_indicator": true,
        "maintenance_mode": false,
        "active": true,
        "is_deleted": false,
        "suspension_allowed": true,
        "send_confirmation_email": true,
        "display_main_website_link": true,
        "required_fields_with_asterisk": true,
        "resume_link_lifetime": 7,
        "hide_non_applicable_steps": true
    }
]