[
    {
        "url": "http://localhost/api/v2/form-definitions/76f98dfe-5b12-4b9d-8c1b-26b27b1c307a",
        "uuid": "76f98dfe-5b12-4b9d-8c1b-26b27b1c307a",
        "name": "Algemeen",
        "slug": "algemeen",
        "configuration": {
            "display": "form",
            "components": [
                {
                    "html": "<h2>Marktplaatsvergunning aanvragen of aanpassen</h2>",
                    "label": "Content",
                    "refreshOnChange": false,
                    "key": "content3",
                    "type": "content",
                    "input": false,
                    "tableView": false
                },
                {
                    "components": [
                        {
                            "collapsible": false,
                            "key": "page1",
                            "type": "panel",
                            "label": "Panel",
                            "components": [
                                {
                                    "html": "<p>TEST: digid &amp; Yivi bsn</p>",
                                    "label": "Content",
                                    "refreshOnChange": false,
                                    "key": "content-1",
                                    "customConditional": "show = (data.bsn && data.bsn.length > 0) || (data.inlogmiddel == 'digid'); ",
                                    "type": "content",
                                    "input": false,
                                    "tableView": false
                                },
                                {
                                    "html": "<p>TEST: eherkenning</p>",
                                    "label": "Content",
                                    "refreshOnChange": false,
                                    "key": "content1-1",
                                    "conditional": {
                                        "show": true,
                                        "conjunction": "all",
                                        "conditions": [
                                            {
                                                "component": "inlogmiddel",
                                                "operator": "isEqual",
                                                "value": "eherkenning"
                                            }
                                        ]
                                    },
                                    "type": "content",
                                    "input": false,
                                    "tableView": false
                                },
                                {
                                    "label": "Naam organisatie of bedrijf",
                                    "tableView": true,
                                    "validate": {
                                        "required": true,
                                        "custom": "show = false;\nif (data.inlogmiddel == 'digid') {\n  show = true;\n}"
                                    },
                                    "key": "naamOrganisatieOfBedrijf",
                                    "properties": {
                                        "dms_key": "initiator.niet_natuurlijk_persoon.statutaireNaam"
                                    },
                                    "conditional": {
                                        "show": true,
                                        "conjunction": "all",
                                        "conditions": [
                                            {
                                                "component": "inlogmiddel",
                                                "operator": "isEqual",
                                                "value": "digid"
                                            }
                                        ]
                                    },
                                    "customConditional": "show = data.bsn && data.bsn.length > 0;",
                                    "type": "textfield",
                                    "input": true,
                                    "prefill": {
                                        "plugin": "",
                                        "attribute": "",
                                        "identifierRole": "main"
                                    }
                                },
                                {
                                    "label": "Inschrijfnummer Kamer van Koophandel",
                                    "tableView": true,
                                    "validateOn": "blur",
                                    "validate": {
                                        "required": true,
                                        "minLength": 8,
                                        "maxLength": 8,
                                        "pattern": "^[0-9]*$",
                                        "customMessage": "Het inschrijfnummer Kamer van Koophandel heeft 8 cijfers",
                                        "custom": "show = false;\nif (data.inlogmiddel == 'digid') {\n  show = true;\n}"
                                    },
                                    "key": "inschrijfnummerKamerVanKoophandel",
                                    "properties": {
                                        "vip_key": "kvk"
                                    },
                                    "conditional": {
                                        "show": true,
                                        "conjunction": "all",
                                        "conditions": [
                                            {
                                                "component": "inlogmiddel",
                                                "operator": "isEqual",
                                                "value": "digid"
                                            }
                                        ]
                                    },
                                    "customConditional": "show = data.bsn && data.bsn.length > 0;",
                                    "type": "textfield",
                                    "input": true,
                                    "prefill": {
                                        "plugin": "",
                                        "attribute": "",
                                        "identifierRole": "main"
                                    }
                                },
                                {
                                    "label": "Adres bedrijf",
                                    "disablestreetcity": false,
                                    "tableView": true,
                                    "key": "adresBedrijf",
                                    "type": "adres",
                                    "input": true
                                },
                                {
                                    "label": "Bent u zelf de contactpersoon voor deze aanvraag?",
                                    "optionsLabelPosition": "right",
                                    "inline": false,
                                    "tableView": false,
                                    "values": [
                                        {
                                            "label": "ja",
                                            "value": "ja",
                                            "shortcut": ""
                                        },
                                        {
                                            "label": "nee",
                                            "value": "nee",
                                            "shortcut": ""
                                        }
                                    ],
                                    "validate": {
                                        "required": true,
                                        "custom": "show = false;\nif (data.inlogmiddel == 'digid') {\n  show = true;\n}"
                                    },
                                    "key": "contactpersoon",
                                    "properties": {
                                        "vip_key": "initiator_is_contact"
                                    },
                                    "conditional": {
                                        "show": true,
                                        "conjunction": "all",
                                        "conditions": [
                                            {
                                                "component": "inlogmiddel",
                                                "operator": "isEqual",
                                                "value": "digid"
                                            }
                                        ]
                                    },
                                    "customConditional": "show = data.bsn && data.bsn.length > 0;",
                                    "type": "radio",
                                    "input": true
                                },
                                {
                                    "label": "Naam contactpersoon",
                                    "tableView": true,
                                    "validate": {
                                        "required": true
                                    },
                                    "key": "naamContactpersoon",
                                    "properties": {
                                        "vip_key": "name"
                                    },
                                    "customConditional": "show = false;\n\nif(data.inlogmiddel && data.inlogmiddel == 'eherkenning') {\n  show = true;\n}else if(data.contactpersoon && data.contactpersoon == 'nee') {\n  show = true;\n}",
                                    "type": "textfield",
                                    "input": true,
                                    "prefill": {
                                        "plugin": "",
                                        "attribute": "",
                                        "identifierRole": "main"
                                    }
                                },
                                {
                                    "label": "E-mailadres",
                                    "tableView": true,
                                    "validateOn": "blur",
                                    "validate": {
                                        "required": true,
                                        "customMessage": "Vul een geldig e-mailadres in."
                                    },
                                    "key": "eMailadres-1",
                                    "properties": {
                                        "vip_key": "email",
                                        "oz_api": "zaakeigenschappen",
                                        "oz_name": "email_adres"
                                    },
                                    "type": "email",
                                    "input": true
                                },
                                {
                                    "label": "De gemeente mag dit e-mailadres gebruiken om te reageren op mijn aanvraag.",
                                    "optionsLabelPosition": "right",
                                    "inline": false,
                                    "tableView": false,
                                    "values": [
                                        {
                                            "label": "ja",
                                            "value": "ja",
                                            "shortcut": ""
                                        },
                                        {
                                            "label": "nee",
                                            "value": "nee",
                                            "shortcut": ""
                                        }
                                    ],
                                    "key": "deGemeenteMagDitEMailadresGebruikenOmTeReagerenOpMijnAanvraag",
                                    "customConditional": "show = false;\nif(data.eMailadres.length) {\n  var re = /^(([^<>()[\\]\\\\.,;:\\s@\"]+(\\.[^<>()[\\]\\\\.,;:\\s@\"]+)*)|(\".+\"))@((\\[[0-9]{1,3}\\.[0-9]{1,3}\\.[0-9]{1,3}\\.[0-9]{1,3}\\])|(([a-zA-Z\\-0-9]+\\.)+[a-zA-Z]{2,}))$/;\n  show = re.test(data.eMailadres);\n}",
                                    "type": "radio",
                                    "input": true
                                },
                                {
                                    "label": "Telefoonnummer",
                                    "tableView": true,
                                    "validate": {
                                        "required": true
                                    },
                                    "key": "telefoonnummer-1",
                                    "properties": {
                                        "vip_key": "phone",
                                        "oz_api": "zaakeigenschappen",
                                        "oz_name": "telefoonnummer"
                                    },
                                    "type": "textfield",
                                    "input": true,
                                    "prefill": {
                                        "plugin": "",
                                        "attribute": "",
                                        "identifierRole": "main"
                                    }
                                }
                            ],
                            "input": false,
                            "tableView": false
                        }
                    ],
                    "key": "fieldSet-1-2",
                    "type": "fieldset",
                    "label": "Field Set",
                    "tree": false,
                    "input": false,
                    "hidden": false,
                    "legend": "",
                    "prefix": "",
                    "suffix": "",
                    "unique": false,
                    "widget": null,
                    "dbIndex": false,
                    "overlay": {
                        "top": "",
                        "left": "",
                        "style": "",
                        "width": "",
                        "height": ""
                    },
                    "tooltip": "",
                    "disabled": false,
                    "multiple": false,
                    "redrawOn": "",
                    "tabindex": "",
                    "validate": {
                        "custom": "",
                        "unique": false,
                        "multiple": false,
                        "required": false,
                        "customPrivate": false,
                        "strictDateValidation": false
                    },
                    "autofocus": false,
                    "encrypted": false,
                    "hideLabel": false,
                    "modalEdit": false,
                    "protected": false,
                    "refreshOn": "",
                    "tableView": false,
                    "attributes": {},
                    "errorLabel": "",
                    "hideHeader": false,
                    "persistent": false,
                    "properties": {},
                    "validateOn": "change",
                    "clearOnHide": true,
                    "customClass": "",
                    "description": "",
                    "placeholder": "",
                    "defaultValue": null,
                    "dataGridLabel": false,
                    "labelPosition": "top",
                    "showCharCount": false,
                    "showWordCount": false,
                    "calculateValue": "",
                    "calculateServer": false,
                    "allowMultipleMasks": false,
                    "customDefaultValue": "",
                    "allowCalculateOverride": false,
                    "originalFormName": "apvBlok1A"
                },
                {
                    "label": "Wat wilt u doen? ",
                    "optionsLabelPosition": "right",
                    "inline": false,
                    "tableView": false,
                    "values": [
                        {
                            "label": "marktplaatsvergunning aanvragen",
                            "value": "aanvragen",
                            "shortcut": ""
                        },
                        {
                            "label": "marktplaatsvergunning aanpassen of stopzetten",
                            "value": "aanpassen",
                            "shortcut": ""
                        },
                        {
                            "label": "vervanger marktplaatsvergunning doorgeven",
                            "value": "vervanger",
                            "shortcut": ""
                        }
                    ],
                    "clearOnHide": false,
                    "validate": {
                        "required": true
                    },
                    "key": "wat",
                    "customConditional": "show = true;\n\nvar vandaag = new Date();\nvar offlineDatum = new Date (2023, 11, 5);\n\nif (vandaag >= offlineDatum){\n  show = false;\n} else {\n  show = true;\n}",
                    "type": "radio",
                    "input": true
                },
                {
                    "label": "Wat wilt u doen? ",
                    "optionsLabelPosition": "right",
                    "inline": false,
                    "tableView": false,
                    "values": [
                        {
                            "label": "marktplaatsvergunning aanpassen of stopzetten",
                            "value": "aanpassen",
                            "shortcut": ""
                        },
                        {
                            "label": "vervanger marktplaatsvergunning doorgeven",
                            "value": "vervanger",
                            "shortcut": ""
                        }
                    ],
                    "redrawOn": "data",
                    "validate": {
                        "required": true
                    },
                    "key": "watAanvragenOffline",
                    "customConditional": "show = true;\n\nvar vandaag = new Date();\nvar offlineDatum = new Date(2023, 11, 5);\n\nif (vandaag >= offlineDatum){\n  show = true;\n} else {\n  show = false;\n}",
                    "type": "radio",
                    "input": true
                },
                {
                    "label": "Bij welke marktplaats wilt u een vergunning aanvragen?",
                    "optionsLabelPosition": "right",
                    "tableView": false,
                    "values": [
                        {
                            "label": "Maandagmarkt Centrum",
                            "value": "maandagCentrum",
                            "shortcut": ""
                        },
                        {
                            "label": "Zaterdagmarkt Centrum",
                            "value": "zaterdagCentrum",
                            "shortcut": ""
                        },
                        {
                            "label": "Zaterdagmarkt Kelfkensbos",
                            "value": "zaterdagKelfkensbos",
                            "shortcut": ""
                        },
                        {
                            "label": "Woensdag Hatert",
                            "value": "woensdagHatert",
                            "shortcut": ""
                        }
                    ],
                    "validate": {
                        "required": true,
                        "onlyAvailableItems": false
                    },
                    "key": "welkeMarktplaatsAanvragen",
                    "type": "selectboxes",
                    "input": true,
                    "inputType": "checkbox"
                },
                {
                    "html": "<p>Zaterdagmarkt Centrum en Zaterdagmarkt Kelfkensbos kunnen niet samen aangevraagd worden.</p>",
                    "label": "Content",
                    "refreshOnChange": false,
                    "key": "content10",
                    "customConditional": "show = (data.welkeMarktplaatsAanvragen && data.welkeMarktplaatsAanvragen.zaterdagCentrum) && (data.welkeMarktplaatsAanvragen && data.welkeMarktplaatsAanvragen.zaterdagKelfkensbos);",
                    "type": "content",
                    "input": false,
                    "tableView": false
                },
                {
                    "html": "<p><span style=\"background-color:rgb(255,255,255);color:rgb(0,0,0);\">Aan het einde van dit formulier moet u een Verklaring Omtrent Gedrag (VOG) uploaden van de persoon voor wie u de vergunning aanvraagt. De verklaring is niet ouder dan 3 maanden.</span></p>",
                    "label": "Content",
                    "refreshOnChange": false,
                    "key": "content4",
                    "type": "content",
                    "input": false,
                    "tableView": false
                },
                {
                    "label": "Columns",
                    "columns": [
                        {
                            "components": [],
                            "width": 3,
                            "offset": 0,
                            "push": 0,
                            "pull": 0,
                            "size": "sm",
                            "currentWidth": 3
                        },
                        {
                            "components": [],
                            "width": 6,
                            "offset": 0,
                            "push": 0,
                            "pull": 0,
                            "size": "md",
                            "currentWidth": 6
                        }
                    ],
                    "key": "columns",
                    "type": "columns",
                    "input": false,
                    "tableView": false,
                    "hideOnChildrenHidden": false
                }
            ]
        }
    },
    {
        "url": "http://localhost/api/v2/form-definitions/a257c538-5cf6-4ddd-a8a1-e9b855ec76f5",
        "uuid": "a257c538-5cf6-4ddd-a8a1-e9b855ec76f5",
        "name": "Kraam of verkoopwagen",
        "slug": "kraam-of-verkoopwagen",
        "configuration": {
            "display": "form",
            "components": [
                {
                    "html": "<h2>Marktplaatsvergunning aanvragen</h2>",
                    "label": "Content",
                    "refreshOnChange": false,
                    "key": "content5",
                    "type": "content",
                    "input": false,
                    "tableView": false
                },
                {
                    "label": "Waarmee staat u op de markt?",
                    "optionsLabelPosition": "right",
                    "inline": false,
                    "tableView": false,
                    "values": [
                        {
                            "label": "eigen kraam",
                            "value": "eigen",
                            "shortcut": ""
                        },
                        {
                            "label": "kraam van de gemeente",
                            "value": "gemeente",
                            "shortcut": ""
                        },
                        {
                            "label": "verkoopwagen",
                            "value": "verkoop",
                            "shortcut": ""
                        }
                    ],
                    "validate": {
                        "required": true
                    },
                    "key": "waarmeeStaatUOpDeMarkt",
                    "type": "radio",
                    "input": true
                },
                {
                    "label": "Wat zijn de afmetingen van de verkoopwagen / kraam?",
                    "description": "Vul de lengte x breedte x hoogte in meters in.",
                    "tableView": true,
                    "validate": {
                        "required": true
                    },
                    "key": "watZijnDeAfmetingenVanDeVerkoopwagenKraam",
                    "type": "textfield",
                    "input": true,
                    "prefill": {
                        "plugin": "",
                        "attribute": "",
                        "identifierRole": "main"
                    }
                },
                {
                    "label": "Beschrijf de verkoopwagen",
                    "tableView": true,
                    "validate": {
                        "required": true
                    },
                    "key": "beschrijfDeVerkoopwagen",
                    "type": "textarea",
                    "input": true,
                    "autoExpand": false
                },
                {
                    "html": "<p>Aan het einde van dit formulier moet u een kleurenfoto van de verkoopwagen of kraam uploaden.</p>",
                    "label": "Content",
                    "refreshOnChange": false,
                    "key": "content",
                    "type": "content",
                    "input": false,
                    "tableView": false
                },
                {
                    "label": "Columns",
                    "columns": [
                        {
                            "components": [],
                            "width": 3,
                            "offset": 0,
                            "push": 0,
                            "pull": 0,
                            "size": "sm",
                            "currentWidth": 3
                        },
                        {
                            "components": [],
                            "size": "sm",
                            "width": 3,
                            "offset": 0,
                            "push": 0,
                            "pull": 0,
                            "currentWidth": 3
                        }
                    ],
                    "key": "columns1",
                    "type": "columns",
                    "input": false,
                    "tableView": false,
                    "hideOnChildrenHidden": false
                }
            ]
        }
    },
    {
        "url": "http://localhost/api/v2/form-definitions/c11919a8-6477-404d-aab7-789dc8f569d9",
        "uuid": "c11919a8-6477-404d-aab7-789dc8f569d9",
        "name": "Inrichting",
        "slug": "inrichting",
        "configuration": {
            "display": "form",
            "components": [
                {
                    "html": "<h2>Marktplaatsvergunning aanvragen</h2>",
                    "label": "Content",
                    "refreshOnChange": false,
                    "key": "content6",
                    "type": "content",
                    "input": false,
                    "tableView": false
                },
                {
                    "label": "Wat verkoopt u?",
                    "tableView": true,
                    "validate": {
                        "required": true
                    },
                    "key": "watVerkooptU",
                    "type": "textarea",
                    "input": true,
                    "autoExpand": false
                },
                {
                    "label": "Wilt u gebruik maken van de stroomkast van de gemeente?",
                    "optionsLabelPosition": "right",
                    "inline": false,
                    "tableView": false,
                    "values": [
                        {
                            "label": "ja, 230V gewone stekker",
                            "value": "ja230VGewoneStekker",
                            "shortcut": ""
                        },
                        {
                            "label": "ja, 230V blauwe stekker (16 Amp)",
                            "value": "ja230VBlauweStekker16Amp",
                            "shortcut": ""
                        },
                        {
                            "label": "ja, krachtstroom rode stekker (32 Amp)",
                            "value": "jaKrachtstroomRodeStekker32Amp",
                            "shortcut": ""
                        },
                        {
                            "label": "nee",
                            "value": "nee",
                            "shortcut": ""
                        }
                    ],
                    "validate": {
                        "required": true
                    },
                    "key": "wiltUGebruikMakenVanDeStroomkastVanDeGemeente1",
                    "type": "radio",
                    "input": true
                },
                {
                    "label": "Gebruikt u apparaten om mee te bakken, braden of koken?",
                    "optionsLabelPosition": "right",
                    "inline": false,
                    "tableView": false,
                    "values": [
                        {
                            "label": "ja",
                            "value": "ja",
                            "shortcut": ""
                        },
                        {
                            "label": "nee",
                            "value": "nee",
                            "shortcut": ""
                        }
                    ],
                    "validate": {
                        "required": true
                    },
                    "key": "gebruiktUApparatenOmMeeTeBakkenBradenOfKoken",
                    "type": "radio",
                    "input": true
                },
                {
                    "label": "Welke apparaten gebruikt u en hoeveel?",
                    "tableView": true,
                    "validate": {
                        "required": true
                    },
                    "key": "welkeApparatenGebruiktUEnHoeveel",
                    "type": "textarea",
                    "input": true,
                    "autoExpand": false
                },
                {
                    "label": "Gebruikt u apparaten om te verwarmen?",
                    "optionsLabelPosition": "right",
                    "description": "Bijvoorbeeld een heater.",
                    "inline": false,
                    "tableView": false,
                    "values": [
                        {
                            "label": "ja",
                            "value": "ja",
                            "shortcut": ""
                        },
                        {
                            "label": "nee",
                            "value": "nee",
                            "shortcut": ""
                        }
                    ],
                    "validate": {
                        "required": true
                    },
                    "key": "gebruiktUApparatenOmTeVerwarmen",
                    "type": "radio",
                    "input": true
                },
                {
                    "label": "Welke apparaten gebruikt u om te verwarmen en hoeveel?",
                    "tableView": true,
                    "inputFormat": "plain",
                    "validate": {
                        "required": true
                    },
                    "key": "welkeApparatenGebruiktUOmTeVerwarmenEnHoeveel",
                    "type": "textarea",
                    "input": true,
                    "autoExpand": false
                },
                {
                    "label": "Gebruikt u gas?",
                    "optionsLabelPosition": "right",
                    "inline": false,
                    "tableView": false,
                    "values": [
                        {
                            "label": "ja",
                            "value": "ja",
                            "shortcut": ""
                        },
                        {
                            "label": "nee",
                            "value": "nee",
                            "shortcut": ""
                        }
                    ],
                    "validate": {
                        "required": true
                    },
                    "key": "gebruiktUGas",
                    "type": "radio",
                    "input": true
                },
                {
                    "label": "Welke apparaten sluit u aan op gas en hoeveel?",
                    "tableView": true,
                    "validate": {
                        "required": true
                    },
                    "key": "welkeApparatenSluitUAanOpGasEnHoeveel",
                    "type": "textarea",
                    "input": true,
                    "autoExpand": false
                },
                {
                    "label": "Opmerkingen",
                    "tableView": true,
                    "key": "opmerkingen",
                    "type": "textarea",
                    "input": true,
                    "autoExpand": false
                },
                {
                    "label": "Columns",
                    "columns": [
                        {
                            "components": [],
                            "width": 3,
                            "offset": 0,
                            "push": 0,
                            "pull": 0,
                            "size": "sm",
                            "currentWidth": 3
                        },
                        {
                            "components": [],
                            "size": "sm",
                            "width": 3,
                            "offset": 0,
                            "push": 0,
                            "pull": 0,
                            "currentWidth": 3
                        }
                    ],
                    "key": "columns5",
                    "type": "columns",
                    "input": false,
                    "tableView": false,
                    "hideOnChildrenHidden": false
                }
            ]
        }
    },
    {
        "url": "http://localhost/api/v2/form-definitions/cc1d8847-3719-4610-a7be-0afe983e7169",
        "uuid": "cc1d8847-3719-4610-a7be-0afe983e7169",
        "name": "Gegevens marktplaatsvergunning",
        "slug": "gegevens-marktplaatsvergunning",
        "configuration": {
            "display": "form",
            "components": [
                {
                    "html": "<h2>Marktplaatsvergunning aanvragen</h2>",
                    "label": "Content",
                    "refreshOnChange": false,
                    "key": "content7",
                    "type": "content",
                    "input": false,
                    "tableView": false
                },
                {
                    "label": "Ik wil",
                    "optionsLabelPosition": "right",
                    "inline": false,
                    "tableView": false,
                    "values": [
                        {
                            "label": "de marktplaatsvergunning aanpassen",
                            "value": "marktAanpassen",
                            "shortcut": ""
                        },
                        {
                            "label": "de marktplaatsvergunning opzeggen",
                            "value": "marktOpzeggen",
                            "shortcut": ""
                        }
                    ],
                    "validate": {
                        "required": true
                    },
                    "key": "ikWil",
                    "customConditional": "show = true;\n\nif (data.wat == 'vervanger' || data.watAanvragenOffline == 'vervanger'){\n  show = false;\n} else {\n  show = true;\n}",
                    "type": "radio",
                    "input": true
                },
                {
                    "html": "<p>Aan het einde van dit formulier moet u een ondertekend akkoord uploaden van de persoon/personen die u vervangt/vervangen.</p>",
                    "label": "Content",
                    "refreshOnChange": false,
                    "key": "content2",
                    "customConditional": "show = true;\n\nif (data.wat == 'vervanger' || data.watAanvragenOffline == 'vervanger'){\n  show = true;\n} else{\n  show = false;\n}",
                    "type": "content",
                    "input": false,
                    "tableView": false
                },
                {
                    "label": "Heeft u al een marktplaatsvergunning?",
                    "optionsLabelPosition": "right",
                    "inline": false,
                    "tableView": false,
                    "values": [
                        {
                            "label": "ja",
                            "value": "ja",
                            "shortcut": ""
                        },
                        {
                            "label": "nee, ik heb een marktplaatsvergunning aangevraagd. De aanvraag is in behandeling",
                            "value": "nee",
                            "shortcut": ""
                        }
                    ],
                    "validate": {
                        "required": true
                    },
                    "key": "heeftUAlEenMarktplaatsvergunning",
                    "customConditional": "show = true;\n\nif (data.wat == 'vervanger' || data.watAanvragenOffline == 'vervanger'){\n  show = true;\n} else {\n  show = false;\n}",
                    "type": "radio",
                    "input": true
                },
                {
                    "components": [
                        {
                            "label": "Het gaat om de standplaatsvergunning met kenmerk:",
                            "placeholder": "Z.",
                            "description": "Het kenmerk van de standplaatsvergunning begint met de letter Z",
                            "tableView": true,
                            "validate": {
                                "required": true
                            },
                            "key": "hetGaatOmDeStandplaatsvergunningMetKenmerk",
                            "type": "textfield",
                            "input": true,
                            "prefill": {
                                "plugin": "",
                                "attribute": "",
                                "identifierRole": "main"
                            }
                        },
                        {
                            "label": "Gerkegen op: ",
                            "placeholder": "dag-maand-jaar",
                            "tableView": false,
                            "enableMinDateInput": false,
                            "datePicker": {
                                "disableWeekends": false,
                                "disableWeekdays": false
                            },
                            "enableMaxDateInput": false,
                            "timePicker": {
                                "showMeridian": false
                            },
                            "validate": {
                                "required": true
                            },
                            "validateOn": "blur",
                            "key": "gerkegenOp",
                            "type": "datetime",
                            "input": true,
                            "widget": {
                                "type": "calendar",
                                "displayInTimezone": "viewer",
                                "locale": "nl",
                                "useLocaleSettings": false,
                                "allowInput": true,
                                "mode": "single",
                                "enableTime": false,
                                "noCalendar": false,
                                "format": "dd-MM-yyyy",
                                "hourIncrement": 1,
                                "minuteIncrement": 5,
                                "time_24hr": true,
                                "minDate": null,
                                "disableWeekends": false,
                                "disableWeekdays": false,
                                "maxDate": null
                            }
                        },
                        {
                            "label": "Plaats",
                            "tableView": true,
                            "validate": {
                                "required": true
                            },
                            "key": "plaats",
                            "type": "textfield",
                            "input": true,
                            "prefill": {
                                "plugin": "",
                                "attribute": "",
                                "identifierRole": "main"
                            }
                        }
                    ],
                    "key": "fieldSet-1",
                    "type": "fieldset",
                    "label": "Field Set",
                    "tree": false,
                    "input": false,
                    "hidden": false,
                    "legend": "",
                    "prefix": "",
                    "suffix": "",
                    "unique": false,
                    "widget": null,
                    "dbIndex": false,
                    "overlay": {
                        "top": "",
                        "left": "",
                        "style": "",
                        "width": "",
                        "height": ""
                    },
                    "tooltip": "",
                    "disabled": false,
                    "multiple": false,
                    "redrawOn": "",
                    "tabindex": "",
                    "validate": {
                        "custom": "",
                        "unique": false,
                        "multiple": false,
                        "required": false,
                        "customPrivate": false,
                        "strictDateValidation": false
                    },
                    "autofocus": false,
                    "encrypted": false,
                    "hideLabel": false,
                    "modalEdit": false,
                    "protected": false,
                    "refreshOn": "",
                    "tableView": false,
                    "attributes": {},
                    "errorLabel": "",
                    "hideHeader": false,
                    "persistent": false,
                    "properties": {},
                    "validateOn": "change",
                    "clearOnHide": true,
                    "customClass": "",
                    "description": "",
                    "placeholder": "",
                    "defaultValue": null,
                    "dataGridLabel": false,
                    "labelPosition": "top",
                    "showCharCount": false,
                    "showWordCount": false,
                    "calculateValue": "",
                    "calculateServer": false,
                    "allowMultipleMasks": false,
                    "customDefaultValue": "",
                    "allowCalculateOverride": false
                },
                {
                    "label": "Voor welke markt heeft u een vergunning (aangevraagd)?",
                    "optionsLabelPosition": "right",
                    "inline": false,
                    "tableView": false,
                    "values": [
                        {
                            "label": "voor de markt Maandag Centrum",
                            "value": "voorDeMarktMaandagCentrum",
                            "shortcut": ""
                        },
                        {
                            "label": "voor de markt Zaterdag Centrum",
                            "value": "voorDeMarktZaterdagCentrum",
                            "shortcut": ""
                        },
                        {
                            "label": "voor de wijkmarkt Hatert",
                            "value": "voorDeWijkmarktHatert",
                            "shortcut": ""
                        },
                        {
                            "label": "voor de Luizenmarkt",
                            "value": "voorDeLuizenmarkt",
                            "shortcut": ""
                        }
                    ],
                    "validate": {
                        "required": true
                    },
                    "key": "voorWelkeMarktHeeftUEenVergunningAangevraagd",
                    "customConditional": "show = true;\n\nif (dat.wat == 'vervanger' || data.watAanvragenOffline == 'vervanger'){\n  show = true;\n} else {\n  show = false;\n}",
                    "type": "radio",
                    "input": true
                },
                {
                    "label": "Wat wilt u aanpassen?",
                    "optionsLabelPosition": "right",
                    "tableView": false,
                    "defaultValue": {
                        "adres": false,
                        "kvk": false,
                        "grootte": false,
                        "producten": false
                    },
                    "values": [
                        {
                            "label": "adres",
                            "value": "adres",
                            "shortcut": ""
                        },
                        {
                            "label": "nummer Kamer van Koophandel",
                            "value": "kvk",
                            "shortcut": ""
                        },
                        {
                            "label": "de grootte van de kraam of verkoopwagen (bijvoorbeeld omdat u een nieuwe kraam of verkoopwagen heeft gekocht",
                            "value": "grootte",
                            "shortcut": ""
                        },
                        {
                            "label": "de producten die u verkoopt",
                            "value": "producten",
                            "shortcut": ""
                        }
                    ],
                    "validate": {
                        "onlyAvailableItems": false
                    },
                    "key": "watAanpassen",
                    "type": "selectboxes",
                    "input": true,
                    "inputType": "checkbox"
                },
                {
                    "label": "Nieuw adres:",
                    "disablestreetcity": false,
                    "validate": {
                        "required": true
                    },
                    "tableView": true,
                    "key": "nieuwAdres",
                    "type": "adres",
                    "input": true
                },
                {
                    "label": "Nieuw nummer Kamer van Koophandel",
                    "tableView": true,
                    "validateOn": "blur",
                    "validate": {
                        "required": true,
                        "pattern": "^[0-9]*$",
                        "customMessage": "Een inschrijfnummer Kamer van Koophandel bestaat uit 8 cijfers.",
                        "minLength": 8,
                        "maxLength": 8
                    },
                    "key": "nieuwNummerKamerVanKoophandel",
                    "type": "textfield",
                    "input": true,
                    "prefill": {
                        "plugin": "",
                        "attribute": "",
                        "identifierRole": "main"
                    }
                },
                {
                    "label": "Afmetingen van uw verkoopwagen of kraam",
                    "description": "Geef de lengte x breedte x hoogte in meters aan",
                    "tableView": true,
                    "validate": {
                        "required": true
                    },
                    "key": "afmetingenVanUwVerkoopwagenOfKraam",
                    "type": "textfield",
                    "input": true,
                    "prefill": {
                        "plugin": "",
                        "attribute": "",
                        "identifierRole": "main"
                    }
                },
                {
                    "label": "Welke producten gaat u verkopen?",
                    "tableView": true,
                    "inputFormat": "plain",
                    "validate": {
                        "required": true
                    },
                    "key": "welkeProductenGaatUVerkopen",
                    "type": "textarea",
                    "rows": 2,
                    "input": true,
                    "autoExpand": false
                },
                {
                    "label": "Vanaf wanneer  zegt u de standplaatsvergunning op?",
                    "placeholder": "dag-maand-jaar",
                    "tableView": false,
                    "enableMinDateInput": false,
                    "datePicker": {
                        "disableWeekends": false,
                        "disableWeekdays": false
                    },
                    "enableMaxDateInput": false,
                    "timePicker": {
                        "showMeridian": false
                    },
                    "validate": {
                        "required": true
                    },
                    "validateOn": "blur",
                    "key": "vanafWanneerZegtUDeStandplaatsvergunningOp",
                    "type": "datetime",
                    "input": true,
                    "widget": {
                        "type": "calendar",
                        "displayInTimezone": "viewer",
                        "locale": "nl",
                        "useLocaleSettings": false,
                        "allowInput": true,
                        "mode": "single",
                        "enableTime": false,
                        "noCalendar": false,
                        "format": "dd-MM-yyyy",
                        "hourIncrement": 1,
                        "minuteIncrement": 5,
                        "time_24hr": true,
                        "minDate": null,
                        "disableWeekends": false,
                        "disableWeekdays": false,
                        "maxDate": null
                    }
                },
                {
                    "label": "Wat wilt u doen?",
                    "optionsLabelPosition": "right",
                    "inline": false,
                    "tableView": false,
                    "values": [
                        {
                            "label": "de standplaatsvergunning helemaal opzeggen",
                            "value": "deStandplaatsvergunningHelemaalOpzeggen",
                            "shortcut": ""
                        },
                        {
                            "label": "de standplaatsvergunning voor 1 of meer dagen opzeggen",
                            "value": "opzeggenMeer",
                            "shortcut": ""
                        }
                    ],
                    "validate": {
                        "required": true
                    },
                    "key": "watWiltUDoen",
                    "type": "radio",
                    "input": true
                },
                {
                    "label": "Welke dag of dagen wilt u opzeggen?",
                    "optionsLabelPosition": "right",
                    "tableView": false,
                    "values": [
                        {
                            "label": "maandag",
                            "value": "maandag",
                            "shortcut": ""
                        },
                        {
                            "label": "woensdag",
                            "value": "woensdag",
                            "shortcut": ""
                        },
                        {
                            "label": "zaterdag",
                            "value": "zaterdag",
                            "shortcut": ""
                        }
                    ],
                    "validate": {
                        "required": true,
                        "onlyAvailableItems": false,
                        "minSelectedCount": 1,
                        "maxSelectedCount": 3
                    },
                    "key": "welkeDagOfDagenWiltUOpzeggen",
                    "type": "selectboxes",
                    "input": true,
                    "inputType": "checkbox",
                    "defaultValue": {
                        "maandag": false,
                        "woensdag": false,
                        "zaterdag": false
                    }
                },
                {
                    "label": "Gegevens vervanger",
                    "reorder": false,
                    "addAnother": "Tweede vervanger",
                    "addAnotherPosition": "bottom",
                    "layoutFixed": false,
                    "enableRowGroups": false,
                    "initEmpty": false,
                    "tableView": false,
                    "defaultValue": [
                        {}
                    ],
                    "validate": {
                        "required": true
                    },
                    "key": "gegevensVervanger",
                    "customConditional": "show = true;\n\nif (data.wat == 'vervanger' || data.watAanvragenOffline == 'vervanger'){\n  show = true;\n} else {\n  show = false;\n}",
                    "type": "datagrid",
                    "input": true,
                    "components": [
                        {
                            "components": [
                                {
                                    "label": "Achternaam",
                                    "tableView": true,
                                    "validate": {
                                        "required": true
                                    },
                                    "key": "achternaam",
                                    "type": "textfield",
                                    "input": true,
                                    "prefill": {
                                        "plugin": "",
                                        "attribute": "",
                                        "identifierRole": "main"
                                    }
                                },
                                {
                                    "label": "Voornaam",
                                    "tableView": true,
                                    "validate": {
                                        "required": true
                                    },
                                    "key": "voornaam",
                                    "type": "textfield",
                                    "input": true,
                                    "prefill": {
                                        "plugin": "",
                                        "attribute": "",
                                        "identifierRole": "main"
                                    }
                                },
                                {
                                    "label": "Adres nijmegen",
                                    "disablestreetcity": false,
                                    "validate": {
                                        "required": true
                                    },
                                    "tableView": true,
                                    "key": "adres",
                                    "type": "adres",
                                    "input": true
                                },
                                {
                                    "label": "Telefoonnummer",
                                    "tableView": true,
                                    "validate": {
                                        "required": true
                                    },
                                    "key": "telefoonnummer",
                                    "type": "textfield",
                                    "input": true,
                                    "prefill": {
                                        "plugin": "",
                                        "attribute": "",
                                        "identifierRole": "main"
                                    }
                                },
                                {
                                    "label": "E-mailadres",
                                    "tableView": true,
                                    "validateOn": "blur",
                                    "validate": {
                                        "required": true
                                    },
                                    "key": "eMailadres",
                                    "type": "email",
                                    "input": true
                                },
                                {
                                    "label": "Geboortedatum",
                                    "placeholder": "dag-maand-jaar",
                                    "tableView": false,
                                    "enableMinDateInput": false,
                                    "datePicker": {
                                        "disableWeekends": false,
                                        "disableWeekdays": false
                                    },
                                    "enableMaxDateInput": false,
                                    "timePicker": {
                                        "showMeridian": false
                                    },
                                    "validate": {
                                        "required": true
                                    },
                                    "validateOn": "blur",
                                    "key": "geboortedatum",
                                    "type": "datetime",
                                    "input": true,
                                    "widget": {
                                        "type": "calendar",
                                        "displayInTimezone": "viewer",
                                        "locale": "nl",
                                        "useLocaleSettings": false,
                                        "allowInput": true,
                                        "mode": "single",
                                        "enableTime": false,
                                        "noCalendar": false,
                                        "format": "dd-MM-yyyy",
                                        "hourIncrement": 1,
                                        "minuteIncrement": 5,
                                        "time_24hr": true,
                                        "minDate": null,
                                        "disableWeekends": false,
                                        "disableWeekdays": false,
                                        "maxDate": null
                                    }
                                },
                                {
                                    "label": "Geboorteplaats",
                                    "tableView": true,
                                    "validate": {
                                        "required": true
                                    },
                                    "key": "geboorteplaats",
                                    "type": "textfield",
                                    "input": true,
                                    "prefill": {
                                        "plugin": "",
                                        "attribute": "",
                                        "identifierRole": "main"
                                    }
                                },
                                {
                                    "label": "Mijn vervanger is",
                                    "optionsLabelPosition": "right",
                                    "inline": false,
                                    "tableView": false,
                                    "values": [
                                        {
                                            "label": "mijn echtgenoot of echtgenote",
                                            "value": "mijnEchtgenootOfEchtgenote",
                                            "shortcut": ""
                                        },
                                        {
                                            "label": "mijn geregistreerd partner",
                                            "value": "mijnGeregistreerdPartner",
                                            "shortcut": ""
                                        },
                                        {
                                            "label": "mijn kind van 18 jaar of ouder",
                                            "value": "mijnKindVan18JaarOfOuder",
                                            "shortcut": ""
                                        },
                                        {
                                            "label": "mijn vennoot",
                                            "value": "mijnVennoot",
                                            "shortcut": ""
                                        },
                                        {
                                            "label": "een medewerker in loondienst",
                                            "value": "eenMedewerkerInLoondienst",
                                            "shortcut": ""
                                        }
                                    ],
                                    "validate": {
                                        "required": true
                                    },
                                    "key": "mijnVervangerIs",
                                    "type": "radio",
                                    "input": true
                                }
                            ],
                            "key": "fieldSet",
                            "type": "fieldset",
                            "label": "Field Set",
                            "tree": false,
                            "input": false,
                            "hidden": false,
                            "legend": "",
                            "prefix": "",
                            "suffix": "",
                            "unique": false,
                            "widget": null,
                            "dbIndex": false,
                            "overlay": {
                                "top": "",
                                "left": "",
                                "style": "",
                                "width": "",
                                "height": ""
                            },
                            "tooltip": "",
                            "disabled": false,
                            "multiple": false,
                            "redrawOn": "",
                            "tabindex": "",
                            "validate": {
                                "custom": "",
                                "unique": false,
                                "multiple": false,
                                "required": false,
                                "customPrivate": false,
                                "strictDateValidation": false
                            },
                            "autofocus": false,
                            "encrypted": false,
                            "hideLabel": false,
                            "modalEdit": false,
                            "protected": false,
                            "refreshOn": "",
                            "tableView": false,
                            "attributes": {},
                            "errorLabel": "",
                            "hideHeader": false,
                            "persistent": false,
                            "properties": {},
                            "validateOn": "change",
                            "clearOnHide": true,
                            "conditional": {
                                "eq": "",
                                "show": null,
                                "when": null
                            },
                            "customClass": "",
                            "description": "",
                            "placeholder": "",
                            "defaultValue": null,
                            "dataGridLabel": false,
                            "labelPosition": "top",
                            "showCharCount": false,
                            "showWordCount": false,
                            "calculateValue": "",
                            "calculateServer": false,
                            "allowMultipleMasks": false,
                            "customDefaultValue": "",
                            "allowCalculateOverride": false
                        }
                    ]
                },
                {
                    "label": "Columns",
                    "columns": [
                        {
                            "components": [],
                            "width": 3,
                            "offset": 0,
                            "push": 0,
                            "pull": 0,
                            "size": "sm",
                            "currentWidth": 3
                        },
                        {
                            "components": [],
                            "size": "sm",
                            "width": 3,
                            "offset": 0,
                            "push": 0,
                            "pull": 0,
                            "currentWidth": 3
                        }
                    ],
                    "key": "columns3",
                    "type": "columns",
                    "input": false,
                    "tableView": false,
                    "hideOnChildrenHidden": false
                }
            ]
        }
    },
    {
        "url": "http://localhost/api/v2/form-definitions/b3ed0aad-f483-4bac-8f1b-cdb228551139",
        "uuid": "b3ed0aad-f483-4bac-8f1b-cdb228551139",
        "name": "Bijlagen",
        "slug": "bijlagen",
        "configuration": {
            "display": "form",
            "components": [
                {
                    "html": "<h2>Marktplaatsvergunning aanvragen</h2>",
                    "label": "Content",
                    "refreshOnChange": false,
                    "key": "content8",
                    "type": "content",
                    "input": false,
                    "tableView": false
                },
                {
                    "label": "Toevoegen",
                    "description": "Toegestaan zijn .jpg, .png, .jpeg of .pdf documenten die niet groter zijn dan 20MB.",
                    "tableView": false,
                    "storage": "url",
                    "webcam": false,
                    "fileTypes": [
                        {
                            "label": "",
                            "value": ""
                        },
                        {
                            "label": "",
                            "value": ""
                        }
                    ],
                    "filePattern": ".jpg,.png,.jpeg,.pdf",
                    "fileMinSize": "1KB",
                    "fileMaxSize": "20MB",
                    "multiple": true,
                    "validate": {
                        "required": true
                    },
                    "key": "BijlagenBijDeAanvraag",
                    "type": "file",
                    "url": "/cloud/s3",
                    "input": true
                },
                {
                    "html": "<p>Ik heb deze bijlagen toegevoegd:</p>",
                    "label": "Content",
                    "refreshOnChange": false,
                    "key": "content1",
                    "type": "content",
                    "input": false,
                    "tableView": false
                },
                {
                    "label": "een kleurenfoto van de verkoopwagen of kraam",
                    "tableView": false,
                    "defaultValue": false,
                    "validate": {
                        "required": true,
                        "customMessage": "U bent verplicht deze bijlage mee te sturen."
                    },
                    "key": "kleurenfoto",
                    "customConditional": "var isAanvragen = false;\r\nif (data.wat == 'aanvragen' || data.watAanvragenOffline == 'aanvragen') {\r\n  isAanvragen = true;\r\n}\r\nvar aanpassenGrootte = false;\r\nif (data.watAanpassen.grootte) {\r\n  aanpassenGrootte = true;\r\n}\r\n\r\nif (isAanvragen || aanpassenGrootte) {\r\n\tshow = true;\r\n\t} else {\r\n\tshow = false;\r\n}",
                    "type": "checkbox",
                    "input": true
                },
                {
                    "label": "een Verklaring Omtrent Gedrag (VOG) van de persoon voor wie u de vergunning aanvraagt. De verklaring is niet ouder dan 3 maanden",
                    "tableView": false,
                    "defaultValue": false,
                    "validate": {
                        "required": true,
                        "customMessage": "U bent verplicht deze bijlage mee te sturen."
                    },
                    "key": "VOG",
                    "customConditional": "show = true;\n\nif (data.wat == 'aanvragen' || data.watAanvragenOffline == 'aanvragen'){\n  show = true;\n} else {\n  show = false;\n}",
                    "type": "checkbox",
                    "input": true
                },
                {
                    "label": "per vervanger een Verklaring Omtrent Gedrag (VOG) van de persoon die u vervangt. De verklaring is niet ouder dan 3 maanden",
                    "tableView": false,
                    "defaultValue": false,
                    "validate": {
                        "required": true
                    },
                    "key": "verklaringOmtrentGedragVogVanDePersoonDieUVervangtDeVerklaringIsNietOuderDan3Maanden",
                    "customConditional": "show = true;\n\nif (data.wat == 'vervanger' || data.watAanvragenOffline == 'vervanger'){\n  show = true;\n} else {\n  show = false;\n}",
                    "type": "checkbox",
                    "input": true
                },
                {
                    "label": "per vervanger een kopie van een geldig identiteitsbewijs",
                    "tableView": false,
                    "defaultValue": false,
                    "validate": {
                        "required": true
                    },
                    "key": "verklaringOmtrentGedragVogVanDePersoonDieUVervangtDeVerklaringIsNietOuderDan3Maanden1",
                    "customConditional": "show = true;\n\nif (data.wat == 'vervanger' || data.watAanvragenOffline == 'vervanger'){\n  show = true;\n} else {\n  show = false;\n}",
                    "type": "checkbox",
                    "input": true
                },
                {
                    "label": "per vervanger een ondertekend akkoord",
                    "tableView": false,
                    "defaultValue": false,
                    "validate": {
                        "required": true
                    },
                    "key": "verklaringOmtrentGedragVogVanDePersoonDieUVervangtDeVerklaringIsNietOuderDan3Maanden2",
                    "customConditional": "show = true;\n\nif (data.wat == 'vervanger' || data.watAanvragenOffline == 'vervanger'){\n  show = true;\n} else {\n  show = false;\n}",
                    "type": "checkbox",
                    "input": true
                },
                {
                    "label": "per vervanger een arbeidsovereenkomst van de medewerker. Of een loonbelastingverklaring van de medewerker. De verklaring mag niet ouder zijn dan 1 jaar.",
                    "tableView": false,
                    "defaultValue": false,
                    "key": "eenArbeidsovereenkomstVanDeMedewerkerDieUVervangtOfEenLoonbelastingverklaringVanDeMedewerkerDeVerklaringMagNietOuderZijnDan1Jaar",
                    "customConditional": "show = false;\r\n\r\nif(data.gegevensVervanger && Array.isArray(data.gegevensVervanger)) {\r\n  var loondienstFound = false;\r\n  for (var i = 0; i < data.gegevensVervanger.length; i++) {\r\n    var item = data.gegevensVervanger[i];\r\n    if(item.gegevensVervanger1 && item.gegevensVervanger1.mijnVervangerIs && item.gegevensVervanger1.mijnVervangerIs == 'eenMedewerkerInLoondienst') {\r\n      loondienstFound = true;\r\n    }\r\n  }\r\n  if(loondienstFound) {\r\n    show = true;\r\n  }\r\n}",
                    "type": "checkbox",
                    "input": true
                },
                {
                    "label": "Columns",
                    "columns": [
                        {
                            "components": [],
                            "width": 3,
                            "offset": 0,
                            "push": 0,
                            "pull": 0,
                            "size": "sm",
                            "currentWidth": 3
                        },
                        {
                            "components": [],
                            "size": "sm",
                            "width": 3,
                            "offset": 0,
                            "push": 0,
                            "pull": 0,
                            "currentWidth": 3
                        }
                    ],
                    "key": "columns7",
                    "type": "columns",
                    "input": false,
                    "tableView": false,
                    "hideOnChildrenHidden": false
                }
            ]
        }
    }
]