[
    {
        "uuid": "4f6b03f5-3e20-4a86-b1a4-01199baafba5",
        "index": "0",
        "slug": "algemeen",
        "form_definition": "http://localhost/api/v2/form-definitions/76f98dfe-5b12-4b9d-8c1b-26b27b1c307a"
    },
    {
        "uuid": "5c28e5b9-6246-4eaa-bd20-ee467b3d146c",
        "index": "1",
        "slug": "kraam-of-verkoopwagen",
        "form_definition": "http://localhost/api/v2/form-definitions/a257c538-5cf6-4ddd-a8a1-e9b855ec76f5"
    },
    {
        "uuid": "6c0c53b3-48cb-48f5-9fc9-a2376b3babe1",
        "index": "2",
        "slug": "inrichting",
        "form_definition": "http://localhost/api/v2/form-definitions/c11919a8-6477-404d-aab7-789dc8f569d9"
    },
    {
        "uuid": "44da565c-6a04-4c41-94e2-1378c270c455",
        "index": "3",
        "slug": "gegevens-marktplaatsvergunning",
        "form_definition": "http://localhost/api/v2/form-definitions/cc1d8847-3719-4610-a7be-0afe983e7169"
    },
    {
        "uuid": "60896743-4e35-41e7-9af4-a0b7ad1abecf",
        "index": "4",
        "slug": "bijlagen",
        "form_definition": "http://localhost/api/v2/form-definitions/b3ed0aad-f483-4bac-8f1b-cdb228551139"
    }
]