[
    {
        "uuid": "03c85660-8c02-4c56-bdf3-5d1800e04e07",
        "index": "0",
        "slug": "uw-gegevens",
        "form_definition": "http://localhost/api/v2/form-definitions/0cdc9e01-a59e-465d-b7c9-fe6de989d090"
    },
    {
        "uuid": "370a118b-be4c-49a3-81a6-e53618747c5c",
        "index": "1",
        "slug": "aanvraag",
        "form_definition": "http://localhost/api/v2/form-definitions/624bef17-5830-4115-bac7-704ad472c968"
    },
    {
        "uuid": "9cae0a1d-ee99-4fd9-aee9-508bb22f939f",
        "index": "2",
        "slug": "inkomen",
        "form_definition": "http://localhost/api/v2/form-definitions/fc017dd0-77f9-46fe-a272-dbd4f4eb6e6f"
    },
    {
        "uuid": "86f7804f-dfef-4c0c-abcf-ef31f44a4461",
        "index": "3",
        "slug": "inkomen-partner",
        "form_definition": "http://localhost/api/v2/form-definitions/0c5d173a-aa4f-4cab-bb04-562c654341c2"
    },
    {
        "uuid": "752cc550-0e6d-4eb7-8a74-29969d9794df",
        "index": "4",
        "slug": "wonen",
        "form_definition": "http://localhost/api/v2/form-definitions/a56726a0-914f-4c6e-8010-bb602a27b42f"
    },
    {
        "uuid": "2e7f14d1-5450-400a-8a02-1fa18dab3225",
        "index": "5",
        "slug": "inkomen-vervolg",
        "form_definition": "http://localhost/api/v2/form-definitions/ef279f1f-dc6a-4000-968c-2625f22f8d69"
    },
    {
        "uuid": "ae40df41-38c1-4b67-973c-aa19959135c7",
        "index": "6",
        "slug": "vermogen",
        "form_definition": "http://localhost/api/v2/form-definitions/f6ce1be3-5e38-4b6a-ae4a-1918ea68612f"
    },
    {
        "uuid": "cd16886e-35ca-41df-aef9-c2d4672364c6",
        "index": "7",
        "slug": "besluit",
        "form_definition": "http://localhost/api/v2/form-definitions/170c0421-791d-46e5-b9a8-caf1cb28dcd2"
    },
    {
        "uuid": "7032f354-1b04-4722-b7fd-fbf5c4bc3905",
        "index": "8",
        "slug": "opmerkingen",
        "form_definition": "http://localhost/api/v2/form-definitions/4c1504c5-a46b-4556-a286-eceee9a3b7ce"
    },
    {
        "uuid": "e8ab5d92-18fe-4d32-b2d7-84669ad66220",
        "index": "9",
        "slug": "bijlagen",
        "form_definition": "http://localhost/api/v2/form-definitions/d590832a-4b7c-405a-b8e0-7f85dec1ce44"
    }
]