[
    {
        "uuid": "67357bf1-6c0f-44b3-b703-5e048b402560",
        "index": "0",
        "slug": "uw-gegevens",
        "form_definition": "http://localhost/api/v2/form-definitions/954b7fb5-269d-4d51-8051-d16086af0b00"
    },
    {
        "uuid": "1862ab6e-a468-455e-8cf7-99698092dbf4",
        "index": "1",
        "slug": "gegevens-van-de-persoonbedrijf-waarvoor-u-een-overleg-aanvraagt",
        "form_definition": "http://localhost/api/v2/form-definitions/aa245074-ea1d-403e-a8c5-416531a7c09c"
    },
    {
        "uuid": "81d80014-676c-4e42-a6d5-5bf7d0de9aa7",
        "index": "2",
        "slug": "informeren-van-de-buren",
        "form_definition": "http://localhost/api/v2/form-definitions/8bdb9f46-b4aa-4e30-88b3-11a4961e0857"
    },
    {
        "uuid": "fc067eeb-995a-42be-b5d1-b8aa3862a241",
        "index": "3",
        "slug": "uw-plan",
        "form_definition": "http://localhost/api/v2/form-definitions/8151248c-030e-411f-becf-50d5633caf9a"
    },
    {
        "uuid": "ead1fb26-0997-41a6-9afb-812326514e39",
        "index": "4",
        "slug": "bijlagen",
        "form_definition": "http://localhost/api/v2/form-definitions/63094beb-2b6c-4b47-b5f4-af29b22479f8"
    }
]