[
    {
        "uuid": "5414d67f-0da8-4c4d-9897-818acc0d9c81",
        "name": "Aanvragen vooroverleg omgevingsvergunning",
        "internal_name": "",
        "login_required": false,
        "authentication_backends": [],
        "slug": "aanvragenvooroverlegomgevingsvergunning",
        "url": "http://localhost/api/v2/forms/5414d67f-0da8-4c4d-9897-818acc0d9c81",
        "show_progress_indicator": true,
        "maintenance_mode": false,
        "active": true,
        "is_deleted": false,
        "suspension_allowed": true,
        "send_confirmation_email": true,
        "display_main_website_link": true,
        "required_fields_with_asterisk": true,
        "resume_link_lifetime": 7,
        "hide_non_applicable_steps": true
    }
]