[
    {
        "uuid": "eab82cee-6fa2-4ac7-bc9e-1873b190aefe",
        "name": "Kamerverhuurvergunning aanvragen",
        "internal_name": "",
        "login_required": false,
        "authentication_backends": [],
        "slug": "kamerverhuurvergunningaanvragen",
        "url": "http://localhost/api/v2/forms/eab82cee-6fa2-4ac7-bc9e-1873b190aefe",
        "show_progress_indicator": true,
        "maintenance_mode": false,
        "active": true,
        "is_deleted": false,
        "suspension_allowed": true,
        "send_confirmation_email": true,
        "display_main_website_link": true,
        "required_fields_with_asterisk": true,
        "resume_link_lifetime": 7,
        "hide_non_applicable_steps": true
    }
]