[
    {
        "url": "http://localhost/api/v2/form-definitions/e8d51c21-997d-481d-9117-8ecf30bad467",
        "uuid": "e8d51c21-997d-481d-9117-8ecf30bad467",
        "name": "Algemeen",
        "slug": "algemeen",
        "configuration": {
            "display": "form",
            "components": [
                {
                    "html": "<h2>Themamarkt vergunning aanvragen</h2>",
                    "label": "Content",
                    "refreshOnChange": false,
                    "key": "content14",
                    "type": "content",
                    "input": false,
                    "tableView": false
                },
                {
                    "components": [
                        {
                            "collapsible": false,
                            "key": "page1",
                            "type": "panel",
                            "label": "Panel",
                            "input": false,
                            "tableView": false,
                            "components": [
                                {
                                    "label": "Voor wie vraagt u aan?",
                                    "optionsLabelPosition": "right",
                                    "inline": false,
                                    "tableView": false,
                                    "values": [
                                        {
                                            "label": "mijzelf",
                                            "value": "mijzelf",
                                            "shortcut": ""
                                        },
                                        {
                                            "label": "een organisatie of bedrijf",
                                            "value": "organisatie",
                                            "shortcut": ""
                                        }
                                    ],
                                    "dataType": "auto",
                                    "validate": {
                                        "required": true
                                    },
                                    "key": "namensWieVraagtUEenOntheffingAan",
                                    "conditional": {
                                        "show": true,
                                        "when": "inlogmiddel",
                                        "eq": "digid"
                                    },
                                    "customConditional": "show = (data.bsn && data.bsn.length > 0) || (data.inlogmiddel == 'digid');",
                                    "type": "radio",
                                    "input": true
                                },
                                {
                                    "label": "Naam organisatie of bedrijf",
                                    "tableView": true,
                                    "validate": {
                                        "required": true
                                    },
                                    "key": "naamOrganisatieOfBedrijf",
                                    "properties": {
                                        "dms_key": "initiator.niet_natuurlijk_persoon.statutaireNaam"
                                    },
                                    "conditional": {
                                        "show": true,
                                        "when": "namensWieVraagtUEenOntheffingAan",
                                        "eq": "organisatie"
                                    },
                                    "type": "textfield",
                                    "input": true,
                                    "prefill": {
                                        "plugin": "",
                                        "attribute": "",
                                        "identifierRole": "main"
                                    }
                                },
                                {
                                    "label": "Inschrijfnummer Kamer van Koophandel",
                                    "tableView": true,
                                    "validateOn": "blur",
                                    "validate": {
                                        "required": true,
                                        "pattern": "^[0-9]*$",
                                        "customMessage": "Een inschrijfnummer Kamer van Koophandel bevat 8 cijfers.",
                                        "minLength": 8,
                                        "maxLength": 8
                                    },
                                    "key": "inschrijfnummerKamerVanKoophandel",
                                    "properties": {
                                        "vip_key": "kvk"
                                    },
                                    "conditional": {
                                        "show": true,
                                        "when": "namensWieVraagtUEenOntheffingAan",
                                        "eq": "organisatie"
                                    },
                                    "type": "textfield",
                                    "input": true,
                                    "prefill": {
                                        "plugin": "",
                                        "attribute": "",
                                        "identifierRole": "main"
                                    }
                                },
                                {
                                    "label": "Bent u zelf de contactpersoon van deze aanvraag?",
                                    "optionsLabelPosition": "right",
                                    "inline": false,
                                    "tableView": false,
                                    "values": [
                                        {
                                            "label": "ja",
                                            "value": "ja",
                                            "shortcut": ""
                                        },
                                        {
                                            "label": "nee",
                                            "value": "nee",
                                            "shortcut": ""
                                        }
                                    ],
                                    "validate": {
                                        "required": true
                                    },
                                    "key": "contactpersoon",
                                    "properties": {
                                        "vip_key": "initiator_is_contact"
                                    },
                                    "conditional": {
                                        "show": true,
                                        "when": "inlogmiddel",
                                        "eq": "digid"
                                    },
                                    "customConditional": "show = (data.bsn && data.bsn.length > 0) || (data.inlogmiddel == 'digid');",
                                    "type": "radio",
                                    "input": true
                                },
                                {
                                    "label": "Naam contactpersoon",
                                    "tableView": true,
                                    "validate": {
                                        "required": true
                                    },
                                    "key": "naamContactpersoon",
                                    "properties": {
                                        "vip_key": "name"
                                    },
                                    "customConditional": "show = false;\n\nif(data.inlogmiddel && data.inlogmiddel == 'eherkenning') {\n  show = true;\n}else if(data.contactpersoon && data.contactpersoon == 'nee') {\n  show = true;\n}",
                                    "type": "textfield",
                                    "input": true,
                                    "prefill": {
                                        "plugin": "",
                                        "attribute": "",
                                        "identifierRole": "main"
                                    }
                                },
                                {
                                    "label": "E-mailadres",
                                    "tableView": true,
                                    "validateOn": "blur",
                                    "validate": {
                                        "required": true
                                    },
                                    "key": "eMailadres",
                                    "properties": {
                                        "vip_key": "email",
                                        "oz_api": "zaakeigenschappen",
                                        "oz_name": "email_adres"
                                    },
                                    "type": "email",
                                    "input": true
                                },
                                {
                                    "label": "De gemeente mag dit e-mailadres gebruiken om te reageren op mijn aanvraag.",
                                    "optionsLabelPosition": "right",
                                    "inline": false,
                                    "tableView": false,
                                    "values": [
                                        {
                                            "label": "ja",
                                            "value": "ja",
                                            "shortcut": ""
                                        },
                                        {
                                            "label": "nee",
                                            "value": "nee",
                                            "shortcut": ""
                                        }
                                    ],
                                    "key": "deGemeenteMagDitEMailadresGebruikenOmTeReagerenOpMijnAanvraag",
                                    "type": "radio",
                                    "input": true
                                },
                                {
                                    "label": "Telefoonnummer",
                                    "tableView": true,
                                    "validate": {
                                        "required": true
                                    },
                                    "key": "telefoonnummer",
                                    "properties": {
                                        "vip_key": "phone",
                                        "oz_api": "zaakeigenschappen",
                                        "oz_name": "telefoonnummer"
                                    },
                                    "type": "textfield",
                                    "input": true,
                                    "prefill": {
                                        "plugin": "",
                                        "attribute": "",
                                        "identifierRole": "main"
                                    }
                                }
                            ]
                        }
                    ],
                    "key": "fieldSet-1-2",
                    "type": "fieldset",
                    "label": "Field Set",
                    "tree": false,
                    "input": false,
                    "hidden": false,
                    "legend": "",
                    "prefix": "",
                    "suffix": "",
                    "unique": false,
                    "widget": null,
                    "dbIndex": false,
                    "overlay": {
                        "top": "",
                        "left": "",
                        "style": "",
                        "width": "",
                        "height": ""
                    },
                    "tooltip": "",
                    "disabled": false,
                    "multiple": false,
                    "redrawOn": "",
                    "tabindex": "",
                    "validate": {
                        "custom": "",
                        "unique": false,
                        "multiple": false,
                        "required": false,
                        "customPrivate": false,
                        "strictDateValidation": false
                    },
                    "autofocus": false,
                    "encrypted": false,
                    "hideLabel": false,
                    "modalEdit": false,
                    "protected": false,
                    "refreshOn": "",
                    "tableView": false,
                    "attributes": {},
                    "errorLabel": "",
                    "hideHeader": false,
                    "persistent": false,
                    "properties": {},
                    "validateOn": "change",
                    "clearOnHide": true,
                    "customClass": "",
                    "description": "",
                    "placeholder": "",
                    "defaultValue": null,
                    "dataGridLabel": false,
                    "labelPosition": "top",
                    "showCharCount": false,
                    "showWordCount": false,
                    "calculateValue": "",
                    "calculateServer": false,
                    "allowMultipleMasks": false,
                    "customDefaultValue": "",
                    "allowCalculateOverride": false,
                    "originalFormName": "apvBlok2A"
                },
                {
                    "label": "Columns",
                    "columns": [
                        {
                            "components": [],
                            "width": 3,
                            "offset": 0,
                            "push": 0,
                            "pull": 0,
                            "size": "sm",
                            "currentWidth": 3
                        },
                        {
                            "components": [],
                            "width": 6,
                            "offset": 0,
                            "push": 0,
                            "pull": 0,
                            "size": "md",
                            "currentWidth": 6
                        }
                    ],
                    "key": "columns",
                    "type": "columns",
                    "input": false,
                    "tableView": false,
                    "hideOnChildrenHidden": false
                }
            ]
        }
    },
    {
        "url": "http://localhost/api/v2/form-definitions/e0649d87-4fe9-4d48-bd56-6d19e6481cd9",
        "uuid": "e0649d87-4fe9-4d48-bd56-6d19e6481cd9",
        "name": "Markt",
        "slug": "markt",
        "configuration": {
            "display": "form",
            "components": [
                {
                    "html": "<h2>Themamarkt vergunning aanvragen</h2>",
                    "label": "Content",
                    "refreshOnChange": false,
                    "key": "content15",
                    "type": "content",
                    "input": false,
                    "tableView": false
                },
                {
                    "html": "<p><span style=\"background-color:rgb(255,255,255);color:rgb(0,0,0);\">Aan het einde van dit formulier moet u een plattegrond uploaden met de inrichting van de markt op schaal (1: 200,1: 500 of 1: 1000). Op de plattegrond geeft u alles aan wat er op de markt staat of geplaatst wordt. Bijvoorbeeld: kramen, verkoopwagens en / of toiletten. Noem hierbij de lengte, breedte en hoogte van alles wat u plaatst.&nbsp;</span></p>",
                    "label": "Content",
                    "refreshOnChange": false,
                    "key": "content",
                    "type": "content",
                    "input": false,
                    "tableView": false
                },
                {
                    "label": "Naam van de markt",
                    "tableView": true,
                    "validate": {
                        "required": true
                    },
                    "key": "naamVanDeMarkt",
                    "type": "textfield",
                    "input": true,
                    "prefill": {
                        "plugin": "",
                        "attribute": "",
                        "identifierRole": "main"
                    }
                },
                {
                    "label": "Omschrijf de markt die u wilt organiseren",
                    "tableView": true,
                    "validate": {
                        "required": true
                    },
                    "key": "omschrijfDeMarktDieUWiltOrganiseren",
                    "type": "textarea",
                    "input": true,
                    "autoExpand": false
                },
                {
                    "label": "Betalen mensen om de markt te bezoeken?",
                    "optionsLabelPosition": "right",
                    "inline": false,
                    "tableView": false,
                    "values": [
                        {
                            "label": "ja",
                            "value": "ja",
                            "shortcut": ""
                        },
                        {
                            "label": "nee",
                            "value": "nee",
                            "shortcut": ""
                        }
                    ],
                    "validate": {
                        "required": true
                    },
                    "key": "betalenMensenOmDeMarktTeBezoeken",
                    "type": "radio",
                    "input": true
                },
                {
                    "label": "Organiseerde u de markt al eerder?",
                    "optionsLabelPosition": "right",
                    "inline": false,
                    "tableView": false,
                    "values": [
                        {
                            "label": "ja",
                            "value": "ja",
                            "shortcut": ""
                        },
                        {
                            "label": "nee",
                            "value": "nee",
                            "shortcut": ""
                        }
                    ],
                    "validate": {
                        "required": true
                    },
                    "key": "betalenMensenOmDeMarktTeBezoeken1",
                    "type": "radio",
                    "input": true
                },
                {
                    "legend": "Markt is eerder georganiseerd",
                    "key": "fieldset",
                    "type": "fieldset",
                    "label": "",
                    "input": false,
                    "tableView": false,
                    "components": [
                        {
                            "label": "Waar?",
                            "tableView": true,
                            "validate": {
                                "required": true
                            },
                            "key": "waar",
                            "type": "textarea",
                            "input": true,
                            "autoExpand": false
                        },
                        {
                            "label": "Wanneer?",
                            "tableView": true,
                            "validate": {
                                "required": true
                            },
                            "key": "wanneer",
                            "type": "textarea",
                            "input": true,
                            "autoExpand": false
                        }
                    ]
                },
                {
                    "label": "Heeft u contact gehad met andere overheidsorganisaties dan de gemeente Nijmegen over het aanvragen van een vergunning?",
                    "optionsLabelPosition": "right",
                    "inline": false,
                    "tableView": false,
                    "values": [
                        {
                            "label": "ja",
                            "value": "ja",
                            "shortcut": ""
                        },
                        {
                            "label": "nee",
                            "value": "nee",
                            "shortcut": ""
                        }
                    ],
                    "validate": {
                        "required": true
                    },
                    "key": "betalenMensenOmDeMarktTeBezoeken2",
                    "type": "radio",
                    "input": true
                },
                {
                    "label": "Met welke organisaties?",
                    "tableView": true,
                    "validate": {
                        "required": true
                    },
                    "key": "metWelkeOrganisaties",
                    "type": "textarea",
                    "input": true,
                    "autoExpand": false
                },
                {
                    "label": "Columns",
                    "columns": [
                        {
                            "components": [],
                            "width": 3,
                            "offset": 0,
                            "push": 0,
                            "pull": 0,
                            "size": "sm",
                            "currentWidth": 3
                        },
                        {
                            "components": [],
                            "size": "sm",
                            "width": 3,
                            "offset": 0,
                            "push": 0,
                            "pull": 0,
                            "currentWidth": 3
                        }
                    ],
                    "key": "columns1",
                    "type": "columns",
                    "input": false,
                    "tableView": false,
                    "hideOnChildrenHidden": false
                }
            ]
        }
    },
    {
        "url": "http://localhost/api/v2/form-definitions/bd787a03-56bb-4463-988a-dfd802e6175b",
        "uuid": "bd787a03-56bb-4463-988a-dfd802e6175b",
        "name": "Dagen en tijden markt",
        "slug": "dagen-en-tijden-markt",
        "configuration": {
            "display": "form",
            "components": [
                {
                    "html": "<h2>Themamarkt vergunning aanvragen</h2>",
                    "label": "Content",
                    "refreshOnChange": false,
                    "key": "content16",
                    "type": "content",
                    "input": false,
                    "tableView": false
                },
                {
                    "html": "<p><span style=\"background-color:rgb(255,255,255);color:rgb(0,0,0);\">Geef aan wanneer de markt is. Vul de gegevens in per dag van de markt op deze manier:&nbsp;</span><br><span style=\"background-color:rgb(255,255,255);color:rgb(0,0,0);\">(datum dag 1): start- en eindtijd <strong>opbouw</strong> markt &nbsp;</span><br><span style=\"background-color:rgb(255,255,255);color:rgb(0,0,0);\">(datum dag 1): start- en eindtijd <strong>markt</strong>&nbsp;</span><br><span style=\"background-color:rgb(255,255,255);color:rgb(0,0,0);\">(datum dag 1): start- en eindtijd <strong>afbouw </strong>markt&nbsp;</span><br><span style=\"background-color:rgb(255,255,255);color:rgb(0,0,0);\">(datum dag 2): start- en eindtijd opbouw markt&nbsp;</span><br><span style=\"background-color:rgb(255,255,255);color:rgb(0,0,0);\">etc.&nbsp;</span></p>",
                    "label": "Content",
                    "refreshOnChange": false,
                    "key": "content4",
                    "type": "content",
                    "input": false,
                    "tableView": false
                },
                {
                    "label": "Dagen en tijden van de markt",
                    "reorder": false,
                    "addAnother": "Toevoegen",
                    "addAnotherPosition": "bottom",
                    "defaultOpen": false,
                    "layoutFixed": false,
                    "enableRowGroups": false,
                    "initEmpty": false,
                    "tableView": false,
                    "defaultValue": [
                        {
                            "container": {
                                "datum": "",
                                "hetGaatOm": "",
                                "starttijd": ""
                            }
                        }
                    ],
                    "validate": {
                        "required": true,
                        "minLength": "3"
                    },
                    "key": "dagenEnTijdenVanDeMarkt",
                    "type": "datagrid",
                    "input": true,
                    "components": [
                        {
                            "components": [
                                {
                                    "label": "Datum",
                                    "placeholder": "dag-maand-jaar",
                                    "tableView": false,
                                    "enableMinDateInput": false,
                                    "datePicker": {
                                        "disableWeekends": false,
                                        "disableWeekdays": false
                                    },
                                    "enableMaxDateInput": false,
                                    "timePicker": {
                                        "showMeridian": false
                                    },
                                    "validate": {
                                        "required": true
                                    },
                                    "validateOn": "blur",
                                    "key": "datum",
                                    "type": "datetime",
                                    "input": true,
                                    "widget": {
                                        "type": "calendar",
                                        "displayInTimezone": "viewer",
                                        "locale": "nl",
                                        "useLocaleSettings": false,
                                        "allowInput": true,
                                        "mode": "single",
                                        "enableTime": false,
                                        "noCalendar": false,
                                        "format": "dd-MM-yyyy",
                                        "hourIncrement": 1,
                                        "minuteIncrement": 5,
                                        "time_24hr": true,
                                        "minDate": null,
                                        "disableWeekends": false,
                                        "disableWeekdays": false,
                                        "maxDate": null
                                    }
                                },
                                {
                                    "label": "Het gaat om",
                                    "optionsLabelPosition": "right",
                                    "inline": false,
                                    "tableView": false,
                                    "values": [
                                        {
                                            "label": "opbouw markt",
                                            "value": "opbouwMarkt",
                                            "shortcut": ""
                                        },
                                        {
                                            "label": "markt",
                                            "value": "markt",
                                            "shortcut": ""
                                        },
                                        {
                                            "label": "afbouw markt",
                                            "value": "afbouwMarkt",
                                            "shortcut": ""
                                        }
                                    ],
                                    "validate": {
                                        "required": true
                                    },
                                    "key": "hetGaatOm",
                                    "type": "radio",
                                    "input": true
                                },
                                {
                                    "label": "Starttijd",
                                    "inputType": "text",
                                    "tableView": true,
                                    "dataFormat": "HH:mm",
                                    "validate": {
                                        "required": true
                                    },
                                    "validateOn": "blur",
                                    "key": "starttijd",
                                    "type": "time",
                                    "input": true,
                                    "inputMask": "99:99"
                                },
                                {
                                    "label": "Eindtijd",
                                    "inputType": "text",
                                    "tableView": true,
                                    "dataFormat": "HH:mm",
                                    "validate": {
                                        "required": true,
                                        "custom": "var valueToCheck = '';\r\nif (typeof row.container !== 'undefined') {\r\n  valueToCheck = row.container.starttijd;\r\n} else {\r\n  valueToCheck = row.starttijd;\r\n}\r\n\r\nif(valueToCheck == '') {\r\n valid = 'Vul eerst de starttijd in.';\r\n} else {\r\n  var start = new Date();\r\n  var startTimeSplit = valueToCheck.split(':');\r\n  start.setHours(startTimeSplit[0]);\r\n  start.setMinutes(startTimeSplit[1]);\r\n  \r\n  var totWanneer = new Date();\r\n  var endTimeSplit = input.split(':');\r\n  totWanneer.setHours(endTimeSplit[0]);\r\n  totWanneer.setMinutes(endTimeSplit[0]);\r\n\r\n  if(totWanneer >= start) {\r\n    valid = true;\r\n  } else {\r\n  valid = 'De eindtijd moet later zijn dan de starttijd.';\r\n  }\r\n}"
                                    },
                                    "validateOn": "blur",
                                    "key": "eindtijd",
                                    "type": "time",
                                    "input": true,
                                    "inputMask": "99:99"
                                },
                                {
                                    "label": "Hoeveel bezoekers verwacht u op deze dag?",
                                    "tableView": true,
                                    "validate": {
                                        "required": true,
                                        "pattern": "^[0-9]*$",
                                        "customMessage": "Vul een getal in."
                                    },
                                    "key": "aantalBezoekersDatUOpDezeDagVerwacht",
                                    "conditional": {
                                        "show": true,
                                        "when": "dagenEnTijdenVanDeMarkt.container.hetGaatOm",
                                        "eq": "markt"
                                    },
                                    "type": "textfield",
                                    "input": true,
                                    "prefill": {
                                        "plugin": "",
                                        "attribute": "",
                                        "identifierRole": "main"
                                    }
                                }
                            ],
                            "key": "fieldSet-1",
                            "type": "fieldset",
                            "label": "Field Set",
                            "tree": false,
                            "input": false,
                            "hidden": false,
                            "legend": "",
                            "prefix": "",
                            "suffix": "",
                            "unique": false,
                            "widget": null,
                            "dbIndex": false,
                            "overlay": {
                                "top": "",
                                "left": "",
                                "style": "",
                                "width": "",
                                "height": ""
                            },
                            "tooltip": "",
                            "disabled": false,
                            "multiple": false,
                            "redrawOn": "",
                            "tabindex": "",
                            "validate": {
                                "custom": "",
                                "unique": false,
                                "multiple": false,
                                "required": false,
                                "customPrivate": false,
                                "strictDateValidation": false
                            },
                            "autofocus": false,
                            "encrypted": false,
                            "hideLabel": false,
                            "modalEdit": false,
                            "protected": false,
                            "refreshOn": "",
                            "tableView": false,
                            "attributes": {},
                            "errorLabel": "",
                            "hideHeader": false,
                            "persistent": false,
                            "properties": {},
                            "validateOn": "change",
                            "clearOnHide": true,
                            "conditional": {
                                "eq": "",
                                "show": null,
                                "when": null
                            },
                            "customClass": "",
                            "description": "",
                            "placeholder": "",
                            "defaultValue": null,
                            "dataGridLabel": false,
                            "labelPosition": "top",
                            "showCharCount": false,
                            "showWordCount": false,
                            "calculateValue": "",
                            "calculateServer": false,
                            "allowMultipleMasks": false,
                            "customDefaultValue": "",
                            "allowCalculateOverride": false
                        }
                    ]
                },
                {
                    "label": "Columns",
                    "columns": [
                        {
                            "components": [],
                            "width": 3,
                            "offset": 0,
                            "push": 0,
                            "pull": 0,
                            "size": "sm",
                            "currentWidth": 3
                        },
                        {
                            "components": [],
                            "size": "sm",
                            "width": 3,
                            "offset": 0,
                            "push": 0,
                            "pull": 0,
                            "currentWidth": 3
                        }
                    ],
                    "key": "columns3",
                    "type": "columns",
                    "input": false,
                    "tableView": false,
                    "hideOnChildrenHidden": false
                }
            ]
        }
    },
    {
        "url": "http://localhost/api/v2/form-definitions/b3320237-bc82-4bdd-8a5f-818dbada739c",
        "uuid": "b3320237-bc82-4bdd-8a5f-818dbada739c",
        "name": "Plaats",
        "slug": "plaats",
        "configuration": {
            "display": "form",
            "components": [
                {
                    "html": "<h2>Themamarkt vergunning aanvragen</h2>",
                    "label": "Content",
                    "refreshOnChange": false,
                    "key": "content17",
                    "type": "content",
                    "input": false,
                    "tableView": false
                },
                {
                    "label": "Adres markt",
                    "description": "Straatnaam en huisnummer",
                    "tableView": true,
                    "validate": {
                        "required": true
                    },
                    "key": "adresMarkt",
                    "type": "textarea",
                    "input": true,
                    "autoExpand": false
                },
                {
                    "label": "Omschrijf het terrein waar de markt georganiseerd wordt",
                    "description": "Bijvoorbeeld: op het gras naast het huis.",
                    "tableView": true,
                    "validate": {
                        "required": true
                    },
                    "key": "omschrijfHetTerreinWaarDeMarktGeorganiseerdWordt",
                    "type": "textarea",
                    "input": true,
                    "autoExpand": false
                },
                {
                    "label": "Op welke ondergrond wordt de markt georganiseerd?",
                    "optionsLabelPosition": "right",
                    "tableView": false,
                    "values": [
                        {
                            "label": "harde ondergrond (bijvoorbeeld steen, asfalt)",
                            "value": "hardeOndergrondBijvoorbeeldSteenAsfalt",
                            "shortcut": ""
                        },
                        {
                            "label": "zachte ondergrond (bijvoorbeeld zand, gras)",
                            "value": "zachteOndergrondBijvoorbeeldZandGras",
                            "shortcut": ""
                        },
                        {
                            "label": "water",
                            "value": "water",
                            "shortcut": ""
                        }
                    ],
                    "validate": {
                        "required": true,
                        "onlyAvailableItems": false,
                        "minSelectedCount": 1
                    },
                    "minSelectedCountMessage": "Vink minimaal 1 optie aan.",
                    "key": "opWelkeOndergrondWordtDeMarktGeorganiseerd",
                    "type": "selectboxes",
                    "input": true,
                    "inputType": "checkbox",
                    "defaultValue": {
                        "hardeOndergrondBijvoorbeeldSteenAsfalt": false,
                        "zachteOndergrondBijvoorbeeldZandGras": false,
                        "water": false
                    }
                },
                {
                    "label": "Waar zijn de bezoekers?",
                    "optionsLabelPosition": "right",
                    "inline": false,
                    "tableView": false,
                    "values": [
                        {
                            "label": "binnen",
                            "value": "binnen",
                            "shortcut": ""
                        },
                        {
                            "label": "buiten",
                            "value": "buiten",
                            "shortcut": ""
                        },
                        {
                            "label": "binnen en buiten",
                            "value": "binnenEnBuiten",
                            "shortcut": ""
                        }
                    ],
                    "validate": {
                        "required": true
                    },
                    "key": "waarZijnDeBezoekers",
                    "type": "radio",
                    "input": true
                },
                {
                    "label": "Columns",
                    "columns": [
                        {
                            "components": [],
                            "width": 3,
                            "offset": 0,
                            "push": 0,
                            "pull": 0,
                            "size": "sm",
                            "currentWidth": 3
                        },
                        {
                            "components": [],
                            "size": "sm",
                            "width": 3,
                            "offset": 0,
                            "push": 0,
                            "pull": 0,
                            "currentWidth": 3
                        }
                    ],
                    "key": "columns4",
                    "type": "columns",
                    "input": false,
                    "tableView": false,
                    "hideOnChildrenHidden": false
                }
            ]
        }
    },
    {
        "url": "http://localhost/api/v2/form-definitions/0fcd4f67-9ec0-44e9-9e71-ce2a66f9a301",
        "uuid": "0fcd4f67-9ec0-44e9-9e71-ce2a66f9a301",
        "name": "Terrein",
        "slug": "terrein",
        "configuration": {
            "display": "form",
            "components": [
                {
                    "html": "<h2>Themamarkt vergunning aanvragen</h2>",
                    "label": "Content",
                    "refreshOnChange": false,
                    "key": "content19",
                    "type": "content",
                    "input": false,
                    "tableView": false
                },
                {
                    "label": "Plaatst u een podium, kraam, tent, toiletten, bak-, braad- of kooktoestellen, geluidsapparatuur of iets wat hier op lijkt?",
                    "optionsLabelPosition": "right",
                    "inline": false,
                    "tableView": false,
                    "values": [
                        {
                            "label": "ja",
                            "value": "ja",
                            "shortcut": ""
                        },
                        {
                            "label": "nee",
                            "value": "nee",
                            "shortcut": ""
                        }
                    ],
                    "validate": {
                        "required": true
                    },
                    "key": "radioNijmegenPlaatstUEenPodiumKraamTentToilettenBakBraadOfKooktoestellenGeluidsapparatuurOfIetsWatHierOpLijkt",
                    "type": "radio",
                    "input": true
                },
                {
                    "label": "Geef de inrichting van de markt aan",
                    "reorder": false,
                    "addAnother": "Toevoegen",
                    "addAnotherPosition": "bottom",
                    "defaultOpen": false,
                    "layoutFixed": false,
                    "enableRowGroups": false,
                    "initEmpty": false,
                    "tableView": false,
                    "defaultValue": [
                        {
                            "container": {
                                "watGaatUPlaatsen": "",
                                "aantal": "",
                                "afmetingen": "",
                                "opmerkingen": ""
                            }
                        }
                    ],
                    "validate": {
                        "required": true
                    },
                    "key": "geefDeInrichtingVanDeMarktAan",
                    "type": "datagrid",
                    "input": true,
                    "components": [
                        {
                            "components": [
                                {
                                    "label": "Wat gaat u plaatsen?",
                                    "tableView": true,
                                    "validate": {
                                        "required": true
                                    },
                                    "key": "watGaatUPlaatsen",
                                    "type": "textfield",
                                    "input": true,
                                    "prefill": {
                                        "plugin": "",
                                        "attribute": "",
                                        "identifierRole": "main"
                                    }
                                },
                                {
                                    "label": "Aantal",
                                    "tableView": true,
                                    "validate": {
                                        "required": true
                                    },
                                    "errorLabel": "^[0-9]*$",
                                    "key": "aantal",
                                    "type": "textfield",
                                    "input": true,
                                    "prefill": {
                                        "plugin": "",
                                        "attribute": "",
                                        "identifierRole": "main"
                                    }
                                },
                                {
                                    "label": "Afmetingen",
                                    "description": "Geef de lengte x breedte x hoogte in meters aan.",
                                    "tableView": true,
                                    "validate": {
                                        "required": true
                                    },
                                    "key": "afmetingen",
                                    "type": "textfield",
                                    "input": true,
                                    "prefill": {
                                        "plugin": "",
                                        "attribute": "",
                                        "identifierRole": "main"
                                    }
                                },
                                {
                                    "label": "Opmerkingen",
                                    "tableView": true,
                                    "key": "opmerkingen",
                                    "type": "textarea",
                                    "input": true,
                                    "autoExpand": false
                                }
                            ],
                            "key": "fieldSet",
                            "type": "fieldset",
                            "label": "Field Set",
                            "tree": false,
                            "input": false,
                            "hidden": false,
                            "legend": "",
                            "prefix": "",
                            "suffix": "",
                            "unique": false,
                            "widget": null,
                            "dbIndex": false,
                            "overlay": {
                                "top": "",
                                "left": "",
                                "style": "",
                                "width": "",
                                "height": ""
                            },
                            "tooltip": "",
                            "disabled": false,
                            "multiple": false,
                            "redrawOn": "",
                            "tabindex": "",
                            "validate": {
                                "custom": "",
                                "unique": false,
                                "multiple": false,
                                "required": false,
                                "customPrivate": false,
                                "strictDateValidation": false
                            },
                            "autofocus": false,
                            "encrypted": false,
                            "hideLabel": false,
                            "modalEdit": false,
                            "protected": false,
                            "refreshOn": "",
                            "tableView": false,
                            "attributes": {},
                            "errorLabel": "",
                            "hideHeader": false,
                            "persistent": false,
                            "properties": {},
                            "validateOn": "change",
                            "clearOnHide": true,
                            "conditional": {
                                "eq": "",
                                "show": null,
                                "when": null
                            },
                            "customClass": "",
                            "description": "",
                            "placeholder": "",
                            "defaultValue": null,
                            "dataGridLabel": false,
                            "labelPosition": "top",
                            "showCharCount": false,
                            "showWordCount": false,
                            "calculateValue": "",
                            "calculateServer": false,
                            "allowMultipleMasks": false,
                            "customDefaultValue": "",
                            "allowCalculateOverride": false
                        }
                    ]
                },
                {
                    "label": "Op de markt gebruikt u",
                    "optionsLabelPosition": "right",
                    "tableView": false,
                    "defaultValue": {
                        "gas": false,
                        "elektriciteit": false,
                        "stroom": false,
                        "geenGasElektriciteitOfStroom": false,
                        "water": false,
                        "geenGasElektriciteitOfWater": false
                    },
                    "values": [
                        {
                            "label": "gas",
                            "value": "gas",
                            "shortcut": ""
                        },
                        {
                            "label": "elektriciteit",
                            "value": "elektriciteit",
                            "shortcut": ""
                        },
                        {
                            "label": "water",
                            "value": "water",
                            "shortcut": ""
                        },
                        {
                            "label": "geen gas, elektriciteit of water",
                            "value": "geenGasElektriciteitOfWater",
                            "shortcut": ""
                        }
                    ],
                    "validate": {
                        "required": true,
                        "onlyAvailableItems": false,
                        "minSelectedCount": 1
                    },
                    "minSelectedCountMessage": "Vink minimaal 1 optie aan.",
                    "key": "opDeMarktGebruiktU",
                    "type": "selectboxes",
                    "input": true,
                    "inputType": "checkbox"
                },
                {
                    "label": "Worden straten of parkeerterreinen afgesloten?",
                    "optionsLabelPosition": "right",
                    "inline": false,
                    "tableView": false,
                    "values": [
                        {
                            "label": "ja",
                            "value": "ja",
                            "shortcut": ""
                        },
                        {
                            "label": "nee",
                            "value": "nee",
                            "shortcut": ""
                        }
                    ],
                    "validate": {
                        "required": true
                    },
                    "key": "wordenStratenOfParkeerterreinenAfgesloten",
                    "type": "radio",
                    "input": true
                },
                {
                    "label": "Hoe is de bereikbaarheid van en naar de markt?",
                    "optionsLabelPosition": "right",
                    "inline": false,
                    "tableView": false,
                    "values": [
                        {
                            "label": "goed (3 of meer te gebruiken wegen)",
                            "value": "goed3OfMeerTeGebruikenWegen",
                            "shortcut": ""
                        },
                        {
                            "label": "matig (2 te gebruiken wegen)",
                            "value": "matig2TeGebruikenWegen",
                            "shortcut": ""
                        },
                        {
                            "label": "slecht (1 te gebruiken weg of een hoofdweg is afgesloten)",
                            "value": "slecht1TeGebruikenWegOfEenHoofdwegIsAfgesloten",
                            "shortcut": ""
                        }
                    ],
                    "validate": {
                        "required": true
                    },
                    "key": "wordenStratenOfParkeerterreinenAfgesloten1",
                    "type": "radio",
                    "input": true
                },
                {
                    "label": "Kan het openbaar vervoer zonder problemen de markt de hele dag bereiken?",
                    "optionsLabelPosition": "right",
                    "inline": false,
                    "tableView": false,
                    "values": [
                        {
                            "label": "ja",
                            "value": "ja",
                            "shortcut": ""
                        },
                        {
                            "label": "nee",
                            "value": "nee",
                            "shortcut": ""
                        }
                    ],
                    "validate": {
                        "required": true
                    },
                    "key": "wordenStratenOfParkeerterreinenAfgesloten2",
                    "type": "radio",
                    "input": true
                },
                {
                    "label": "Kunnen ambulance, politie en brandweer zonder problemen de markt de hele dag bereiken?",
                    "optionsLabelPosition": "right",
                    "inline": false,
                    "tableView": false,
                    "values": [
                        {
                            "label": "ja",
                            "value": "ja",
                            "shortcut": ""
                        },
                        {
                            "label": "nee",
                            "value": "nee",
                            "shortcut": ""
                        }
                    ],
                    "validate": {
                        "required": true
                    },
                    "key": "wordenStratenOfParkeerterreinenAfgesloten3",
                    "type": "radio",
                    "input": true
                },
                {
                    "label": "Columns",
                    "columns": [
                        {
                            "components": [],
                            "width": 3,
                            "offset": 0,
                            "push": 0,
                            "pull": 0,
                            "size": "sm",
                            "currentWidth": 3
                        },
                        {
                            "components": [],
                            "size": "sm",
                            "width": 3,
                            "offset": 0,
                            "push": 0,
                            "pull": 0,
                            "currentWidth": 3
                        }
                    ],
                    "key": "columns6",
                    "type": "columns",
                    "input": false,
                    "tableView": false,
                    "hideOnChildrenHidden": false
                }
            ]
        }
    },
    {
        "url": "http://localhost/api/v2/form-definitions/56528ef8-2efc-45ba-b73b-08927d6b6aea",
        "uuid": "56528ef8-2efc-45ba-b73b-08927d6b6aea",
        "name": "Bijlagen",
        "slug": "bijlagen",
        "configuration": {
            "display": "form",
            "components": [
                {
                    "html": "<h2>Themamarkt vergunning aanvragen</h2>",
                    "label": "Content",
                    "refreshOnChange": false,
                    "key": "content20",
                    "type": "content",
                    "input": false,
                    "tableView": false
                },
                {
                    "label": "Toevoegen",
                    "description": "Toegestaan zijn .jpg, .png, .jpeg of .pdf documenten die niet groter zijn dan 20MB.",
                    "tableView": false,
                    "storage": "url",
                    "webcam": false,
                    "fileTypes": [
                        {
                            "label": "",
                            "value": ""
                        },
                        {
                            "label": "",
                            "value": ""
                        }
                    ],
                    "filePattern": ".jpg,.png,.jpeg,.pdf",
                    "fileMinSize": "1KB",
                    "fileMaxSize": "20MB",
                    "multiple": true,
                    "validate": {
                        "required": true,
                        "customMessage": "U moet minimaal 1 bijlage toevoegen. Deze bijlage moet de volgende bestandsindeling hebben: .jpg of .png of .jpeg of .pdf"
                    },
                    "errorLabel": "U moet minimaal 1 bijlage toevoegen. Deze bijlage moet de volgende bestandsindeling hebben: .jpg of .png of .jpeg of .pdf",
                    "key": "plattegrondWaarOpStaatWaarOpHetBedrijvenTerreinEnDirecteOmgevingUDeStoffenAflevert",
                    "type": "file",
                    "url": "/cloud/s3",
                    "input": true
                },
                {
                    "html": "<p>Ik heb deze bijlagen toegevoegd:</p>",
                    "label": "Content",
                    "refreshOnChange": false,
                    "key": "content1",
                    "type": "content",
                    "input": false,
                    "tableView": false
                },
                {
                    "label": "Een plattegrond met de inrichting van de markt op schaal (1:200,1:500 of 1:1000). Op de plattegrond geeft u alles aan wat er op de markt staat of geplaatst wordt.",
                    "tableView": false,
                    "defaultValue": false,
                    "validate": {
                        "required": true,
                        "customMessage": "U bent verplicht deze bijlage mee te sturen."
                    },
                    "key": "plattegrondWaarOpStaatWaarOpHetBedrijvenTerreinEnDirecteOmgevingUDeStoffenAflevert1",
                    "type": "checkbox",
                    "input": true
                },
                {
                    "html": "<p>U kunt meer bijlagen toevoegen als dit uw aanvraag duidelijker maakt.</p>",
                    "label": "Content",
                    "refreshOnChange": false,
                    "key": "content2",
                    "type": "content",
                    "input": false,
                    "tableView": false
                },
                {
                    "label": "Columns",
                    "columns": [
                        {
                            "components": [],
                            "width": 3,
                            "offset": 0,
                            "push": 0,
                            "pull": 0,
                            "size": "sm",
                            "currentWidth": 3
                        },
                        {
                            "components": [],
                            "size": "sm",
                            "width": 3,
                            "offset": 0,
                            "push": 0,
                            "pull": 0,
                            "currentWidth": 3
                        }
                    ],
                    "key": "columns7",
                    "type": "columns",
                    "input": false,
                    "tableView": false,
                    "hideOnChildrenHidden": false
                }
            ]
        }
    }
]