[
    {
        "uuid": "6b81a569-3266-4555-9ae7-731b3511d4a5",
        "name": "Themamarkt vergunning aanvragen",
        "internal_name": "",
        "login_required": false,
        "authentication_backends": [],
        "slug": "themamarktvergunningaanvragen",
        "url": "http://localhost/api/v2/forms/6b81a569-3266-4555-9ae7-731b3511d4a5",
        "show_progress_indicator": true,
        "maintenance_mode": false,
        "active": true,
        "is_deleted": false,
        "suspension_allowed": true,
        "send_confirmation_email": true,
        "display_main_website_link": true,
        "required_fields_with_asterisk": true,
        "resume_link_lifetime": 7,
        "hide_non_applicable_steps": true
    }
]