[
    {
        "uuid": "e5d406a6-8688-4dd6-85af-acd1cf7abc6b",
        "index": "0",
        "slug": "uw-klacht",
        "form_definition": "http://localhost/api/v2/form-definitions/be6460e7-b398-4a9d-9c42-d1b553dc5903"
    },
    {
        "uuid": "74d61ebd-5585-4204-8574-6a5507b801e0",
        "index": "1",
        "slug": "algemeen",
        "form_definition": "http://localhost/api/v2/form-definitions/0eb072bd-35ac-4105-b884-accc99fcc664"
    },
    {
        "uuid": "6182f180-269d-4c9a-9821-330d38e9a0b6",
        "index": "2",
        "slug": "bijlagen",
        "form_definition": "http://localhost/api/v2/form-definitions/45354489-0492-4bce-8e3e-e1f11b25bad9"
    }
]