[
    {
        "uuid": "c07240f1-bb3d-4084-8cf4-7d886041e6d4",
        "index": "0",
        "slug": "uw-gegevens",
        "form_definition": "http://localhost/api/v2/form-definitions/46e7e871-e0f0-40ef-8667-96dae6381cd6"
    },
    {
        "uuid": "a296ff1f-5eb6-4446-ad08-c780c6bb4e7a",
        "index": "1",
        "slug": "eerder-toeslag-ontvangen",
        "form_definition": "http://localhost/api/v2/form-definitions/1ddf3763-f575-4145-aeca-187e8f1b91b1"
    },
    {
        "uuid": "f08afac5-c1e4-46f0-a1bc-d504341ce0f0",
        "index": "2",
        "slug": "inkomen",
        "form_definition": "http://localhost/api/v2/form-definitions/c4ade907-0fb8-43aa-b9d4-90d74fa9d9d2"
    },
    {
        "uuid": "bd74ec66-8bec-498d-9935-0feaed7107b8",
        "index": "3",
        "slug": "inkomen-partner",
        "form_definition": "http://localhost/api/v2/form-definitions/56962c90-c4cf-446d-af34-35860ff4cb76"
    },
    {
        "uuid": "cbf06f98-b40d-4bdf-9053-071f296b67e8",
        "index": "4",
        "slug": "bank-en-bewindvoering",
        "form_definition": "http://localhost/api/v2/form-definitions/68073458-6971-4a0f-aefb-9e29a84a4f68"
    },
    {
        "uuid": "36075cc3-4833-4522-92a3-d243b1ffa723",
        "index": "5",
        "slug": "wonen",
        "form_definition": "http://localhost/api/v2/form-definitions/b011ee7e-accc-4c2b-9414-380dff3fa658"
    },
    {
        "uuid": "e3a67095-f4fe-4591-9f13-dcb2d6fa597b",
        "index": "6",
        "slug": "inkomen-vervolg",
        "form_definition": "http://localhost/api/v2/form-definitions/1002fde6-87e5-464d-ab9a-354d247a88d8"
    },
    {
        "uuid": "99164d68-b128-49c5-b6de-d33a5742bb64",
        "index": "7",
        "slug": "vermogen",
        "form_definition": "http://localhost/api/v2/form-definitions/a6a7d0f5-878a-4150-ad32-acc46f86f66e"
    },
    {
        "uuid": "93fa3596-ea12-4326-b799-a6004ce143dd",
        "index": "8",
        "slug": "opleiding",
        "form_definition": "http://localhost/api/v2/form-definitions/44890a36-de95-43f3-bffb-153a32a0ee58"
    },
    {
        "uuid": "93c6339c-0b8c-4a70-884c-13ad384c0f50",
        "index": "9",
        "slug": "besluit",
        "form_definition": "http://localhost/api/v2/form-definitions/ea4a3eb2-7fc3-4f38-8f3f-9a69069b2acc"
    },
    {
        "uuid": "13de5a25-beee-49b8-9047-331768e3c89f",
        "index": "10",
        "slug": "opmerkingen",
        "form_definition": "http://localhost/api/v2/form-definitions/bf643a36-26fa-4e0b-9c1f-a46c62e73ecc"
    },
    {
        "uuid": "183d80c0-a544-445e-8502-cd439367a6b7",
        "index": "11",
        "slug": "bijlagen",
        "form_definition": "http://localhost/api/v2/form-definitions/8d753496-8237-46f0-9733-4b4d8e062d64"
    }
]