[
    {
        "uuid": "11ecd900-e66f-46a4-90b0-ab9b8c8f339f",
        "name": "Individuele inkomenstoeslag aanvragen",
        "internal_name": "",
        "login_required": false,
        "authentication_backends": [],
        "slug": "individueleinkomenstoeslagaanvragen",
        "url": "http://localhost/api/v2/forms/11ecd900-e66f-46a4-90b0-ab9b8c8f339f",
        "show_progress_indicator": true,
        "maintenance_mode": false,
        "active": true,
        "is_deleted": false,
        "suspension_allowed": true,
        "send_confirmation_email": true,
        "display_main_website_link": true,
        "required_fields_with_asterisk": true,
        "resume_link_lifetime": 7,
        "hide_non_applicable_steps": true
    }
]