[
    {
        "uuid": "ca1ce6cf-6332-491d-bbb4-4c5daff7d25b",
        "name": "Voorwoord aanvragen burgemeester of wethouder",
        "internal_name": "",
        "login_required": false,
        "authentication_backends": [],
        "slug": "voorwoordaanvragenburgemeesterofwethouder",
        "url": "http://localhost/api/v2/forms/ca1ce6cf-6332-491d-bbb4-4c5daff7d25b",
        "show_progress_indicator": true,
        "maintenance_mode": false,
        "active": true,
        "is_deleted": false,
        "suspension_allowed": true,
        "send_confirmation_email": true,
        "display_main_website_link": true,
        "required_fields_with_asterisk": true,
        "resume_link_lifetime": 7,
        "hide_non_applicable_steps": true
    }
]