[
    {
        "uuid": "5bc5282d-9f92-4564-b244-c8d29fa29e4a",
        "name": "Bodeminformatie opvragen",
        "internal_name": "",
        "login_required": false,
        "authentication_backends": [],
        "slug": "bodeminformatieopvragen",
        "url": "http://localhost/api/v2/forms/5bc5282d-9f92-4564-b244-c8d29fa29e4a",
        "show_progress_indicator": true,
        "maintenance_mode": false,
        "active": true,
        "is_deleted": false,
        "suspension_allowed": true,
        "send_confirmation_email": true,
        "display_main_website_link": true,
        "required_fields_with_asterisk": true,
        "resume_link_lifetime": 7,
        "hide_non_applicable_steps": true
    }
]