[
    {
        "uuid": "a506a78c-e8f0-45af-aa1f-02b4471871e0",
        "name": "Feest bedrijf of sportvereniging melden",
        "internal_name": "",
        "login_required": false,
        "authentication_backends": [],
        "slug": "feestbedrijfofsportverenigingmelden",
        "url": "http://localhost/api/v2/forms/a506a78c-e8f0-45af-aa1f-02b4471871e0",
        "show_progress_indicator": true,
        "maintenance_mode": false,
        "active": true,
        "is_deleted": false,
        "suspension_allowed": true,
        "send_confirmation_email": true,
        "display_main_website_link": true,
        "required_fields_with_asterisk": true,
        "resume_link_lifetime": 7,
        "hide_non_applicable_steps": true
    }
]