[
    {
        "uuid": "16013bbe-a25f-432f-aab4-2fbd9c12705e",
        "name": "Statusformulier aanvragen",
        "internal_name": "",
        "login_required": false,
        "authentication_backends": [],
        "slug": "statusformulieraanvragen",
        "url": "http://localhost/api/v2/forms/16013bbe-a25f-432f-aab4-2fbd9c12705e",
        "show_progress_indicator": true,
        "maintenance_mode": false,
        "active": true,
        "is_deleted": false,
        "suspension_allowed": true,
        "send_confirmation_email": true,
        "display_main_website_link": true,
        "required_fields_with_asterisk": true,
        "resume_link_lifetime": 7,
        "hide_non_applicable_steps": true
    }
]