[
    {
        "uuid": "62b8d3cf-9ce3-46f6-a6bc-3e94ceef18ae",
        "name": "Subsidie aanvragen Pimp je pand",
        "internal_name": "",
        "login_required": false,
        "authentication_backends": [],
        "slug": "subsidieaanvragenpimpjepand",
        "url": "http://localhost/api/v2/forms/62b8d3cf-9ce3-46f6-a6bc-3e94ceef18ae",
        "show_progress_indicator": true,
        "maintenance_mode": false,
        "active": true,
        "is_deleted": false,
        "suspension_allowed": true,
        "send_confirmation_email": true,
        "display_main_website_link": true,
        "required_fields_with_asterisk": true,
        "resume_link_lifetime": 7,
        "hide_non_applicable_steps": true
    }
]