[
    {
        "uuid": "97ab087a-370d-4b2c-af81-d24d36ada3a0",
        "index": "0",
        "slug": "algemeen",
        "form_definition": "http://localhost/api/v2/form-definitions/1dd179d1-34d6-4baa-ba5f-6eaf13fa51b1"
    },
    {
        "uuid": "a164936a-5ddc-4b7a-ad4a-879e9774e4c0",
        "index": "1",
        "slug": "gegevens-bedrijf",
        "form_definition": "http://localhost/api/v2/form-definitions/05413148-7ed3-4a05-9754-6971fb01b4c1"
    },
    {
        "uuid": "fc489aaa-3859-43a3-b7a5-03ad7d8b8aaa",
        "index": "2",
        "slug": "subsidie",
        "form_definition": "http://localhost/api/v2/form-definitions/962c48f9-2da3-499a-9c74-f58c18e7691a"
    },
    {
        "uuid": "f9134597-74e7-48a4-9b52-de66219c17a7",
        "index": "3",
        "slug": "bijlagen",
        "form_definition": "http://localhost/api/v2/form-definitions/2ce5377b-f52b-45e7-a0b6-5de69cd89a89"
    }
]