[
    {
        "uuid": "6a86dda1-18ae-4963-af68-c760a5569186",
        "name": "Subsidie aanvragen verduurzamen evenementen",
        "internal_name": "",
        "login_required": false,
        "authentication_backends": [],
        "slug": "subsidieaanvragenverduurzamenevenementen",
        "url": "http://localhost/api/v2/forms/6a86dda1-18ae-4963-af68-c760a5569186",
        "show_progress_indicator": true,
        "maintenance_mode": false,
        "active": true,
        "is_deleted": false,
        "suspension_allowed": true,
        "send_confirmation_email": true,
        "display_main_website_link": true,
        "required_fields_with_asterisk": true,
        "resume_link_lifetime": 7,
        "hide_non_applicable_steps": true
    }
]