[
    {
        "uuid": "1f78e735-3675-49d2-b9d7-f25f08341041",
        "index": "0",
        "slug": "uw-gegevens",
        "form_definition": "http://localhost/api/v2/form-definitions/3435998f-2bb9-46d0-8b85-7eae9377ce6c"
    },
    {
        "uuid": "fefec58f-b27b-41b7-a88d-7addeefbab6b",
        "index": "1",
        "slug": "partner",
        "form_definition": "http://localhost/api/v2/form-definitions/bb9a2aff-603d-49c6-a60d-7855fba20f45"
    },
    {
        "uuid": "af486675-760a-4b88-8f7b-3f34f05fc638",
        "index": "2",
        "slug": "iban",
        "form_definition": "http://localhost/api/v2/form-definitions/18f68750-1046-4c5d-bde2-ec2eca8cecd9"
    },
    {
        "uuid": "d06e3c8c-09d6-4b37-b227-3eb556162990",
        "index": "3",
        "slug": "inkomen",
        "form_definition": "http://localhost/api/v2/form-definitions/77f40d90-3675-4719-95d2-e5f4ca9c2767"
    },
    {
        "uuid": "0e3b3140-82a9-40c5-b61f-3dca14180c73",
        "index": "4",
        "slug": "inkomen-partner",
        "form_definition": "http://localhost/api/v2/form-definitions/c20300f5-c4e2-4671-b72d-90ac129ff95e"
    },
    {
        "uuid": "d2c53ac3-1de5-4711-b2ab-575aa352ebd4",
        "index": "5",
        "slug": "loonbeslag",
        "form_definition": "http://localhost/api/v2/form-definitions/3510aedb-84dc-43c2-babc-5384a8fb6cc9"
    },
    {
        "uuid": "df00240b-60e8-4d4b-96d9-1ac73e7ee8e1",
        "index": "6",
        "slug": "schulden",
        "form_definition": "http://localhost/api/v2/form-definitions/91c4878d-64f2-441d-bd9b-3df67a6a1c6d"
    },
    {
        "uuid": "45e1b9a1-4b13-47b8-bb8f-050f5cc36188",
        "index": "7",
        "slug": "besluit",
        "form_definition": "http://localhost/api/v2/form-definitions/06eaaf1a-3661-4862-b451-85db38778110"
    },
    {
        "uuid": "2ff84bad-fc44-4138-b1f4-de26a5c8a573",
        "index": "8",
        "slug": "bijlagen",
        "form_definition": "http://localhost/api/v2/form-definitions/7b3a068d-855b-49be-9928-ee17f278bd0d"
    }
]