[
    {
        "uuid": "881c255f-fd8b-448a-983c-d3d5561ececa",
        "name": "Energietoeslag 2023 aanvragen",
        "internal_name": "",
        "login_required": false,
        "authentication_backends": [],
        "slug": "energietoeslag2023aanvragen",
        "url": "http://localhost/api/v2/forms/881c255f-fd8b-448a-983c-d3d5561ececa",
        "show_progress_indicator": true,
        "maintenance_mode": false,
        "active": true,
        "is_deleted": false,
        "suspension_allowed": true,
        "send_confirmation_email": true,
        "display_main_website_link": true,
        "required_fields_with_asterisk": true,
        "resume_link_lifetime": 7,
        "hide_non_applicable_steps": true
    }
]