[
    {
        "uuid": "85d85f31-1728-452a-b9f6-e130b2c6ec1c",
        "name": "Subsidie weerbare en wendbare culturele sector aa",
        "internal_name": "",
        "login_required": false,
        "authentication_backends": [],
        "slug": "subsidieweerbareenwendbareculturelesectoraanvrage",
        "url": "http://localhost/api/v2/forms/85d85f31-1728-452a-b9f6-e130b2c6ec1c",
        "show_progress_indicator": true,
        "maintenance_mode": false,
        "active": true,
        "is_deleted": false,
        "suspension_allowed": true,
        "send_confirmation_email": true,
        "display_main_website_link": true,
        "required_fields_with_asterisk": true,
        "resume_link_lifetime": 7,
        "hide_non_applicable_steps": true
    }
]