[
    {
        "uuid": "1862b9f7-5b91-4714-846a-b234e2080a6d",
        "name": "Studietoeslag aanvragen",
        "internal_name": "",
        "login_required": false,
        "authentication_backends": [],
        "slug": "studietoeslagaanvragen",
        "url": "http://localhost/api/v2/forms/1862b9f7-5b91-4714-846a-b234e2080a6d",
        "show_progress_indicator": true,
        "maintenance_mode": false,
        "active": true,
        "is_deleted": false,
        "suspension_allowed": true,
        "send_confirmation_email": true,
        "display_main_website_link": true,
        "required_fields_with_asterisk": true,
        "resume_link_lifetime": 7,
        "hide_non_applicable_steps": true
    }
]