[
    {
        "url": "http://localhost/api/v2/form-definitions/2ad11b6d-c11a-4570-9488-270e7302b9c6",
        "uuid": "2ad11b6d-c11a-4570-9488-270e7302b9c6",
        "name": "Algemeen",
        "slug": "algemeen",
        "configuration": {
            "display": "form",
            "components": [
                {
                    "html": "<h2>Terrasvergunning aanvragen of aanpassen</h2>",
                    "label": "Content",
                    "refreshOnChange": false,
                    "key": "content4",
                    "type": "content",
                    "input": false,
                    "tableView": false
                },
                {
                    "components": [
                        {
                            "collapsible": false,
                            "key": "page1",
                            "type": "panel",
                            "label": "Panel",
                            "components": [
                                {
                                    "html": "<p>TEST: digid &amp; Yivi bsn</p>",
                                    "label": "Content",
                                    "refreshOnChange": false,
                                    "key": "content-1",
                                    "customConditional": "show = (data.bsn && data.bsn.length > 0) || (data.inlogmiddel == 'digid'); ",
                                    "type": "content",
                                    "input": false,
                                    "tableView": false
                                },
                                {
                                    "html": "<p>TEST: eherkenning</p>",
                                    "label": "Content",
                                    "refreshOnChange": false,
                                    "key": "content1",
                                    "conditional": {
                                        "show": true,
                                        "conjunction": "all",
                                        "conditions": [
                                            {
                                                "component": "inlogmiddel",
                                                "operator": "isEqual",
                                                "value": "eherkenning"
                                            }
                                        ]
                                    },
                                    "type": "content",
                                    "input": false,
                                    "tableView": false
                                },
                                {
                                    "label": "Naam organisatie of bedrijf",
                                    "tableView": true,
                                    "validate": {
                                        "required": true,
                                        "custom": "show = false;\nif (data.inlogmiddel == 'digid') {\n  show = true;\n}"
                                    },
                                    "key": "naamOrganisatieOfBedrijf",
                                    "properties": {
                                        "dms_key": "initiator.niet_natuurlijk_persoon.statutaireNaam"
                                    },
                                    "conditional": {
                                        "show": true,
                                        "conjunction": "all",
                                        "conditions": [
                                            {
                                                "component": "inlogmiddel",
                                                "operator": "isEqual",
                                                "value": "digid"
                                            }
                                        ]
                                    },
                                    "customConditional": "show = data.bsn && data.bsn.length > 0;",
                                    "type": "textfield",
                                    "input": true,
                                    "prefill": {
                                        "plugin": "",
                                        "attribute": "",
                                        "identifierRole": "main"
                                    }
                                },
                                {
                                    "label": "Inschrijfnummer Kamer van Koophandel",
                                    "tableView": true,
                                    "validateOn": "blur",
                                    "validate": {
                                        "required": true,
                                        "minLength": 8,
                                        "maxLength": 8,
                                        "pattern": "^[0-9]*$",
                                        "customMessage": "Het inschrijfnummer Kamer van Koophandel heeft 8 cijfers",
                                        "custom": "show = false;\nif (data.inlogmiddel == 'digid') {\n  show = true;\n}"
                                    },
                                    "key": "inschrijfnummerKamerVanKoophandel",
                                    "properties": {
                                        "vip_key": "kvk"
                                    },
                                    "conditional": {
                                        "show": true,
                                        "conjunction": "all",
                                        "conditions": [
                                            {
                                                "component": "inlogmiddel",
                                                "operator": "isEqual",
                                                "value": "digid"
                                            }
                                        ]
                                    },
                                    "customConditional": "show = data.bsn && data.bsn.length > 0;",
                                    "type": "textfield",
                                    "input": true,
                                    "prefill": {
                                        "plugin": "",
                                        "attribute": "",
                                        "identifierRole": "main"
                                    }
                                },
                                {
                                    "label": "Adres bedrijf",
                                    "disablestreetcity": false,
                                    "tableView": true,
                                    "key": "adresBedrijf",
                                    "type": "adres",
                                    "input": true
                                },
                                {
                                    "label": "Bent u zelf de contactpersoon voor deze aanvraag?",
                                    "optionsLabelPosition": "right",
                                    "inline": false,
                                    "tableView": false,
                                    "values": [
                                        {
                                            "label": "ja",
                                            "value": "ja",
                                            "shortcut": ""
                                        },
                                        {
                                            "label": "nee",
                                            "value": "nee",
                                            "shortcut": ""
                                        }
                                    ],
                                    "validate": {
                                        "required": true,
                                        "custom": "show = false;\nif (data.inlogmiddel == 'digid') {\n  show = true;\n}"
                                    },
                                    "key": "contactpersoon",
                                    "properties": {
                                        "vip_key": "initiator_is_contact"
                                    },
                                    "conditional": {
                                        "show": true,
                                        "conjunction": "all",
                                        "conditions": [
                                            {
                                                "component": "inlogmiddel",
                                                "operator": "isEqual",
                                                "value": "digid"
                                            }
                                        ]
                                    },
                                    "customConditional": "show = data.bsn && data.bsn.length > 0;",
                                    "type": "radio",
                                    "input": true
                                },
                                {
                                    "label": "Naam contactpersoon",
                                    "tableView": true,
                                    "validate": {
                                        "required": true
                                    },
                                    "key": "naamContactpersoon",
                                    "properties": {
                                        "vip_key": "name"
                                    },
                                    "customConditional": "show = false;\n\nif(data.inlogmiddel && data.inlogmiddel == 'eherkenning') {\n  show = true;\n}else if(data.contactpersoon && data.contactpersoon == 'nee') {\n  show = true;\n}",
                                    "type": "textfield",
                                    "input": true,
                                    "prefill": {
                                        "plugin": "",
                                        "attribute": "",
                                        "identifierRole": "main"
                                    }
                                },
                                {
                                    "label": "E-mailadres",
                                    "tableView": true,
                                    "validateOn": "blur",
                                    "validate": {
                                        "required": true,
                                        "customMessage": "Vul een geldig e-mailadres in."
                                    },
                                    "key": "eMailadres",
                                    "properties": {
                                        "vip_key": "email",
                                        "oz_api": "zaakeigenschappen",
                                        "oz_name": "email_adres"
                                    },
                                    "type": "email",
                                    "input": true
                                },
                                {
                                    "label": "De gemeente mag dit e-mailadres gebruiken om te reageren op mijn aanvraag.",
                                    "optionsLabelPosition": "right",
                                    "inline": false,
                                    "tableView": false,
                                    "values": [
                                        {
                                            "label": "ja",
                                            "value": "ja",
                                            "shortcut": ""
                                        },
                                        {
                                            "label": "nee",
                                            "value": "nee",
                                            "shortcut": ""
                                        }
                                    ],
                                    "key": "deGemeenteMagDitEMailadresGebruikenOmTeReagerenOpMijnAanvraag",
                                    "customConditional": "show = false;\nif(data.eMailadres.length) {\n  var re = /^(([^<>()[\\]\\\\.,;:\\s@\"]+(\\.[^<>()[\\]\\\\.,;:\\s@\"]+)*)|(\".+\"))@((\\[[0-9]{1,3}\\.[0-9]{1,3}\\.[0-9]{1,3}\\.[0-9]{1,3}\\])|(([a-zA-Z\\-0-9]+\\.)+[a-zA-Z]{2,}))$/;\n  show = re.test(data.eMailadres);\n}",
                                    "type": "radio",
                                    "input": true
                                },
                                {
                                    "label": "Telefoonnummer",
                                    "tableView": true,
                                    "validate": {
                                        "required": true
                                    },
                                    "key": "telefoonnummer",
                                    "properties": {
                                        "vip_key": "phone",
                                        "oz_api": "zaakeigenschappen",
                                        "oz_name": "telefoonnummer"
                                    },
                                    "type": "textfield",
                                    "input": true,
                                    "prefill": {
                                        "plugin": "",
                                        "attribute": "",
                                        "identifierRole": "main"
                                    }
                                }
                            ],
                            "input": false,
                            "tableView": false
                        }
                    ],
                    "key": "fieldSet-1-2",
                    "type": "fieldset",
                    "label": "Field Set",
                    "tree": false,
                    "input": false,
                    "hidden": false,
                    "legend": "",
                    "prefix": "",
                    "suffix": "",
                    "unique": false,
                    "widget": null,
                    "dbIndex": false,
                    "overlay": {
                        "top": "",
                        "left": "",
                        "style": "",
                        "width": "",
                        "height": ""
                    },
                    "tooltip": "",
                    "disabled": false,
                    "multiple": false,
                    "redrawOn": "",
                    "tabindex": "",
                    "validate": {
                        "custom": "",
                        "unique": false,
                        "multiple": false,
                        "required": false,
                        "customPrivate": false,
                        "strictDateValidation": false
                    },
                    "autofocus": false,
                    "encrypted": false,
                    "hideLabel": false,
                    "modalEdit": false,
                    "protected": false,
                    "refreshOn": "",
                    "tableView": false,
                    "attributes": {},
                    "errorLabel": "",
                    "hideHeader": false,
                    "persistent": false,
                    "properties": {},
                    "validateOn": "change",
                    "clearOnHide": true,
                    "customClass": "",
                    "description": "",
                    "placeholder": "",
                    "defaultValue": null,
                    "dataGridLabel": false,
                    "labelPosition": "top",
                    "showCharCount": false,
                    "showWordCount": false,
                    "calculateValue": "",
                    "calculateServer": false,
                    "allowMultipleMasks": false,
                    "customDefaultValue": "",
                    "allowCalculateOverride": false,
                    "originalFormName": "apvBlok1A"
                },
                {
                    "label": "Gaat uw aanvraag of aanpassing over het adres waarmee u staat ingeschreven bij de Kamer van Koophandel? ",
                    "optionsLabelPosition": "right",
                    "inline": false,
                    "tableView": false,
                    "values": [
                        {
                            "label": "ja",
                            "value": "ja",
                            "shortcut": ""
                        },
                        {
                            "label": "nee",
                            "value": "nee",
                            "shortcut": ""
                        }
                    ],
                    "validate": {
                        "required": true
                    },
                    "key": "gaatUwAanvraagOfAanpassingOverHetAdresWaarmeeUStaatIngeschrevenBijDeKamerVanKoophandel",
                    "type": "radio",
                    "input": true
                },
                {
                    "label": "Adres waarover de aanvraag of aanpassing gaat",
                    "disablestreetcity": false,
                    "validate": {
                        "required": true
                    },
                    "tableView": true,
                    "key": "adresWaaroverDeAanvraagOfAanpassingGaat",
                    "type": "adres",
                    "input": true
                },
                {
                    "label": "Columns",
                    "columns": [
                        {
                            "components": [],
                            "width": 3,
                            "offset": 0,
                            "push": 0,
                            "pull": 0,
                            "size": "sm",
                            "currentWidth": 3
                        },
                        {
                            "components": [],
                            "width": 6,
                            "offset": 0,
                            "push": 0,
                            "pull": 0,
                            "size": "md",
                            "currentWidth": 6
                        }
                    ],
                    "key": "columns",
                    "type": "columns",
                    "input": false,
                    "tableView": false,
                    "hideOnChildrenHidden": false
                }
            ]
        }
    },
    {
        "url": "http://localhost/api/v2/form-definitions/048deb58-6286-4baf-b429-80eeba78721a",
        "uuid": "048deb58-6286-4baf-b429-80eeba78721a",
        "name": "Gegevens terras",
        "slug": "gegevens-terras",
        "configuration": {
            "display": "form",
            "components": [
                {
                    "html": "<h2>Terrasvergunning aanvragen of aanpassen</h2>",
                    "label": "Content",
                    "refreshOnChange": false,
                    "key": "content5",
                    "type": "content",
                    "input": false,
                    "tableView": false
                },
                {
                    "label": "Ik wil",
                    "optionsLabelPosition": "right",
                    "inline": false,
                    "tableView": false,
                    "values": [
                        {
                            "label": "een nieuwe terrasvergunning aanvragen",
                            "value": "eenNieuweTerrasvergunningAanvragen",
                            "shortcut": ""
                        },
                        {
                            "label": "een bestaande terrasvergunning aanpassen",
                            "value": "eenBestaandeTerrasvergunningAanpassen",
                            "shortcut": ""
                        }
                    ],
                    "validate": {
                        "required": true
                    },
                    "key": "ikWil",
                    "type": "radio",
                    "input": true
                },
                {
                    "html": "<ul><li><span style=\"background-color:rgb(255,255,255);color:rgb(0,0,0);\">gevelterras: het terras begint direct aan de voorkant van uw bedrijf</span></li><li><span style=\"background-color:rgb(255,255,255);color:rgb(0,0,0);\">eilandterras: tussen uw bedrijf en het terras loopt een weg</span></li></ul>",
                    "label": "Content",
                    "refreshOnChange": false,
                    "key": "content2",
                    "type": "content",
                    "input": false,
                    "tableView": false
                },
                {
                    "label": "Om welk soort terras gaat het?",
                    "optionsLabelPosition": "right",
                    "tableView": false,
                    "defaultValue": {
                        "gevelterras": false,
                        "eilandterras": false
                    },
                    "values": [
                        {
                            "label": "gevelterras",
                            "value": "gevelterras",
                            "shortcut": ""
                        },
                        {
                            "label": "eilandterras",
                            "value": "eilandterras",
                            "shortcut": ""
                        }
                    ],
                    "validate": {
                        "required": true,
                        "onlyAvailableItems": false,
                        "customMessage": "Maak een keuze",
                        "minSelectedCount": 1
                    },
                    "minSelectedCountMessage": "Vink minimaal 1 optie aan.",
                    "key": "omWelkSoortTerrasGaatHet",
                    "type": "selectboxes",
                    "input": true,
                    "inputType": "checkbox"
                },
                {
                    "label": "Wat wilt u aanpassen?",
                    "optionsLabelPosition": "right",
                    "tableView": false,
                    "defaultValue": {
                        "gevelterras": false,
                        "eilandterras": false,
                        "gegevensGevelterras": false,
                        "gegevensEilandterras": false
                    },
                    "values": [
                        {
                            "label": "gegevens gevelterras",
                            "value": "gegevensGevelterras",
                            "shortcut": ""
                        },
                        {
                            "label": "gegevens eilandterras",
                            "value": "gegevensEilandterras",
                            "shortcut": ""
                        }
                    ],
                    "validate": {
                        "required": true,
                        "onlyAvailableItems": false,
                        "customMessage": "Maak een keuze",
                        "minSelectedCount": 1
                    },
                    "minSelectedCountMessage": "Vink minimaal 1 optie aan.",
                    "key": "watWiltUAanpassen",
                    "type": "selectboxes",
                    "input": true,
                    "inputType": "checkbox"
                },
                {
                    "components": [
                        {
                            "label": "Hoe lang is het gevelterras? ",
                            "description": "Geef de lengte in meters aan",
                            "tableView": true,
                            "validate": {
                                "required": true,
                                "pattern": "^\\d{0,4}(\\,\\d{0,2})?$",
                                "customMessage": "Vul een getal in met maximaal 2 cijfers achter de komma"
                            },
                            "key": "hoeLangIsHetGevelterras",
                            "type": "textfield",
                            "input": true,
                            "prefill": {
                                "plugin": "",
                                "attribute": "",
                                "identifierRole": "main"
                            }
                        },
                        {
                            "label": "Hoe breed is het gevelterras? ",
                            "description": "Geef de breedte in meters aan",
                            "tableView": true,
                            "validate": {
                                "required": true,
                                "pattern": "^\\d{0,4}(\\,\\d{0,2})?$",
                                "customMessage": "Vul een getal in met maximaal 2 cijfers achter de komma"
                            },
                            "key": "breedGevelTerras",
                            "type": "textfield",
                            "input": true,
                            "prefill": {
                                "plugin": "",
                                "attribute": "",
                                "identifierRole": "main"
                            }
                        },
                        {
                            "label": "Totale oppervlakte gevelterras",
                            "disabled": true,
                            "tableView": true,
                            "clearOnHide": false,
                            "calculateValue": "if(data.container && data.container.breedGevelTerras && data.container.hoeLangIsHetGevelterras) {\n var calculated = parseFloat(data.container.breedGevelTerras.replace(',', '.')) * parseFloat(data.container.hoeLangIsHetGevelterras.replace(',', '.'));\n  value = String(calculated.toFixed(2)).replace('.', ','); \n}",
                            "key": "totaalOppervlakteGevelterras",
                            "type": "textfield",
                            "input": true,
                            "prefill": {
                                "plugin": "",
                                "attribute": "",
                                "identifierRole": "main"
                            }
                        }
                    ],
                    "key": "fieldSet-1",
                    "type": "fieldset",
                    "label": "Field Set",
                    "tree": false,
                    "input": false,
                    "hidden": false,
                    "legend": "",
                    "prefix": "",
                    "suffix": "",
                    "unique": false,
                    "widget": null,
                    "dbIndex": false,
                    "overlay": {
                        "top": "",
                        "left": "",
                        "style": "",
                        "width": "",
                        "height": ""
                    },
                    "tooltip": "",
                    "disabled": false,
                    "multiple": false,
                    "redrawOn": "",
                    "tabindex": "",
                    "validate": {
                        "custom": "",
                        "unique": false,
                        "multiple": false,
                        "required": false,
                        "customPrivate": false,
                        "strictDateValidation": false
                    },
                    "autofocus": false,
                    "encrypted": false,
                    "hideLabel": false,
                    "modalEdit": false,
                    "protected": false,
                    "refreshOn": "",
                    "tableView": false,
                    "attributes": {},
                    "errorLabel": "",
                    "hideHeader": false,
                    "persistent": false,
                    "properties": {},
                    "validateOn": "change",
                    "clearOnHide": true,
                    "customClass": "",
                    "description": "",
                    "placeholder": "",
                    "defaultValue": null,
                    "dataGridLabel": false,
                    "labelPosition": "top",
                    "showCharCount": false,
                    "showWordCount": false,
                    "calculateValue": "",
                    "calculateServer": false,
                    "allowMultipleMasks": false,
                    "customDefaultValue": "",
                    "allowCalculateOverride": false
                },
                {
                    "components": [
                        {
                            "label": "Hoe lang is het eilandterras? ",
                            "description": "Geef de lengte in meters aan",
                            "tableView": true,
                            "validate": {
                                "required": true,
                                "pattern": "^\\d{0,4}(\\,\\d{0,2})?$",
                                "customMessage": "Vul een getal in met maximaal 2 cijfers achter de komma"
                            },
                            "key": "lengteEilandTerras",
                            "type": "textfield",
                            "input": true,
                            "prefill": {
                                "plugin": "",
                                "attribute": "",
                                "identifierRole": "main"
                            }
                        },
                        {
                            "label": "Hoe breed is het eilandterras? ",
                            "description": "Geef de breedte in meters aan",
                            "tableView": true,
                            "validate": {
                                "required": true,
                                "pattern": "^\\d{0,4}(\\,\\d{0,2})?$",
                                "customMessage": "Vul een getal in met maximaal 2 cijfers achter de komma"
                            },
                            "key": "breedEilandTerras",
                            "type": "textfield",
                            "input": true,
                            "prefill": {
                                "plugin": "",
                                "attribute": "",
                                "identifierRole": "main"
                            }
                        },
                        {
                            "label": "Totale oppervlakte eilandterras",
                            "disabled": true,
                            "tableView": true,
                            "clearOnHide": false,
                            "calculateValue": "if(data.eilandterras && data.eilandterras.breedEilandTerras && data.eilandterras.lengteEilandTerras) {\r\n var calculated = parseFloat(data.eilandterras.breedEilandTerras.replace(',', '.')) * parseFloat(data.eilandterras.lengteEilandTerras.replace(',', '.'));\r\nvalue = String(calculated.toFixed(2)).replace('.', ','); \r\n}",
                            "key": "totaalOppervlakteEilandterras",
                            "type": "textfield",
                            "input": true,
                            "prefill": {
                                "plugin": "",
                                "attribute": "",
                                "identifierRole": "main"
                            }
                        }
                    ],
                    "key": "fieldSet",
                    "type": "fieldset",
                    "label": "Field Set",
                    "tree": false,
                    "input": false,
                    "hidden": false,
                    "legend": "",
                    "prefix": "",
                    "suffix": "",
                    "unique": false,
                    "widget": null,
                    "dbIndex": false,
                    "overlay": {
                        "top": "",
                        "left": "",
                        "style": "",
                        "width": "",
                        "height": ""
                    },
                    "tooltip": "",
                    "disabled": false,
                    "multiple": false,
                    "redrawOn": "",
                    "tabindex": "",
                    "validate": {
                        "custom": "",
                        "unique": false,
                        "multiple": false,
                        "required": false,
                        "customPrivate": false,
                        "strictDateValidation": false
                    },
                    "autofocus": false,
                    "encrypted": false,
                    "hideLabel": false,
                    "modalEdit": false,
                    "protected": false,
                    "refreshOn": "",
                    "tableView": false,
                    "attributes": {},
                    "errorLabel": "",
                    "hideHeader": false,
                    "persistent": false,
                    "properties": {},
                    "validateOn": "change",
                    "clearOnHide": true,
                    "customClass": "",
                    "description": "",
                    "placeholder": "",
                    "defaultValue": null,
                    "dataGridLabel": false,
                    "labelPosition": "top",
                    "showCharCount": false,
                    "showWordCount": false,
                    "calculateValue": "",
                    "calculateServer": false,
                    "allowMultipleMasks": false,
                    "customDefaultValue": "",
                    "allowCalculateOverride": false
                },
                {
                    "html": "<p>Aan het einde van dit formulier moet u een plattegrond of een tekening uploaden van het terras met alles wat daar op staat. Bijvoorbeeld de tafels, stoelen en plantenbakken.</p>",
                    "label": "Content",
                    "refreshOnChange": false,
                    "key": "content3",
                    "type": "content",
                    "input": false,
                    "tableView": false
                },
                {
                    "label": "Opmerkingen",
                    "tableView": true,
                    "key": "opmerkingen",
                    "type": "textarea",
                    "input": true,
                    "autoExpand": false
                },
                {
                    "label": "Columns",
                    "columns": [
                        {
                            "components": [],
                            "width": 3,
                            "offset": 0,
                            "push": 0,
                            "pull": 0,
                            "size": "sm",
                            "currentWidth": 3
                        },
                        {
                            "components": [],
                            "size": "sm",
                            "width": 3,
                            "offset": 0,
                            "push": 0,
                            "pull": 0,
                            "currentWidth": 3
                        }
                    ],
                    "key": "columns1",
                    "type": "columns",
                    "input": false,
                    "tableView": false,
                    "hideOnChildrenHidden": false
                }
            ]
        }
    },
    {
        "url": "http://localhost/api/v2/form-definitions/7eea80c3-a544-44d9-a1b2-2393bd5e3d28",
        "uuid": "7eea80c3-a544-44d9-a1b2-2393bd5e3d28",
        "name": "Bijlagen",
        "slug": "bijlagen",
        "configuration": {
            "display": "form",
            "components": [
                {
                    "html": "<h2>Terrasvergunning aanvragen of aanpassen</h2>",
                    "label": "Content",
                    "refreshOnChange": false,
                    "key": "content6",
                    "type": "content",
                    "input": false,
                    "tableView": false
                },
                {
                    "label": "Toevoegen",
                    "description": "Toegestaan zijn .jpg, .png, .jpeg of .pdf documenten die niet groter zijn dan 20MB.",
                    "tableView": false,
                    "storage": "url",
                    "webcam": false,
                    "fileTypes": [
                        {
                            "label": "",
                            "value": ""
                        }
                    ],
                    "filePattern": ".jpg,.png,.jpeg,.pdf",
                    "fileMinSize": "1KB",
                    "fileMaxSize": "20MB",
                    "multiple": true,
                    "key": "toevoegen",
                    "type": "file",
                    "url": "/cloud/s3",
                    "input": true
                },
                {
                    "html": "<p>Ik heb de volgende bijlage toegevoegd:</p>",
                    "label": "Content",
                    "refreshOnChange": false,
                    "key": "content",
                    "type": "content",
                    "input": false,
                    "tableView": false
                },
                {
                    "label": "plattegrond of tekening terras met alles wat daarop staat. Bijvoorbeeld de tafels, stoelen en plantenbakken.",
                    "tableView": false,
                    "defaultValue": false,
                    "validate": {
                        "required": true,
                        "customMessage": "U bent verplicht deze bijlage mee te sturen."
                    },
                    "key": "plattegrondOfTekeningTerras",
                    "type": "checkbox",
                    "input": true
                },
                {
                    "label": "Columns",
                    "columns": [
                        {
                            "components": [],
                            "width": 3,
                            "offset": 0,
                            "push": 0,
                            "pull": 0,
                            "size": "sm",
                            "currentWidth": 3
                        },
                        {
                            "components": [],
                            "size": "sm",
                            "width": 3,
                            "offset": 0,
                            "push": 0,
                            "pull": 0,
                            "currentWidth": 3
                        }
                    ],
                    "key": "columns3",
                    "type": "columns",
                    "input": false,
                    "tableView": false,
                    "hideOnChildrenHidden": false
                }
            ]
        }
    }
]