[
    {
        "uuid": "dbe1a1db-5baa-4231-93b4-ffe281b65c0e",
        "name": "Terrasvergunning aanvragen of aanpassen",
        "internal_name": "",
        "login_required": false,
        "authentication_backends": [],
        "slug": "terrasvergunningaanvragenofaanpassen",
        "url": "http://localhost/api/v2/forms/dbe1a1db-5baa-4231-93b4-ffe281b65c0e",
        "show_progress_indicator": true,
        "maintenance_mode": false,
        "active": true,
        "is_deleted": false,
        "suspension_allowed": true,
        "send_confirmation_email": true,
        "display_main_website_link": true,
        "required_fields_with_asterisk": true,
        "resume_link_lifetime": 7,
        "hide_non_applicable_steps": true
    }
]