[
    {
        "url": "http://localhost/api/v2/form-definitions/b87e983d-7adc-46fd-8484-a18602d2a95a",
        "uuid": "b87e983d-7adc-46fd-8484-a18602d2a95a",
        "name": "Page 1",
        "slug": "page-1",
        "configuration": {
            "display": "form",
            "components": [
                {
                    "label": "Uuid",
                    "customClass": "uuidfield",
                    "tableView": true,
                    "persistent": false,
                    "key": "uuid",
                    "type": "textfield",
                    "input": true,
                    "lockKey": true,
                    "source": "60fab5eb6647fc942d9fa664",
                    "isNew": true,
                    "prefill": {
                        "plugin": "",
                        "attribute": "",
                        "identifierRole": "main"
                    }
                },
                {
                    "label": "Text field Nijmegen",
                    "tableView": true,
                    "validate": {
                        "required": true
                    },
                    "key": "textfield-1-2-3",
                    "type": "textfield",
                    "input": true,
                    "prefill": {
                        "plugin": "",
                        "attribute": "",
                        "identifierRole": "main"
                    }
                },
                {
                    "label": "Adres nijmegen",
                    "disablestreetcity": false,
                    "validate": {
                        "required": true
                    },
                    "tableView": true,
                    "key": "adres-1-2",
                    "type": "adres",
                    "input": true
                },
                {
                    "label": "Text Area Nijmegen",
                    "tableView": true,
                    "inputFormat": "plain",
                    "key": "textarea-1-2",
                    "type": "textarea",
                    "input": true,
                    "autoExpand": false
                },
                {
                    "label": "Datepicker",
                    "tableView": false,
                    "enableMinDateInput": false,
                    "datePicker": {
                        "disableWeekends": false,
                        "disableWeekdays": false
                    },
                    "enableMaxDateInput": false,
                    "timePicker": {
                        "showMeridian": false
                    },
                    "key": "datetime-1-2",
                    "type": "datetime",
                    "input": true,
                    "widget": {
                        "type": "calendar",
                        "displayInTimezone": "viewer",
                        "locale": "nl",
                        "useLocaleSettings": false,
                        "allowInput": true,
                        "mode": "single",
                        "enableTime": false,
                        "noCalendar": false,
                        "format": "dd-MM-yyyy",
                        "hourIncrement": 1,
                        "minuteIncrement": 5,
                        "time_24hr": true,
                        "minDate": null,
                        "disableWeekends": false,
                        "disableWeekdays": false,
                        "maxDate": null
                    }
                },
                {
                    "label": "Checkbox Nijmegen",
                    "tableView": false,
                    "key": "checkbox-1-2",
                    "type": "checkbox",
                    "input": true,
                    "defaultValue": false
                },
                {
                    "label": "Select Boxes Nijmegen",
                    "optionsLabelPosition": "right",
                    "tableView": false,
                    "defaultValue": {
                        "test2": false,
                        "test3": false,
                        "test4": false
                    },
                    "values": [
                        {
                            "label": "test2",
                            "value": "test2",
                            "shortcut": ""
                        },
                        {
                            "label": "test3",
                            "value": "test3",
                            "shortcut": ""
                        },
                        {
                            "label": "test4",
                            "value": "test4",
                            "shortcut": ""
                        }
                    ],
                    "validate": {
                        "required": true,
                        "onlyAvailableItems": false
                    },
                    "key": "selectBoxesNijmegen-1-2",
                    "type": "selectboxes",
                    "input": true,
                    "inputType": "checkbox"
                },
                {
                    "label": "Select",
                    "widget": "choicesjs",
                    "tableView": true,
                    "data": {
                        "values": [
                            {
                                "label": "test1",
                                "value": "test1"
                            },
                            {
                                "label": "test2",
                                "value": "test2"
                            },
                            {
                                "label": "test3",
                                "value": "test3"
                            }
                        ]
                    },
                    "validate": {
                        "required": true
                    },
                    "key": "selectNijmegen-1-2",
                    "type": "select",
                    "input": true
                },
                {
                    "label": "Radio_Nijmegen",
                    "optionsLabelPosition": "right",
                    "inline": false,
                    "tableView": false,
                    "values": [
                        {
                            "label": "test1",
                            "value": "test1",
                            "shortcut": ""
                        },
                        {
                            "label": "test2",
                            "value": "test2",
                            "shortcut": ""
                        },
                        {
                            "label": "test3",
                            "value": "test3",
                            "shortcut": ""
                        }
                    ],
                    "validate": {
                        "required": true
                    },
                    "key": "radioNijmegen-1-2",
                    "type": "radio",
                    "input": true
                },
                {
                    "label": "Text Field",
                    "tableView": true,
                    "key": "textField",
                    "type": "textfield",
                    "input": true,
                    "prefill": {
                        "plugin": "",
                        "attribute": "",
                        "identifierRole": "main"
                    }
                },
                {
                    "label": "Email Nijmegen",
                    "tableView": true,
                    "key": "email-1-2",
                    "type": "email",
                    "input": true
                },
                {
                    "label": "Time",
                    "inputType": "text",
                    "tableView": true,
                    "validate": {
                        "required": true
                    },
                    "key": "time-1-2",
                    "type": "time",
                    "input": true,
                    "inputMask": "99:99"
                },
                {
                    "html": "<p>test2345</p>",
                    "label": "Content",
                    "refreshOnChange": false,
                    "key": "content-1",
                    "type": "content",
                    "input": false,
                    "tableView": false
                },
                {
                    "label": "Columns",
                    "columns": [
                        {
                            "components": [],
                            "width": 3,
                            "offset": 0,
                            "push": 0,
                            "pull": 0,
                            "size": "md",
                            "currentWidth": 3
                        },
                        {
                            "components": [],
                            "width": 3,
                            "offset": 0,
                            "push": 0,
                            "pull": 0,
                            "size": "md",
                            "currentWidth": 3
                        },
                        {
                            "components": [],
                            "size": "md",
                            "width": 3,
                            "offset": 0,
                            "push": 0,
                            "pull": 0,
                            "currentWidth": 3
                        }
                    ],
                    "key": "columns",
                    "type": "columns",
                    "input": false,
                    "tableView": false
                }
            ]
        }
    },
    {
        "url": "http://localhost/api/v2/form-definitions/38ea4077-6207-476e-b88d-db8cbcccbebc",
        "uuid": "38ea4077-6207-476e-b88d-db8cbcccbebc",
        "name": "Page 2",
        "slug": "page-2",
        "configuration": {
            "display": "form",
            "components": [
                {
                    "label": "Upload",
                    "tableView": false,
                    "storage": "url",
                    "webcam": false,
                    "fileTypes": [
                        {
                            "label": "",
                            "value": ""
                        }
                    ],
                    "key": "file",
                    "type": "file",
                    "input": true,
                    "url": "/cloud/s3"
                },
                {
                    "components": [
                        {
                            "label": "Text field Nijmegen",
                            "tableView": true,
                            "validate": {
                                "required": true
                            },
                            "key": "textfield-1-2",
                            "type": "textfield",
                            "input": true,
                            "prefill": {
                                "plugin": "",
                                "attribute": "",
                                "identifierRole": "main"
                            }
                        },
                        {
                            "label": "Adres nijmegen",
                            "disablestreetcity": false,
                            "validate": {
                                "required": true
                            },
                            "tableView": true,
                            "key": "adres-1",
                            "type": "adres",
                            "input": true
                        },
                        {
                            "label": "Text Area Nijmegen",
                            "tableView": true,
                            "inputFormat": "plain",
                            "key": "textarea-1",
                            "type": "textarea",
                            "input": true
                        },
                        {
                            "label": "Datepicker",
                            "tableView": false,
                            "enableMinDateInput": false,
                            "datePicker": {
                                "disableWeekends": false,
                                "disableWeekdays": false
                            },
                            "enableMaxDateInput": false,
                            "timePicker": {
                                "showMeridian": false
                            },
                            "validate": {
                                "required": true
                            },
                            "key": "datetime-1",
                            "type": "datetime",
                            "input": true,
                            "widget": {
                                "type": "calendar",
                                "displayInTimezone": "viewer",
                                "locale": "nl",
                                "useLocaleSettings": false,
                                "allowInput": true,
                                "mode": "single",
                                "enableTime": false,
                                "noCalendar": false,
                                "format": "dd-MM-yyyy",
                                "hourIncrement": 1,
                                "minuteIncrement": 5,
                                "time_24hr": true,
                                "minDate": null,
                                "disableWeekends": false,
                                "disableWeekdays": false,
                                "maxDate": null
                            }
                        },
                        {
                            "label": "Checkbox Nijmegen",
                            "tableView": false,
                            "key": "checkbox-1",
                            "type": "checkbox",
                            "input": true
                        },
                        {
                            "label": "Select Boxes Nijmegen",
                            "optionsLabelPosition": "right",
                            "tableView": false,
                            "values": [
                                {
                                    "label": "test1",
                                    "value": "test1",
                                    "shortcut": ""
                                },
                                {
                                    "label": "test2",
                                    "value": "test2",
                                    "shortcut": ""
                                },
                                {
                                    "label": "test3",
                                    "value": "test3",
                                    "shortcut": ""
                                }
                            ],
                            "validate": {
                                "onlyAvailableItems": false
                            },
                            "key": "selectBoxesNijmegen-1",
                            "type": "selectboxes",
                            "input": true,
                            "inputType": "checkbox"
                        },
                        {
                            "label": "Select",
                            "widget": "choicesjs",
                            "tableView": true,
                            "data": {
                                "values": [
                                    {
                                        "label": "test2",
                                        "value": "test2"
                                    },
                                    {
                                        "label": "test3",
                                        "value": "test3"
                                    },
                                    {
                                        "label": "test4",
                                        "value": "test4"
                                    }
                                ]
                            },
                            "validate": {
                                "required": true
                            },
                            "key": "selectNijmegen-1",
                            "type": "select",
                            "input": true
                        },
                        {
                            "label": "Radio_Nijmegen",
                            "optionsLabelPosition": "right",
                            "inline": false,
                            "tableView": false,
                            "values": [
                                {
                                    "label": "test2",
                                    "value": "test2",
                                    "shortcut": ""
                                },
                                {
                                    "label": "test3",
                                    "value": "test3",
                                    "shortcut": ""
                                },
                                {
                                    "label": "test4",
                                    "value": "test4",
                                    "shortcut": ""
                                }
                            ],
                            "validate": {
                                "required": true
                            },
                            "key": "radioNijmegen-1",
                            "type": "radio",
                            "input": true
                        },
                        {
                            "label": "Email Nijmegen",
                            "tableView": true,
                            "key": "email-1",
                            "type": "email",
                            "input": true
                        },
                        {
                            "label": "Time",
                            "inputType": "text",
                            "tableView": true,
                            "key": "time-1",
                            "type": "time",
                            "input": true,
                            "inputMask": "99:99"
                        }
                    ],
                    "key": "fieldSet-1",
                    "type": "fieldset",
                    "label": "Field Set",
                    "tree": false,
                    "input": false,
                    "hidden": false,
                    "legend": "",
                    "prefix": "",
                    "suffix": "",
                    "unique": false,
                    "widget": null,
                    "dbIndex": false,
                    "overlay": {
                        "top": "",
                        "left": "",
                        "style": "",
                        "width": "",
                        "height": ""
                    },
                    "tooltip": "",
                    "disabled": false,
                    "multiple": false,
                    "redrawOn": "",
                    "tabindex": "",
                    "validate": {
                        "custom": "",
                        "unique": false,
                        "multiple": false,
                        "required": false,
                        "customPrivate": false,
                        "strictDateValidation": false
                    },
                    "autofocus": false,
                    "encrypted": false,
                    "hideLabel": false,
                    "modalEdit": false,
                    "protected": false,
                    "refreshOn": "",
                    "tableView": false,
                    "attributes": {},
                    "errorLabel": "",
                    "hideHeader": false,
                    "persistent": false,
                    "properties": {},
                    "validateOn": "change",
                    "clearOnHide": true,
                    "customClass": "",
                    "description": "",
                    "placeholder": "",
                    "defaultValue": null,
                    "dataGridLabel": false,
                    "labelPosition": "top",
                    "showCharCount": false,
                    "showWordCount": false,
                    "calculateValue": "",
                    "calculateServer": false,
                    "allowMultipleMasks": false,
                    "customDefaultValue": "",
                    "allowCalculateOverride": false
                },
                {
                    "label": "Columns",
                    "columns": [
                        {
                            "components": [],
                            "width": 3,
                            "offset": 0,
                            "push": 0,
                            "pull": 0,
                            "size": "md",
                            "currentWidth": 3
                        },
                        {
                            "components": [],
                            "width": 3,
                            "offset": 0,
                            "push": 0,
                            "pull": 0,
                            "size": "md",
                            "currentWidth": 3
                        },
                        {
                            "components": [],
                            "size": "md",
                            "width": 3,
                            "offset": 0,
                            "push": 0,
                            "pull": 0,
                            "currentWidth": 3
                        }
                    ],
                    "key": "columns1",
                    "type": "columns",
                    "input": false,
                    "tableView": false
                }
            ]
        }
    },
    {
        "url": "http://localhost/api/v2/form-definitions/2fbd2c54-8c0e-4b65-8379-83cd441037af",
        "uuid": "2fbd2c54-8c0e-4b65-8379-83cd441037af",
        "name": "Page 3",
        "slug": "page-3",
        "configuration": {
            "display": "form",
            "components": [
                {
                    "label": "Data Grid",
                    "reorder": false,
                    "addAnotherPosition": "bottom",
                    "layoutFixed": false,
                    "enableRowGroups": false,
                    "initEmpty": false,
                    "tableView": false,
                    "defaultValue": [
                        {}
                    ],
                    "key": "dataGrid",
                    "type": "datagrid",
                    "input": true,
                    "components": [
                        {
                            "label": "Text field Nijmegen",
                            "tableView": true,
                            "validate": {
                                "required": true
                            },
                            "key": "textfield-1",
                            "type": "textfield",
                            "input": true,
                            "prefill": {
                                "plugin": "",
                                "attribute": "",
                                "identifierRole": "main"
                            }
                        },
                        {
                            "components": [
                                {
                                    "label": "Text field Nijmegen",
                                    "tableView": true,
                                    "validate": {
                                        "required": true
                                    },
                                    "key": "textfield",
                                    "type": "textfield",
                                    "input": true,
                                    "prefill": {
                                        "plugin": "",
                                        "attribute": "",
                                        "identifierRole": "main"
                                    }
                                },
                                {
                                    "label": "Adres nijmegen",
                                    "disablestreetcity": false,
                                    "validate": {
                                        "required": true
                                    },
                                    "tableView": true,
                                    "key": "adres",
                                    "type": "adres",
                                    "input": true
                                },
                                {
                                    "label": "Text Area Nijmegen",
                                    "tableView": true,
                                    "inputFormat": "plain",
                                    "validate": {
                                        "required": true
                                    },
                                    "key": "textarea",
                                    "type": "textarea",
                                    "input": true,
                                    "autoExpand": false
                                },
                                {
                                    "label": "Datepicker",
                                    "tableView": false,
                                    "enableMinDateInput": false,
                                    "datePicker": {
                                        "disableWeekends": false,
                                        "disableWeekdays": false
                                    },
                                    "enableMaxDateInput": false,
                                    "timePicker": {
                                        "showMeridian": false
                                    },
                                    "validate": {
                                        "required": true
                                    },
                                    "key": "datetime",
                                    "type": "datetime",
                                    "input": true,
                                    "widget": {
                                        "type": "calendar",
                                        "displayInTimezone": "viewer",
                                        "locale": "nl",
                                        "useLocaleSettings": false,
                                        "allowInput": true,
                                        "mode": "single",
                                        "enableTime": false,
                                        "noCalendar": false,
                                        "format": "dd-MM-yyyy",
                                        "hourIncrement": 1,
                                        "minuteIncrement": 5,
                                        "time_24hr": true,
                                        "minDate": null,
                                        "disableWeekends": false,
                                        "disableWeekdays": false,
                                        "maxDate": null
                                    }
                                },
                                {
                                    "label": "Checkbox Nijmegen",
                                    "tableView": false,
                                    "key": "checkbox",
                                    "type": "checkbox",
                                    "input": true
                                },
                                {
                                    "label": "Select Boxes Nijmegen",
                                    "optionsLabelPosition": "right",
                                    "tableView": false,
                                    "values": [
                                        {
                                            "label": "test2",
                                            "value": "test2",
                                            "shortcut": ""
                                        },
                                        {
                                            "label": "test3",
                                            "value": "test3",
                                            "shortcut": ""
                                        },
                                        {
                                            "label": "test4",
                                            "value": "test4",
                                            "shortcut": ""
                                        }
                                    ],
                                    "validate": {
                                        "required": true,
                                        "onlyAvailableItems": false
                                    },
                                    "key": "selectBoxesNijmegen",
                                    "type": "selectboxes",
                                    "input": true,
                                    "inputType": "checkbox",
                                    "defaultValue": {
                                        "test2": false,
                                        "test3": false,
                                        "test4": false
                                    }
                                },
                                {
                                    "label": "Select",
                                    "widget": "choicesjs",
                                    "tableView": true,
                                    "data": {
                                        "values": [
                                            {
                                                "label": "test2",
                                                "value": "test2"
                                            },
                                            {
                                                "label": "test3",
                                                "value": "test3"
                                            },
                                            {
                                                "label": "test4",
                                                "value": "test4"
                                            }
                                        ]
                                    },
                                    "key": "selectNijmegen",
                                    "type": "select",
                                    "input": true
                                },
                                {
                                    "label": "Radio_Nijmegen",
                                    "optionsLabelPosition": "right",
                                    "inline": false,
                                    "tableView": false,
                                    "values": [
                                        {
                                            "label": "test2",
                                            "value": "test2",
                                            "shortcut": ""
                                        },
                                        {
                                            "label": "test3",
                                            "value": "test3",
                                            "shortcut": ""
                                        },
                                        {
                                            "label": "test4",
                                            "value": "test4",
                                            "shortcut": ""
                                        }
                                    ],
                                    "validate": {
                                        "required": true
                                    },
                                    "key": "radioNijmegen",
                                    "type": "radio",
                                    "input": true
                                },
                                {
                                    "label": "Email Nijmegen",
                                    "tableView": true,
                                    "validate": {
                                        "required": true
                                    },
                                    "key": "email",
                                    "type": "email",
                                    "input": true
                                },
                                {
                                    "html": "<p>aerwsdfa</p>",
                                    "label": "Content",
                                    "refreshOnChange": false,
                                    "key": "content",
                                    "type": "content",
                                    "input": false,
                                    "tableView": false
                                },
                                {
                                    "label": "Time",
                                    "inputType": "text",
                                    "tableView": true,
                                    "validate": {
                                        "required": true
                                    },
                                    "key": "time",
                                    "type": "time",
                                    "input": true,
                                    "inputMask": "99:99"
                                }
                            ],
                            "key": "fieldSet",
                            "type": "fieldset",
                            "label": "Field Set",
                            "tree": false,
                            "input": false,
                            "hidden": false,
                            "legend": "",
                            "prefix": "",
                            "suffix": "",
                            "unique": false,
                            "widget": null,
                            "dbIndex": false,
                            "overlay": {
                                "top": "",
                                "left": "",
                                "style": "",
                                "width": "",
                                "height": ""
                            },
                            "tooltip": "",
                            "disabled": false,
                            "multiple": false,
                            "redrawOn": "",
                            "tabindex": "",
                            "validate": {
                                "custom": "",
                                "unique": false,
                                "multiple": false,
                                "required": false,
                                "customPrivate": false,
                                "strictDateValidation": false
                            },
                            "autofocus": false,
                            "encrypted": false,
                            "hideLabel": false,
                            "modalEdit": false,
                            "protected": false,
                            "refreshOn": "",
                            "tableView": false,
                            "attributes": {},
                            "errorLabel": "",
                            "hideHeader": false,
                            "persistent": false,
                            "properties": {},
                            "validateOn": "change",
                            "clearOnHide": true,
                            "conditional": {
                                "eq": "",
                                "show": null,
                                "when": null
                            },
                            "customClass": "",
                            "description": "",
                            "placeholder": "",
                            "defaultValue": null,
                            "dataGridLabel": false,
                            "labelPosition": "top",
                            "showCharCount": false,
                            "showWordCount": false,
                            "calculateValue": "",
                            "calculateServer": false,
                            "allowMultipleMasks": false,
                            "customDefaultValue": "",
                            "allowCalculateOverride": false
                        }
                    ]
                },
                {
                    "label": "Columns",
                    "columns": [
                        {
                            "components": [],
                            "width": 3,
                            "offset": 0,
                            "push": 0,
                            "pull": 0,
                            "size": "md",
                            "currentWidth": 3
                        },
                        {
                            "components": [],
                            "width": 3,
                            "offset": 0,
                            "push": 0,
                            "pull": 0,
                            "size": "md",
                            "currentWidth": 3
                        },
                        {
                            "components": [],
                            "size": "md",
                            "width": 3,
                            "offset": 0,
                            "push": 0,
                            "pull": 0,
                            "currentWidth": 3
                        }
                    ],
                    "key": "columns2",
                    "type": "columns",
                    "input": false,
                    "tableView": false
                }
            ]
        }
    },
    {
        "url": "http://localhost/api/v2/form-definitions/a22b31b4-9bae-4ce2-9b86-a02f487d341f",
        "uuid": "a22b31b4-9bae-4ce2-9b86-a02f487d341f",
        "name": "Page 4",
        "slug": "page-4",
        "configuration": {
            "display": "form",
            "components": [
                {
                    "label": "Samenvatting",
                    "tableView": false,
                    "key": "summary",
                    "type": "summary",
                    "input": true
                },
                {
                    "label": "Columns",
                    "columns": [
                        {
                            "components": [],
                            "width": 3,
                            "offset": 0,
                            "push": 0,
                            "pull": 0,
                            "size": "md",
                            "currentWidth": 3
                        },
                        {
                            "components": [],
                            "width": 3,
                            "offset": 0,
                            "push": 0,
                            "pull": 0,
                            "size": "md",
                            "currentWidth": 3
                        },
                        {
                            "components": [],
                            "size": "md",
                            "width": 3,
                            "offset": 0,
                            "push": 0,
                            "pull": 0,
                            "currentWidth": 3
                        }
                    ],
                    "key": "columns3",
                    "type": "columns",
                    "input": false,
                    "tableView": false
                }
            ]
        }
    }
]