[
    {
        "uuid": "691add1e-1fc9-4aff-8c50-cc6aaa5122de",
        "index": "0",
        "slug": "page-1",
        "form_definition": "http://localhost/api/v2/form-definitions/b87e983d-7adc-46fd-8484-a18602d2a95a"
    },
    {
        "uuid": "f9c9b5a0-38b8-4e25-a888-65d7729fceea",
        "index": "1",
        "slug": "page-2",
        "form_definition": "http://localhost/api/v2/form-definitions/38ea4077-6207-476e-b88d-db8cbcccbebc"
    },
    {
        "uuid": "82bc1ba2-795c-4352-b8e9-4718dcb84abc",
        "index": "2",
        "slug": "page-3",
        "form_definition": "http://localhost/api/v2/form-definitions/2fbd2c54-8c0e-4b65-8379-83cd441037af"
    },
    {
        "uuid": "047cf036-2568-4489-8ef8-927dbdc271b7",
        "index": "3",
        "slug": "page-4",
        "form_definition": "http://localhost/api/v2/form-definitions/a22b31b4-9bae-4ce2-9b86-a02f487d341f"
    }
]