[
    {
        "uuid": "f5dd24d7-8865-4198-9f7b-8bf00b596c7f",
        "name": "e2ecomplexepdf",
        "internal_name": "",
        "login_required": false,
        "authentication_backends": [],
        "slug": "e2ecomplexepdf",
        "url": "http://localhost/api/v2/forms/f5dd24d7-8865-4198-9f7b-8bf00b596c7f",
        "show_progress_indicator": true,
        "maintenance_mode": false,
        "active": true,
        "is_deleted": false,
        "suspension_allowed": true,
        "send_confirmation_email": true,
        "display_main_website_link": true,
        "required_fields_with_asterisk": true,
        "resume_link_lifetime": 7,
        "hide_non_applicable_steps": true
    }
]