[
    {
        "uuid": "1ccc71c6-c7d3-46d8-965e-899dc12889b0",
        "name": "TestAanmeldenSport",
        "internal_name": "",
        "login_required": false,
        "authentication_backends": [],
        "slug": "testaanmeldensport",
        "url": "http://localhost/api/v2/forms/1ccc71c6-c7d3-46d8-965e-899dc12889b0",
        "show_progress_indicator": true,
        "maintenance_mode": false,
        "active": true,
        "is_deleted": false,
        "suspension_allowed": true,
        "send_confirmation_email": true,
        "display_main_website_link": true,
        "required_fields_with_asterisk": true,
        "resume_link_lifetime": 7,
        "hide_non_applicable_steps": true
    }
]