[
    {
        "uuid": "bc8fbc56-d563-41be-91e0-094bc913dde9",
        "index": "0",
        "slug": "aanmelden",
        "form_definition": "http://localhost/api/v2/form-definitions/51b708c5-4add-454f-b4a9-407c76052f0e"
    },
    {
        "uuid": "5ecad4db-2f8a-4fe3-b74c-2061cd7d6f37",
        "index": "1",
        "slug": "gegevens-kind",
        "form_definition": "http://localhost/api/v2/form-definitions/a8183357-d50e-44cc-998d-865c8a929fd9"
    },
    {
        "uuid": "4496a404-a39a-4f36-9d46-f14be07fb65a",
        "index": "2",
        "slug": "uw-gegevens",
        "form_definition": "http://localhost/api/v2/form-definitions/4a04b365-fddb-4d8d-be75-5333b11455d5"
    },
    {
        "uuid": "eace47ce-8b65-4374-b01e-b56ad3ab259c",
        "index": "3",
        "slug": "gegevens-2e-contactpersoon",
        "form_definition": "http://localhost/api/v2/form-definitions/e1048d98-1fd3-43d7-9fdc-9fbb69b9290d"
    },
    {
        "uuid": "30e6f364-a29b-4243-9f30-b86b902c5dd2",
        "index": "4",
        "slug": "sportactiviteiten",
        "form_definition": "http://localhost/api/v2/form-definitions/41f89f21-5e83-435d-9b2f-d8ae3e7d947d"
    },
    {
        "uuid": "81698d45-176b-4533-8c52-7282c6306ab0",
        "index": "5",
        "slug": "toestemming",
        "form_definition": "http://localhost/api/v2/form-definitions/27ac9dc4-2a6f-4cb2-b109-d641fcc9b856"
    }
]