[
    {
        "url": "http://localhost/api/v2/form-definitions/d32dd457-6f90-4a73-adb2-cfb405646fb3",
        "uuid": "d32dd457-6f90-4a73-adb2-cfb405646fb3",
        "name": "Uw mening",
        "slug": "uw-mening",
        "configuration": {
            "display": "form",
            "components": [
                {
                    "html": "<h2>Uw mening</h2>",
                    "label": "Content",
                    "refreshOnChange": false,
                    "key": "content14",
                    "type": "content",
                    "input": false,
                    "tableView": false
                },
                {
                    "label": "Wat wilt u doen?",
                    "optionsLabelPosition": "right",
                    "inline": false,
                    "tableView": false,
                    "values": [
                        {
                            "label": "ik wil mijn mening doorgeven over de website",
                            "value": "mening",
                            "shortcut": ""
                        },
                        {
                            "label": "ik heb een vraag",
                            "value": "vraag",
                            "shortcut": ""
                        },
                        {
                            "label": "ik heb een klacht",
                            "value": "klacht",
                            "shortcut": ""
                        }
                    ],
                    "validate": {
                        "required": true
                    },
                    "key": "wat",
                    "type": "radio",
                    "input": true
                },
                {
                    "components": [
                        {
                            "label": "U wilt iets melden over deze pagina:",
                            "tableView": true,
                            "calculateValue": "var urlSearchParams = new URLSearchParams(window.location.hash);\nvar params = Object.fromEntries(urlSearchParams.entries());\nif(params.referrer) {\n  value = params.referrer;\n}",
                            "key": "uWiltIetsMeldenOverDezePagina",
                            "type": "textfield",
                            "input": true,
                            "prefill": {
                                "plugin": "",
                                "attribute": "",
                                "identifierRole": "main"
                            }
                        },
                        {
                            "label": "Wat wilt u ons laten weten over deze pagina?",
                            "description": "U mist bijvoorbeeld informatie, u heeft een tip of er is een technisch probleem.",
                            "tableView": true,
                            "inputFormat": "plain",
                            "validate": {
                                "required": true
                            },
                            "key": "watWiltUOnsLatenWetenOverDezePagina",
                            "type": "textarea",
                            "input": true,
                            "autoExpand": false
                        },
                        {
                            "label": "E-mailadres",
                            "description": "Vul uw e-mailadres in als u van ons een reactie wilt ontvangen.",
                            "tableView": true,
                            "validateOn": "blur",
                            "key": "eMailadres",
                            "type": "email",
                            "input": true
                        }
                    ],
                    "key": "fieldSet",
                    "type": "fieldset",
                    "label": "Field Set",
                    "tree": false,
                    "input": false,
                    "hidden": false,
                    "legend": "",
                    "prefix": "",
                    "suffix": "",
                    "unique": false,
                    "widget": null,
                    "dbIndex": false,
                    "overlay": {
                        "top": "",
                        "left": "",
                        "style": "",
                        "width": "",
                        "height": ""
                    },
                    "tooltip": "",
                    "disabled": false,
                    "multiple": false,
                    "redrawOn": "",
                    "tabindex": "",
                    "validate": {
                        "custom": "",
                        "unique": false,
                        "multiple": false,
                        "required": false,
                        "customPrivate": false,
                        "strictDateValidation": false
                    },
                    "autofocus": false,
                    "encrypted": false,
                    "hideLabel": false,
                    "modalEdit": false,
                    "protected": false,
                    "refreshOn": "",
                    "tableView": false,
                    "attributes": {},
                    "errorLabel": "",
                    "hideHeader": false,
                    "persistent": false,
                    "properties": {},
                    "validateOn": "change",
                    "clearOnHide": true,
                    "customClass": "",
                    "description": "",
                    "placeholder": "",
                    "defaultValue": null,
                    "dataGridLabel": false,
                    "labelPosition": "top",
                    "showCharCount": false,
                    "showWordCount": false,
                    "calculateValue": "",
                    "calculateServer": false,
                    "allowMultipleMasks": false,
                    "customDefaultValue": "",
                    "allowCalculateOverride": false
                },
                {
                    "html": "<p><span style=\"background-color:rgb(255,255,255);color:rgb(0,0,0);\">Stel uw vraag via het</span><a href=\"https://www.nijmegen.nl/formulieren/contactformulier/\"><span style=\"color:rgb(0,0,255);\"> contactformulier</span></a><span style=\"color:rgb(0,0,255);\">.</span></p>",
                    "label": "Content",
                    "refreshOnChange": false,
                    "key": "content",
                    "type": "content",
                    "input": false,
                    "tableView": false
                },
                {
                    "html": "<p><span style=\"background-color:rgb(255,255,255);color:rgb(0,0,0);\">Geef uw klacht door via het </span><a href=\"https://www.nijmegen.nl/diensten/klacht-bezwaar-en-beroep/klacht/\"><span style=\"color:rgb(0,0,255);\">klachtenformulier.</span></a></p>",
                    "label": "Content",
                    "refreshOnChange": false,
                    "key": "content1",
                    "type": "content",
                    "input": false,
                    "tableView": false
                },
                {
                    "label": "Columns",
                    "columns": [
                        {
                            "components": [],
                            "width": 3,
                            "offset": 0,
                            "push": 0,
                            "pull": 0,
                            "size": "sm",
                            "currentWidth": 3
                        },
                        {
                            "components": [],
                            "width": 6,
                            "offset": 0,
                            "push": 0,
                            "pull": 0,
                            "size": "md",
                            "currentWidth": 6
                        }
                    ],
                    "key": "columns",
                    "type": "columns",
                    "input": false,
                    "tableView": false,
                    "hideOnChildrenHidden": false
                }
            ]
        }
    }
]