[
    {
        "uuid": "9b706eab-a3ba-41bd-921b-66f7ad582f97",
        "name": "Uw mening",
        "internal_name": "",
        "login_required": false,
        "authentication_backends": [],
        "slug": "uwmening",
        "url": "http://localhost/api/v2/forms/9b706eab-a3ba-41bd-921b-66f7ad582f97",
        "show_progress_indicator": true,
        "maintenance_mode": false,
        "active": true,
        "is_deleted": false,
        "suspension_allowed": true,
        "send_confirmation_email": true,
        "display_main_website_link": true,
        "required_fields_with_asterisk": true,
        "resume_link_lifetime": 7,
        "hide_non_applicable_steps": true
    }
]