[
    {
        "url": "http://localhost/api/v2/form-definitions/492edcd7-48b1-4f1a-8193-ab9311d7e59a",
        "uuid": "492edcd7-48b1-4f1a-8193-ab9311d7e59a",
        "name": "Woning",
        "slug": "woning",
        "configuration": {
            "display": "form",
            "components": [
                {
                    "label": "Waar worden de duurzaamheidsmaatregelen uitgevoerd?",
                    "optionsLabelPosition": "right",
                    "inline": false,
                    "tableView": false,
                    "values": [
                        {
                            "label": "op mijn eigen adres",
                            "value": "eigenAdres",
                            "shortcut": ""
                        },
                        {
                            "label": "op een ander adres",
                            "value": "anderAdres",
                            "shortcut": ""
                        }
                    ],
                    "validate": {
                        "required": true
                    },
                    "key": "waarWordenDeDuurzaamheidsmaatregelenUitgevoerd",
                    "type": "radio",
                    "input": true
                },
                {
                    "label": "Adres",
                    "disablestreetcity": false,
                    "validate": {
                        "required": true
                    },
                    "tableView": true,
                    "key": "adres",
                    "type": "adres",
                    "input": true
                },
                {
                    "label": "Waarvoor wilt u een lening aanvragen?",
                    "optionsLabelPosition": "right",
                    "inline": false,
                    "tableView": false,
                    "values": [
                        {
                            "label": "een woning die als bestaat",
                            "value": "bestaandeWoning",
                            "shortcut": ""
                        },
                        {
                            "label": "een monument",
                            "value": "monument",
                            "shortcut": ""
                        }
                    ],
                    "validate": {
                        "required": true
                    },
                    "key": "waarvoorWiltUEenLeningAanvragen",
                    "type": "radio",
                    "input": true
                },
                {
                    "label": "monument",
                    "attrs": [
                        {
                            "attr": "",
                            "value": ""
                        }
                    ],
                    "content": "Kijk of uw woning een monument is op onze <a href=\"https://www.nijmegen.nl/diensten/monumenten/soorten-monumenten/\" target=\"_blank\">website</a>.",
                    "refreshOnChange": false,
                    "key": "monument",
                    "type": "content",
                    "input": false,
                    "tableView": false,
                    "html": "Kijk of uw woning een monument is op onze <a href=\"https://www.nijmegen.nl/diensten/monumenten/soorten-monumenten/\" target=\"_blank\">website</a>."
                },
                {
                    "label": "Welke lening wilt u aanvragen?",
                    "optionsLabelPosition": "right",
                    "description": "Bekijk&nbsp<a href=\"https://www.nijmegen.nl/diensten/bouwen-en-wonen/toekomstbestendig-wonen-lening/\" target=\"_blank\">de uitleg over de leningen</a>",
                    "inline": false,
                    "tableView": false,
                    "values": [
                        {
                            "label": "consumptieve lening",
                            "value": "consumptieveLening",
                            "shortcut": ""
                        },
                        {
                            "label": "hypothecaire lening",
                            "value": "hypothecaireLening",
                            "shortcut": ""
                        },
                        {
                            "label": "verzilverlening",
                            "value": "verzilverlening",
                            "shortcut": ""
                        },
                        {
                            "label": "maatwerklening",
                            "value": "maatwerklening",
                            "shortcut": ""
                        }
                    ],
                    "validate": {
                        "required": true
                    },
                    "key": "welkeLeningWiltUAanvragen",
                    "type": "radio",
                    "input": true
                },
                {
                    "label": "Columns",
                    "columns": [
                        {
                            "components": [],
                            "width": 3,
                            "offset": 0,
                            "push": 0,
                            "pull": 0,
                            "size": "sm",
                            "currentWidth": 3
                        },
                        {
                            "components": [],
                            "width": 6,
                            "offset": 0,
                            "push": 0,
                            "pull": 0,
                            "size": "md",
                            "currentWidth": 6
                        }
                    ],
                    "key": "columns2",
                    "type": "columns",
                    "input": false,
                    "tableView": false
                }
            ]
        }
    },
    {
        "url": "http://localhost/api/v2/form-definitions/3edfb152-17ff-4361-aa88-f0d0cc8ce6f3",
        "uuid": "3edfb152-17ff-4361-aa88-f0d0cc8ce6f3",
        "name": "Uit te voeren maatregelen",
        "slug": "uit-te-voeren-maatregelen",
        "configuration": {
            "display": "form",
            "components": [
                {
                    "label": "Maatregelen",
                    "attrs": [
                        {
                            "attr": "",
                            "value": ""
                        }
                    ],
                    "content": "Aan het einde van het formulier moet u offertes en/of prijsopgaven uploaden. In de offertes staat:\n<ul><li>Datum waarop de offerte gemaakt is. De offerte moet nog geldig zijn</li>\n<li>Uw naam en adres</li>\n<li>Het adres waar u de maatregelen laat uitvoeren</li>\n<li>Bij isolatiemaatregelen:\n<ul><li>Rd-waarde bij dak-, gevel-, spouwmuur- en vloer-/bodemisolatie</li>\n<li>Alleen voor isolatiemateriaal en het plaatsen daarvan kunt u een lening aanvragen. Deze kosten moeten duidelijk in de offerte staan</li>\n<li>Het aantal m2 hoogrendementsglas (HR++/HR+++) en waar u dit laat plaatsen (u kunt met de lening alleen 1 op 1 vervangen)</li>\n<li>Als u witte dakbedekking wilt, moet u dit duidelijk in de offerte laten zetten</li></ul></li></ul>",
                    "refreshOnChange": false,
                    "key": "maatregelen",
                    "type": "content",
                    "input": false,
                    "tableView": false,
                    "html": "Aan het einde van het formulier moet u offertes en/of prijsopgaven uploaden. In de offertes staat:\n<ul><li>Datum waarop de offerte gemaakt is. De offerte moet nog geldig zijn</li>\n<li>Uw naam en adres</li>\n<li>Het adres waar u de maatregelen laat uitvoeren</li>\n<li>Bij isolatiemaatregelen:\n<ul><li>Rd-waarde bij dak-, gevel-, spouwmuur- en vloer-/bodemisolatie</li>\n<li>Alleen voor isolatiemateriaal en het plaatsen daarvan kunt u een lening aanvragen. Deze kosten moeten duidelijk in de offerte staan</li>\n<li>Het aantal m2 hoogrendementsglas (HR++/HR+++) en waar u dit laat plaatsen (u kunt met de lening alleen 1 op 1 vervangen)</li>\n<li>Als u witte dakbedekking wilt, moet u dit duidelijk in de offerte laten zetten</li></ul></li></ul>"
                },
                {
                    "label": "Welke maatregelen gaat u uitvoeren?",
                    "optionsLabelPosition": "right",
                    "tableView": false,
                    "defaultValue": {
                        "energiebesparendeMaatregelen": true
                    },
                    "values": [
                        {
                            "label": "energiebesparende maatregelen (verplicht)",
                            "value": "energiebesparendeMaatregelen",
                            "shortcut": ""
                        }
                    ],
                    "validate": {
                        "required": true,
                        "onlyAvailableItems": false
                    },
                    "key": "welkeMaatregelenGaatUUitvoeren",
                    "type": "selectboxes",
                    "input": true,
                    "inputType": "checkbox"
                },
                {
                    "label": "levensloopbestendige maatregelen: woning aanpassen voor het ouder worden",
                    "tableView": false,
                    "defaultValue": false,
                    "key": "levensloopbestendigeMaatregelen",
                    "type": "checkbox",
                    "input": true
                },
                {
                    "label": "overige maatregelen",
                    "tableView": false,
                    "key": "overigeMaatregelen",
                    "type": "checkbox",
                    "input": true,
                    "defaultValue": false
                },
                {
                    "label": "Overzicht van energiemaatregelen",
                    "attrs": [
                        {
                            "attr": "",
                            "value": ""
                        }
                    ],
                    "content": "Bekijk het <a href=\"http://app5.nijmegen.nl/diensten/energiebesparende-maatregelen\" target=\"_blank\">complete overzicht van energiemaatregelen</a>",
                    "refreshOnChange": false,
                    "key": "overzichtVanEnergiemaatregelen",
                    "type": "content",
                    "input": false,
                    "tableView": false,
                    "html": "Bekijk het <a href=\"http://app5.nijmegen.nl/diensten/energiebesparende-maatregelen\" target=\"_blank\">complete overzicht van energiemaatregelen</a>"
                },
                {
                    "label": "Energiebesparende maatregelen",
                    "optionsLabelPosition": "right",
                    "tableView": false,
                    "values": [
                        {
                            "label": "energieadvies en -monitoring",
                            "value": "energieadviesEnMonitoring",
                            "shortcut": ""
                        },
                        {
                            "label": "isolatie",
                            "value": "isolatie",
                            "shortcut": ""
                        },
                        {
                            "label": "energie opwekken (bijvoorbeeld zonnepanelen of een windturbine plaatsen)",
                            "value": "energieOpwekken",
                            "shortcut": ""
                        },
                        {
                            "label": "verwarmen van uw woning (bijvoorbeeld een zonneboiler of warmtepompsysteem plaatsen)",
                            "value": "verwarmenVanUwWoning",
                            "shortcut": ""
                        },
                        {
                            "label": "warm water",
                            "value": "warmWater",
                            "shortcut": ""
                        },
                        {
                            "label": "ventilatie",
                            "value": "ventilatie",
                            "shortcut": ""
                        },
                        {
                            "label": "waterbesparing van klimaatadaptie (bijvoorbeeld een groendak, groene gevel plaatsen of het opvangen van regenwater op uw grond)",
                            "value": "waterbesparingVanKlimaatadaptie",
                            "shortcut": ""
                        }
                    ],
                    "validate": {
                        "required": true,
                        "onlyAvailableItems": false
                    },
                    "key": "energiebesparendeMaatregelen",
                    "type": "selectboxes",
                    "input": true,
                    "inputType": "checkbox"
                },
                {
                    "label": "Overzicht van levensloopbestendige maatregelen",
                    "attrs": [
                        {
                            "attr": "",
                            "value": ""
                        }
                    ],
                    "content": "Bekijk het <a href=\"http://app5.nijmegen.nl/diensten/levensloopbestendige-maatregelen\" target=\"_blank\">complete overzicht van levensloopbestendige maatregelen</a>",
                    "refreshOnChange": false,
                    "key": "overzichtVanLevensloopbestendigeMaatregelen",
                    "type": "content",
                    "input": false,
                    "tableView": false,
                    "html": "Bekijk het <a href=\"http://app5.nijmegen.nl/diensten/levensloopbestendige-maatregelen\" target=\"_blank\">complete overzicht van levensloopbestendige maatregelen</a>"
                },
                {
                    "label": "Levensloopbestendige maatregelen",
                    "optionsLabelPosition": "right",
                    "tableView": false,
                    "values": [
                        {
                            "label": "bouwkundige aanpassingen (Bijvoorbeeld slaapkamer en badkamer op de begane grond of deuren verbreden)",
                            "value": "bouwkundigeAanpassingen",
                            "shortcut": ""
                        },
                        {
                            "label": "toegankelijkheid (bijvoorbeeld drempels verlagen of wandbeugels plaatsen)",
                            "value": "toegankelijkheid",
                            "shortcut": ""
                        },
                        {
                            "label": "elektra/installaties",
                            "value": "elektraInstallaties",
                            "shortcut": ""
                        },
                        {
                            "label": "trap (bijvoorbeeld traplift of een tweede trapleuning plaatsen)",
                            "value": "trap",
                            "shortcut": ""
                        },
                        {
                            "label": "badkamer en toilet",
                            "value": "badkamerEnToilet",
                            "shortcut": ""
                        },
                        {
                            "label": "keuken",
                            "value": "keuken",
                            "shortcut": ""
                        },
                        {
                            "label": "automatiseren (domotica) (bijvoorbeeld het voorprogrammeren van een oven, openen van deuren via uw mobiele telefoon of ramen automatisch laten sluiten",
                            "value": "automatiserenDomotica",
                            "shortcut": ""
                        },
                        {
                            "label": "verlichting",
                            "value": "verlichting",
                            "shortcut": ""
                        },
                        {
                            "label": "beveiliging",
                            "value": "beveiliging",
                            "shortcut": ""
                        },
                        {
                            "label": "telecommunicatie (bijvoorbeeld een wandscherm of geluidbox plaatsen waarop u alles kunt zien en horen van televisie, radio, video, telefoon en/of computer)",
                            "value": "telecommunicatieBijvoorbeeldEenWandschermOfGeluidboxPlaatsenWaaropUAllesKuntZienEnHorenVanTelevisieRadioVideoTelefoonEnOfComputer",
                            "shortcut": ""
                        }
                    ],
                    "validate": {
                        "required": true,
                        "onlyAvailableItems": false
                    },
                    "key": "levensloopbestendigeMaatregelen1",
                    "type": "selectboxes",
                    "input": true,
                    "inputType": "checkbox"
                },
                {
                    "label": "Overige maatregelen",
                    "optionsLabelPosition": "right",
                    "tableView": false,
                    "values": [
                        {
                            "label": "asbest verwijderen door een gecertificeerd asbestsaneringsbedrijf (asbestsanering)",
                            "value": "asbestVerwijderen",
                            "shortcut": ""
                        },
                        {
                            "label": "sloop van bijgebouwen in slechte staat",
                            "value": "sloop",
                            "shortcut": ""
                        },
                        {
                            "label": "herstel van de fundering/basis waarop uw woning is gebouwd",
                            "value": "herstel",
                            "shortcut": ""
                        }
                    ],
                    "validate": {
                        "required": true,
                        "onlyAvailableItems": false
                    },
                    "key": "overigeMaatregelen1",
                    "type": "selectboxes",
                    "input": true,
                    "inputType": "checkbox"
                },
                {
                    "label": "Krijgt u voor (een van) deze maatregelen al subsidie of btw-teruggave?",
                    "optionsLabelPosition": "right",
                    "inline": false,
                    "tableView": false,
                    "values": [
                        {
                            "label": "ja",
                            "value": "ja",
                            "shortcut": ""
                        },
                        {
                            "label": "nee",
                            "value": "nee",
                            "shortcut": ""
                        }
                    ],
                    "validate": {
                        "required": true
                    },
                    "key": "krijgtUVoorEenVanDezeMaatregelenAlSubsidieOfBtwTeruggave",
                    "type": "radio",
                    "input": true
                },
                {
                    "label": "Beantwoord voor iedere maatregel waar u subsidie voor krijgt deze vragen:",
                    "reorder": false,
                    "addAnotherPosition": "bottom",
                    "layoutFixed": false,
                    "enableRowGroups": false,
                    "initEmpty": false,
                    "tableView": false,
                    "defaultValue": [
                        {}
                    ],
                    "validate": {
                        "required": true
                    },
                    "key": "beantwoordVoorIedereMaatregelWaarUSubsidieVoorKrijgtDezeVragen",
                    "type": "datagrid",
                    "input": true,
                    "components": [
                        {
                            "components": [
                                {
                                    "label": "Omschrijving maatregel",
                                    "tableView": true,
                                    "validate": {
                                        "required": true
                                    },
                                    "key": "omschrijvingMaatregel",
                                    "type": "textfield",
                                    "input": true,
                                    "prefill": {
                                        "plugin": "",
                                        "attribute": "",
                                        "identifierRole": "main"
                                    }
                                },
                                {
                                    "label": "Subsidiebedrag",
                                    "prefix": "€",
                                    "tableView": true,
                                    "validate": {
                                        "required": true,
                                        "pattern": "^\\d{0,7}(\\,\\d{0,2})?$",
                                        "customMessage": "Vul een bedrag in."
                                    },
                                    "key": "subsidiebedrag",
                                    "type": "textfield",
                                    "input": true,
                                    "prefill": {
                                        "plugin": "",
                                        "attribute": "",
                                        "identifierRole": "main"
                                    }
                                }
                            ],
                            "key": "fieldSet-1",
                            "type": "fieldset",
                            "label": "Field Set",
                            "tree": false,
                            "input": false,
                            "hidden": false,
                            "legend": "",
                            "prefix": "",
                            "suffix": "",
                            "unique": false,
                            "widget": null,
                            "dbIndex": false,
                            "overlay": {
                                "top": "",
                                "left": "",
                                "style": "",
                                "width": "",
                                "height": ""
                            },
                            "tooltip": "",
                            "disabled": false,
                            "multiple": false,
                            "redrawOn": "",
                            "tabindex": "",
                            "validate": {
                                "custom": "",
                                "unique": false,
                                "multiple": false,
                                "required": false,
                                "customPrivate": false,
                                "strictDateValidation": false
                            },
                            "autofocus": false,
                            "encrypted": false,
                            "hideLabel": false,
                            "modalEdit": false,
                            "protected": false,
                            "refreshOn": "",
                            "tableView": false,
                            "attributes": {},
                            "errorLabel": "",
                            "hideHeader": false,
                            "persistent": false,
                            "properties": {},
                            "validateOn": "change",
                            "clearOnHide": true,
                            "conditional": {
                                "eq": "",
                                "show": null,
                                "when": null
                            },
                            "customClass": "",
                            "description": "",
                            "placeholder": "",
                            "defaultValue": null,
                            "dataGridLabel": false,
                            "labelPosition": "top",
                            "showCharCount": false,
                            "showWordCount": false,
                            "calculateValue": "",
                            "calculateServer": false,
                            "allowMultipleMasks": false,
                            "customDefaultValue": "",
                            "allowCalculateOverride": false
                        }
                    ]
                },
                {
                    "label": "Wilt u de advies-afsluit en/of notariskosten  ook uit de lening betalen?",
                    "optionsLabelPosition": "right",
                    "inline": false,
                    "tableView": false,
                    "values": [
                        {
                            "label": "ja",
                            "value": "ja",
                            "shortcut": ""
                        },
                        {
                            "label": "nee",
                            "value": "nee",
                            "shortcut": ""
                        }
                    ],
                    "validate": {
                        "required": true
                    },
                    "key": "wiltUDeAdviesAfsluitEnOfNotariskostenOokUitDeLeningBetalen",
                    "customConditional": "show = false;\n\nvar b = data.welkeLeningWiltUAanvragen == 'hypothecaireLening' ? true:false;\nvar c = data.welkeLeningWiltUAanvragen == 'verzilverlening' ? true:false;\nvar d = data.welkeLeningWiltUAanvragen == 'maatwerklening' ? true:false;\n\nif (b || c || d){\n  show = true;\n} else{\n  show = false;\n}",
                    "type": "radio",
                    "input": true
                },
                {
                    "label": "Welke kosten wilt u uit de lening betalen?",
                    "optionsLabelPosition": "right",
                    "tableView": false,
                    "values": [
                        {
                            "label": "advieskosten",
                            "value": "advieskosten",
                            "shortcut": ""
                        },
                        {
                            "label": "afsluitkosten",
                            "value": "afsluitkosten",
                            "shortcut": ""
                        },
                        {
                            "label": "notariskosten",
                            "value": "notariskosten",
                            "shortcut": ""
                        }
                    ],
                    "validate": {
                        "required": true,
                        "onlyAvailableItems": false
                    },
                    "key": "kosten",
                    "type": "selectboxes",
                    "input": true,
                    "inputType": "checkbox"
                },
                {
                    "html": "<p>Aan het einde van het formulier moet u de offerte van de advieskosten uploaden.</p>",
                    "label": "Content",
                    "refreshOnChange": false,
                    "key": "content",
                    "type": "content",
                    "input": false,
                    "tableView": false
                },
                {
                    "label": "Bedrag afsluitkosten",
                    "prefix": "€",
                    "tableView": true,
                    "validate": {
                        "pattern": "^\\d{0,7}(\\,\\d{0,2})?$",
                        "customMessage": "Vul een bedrag in."
                    },
                    "key": "bedragAfsluitkosten",
                    "type": "textfield",
                    "input": true,
                    "prefill": {
                        "plugin": "",
                        "attribute": "",
                        "identifierRole": "main"
                    }
                },
                {
                    "html": "<p>Aan het einde van het formulier moet u de offerte van de notariskosten uploaden.</p>",
                    "label": "Content",
                    "refreshOnChange": false,
                    "key": "content1",
                    "type": "content",
                    "input": false,
                    "tableView": false
                },
                {
                    "label": "Datum planning start werk",
                    "placeholder": "dag-maand-jaar",
                    "tableView": false,
                    "enableMinDateInput": false,
                    "datePicker": {
                        "disableWeekends": false,
                        "disableWeekdays": false
                    },
                    "enableMaxDateInput": false,
                    "timePicker": {
                        "hourStep": "",
                        "minuteStep": "",
                        "showMeridian": false
                    },
                    "validate": {
                        "required": true
                    },
                    "key": "datumPlanningStartWerk",
                    "type": "datetime",
                    "input": true,
                    "widget": {
                        "type": "calendar",
                        "displayInTimezone": "viewer",
                        "locale": "nl",
                        "useLocaleSettings": false,
                        "allowInput": true,
                        "mode": "single",
                        "enableTime": false,
                        "noCalendar": false,
                        "format": "dd-MM-yyyy",
                        "time_24hr": true,
                        "minDate": null,
                        "disableWeekends": false,
                        "disableWeekdays": false,
                        "maxDate": null
                    }
                },
                {
                    "label": "Datum planning werk af",
                    "placeholder": "dag-maand-jaar",
                    "tableView": false,
                    "enableMinDateInput": false,
                    "datePicker": {
                        "disableWeekends": false,
                        "disableWeekdays": false
                    },
                    "enableMaxDateInput": false,
                    "timePicker": {
                        "hourStep": "",
                        "minuteStep": "",
                        "showMeridian": false
                    },
                    "validate": {
                        "required": true
                    },
                    "key": "datumPlanningWerkAf",
                    "type": "datetime",
                    "input": true,
                    "widget": {
                        "type": "calendar",
                        "displayInTimezone": "viewer",
                        "locale": "nl",
                        "useLocaleSettings": false,
                        "allowInput": true,
                        "mode": "single",
                        "enableTime": false,
                        "noCalendar": false,
                        "format": "dd-MM-yyyy",
                        "time_24hr": true,
                        "minDate": null,
                        "disableWeekends": false,
                        "disableWeekdays": false,
                        "maxDate": null
                    }
                },
                {
                    "label": "Heeft u voor uw bouwactiviteiten een vergunning nodig?",
                    "optionsLabelPosition": "right",
                    "inline": false,
                    "tableView": false,
                    "values": [
                        {
                            "label": "ja",
                            "value": "ja",
                            "shortcut": ""
                        },
                        {
                            "label": "nee",
                            "value": "nee",
                            "shortcut": ""
                        }
                    ],
                    "validate": {
                        "required": true
                    },
                    "key": "heeftUVoorUwBouwactiviteitenEenVergunningNodig",
                    "type": "radio",
                    "input": true
                },
                {
                    "html": "<p>U kunt deze lening alleen aanvragen als u de vergunning heeft. Aan het einde van dit formulier moet u de vergunning uploaden.</p>",
                    "label": "Content",
                    "refreshOnChange": false,
                    "key": "content2",
                    "type": "content",
                    "input": false,
                    "tableView": false
                },
                {
                    "label": "Columns",
                    "columns": [
                        {
                            "components": [],
                            "width": 3,
                            "offset": 0,
                            "push": 0,
                            "pull": 0,
                            "size": "sm",
                            "currentWidth": 3
                        },
                        {
                            "components": [],
                            "width": 6,
                            "offset": 0,
                            "push": 0,
                            "pull": 0,
                            "size": "md",
                            "currentWidth": 6
                        }
                    ],
                    "key": "columns3",
                    "type": "columns",
                    "input": false,
                    "tableView": false
                }
            ]
        }
    },
    {
        "url": "http://localhost/api/v2/form-definitions/19b74198-37c0-4925-af70-0b4befb5d5fc",
        "uuid": "19b74198-37c0-4925-af70-0b4befb5d5fc",
        "name": "Bijlage(n)",
        "slug": "bijlagen",
        "configuration": {
            "display": "form",
            "components": [
                {
                    "label": "Toevoegen",
                    "description": "Toegestaan zijn .jpg, .png, .jpeg of .pdf documenten die niet groter zijn dan 20MB.",
                    "tableView": false,
                    "storage": "url",
                    "webcam": false,
                    "fileTypes": [
                        {
                            "label": "",
                            "value": ""
                        }
                    ],
                    "filePattern": ".jpg,.png,.jpeg,.pdf",
                    "fileMinSize": "1KB",
                    "fileMaxSize": "20MB",
                    "multiple": true,
                    "validate": {
                        "required": true,
                        "customMessage": "U moet een bijlage(n) meesturen."
                    },
                    "key": "toevoegen",
                    "type": "file",
                    "url": "/cloud/s3",
                    "input": true
                },
                {
                    "html": "<p>Ik heb deze bijlage(n) toegevoegd:</p>",
                    "label": "Content",
                    "refreshOnChange": false,
                    "key": "content4",
                    "type": "content",
                    "input": false,
                    "tableView": false
                },
                {
                    "label": "Offerte(s) en prijsopgave(n)",
                    "tableView": false,
                    "defaultValue": false,
                    "validate": {
                        "required": true
                    },
                    "key": "offerteSEnPrijsopgaveN",
                    "type": "checkbox",
                    "input": true
                },
                {
                    "label": "Offerte advieskosten",
                    "tableView": false,
                    "validate": {
                        "required": true
                    },
                    "key": "offerteAdvieskosten",
                    "type": "checkbox",
                    "input": true,
                    "defaultValue": false
                },
                {
                    "label": "Offerte notariskosten",
                    "tableView": false,
                    "validate": {
                        "required": true
                    },
                    "key": "offerteNotariskosten",
                    "type": "checkbox",
                    "input": true,
                    "defaultValue": false
                },
                {
                    "label": "Bouwvergunning",
                    "tableView": false,
                    "defaultValue": false,
                    "validate": {
                        "required": true
                    },
                    "key": "bouwvergunning",
                    "type": "checkbox",
                    "input": true
                },
                {
                    "label": "Columns",
                    "columns": [
                        {
                            "components": [],
                            "width": 3,
                            "offset": 0,
                            "push": 0,
                            "pull": 0,
                            "size": "sm",
                            "currentWidth": 3
                        },
                        {
                            "components": [],
                            "width": 6,
                            "offset": 0,
                            "push": 0,
                            "pull": 0,
                            "size": "md",
                            "currentWidth": 6
                        }
                    ],
                    "key": "columns5",
                    "type": "columns",
                    "input": false,
                    "tableView": false
                }
            ]
        }
    },
    {
        "url": "http://localhost/api/v2/form-definitions/106bdfec-4c31-4976-ae37-745ed0758e16",
        "uuid": "106bdfec-4c31-4976-ae37-745ed0758e16",
        "name": "Contactgegevens",
        "slug": "contactgegevens",
        "configuration": {
            "display": "form",
            "components": [
                {
                    "components": [
                        {
                            "label": "Naam",
                            "customClass": "naamingelogdegebruikerfieldnonhidden nonhiddenfield",
                            "tableView": true,
                            "persistent": false,
                            "key": "naamIngelogdeGebruiker",
                            "type": "textfield",
                            "input": true,
                            "prefill": {
                                "plugin": "haalcentraal",
                                "attribute": "verblijfplaats.huisnummer",
                                "identifierRole": "main"
                            }
                        },
                        {
                            "label": "Straatnaam",
                            "customClass": "straatnaamfieldnonhidden nonhiddenfield",
                            "tableView": true,
                            "persistent": false,
                            "key": "straatnaam",
                            "type": "textfield",
                            "input": true,
                            "prefill": {
                                "plugin": "haalcentraal",
                                "attribute": "verblijfplaats.woonplaats",
                                "identifierRole": "main"
                            }
                        },
                        {
                            "label": "Huisnummer",
                            "customClass": "huisnummerfieldnonhidden nonhiddenfield",
                            "tableView": true,
                            "persistent": false,
                            "key": "huisnummerfield",
                            "type": "textfield",
                            "input": true,
                            "prefill": {
                                "plugin": "haalcentraal",
                                "attribute": "verblijfplaats.huisnummer",
                                "identifierRole": "main"
                            }
                        },
                        {
                            "label": "Postcode",
                            "customClass": "postcodefieldnonhidden nonhiddenfield",
                            "tableView": true,
                            "persistent": false,
                            "key": "postcode",
                            "type": "textfield",
                            "input": true,
                            "prefill": {
                                "plugin": "haalcentraal",
                                "attribute": "verblijfplaats.huisnummer",
                                "identifierRole": "main"
                            }
                        },
                        {
                            "label": "Woonplaats",
                            "customClass": "woonplaatsfieldnonhidden nonhiddenfield",
                            "tableView": true,
                            "persistent": false,
                            "key": "woonplaats",
                            "type": "textfield",
                            "input": true,
                            "prefill": {
                                "plugin": "haalcentraal",
                                "attribute": "verblijfplaats.huisnummer",
                                "identifierRole": "main"
                            }
                        }
                    ],
                    "key": "fieldSet",
                    "type": "fieldset",
                    "label": "Field Set",
                    "tree": false,
                    "input": false,
                    "hidden": false,
                    "legend": "",
                    "prefix": "",
                    "suffix": "",
                    "unique": false,
                    "widget": null,
                    "dbIndex": false,
                    "overlay": {
                        "top": "",
                        "left": "",
                        "style": "",
                        "width": "",
                        "height": ""
                    },
                    "tooltip": "",
                    "disabled": false,
                    "multiple": false,
                    "redrawOn": "",
                    "tabindex": "",
                    "validate": {
                        "custom": "",
                        "unique": false,
                        "multiple": false,
                        "required": false,
                        "customPrivate": false,
                        "strictDateValidation": false
                    },
                    "autofocus": false,
                    "encrypted": false,
                    "hideLabel": false,
                    "modalEdit": false,
                    "protected": false,
                    "refreshOn": "",
                    "tableView": false,
                    "attributes": {},
                    "errorLabel": "",
                    "hideHeader": false,
                    "persistent": false,
                    "properties": {},
                    "validateOn": "change",
                    "clearOnHide": true,
                    "customClass": "",
                    "description": "",
                    "placeholder": "",
                    "defaultValue": null,
                    "dataGridLabel": false,
                    "labelPosition": "top",
                    "showCharCount": false,
                    "showWordCount": false,
                    "calculateValue": "",
                    "calculateServer": false,
                    "allowMultipleMasks": false,
                    "customDefaultValue": "",
                    "allowCalculateOverride": false,
                    "originalFormName": "nonhiddenfieldsform1"
                },
                {
                    "label": "E-mailadres",
                    "autocomplete": "email",
                    "tableView": true,
                    "validateOn": "blur",
                    "validate": {
                        "required": true
                    },
                    "key": "eMailadres",
                    "type": "email",
                    "input": true
                },
                {
                    "label": "Telefoonnummer",
                    "autocomplete": "tel",
                    "tableView": true,
                    "validate": {
                        "required": true
                    },
                    "key": "telefoonnummer",
                    "type": "textfield",
                    "input": true,
                    "prefill": {
                        "plugin": "",
                        "attribute": "",
                        "identifierRole": "main"
                    }
                },
                {
                    "label": "Columns",
                    "columns": [
                        {
                            "components": [],
                            "width": 3,
                            "offset": 0,
                            "push": 0,
                            "pull": 0,
                            "size": "sm",
                            "currentWidth": 3
                        },
                        {
                            "components": [],
                            "width": 6,
                            "offset": 0,
                            "push": 0,
                            "pull": 0,
                            "size": "md",
                            "currentWidth": 6
                        }
                    ],
                    "key": "columns",
                    "type": "columns",
                    "input": false,
                    "tableView": false
                }
            ]
        }
    }
]