[
    {
        "uuid": "c9dfa265-813a-4535-9df7-b4c59e7e1a50",
        "name": "Lening toekomstbestendig wonen aanvragen",
        "internal_name": "",
        "login_required": false,
        "authentication_backends": [],
        "slug": "leningtoekomstbestendigwonenaanvragen",
        "url": "http://localhost/api/v2/forms/c9dfa265-813a-4535-9df7-b4c59e7e1a50",
        "show_progress_indicator": true,
        "maintenance_mode": false,
        "active": true,
        "is_deleted": false,
        "suspension_allowed": true,
        "send_confirmation_email": true,
        "display_main_website_link": true,
        "required_fields_with_asterisk": true,
        "resume_link_lifetime": 7,
        "hide_non_applicable_steps": true
    }
]