[
    {
        "uuid": "f1b370db-ff81-4260-84bc-d9b269cfbafe",
        "name": "Subsidie meerjarige culturele programma's aanvrag",
        "internal_name": "",
        "login_required": false,
        "authentication_backends": [],
        "slug": "subsidiemeerjarigecultureleprogramma",
        "url": "http://localhost/api/v2/forms/f1b370db-ff81-4260-84bc-d9b269cfbafe",
        "show_progress_indicator": true,
        "maintenance_mode": false,
        "active": true,
        "is_deleted": false,
        "suspension_allowed": true,
        "send_confirmation_email": true,
        "display_main_website_link": true,
        "required_fields_with_asterisk": true,
        "resume_link_lifetime": 7,
        "hide_non_applicable_steps": true
    }
]