[
    {
        "url": "http://localhost/api/v2/form-definitions/cb6bdc68-42e2-428b-8d59-431baf2c2e0f",
        "uuid": "cb6bdc68-42e2-428b-8d59-431baf2c2e0f",
        "name": "Subsidie",
        "slug": "subsidie",
        "configuration": {
            "display": "form",
            "components": [
                {
                    "label": "Vraagt u voor het eerst subsidie aan bij de gemeente Nijmegen?",
                    "optionsLabelPosition": "right",
                    "inline": false,
                    "tableView": false,
                    "values": [
                        {
                            "label": "ja",
                            "value": "ja",
                            "shortcut": ""
                        },
                        {
                            "label": "nee",
                            "value": "nee",
                            "shortcut": ""
                        }
                    ],
                    "customDefaultValue": "component.label = 'Vraagt u voor het eerst subsidie aan bij de gemeente Nijmegen? Kan hij hier niet overschrijven? ' + formt.title;",
                    "validate": {
                        "required": true
                    },
                    "key": "vraagtUVoorHetEerstSubsidieAanBijDeGemeenteNijmegen",
                    "type": "radio",
                    "input": true
                },
                {
                    "label": "In welk jaar heeft u eerder een aanvraag gedaan? Hier kan ik hem wel overschrijven Subsidie meerjarige culturele programma's aanvragen",
                    "tableView": true,
                    "customDefaultValue": "component.label = 'In welk jaar heeft u eerder een aanvraag gedaan? Hier kan ik hem wel overschrijven ' + form.title;",
                    "validate": {
                        "required": true,
                        "maxLength": 4,
                        "pattern": "^[0-9]*$",
                        "customMessage": "Vul een jaartal in."
                    },
                    "key": "inWelkJaarHeeftUEerderEenAanvraagGedaan",
                    "type": "textfield",
                    "input": true,
                    "prefill": {
                        "plugin": "",
                        "attribute": "",
                        "identifierRole": "main"
                    }
                },
                {
                    "label": "Naam van het programma waar u subsidie voor aanvraagt",
                    "tableView": true,
                    "validate": {
                        "required": true
                    },
                    "key": "naamVanHetProgrammaWaarUSubsidieVoorAanvraagt",
                    "type": "textfield",
                    "input": true,
                    "prefill": {
                        "plugin": "",
                        "attribute": "",
                        "identifierRole": "main"
                    }
                },
                {
                    "label": "Voor welk onderdeel vraagt u subsidie aan?",
                    "optionsLabelPosition": "right",
                    "tableView": false,
                    "values": [
                        {
                            "label": "beeldende kunst",
                            "value": "beeldendeKunst",
                            "shortcut": ""
                        },
                        {
                            "label": "film & media",
                            "value": "filmMedia",
                            "shortcut": ""
                        },
                        {
                            "label": "literatuur",
                            "value": "literatuur",
                            "shortcut": ""
                        },
                        {
                            "label": "muziek",
                            "value": "muziek",
                            "shortcut": ""
                        },
                        {
                            "label": "theater en dans",
                            "value": "theaterEnDans",
                            "shortcut": ""
                        },
                        {
                            "label": "anders",
                            "value": "anders",
                            "shortcut": ""
                        }
                    ],
                    "validate": {
                        "required": true,
                        "onlyAvailableItems": false
                    },
                    "key": "voorWelkOnderdeelVraagtUSubsidieAan",
                    "type": "selectboxes",
                    "input": true,
                    "inputType": "checkbox"
                },
                {
                    "label": "Waarvoor dan?",
                    "tableView": true,
                    "validate": {
                        "required": true
                    },
                    "key": "waarvoorDan",
                    "type": "textfield",
                    "input": true,
                    "prefill": {
                        "plugin": "",
                        "attribute": "",
                        "identifierRole": "main"
                    }
                },
                {
                    "label": "Heeft u dit programma eerder georganiseerd?",
                    "optionsLabelPosition": "right",
                    "inline": false,
                    "tableView": false,
                    "values": [
                        {
                            "label": "ja",
                            "value": "ja",
                            "shortcut": ""
                        },
                        {
                            "label": "nee",
                            "value": "nee",
                            "shortcut": ""
                        }
                    ],
                    "validate": {
                        "required": true
                    },
                    "key": "heeftUDitProgrammaEerderGeorganiseerd",
                    "type": "radio",
                    "input": true
                },
                {
                    "label": "Vertel in het kort over uw programma in de afgelopen jaren. Geef ook bijzondere punten aan, bijvoorbeeld als er bijzondere activiteiten of aantal bezoekers zijn geweest. ",
                    "tableView": true,
                    "inputFormat": "plain",
                    "validate": {
                        "required": true
                    },
                    "key": "vertelInHetKortOverUwProgrammaInDeAfgelopenJarenGeefOokBijzonderePuntenAanBijvoorbeeldAlsErBijzondereActiviteitenOfAantalBezoekersZijnGeweest",
                    "type": "textarea",
                    "input": true,
                    "autoExpand": false
                },
                {
                    "label": "Vraagt u voor 2 of voor 4 jaar subsidie aan?",
                    "optionsLabelPosition": "right",
                    "inline": false,
                    "tableView": false,
                    "values": [
                        {
                            "label": "2 jaar",
                            "value": "2Jaar",
                            "shortcut": ""
                        },
                        {
                            "label": "4 jaar",
                            "value": "4Jaar",
                            "shortcut": ""
                        }
                    ],
                    "validate": {
                        "required": true
                    },
                    "key": "vraagtUVoor2OfVoor4JaarSubsidieAan",
                    "type": "radio",
                    "input": true
                },
                {
                    "label": "Waarom is een subsidie voor 4 jaar nodig?",
                    "tableView": true,
                    "validate": {
                        "required": true
                    },
                    "key": "waaromIsEenSubsidieVoor4JaarNodig",
                    "type": "textfield",
                    "input": true,
                    "prefill": {
                        "plugin": "",
                        "attribute": "",
                        "identifierRole": "main"
                    }
                },
                {
                    "label": "Wat is het doel van het programma?",
                    "description": "max. 2500 tekens",
                    "tableView": true,
                    "inputFormat": "plain",
                    "validate": {
                        "required": true,
                        "maxLength": 2500
                    },
                    "key": "watIsHetDoelVanHetProgramma",
                    "customConditional": "show = data.vraagtUVoor2OfVoor4JaarSubsidieAan && data.vraagtUVoor2OfVoor4JaarSubsidieAan.length > 0;",
                    "type": "textarea",
                    "input": true,
                    "autoExpand": false
                },
                {
                    "label": "Wie wilt u bereiken met het programma (doelgroep)?",
                    "description": "max. 2500 tekens",
                    "tableView": true,
                    "inputFormat": "plain",
                    "validate": {
                        "required": true,
                        "maxLength": 2500
                    },
                    "key": "wieWiltUBereikenMetHetProgrammaDoelgroep",
                    "customConditional": "show = data.vraagtUVoor2OfVoor4JaarSubsidieAan && data.vraagtUVoor2OfVoor4JaarSubsidieAan.length > 0;",
                    "type": "textarea",
                    "input": true,
                    "autoExpand": false
                },
                {
                    "label": "Welke activiteiten gaat u organiseren? Beantwoord per activiteit deze vragen:",
                    "reorder": false,
                    "addAnother": "Toevoegen",
                    "addAnotherPosition": "bottom",
                    "layoutFixed": false,
                    "enableRowGroups": false,
                    "initEmpty": false,
                    "tableView": false,
                    "defaultValue": [
                        {
                            "container": {
                                "activiteit": "",
                                "verwachtAantalBezoekers": ""
                            }
                        }
                    ],
                    "validate": {
                        "required": true
                    },
                    "key": "welkeActiviteitenGaatUOrganiserenBeantwoordPerActiviteitDezeVragen",
                    "customConditional": "show = data.vraagtUVoor2OfVoor4JaarSubsidieAan && data.vraagtUVoor2OfVoor4JaarSubsidieAan.length > 0;",
                    "type": "datagrid",
                    "input": true,
                    "components": [
                        {
                            "components": [
                                {
                                    "label": "Activiteit",
                                    "tableView": true,
                                    "validate": {
                                        "required": true
                                    },
                                    "key": "activiteit",
                                    "type": "textfield",
                                    "input": true,
                                    "prefill": {
                                        "plugin": "",
                                        "attribute": "",
                                        "identifierRole": "main"
                                    }
                                },
                                {
                                    "label": "Verwacht aantal bezoekers",
                                    "tableView": true,
                                    "validate": {
                                        "required": true,
                                        "pattern": "^[0-9]*$",
                                        "customMessage": "Vul het aantal bezoekers in.."
                                    },
                                    "key": "verwachtAantalBezoekers",
                                    "type": "textfield",
                                    "input": true,
                                    "prefill": {
                                        "plugin": "",
                                        "attribute": "",
                                        "identifierRole": "main"
                                    }
                                }
                            ],
                            "key": "fieldSet-1-2-3-4-5-6-7",
                            "type": "fieldset",
                            "label": "Field Set",
                            "tree": false,
                            "input": false,
                            "hidden": false,
                            "legend": "",
                            "prefix": "",
                            "suffix": "",
                            "unique": false,
                            "widget": null,
                            "dbIndex": false,
                            "overlay": {
                                "top": "",
                                "left": "",
                                "style": "",
                                "width": "",
                                "height": ""
                            },
                            "tooltip": "",
                            "disabled": false,
                            "multiple": false,
                            "redrawOn": "",
                            "tabindex": "",
                            "validate": {
                                "custom": "",
                                "unique": false,
                                "multiple": false,
                                "required": false,
                                "customPrivate": false,
                                "strictDateValidation": false
                            },
                            "autofocus": false,
                            "encrypted": false,
                            "hideLabel": false,
                            "modalEdit": false,
                            "protected": false,
                            "refreshOn": "",
                            "tableView": false,
                            "attributes": {},
                            "errorLabel": "",
                            "hideHeader": false,
                            "persistent": false,
                            "properties": {},
                            "validateOn": "change",
                            "clearOnHide": true,
                            "conditional": {
                                "eq": "",
                                "show": null,
                                "when": null
                            },
                            "customClass": "",
                            "description": "",
                            "placeholder": "",
                            "defaultValue": null,
                            "dataGridLabel": false,
                            "labelPosition": "top",
                            "showCharCount": false,
                            "showWordCount": false,
                            "calculateValue": "",
                            "calculateServer": false,
                            "allowMultipleMasks": false,
                            "customDefaultValue": "",
                            "allowCalculateOverride": false
                        }
                    ]
                },
                {
                    "label": "Beantwoord per jaar deze vragen:",
                    "reorder": false,
                    "addAnother": "Toevoegen",
                    "addAnotherPosition": "bottom",
                    "layoutFixed": false,
                    "enableRowGroups": false,
                    "initEmpty": false,
                    "tableView": false,
                    "defaultValue": [
                        {
                            "container": {
                                "textfieldNijmegen": "",
                                "jaar": "",
                                "watZijnDeTotaleKostenVanHetProgrammaVoorDitJaar": "",
                                "hoeveelSubsidieWiltUVoorDitJaarOntvangen": ""
                            }
                        }
                    ],
                    "validate": {
                        "required": true,
                        "minLength": "2",
                        "maxLength": "2"
                    },
                    "key": "beantwoordPerJaarDezeVragen2",
                    "type": "datagrid",
                    "input": true,
                    "components": [
                        {
                            "components": [
                                {
                                    "label": "Jaar",
                                    "tableView": true,
                                    "validate": {
                                        "required": true,
                                        "pattern": "^[0-9]*$",
                                        "customMessage": "Vul een jaartal in."
                                    },
                                    "key": "jaar-1",
                                    "type": "textfield",
                                    "input": true,
                                    "prefill": {
                                        "plugin": "",
                                        "attribute": "",
                                        "identifierRole": "main"
                                    }
                                },
                                {
                                    "label": "Wat zijn de totale kosten van het programma voor dit jaar? ",
                                    "prefix": "€",
                                    "tableView": true,
                                    "validate": {
                                        "required": true,
                                        "pattern": "^\\d{0,7}(\\,\\d{0,2})?$",
                                        "customMessage": "Vul een bedrag in."
                                    },
                                    "key": "watZijnDeTotaleKostenVanHetProgrammaVoorDitJaar-1",
                                    "type": "textfield",
                                    "input": true,
                                    "prefill": {
                                        "plugin": "",
                                        "attribute": "",
                                        "identifierRole": "main"
                                    }
                                },
                                {
                                    "html": "<p>Aan het einde van dit formulier moet u een overzicht van de inkomsten en kosten (begroting) uploaden.</p>",
                                    "label": "Content",
                                    "refreshOnChange": false,
                                    "key": "content-1-2",
                                    "type": "content",
                                    "input": false,
                                    "tableView": false
                                },
                                {
                                    "label": "Hoeveel subsidie wilt u voor dit jaar ontvangen?",
                                    "description": " U kunt maximaal voor 60% van de kosten subsidie aanvragen.",
                                    "prefix": "€",
                                    "tableView": true,
                                    "validate": {
                                        "required": true,
                                        "pattern": "^\\d{0,7}(\\,\\d{0,2})?$",
                                        "customMessage": "Vul een bedrag in."
                                    },
                                    "key": "hoeveelSubsidieWiltUVoorDitJaarOntvangen-1",
                                    "type": "textfield",
                                    "input": true,
                                    "prefill": {
                                        "plugin": "",
                                        "attribute": "",
                                        "identifierRole": "main"
                                    }
                                }
                            ],
                            "key": "fieldSet-1-2-3-4-5-6",
                            "type": "fieldset",
                            "label": "Field Set",
                            "tree": false,
                            "input": false,
                            "hidden": false,
                            "legend": "",
                            "prefix": "",
                            "suffix": "",
                            "unique": false,
                            "widget": null,
                            "dbIndex": false,
                            "overlay": {
                                "top": "",
                                "left": "",
                                "style": "",
                                "width": "",
                                "height": ""
                            },
                            "tooltip": "",
                            "disabled": false,
                            "multiple": false,
                            "redrawOn": "",
                            "tabindex": "",
                            "validate": {
                                "custom": "",
                                "unique": false,
                                "multiple": false,
                                "required": false,
                                "customPrivate": false,
                                "strictDateValidation": false
                            },
                            "autofocus": false,
                            "encrypted": false,
                            "hideLabel": false,
                            "modalEdit": false,
                            "protected": false,
                            "refreshOn": "",
                            "tableView": false,
                            "attributes": {},
                            "errorLabel": "",
                            "hideHeader": false,
                            "persistent": false,
                            "properties": {},
                            "validateOn": "change",
                            "clearOnHide": true,
                            "conditional": {
                                "eq": "",
                                "show": null,
                                "when": null
                            },
                            "customClass": "",
                            "description": "",
                            "placeholder": "",
                            "defaultValue": null,
                            "dataGridLabel": false,
                            "labelPosition": "top",
                            "showCharCount": false,
                            "showWordCount": false,
                            "calculateValue": "",
                            "calculateServer": false,
                            "allowMultipleMasks": false,
                            "customDefaultValue": "",
                            "allowCalculateOverride": false
                        }
                    ]
                },
                {
                    "label": "Beantwoord per jaar deze vragen:",
                    "reorder": false,
                    "addAnother": "Toevoegen",
                    "addAnotherPosition": "bottom",
                    "layoutFixed": false,
                    "enableRowGroups": false,
                    "initEmpty": false,
                    "tableView": false,
                    "defaultValue": [
                        {
                            "container": {
                                "textfieldNijmegen": "",
                                "jaar": "",
                                "watZijnDeTotaleKostenVanHetProgrammaVoorDitJaar": "",
                                "hoeveelSubsidieWiltUVoorDitJaarOntvangen": ""
                            }
                        }
                    ],
                    "validate": {
                        "required": true,
                        "minLength": "4",
                        "maxLength": "4"
                    },
                    "key": "beantwoordPerJaarDezeVragen4",
                    "type": "datagrid",
                    "input": true,
                    "components": [
                        {
                            "components": [
                                {
                                    "label": "Jaar",
                                    "tableView": true,
                                    "validate": {
                                        "required": true,
                                        "pattern": "^[0-9]*$",
                                        "customMessage": "Vul een jaartal in."
                                    },
                                    "key": "jaar",
                                    "type": "textfield",
                                    "input": true,
                                    "prefill": {
                                        "plugin": "",
                                        "attribute": "",
                                        "identifierRole": "main"
                                    }
                                },
                                {
                                    "label": "Wat zijn de totale kosten van het programma voor dit jaar? ",
                                    "prefix": "€",
                                    "tableView": true,
                                    "validate": {
                                        "required": true,
                                        "pattern": "^\\d{0,7}(\\,\\d{0,2})?$",
                                        "customMessage": "Vul een bedrag in."
                                    },
                                    "key": "watZijnDeTotaleKostenVanHetProgrammaVoorDitJaar",
                                    "type": "textfield",
                                    "input": true,
                                    "prefill": {
                                        "plugin": "",
                                        "attribute": "",
                                        "identifierRole": "main"
                                    }
                                },
                                {
                                    "html": "<p>Aan het einde van dit formulier moet u een overzicht van de inkomsten en kosten (begroting) uploaden.</p>",
                                    "label": "Content",
                                    "refreshOnChange": false,
                                    "key": "content-1",
                                    "type": "content",
                                    "input": false,
                                    "tableView": false
                                },
                                {
                                    "label": "Hoeveel subsidie wilt u voor dit jaar ontvangen?",
                                    "description": " U kunt maximaal voor 60% van de kosten subsidie aanvragen.",
                                    "prefix": "€",
                                    "tableView": true,
                                    "validate": {
                                        "required": true,
                                        "pattern": "^\\d{0,7}(\\,\\d{0,2})?$",
                                        "customMessage": "Vul een bedrag in."
                                    },
                                    "key": "hoeveelSubsidieWiltUVoorDitJaarOntvangen",
                                    "type": "textfield",
                                    "input": true,
                                    "prefill": {
                                        "plugin": "",
                                        "attribute": "",
                                        "identifierRole": "main"
                                    }
                                }
                            ],
                            "key": "fieldSet-1-2-3-4-5",
                            "type": "fieldset",
                            "label": "Field Set",
                            "tree": false,
                            "input": false,
                            "hidden": false,
                            "legend": "",
                            "prefix": "",
                            "suffix": "",
                            "unique": false,
                            "widget": null,
                            "dbIndex": false,
                            "overlay": {
                                "top": "",
                                "left": "",
                                "style": "",
                                "width": "",
                                "height": ""
                            },
                            "tooltip": "",
                            "disabled": false,
                            "multiple": false,
                            "redrawOn": "",
                            "tabindex": "",
                            "validate": {
                                "custom": "",
                                "unique": false,
                                "multiple": false,
                                "required": false,
                                "customPrivate": false,
                                "strictDateValidation": false
                            },
                            "autofocus": false,
                            "encrypted": false,
                            "hideLabel": false,
                            "modalEdit": false,
                            "protected": false,
                            "refreshOn": "",
                            "tableView": false,
                            "attributes": {},
                            "errorLabel": "",
                            "hideHeader": false,
                            "persistent": false,
                            "properties": {},
                            "validateOn": "change",
                            "clearOnHide": true,
                            "conditional": {
                                "eq": "",
                                "show": null,
                                "when": null
                            },
                            "customClass": "",
                            "description": "",
                            "placeholder": "",
                            "defaultValue": null,
                            "dataGridLabel": false,
                            "labelPosition": "top",
                            "showCharCount": false,
                            "showWordCount": false,
                            "calculateValue": "",
                            "calculateServer": false,
                            "allowMultipleMasks": false,
                            "customDefaultValue": "",
                            "allowCalculateOverride": false
                        }
                    ]
                },
                {
                    "label": "Heeft u ook bij andere organisaties of fondsen een vergoeding gevraagd voor dit programma?",
                    "optionsLabelPosition": "right",
                    "inline": false,
                    "tableView": false,
                    "values": [
                        {
                            "label": "ja",
                            "value": "ja",
                            "shortcut": ""
                        },
                        {
                            "label": "nee",
                            "value": "nee",
                            "shortcut": ""
                        }
                    ],
                    "validate": {
                        "required": true
                    },
                    "key": "heeftUOokBijAndereOrganisatiesOfFondsenEenVergoedingGevraagdVoorDitProgramma",
                    "customConditional": "show = data.vraagtUVoor2OfVoor4JaarSubsidieAan && data.vraagtUVoor2OfVoor4JaarSubsidieAan.length > 0;",
                    "type": "radio",
                    "input": true
                },
                {
                    "label": "Bij welke organisaties of fondsen?",
                    "tableView": true,
                    "inputFormat": "plain",
                    "validate": {
                        "required": true
                    },
                    "key": "bijWelkeOrganisatiesOfFondsen",
                    "type": "textarea",
                    "input": true,
                    "autoExpand": false
                },
                {
                    "label": "Columns",
                    "columns": [
                        {
                            "components": [],
                            "width": 3,
                            "offset": 0,
                            "push": 0,
                            "pull": 0,
                            "size": "sm",
                            "currentWidth": 3
                        },
                        {
                            "components": [],
                            "width": 3,
                            "offset": 0,
                            "push": 0,
                            "pull": 0,
                            "size": "sm",
                            "currentWidth": 3
                        }
                    ],
                    "key": "columns2",
                    "type": "columns",
                    "input": false,
                    "tableView": false
                }
            ]
        }
    },
    {
        "url": "http://localhost/api/v2/form-definitions/245d25ce-f319-442b-926a-61c3dde81d47",
        "uuid": "245d25ce-f319-442b-926a-61c3dde81d47",
        "name": "Codes",
        "slug": "codes",
        "configuration": {
            "display": "form",
            "components": [
                {
                    "label": "Leg uit hoe u de Governance Code Cultuur gebruikt in beleid, bij het schatten van inkomsten en kosten (begroting) en/of in het dagelijks werk. Als het nog niet gelukt is om de code te gebruiken leg dan uit waarom het nog niet gelukt is. Leg uit wat uw toekomstplannen zijn met deze code. ",
                    "description": "max. 2500 tekens",
                    "tableView": true,
                    "inputFormat": "plain",
                    "validate": {
                        "required": true,
                        "maxLength": 2500
                    },
                    "key": "legUitHoeUDeGovernanceCodeCultuurGebruiktInBeleid",
                    "type": "textarea",
                    "input": true,
                    "autoExpand": false
                },
                {
                    "label": "Leg uit hoe u de Code Diversiteit & Inclusie gebruikt in beleid, bij het schatten van inkomsten en kosten (begroting) en/of in het dagelijks werk. Als het nog niet gelukt is om de code te gebruiken leg dan uit waarom het nog niet gelukt is. Leg uit wat uw toekomstplannen zijn met deze code.",
                    "description": "max. 2500 tekens",
                    "tableView": true,
                    "inputFormat": "plain",
                    "validate": {
                        "required": true,
                        "maxLength": 2500
                    },
                    "key": "legUitHoeUDeCodeDiversiteitInclusieGebruiktInBeleid",
                    "type": "textarea",
                    "input": true,
                    "autoExpand": false
                },
                {
                    "label": "Leg uit hoe u de Fair Practice Code gebruikt in beleid, bij het schatten van inkomsten en kosten (begroting) en/of in het dagelijks werk. Als het nog niet gelukt is om de code te gebruiken leg dan uit waarom het nog niet gelukt is. Leg uit wat uw toekomstplannen zijn met deze code.",
                    "description": "max. 2500 tekens",
                    "tableView": true,
                    "inputFormat": "plain",
                    "validate": {
                        "required": true,
                        "maxLength": 2500
                    },
                    "key": "legUitHoeUDeFairPracticeCodeGebruiktInBeleid",
                    "type": "textarea",
                    "input": true,
                    "autoExpand": false
                },
                {
                    "label": "Columns",
                    "columns": [
                        {
                            "components": [],
                            "width": 3,
                            "offset": 0,
                            "push": 0,
                            "pull": 0,
                            "size": "sm",
                            "currentWidth": 3
                        },
                        {
                            "components": [],
                            "width": 3,
                            "offset": 0,
                            "push": 0,
                            "pull": 0,
                            "size": "sm",
                            "currentWidth": 3
                        }
                    ],
                    "key": "columns5",
                    "type": "columns",
                    "input": false,
                    "tableView": false
                }
            ]
        }
    },
    {
        "url": "http://localhost/api/v2/form-definitions/e0954712-072e-4142-b719-43a2d3801198",
        "uuid": "e0954712-072e-4142-b719-43a2d3801198",
        "name": "IBAN",
        "slug": "iban",
        "configuration": {
            "display": "form",
            "components": [
                {
                    "label": "IBAN waarop de subsidie mag komen",
                    "inputMask": "AA99AAAA9999999999",
                    "tableView": true,
                    "validateOn": "blur",
                    "validate": {
                        "required": true,
                        "customMessage": "Vul een geldig IBAN in."
                    },
                    "key": "ibanWaaropDeSubsidieMagKomen",
                    "type": "textfield",
                    "input": true,
                    "prefill": {
                        "plugin": "",
                        "attribute": "",
                        "identifierRole": "main"
                    }
                },
                {
                    "label": "Op naam van",
                    "tableView": true,
                    "validate": {
                        "required": true
                    },
                    "key": "opNaamVan",
                    "type": "textfield",
                    "input": true,
                    "prefill": {
                        "plugin": "",
                        "attribute": "",
                        "identifierRole": "main"
                    }
                },
                {
                    "label": "Columns",
                    "columns": [
                        {
                            "components": [],
                            "width": 3,
                            "offset": 0,
                            "push": 0,
                            "pull": 0,
                            "size": "sm",
                            "currentWidth": 3
                        },
                        {
                            "components": [],
                            "width": 3,
                            "offset": 0,
                            "push": 0,
                            "pull": 0,
                            "size": "sm",
                            "currentWidth": 3
                        }
                    ],
                    "key": "columns1",
                    "type": "columns",
                    "input": false,
                    "tableView": false
                }
            ]
        }
    },
    {
        "url": "http://localhost/api/v2/form-definitions/5ce920ee-8e36-4034-ba90-64aed0f2c763",
        "uuid": "5ce920ee-8e36-4034-ba90-64aed0f2c763",
        "name": "Uw gegevens",
        "slug": "uw-gegevens",
        "configuration": {
            "display": "form",
            "components": [
                {
                    "components": [
                        {
                            "label": "Naam",
                            "customClass": "naamingelogdegebruikerfieldnonhidden nonhiddenfield",
                            "tableView": true,
                            "persistent": false,
                            "key": "naamIngelogdeGebruiker",
                            "type": "textfield",
                            "input": true,
                            "prefill": {
                                "plugin": "haalcentraal",
                                "attribute": "verblijfplaats.huisnummer",
                                "identifierRole": "main"
                            }
                        },
                        {
                            "label": "Straatnaam",
                            "customClass": "straatnaamfieldnonhidden nonhiddenfield",
                            "tableView": true,
                            "persistent": false,
                            "key": "straatnaam",
                            "type": "textfield",
                            "input": true,
                            "prefill": {
                                "plugin": "haalcentraal",
                                "attribute": "verblijfplaats.woonplaats",
                                "identifierRole": "main"
                            }
                        },
                        {
                            "label": "Huisnummer",
                            "customClass": "huisnummerfieldnonhidden nonhiddenfield",
                            "tableView": true,
                            "persistent": false,
                            "key": "huisnummerfield",
                            "type": "textfield",
                            "input": true,
                            "prefill": {
                                "plugin": "haalcentraal",
                                "attribute": "verblijfplaats.huisnummer",
                                "identifierRole": "main"
                            }
                        },
                        {
                            "label": "Postcode",
                            "customClass": "postcodefieldnonhidden nonhiddenfield",
                            "tableView": true,
                            "persistent": false,
                            "key": "postcode",
                            "type": "textfield",
                            "input": true,
                            "prefill": {
                                "plugin": "haalcentraal",
                                "attribute": "verblijfplaats.huisnummer",
                                "identifierRole": "main"
                            }
                        },
                        {
                            "label": "Woonplaats",
                            "customClass": "woonplaatsfieldnonhidden nonhiddenfield",
                            "tableView": true,
                            "persistent": false,
                            "key": "woonplaats",
                            "type": "textfield",
                            "input": true,
                            "prefill": {
                                "plugin": "haalcentraal",
                                "attribute": "verblijfplaats.huisnummer",
                                "identifierRole": "main"
                            }
                        }
                    ],
                    "key": "fieldSet-1-2-3-4",
                    "type": "fieldset",
                    "label": "Field Set",
                    "tree": false,
                    "input": false,
                    "hidden": false,
                    "legend": "",
                    "prefix": "",
                    "suffix": "",
                    "unique": false,
                    "widget": null,
                    "dbIndex": false,
                    "overlay": {
                        "top": "",
                        "left": "",
                        "style": "",
                        "width": "",
                        "height": ""
                    },
                    "tooltip": "",
                    "disabled": false,
                    "multiple": false,
                    "redrawOn": "",
                    "tabindex": "",
                    "validate": {
                        "custom": "",
                        "unique": false,
                        "multiple": false,
                        "required": false,
                        "customPrivate": false,
                        "strictDateValidation": false
                    },
                    "autofocus": false,
                    "encrypted": false,
                    "hideLabel": false,
                    "modalEdit": false,
                    "protected": false,
                    "refreshOn": "",
                    "tableView": false,
                    "attributes": {},
                    "errorLabel": "",
                    "hideHeader": false,
                    "persistent": false,
                    "properties": {},
                    "validateOn": "change",
                    "clearOnHide": true,
                    "customClass": "",
                    "description": "",
                    "placeholder": "",
                    "defaultValue": null,
                    "dataGridLabel": false,
                    "labelPosition": "top",
                    "showCharCount": false,
                    "showWordCount": false,
                    "calculateValue": "",
                    "calculateServer": false,
                    "allowMultipleMasks": false,
                    "customDefaultValue": "",
                    "allowCalculateOverride": false,
                    "originalFormName": "nonhiddenfieldsform1"
                },
                {
                    "components": [
                        {
                            "label": "Voornaam",
                            "tableView": true,
                            "key": "voornaam",
                            "type": "textfield",
                            "input": true,
                            "prefill": {
                                "plugin": "",
                                "attribute": "",
                                "identifierRole": "main"
                            }
                        },
                        {
                            "label": "Achternaam",
                            "tableView": true,
                            "validate": {
                                "required": true
                            },
                            "key": "achternaam",
                            "type": "textfield",
                            "input": true,
                            "prefill": {
                                "plugin": "",
                                "attribute": "",
                                "identifierRole": "main"
                            }
                        },
                        {
                            "label": "Adres",
                            "disablestreetcity": false,
                            "validate": {
                                "required": true
                            },
                            "tableView": true,
                            "key": "adres",
                            "type": "adres",
                            "input": true
                        }
                    ],
                    "key": "fieldSet-1-2-3",
                    "type": "fieldset",
                    "label": "Field Set",
                    "tree": false,
                    "input": false,
                    "hidden": false,
                    "legend": "",
                    "prefix": "",
                    "suffix": "",
                    "unique": false,
                    "widget": null,
                    "dbIndex": false,
                    "overlay": {
                        "top": "",
                        "left": "",
                        "style": "",
                        "width": "",
                        "height": ""
                    },
                    "tooltip": "",
                    "disabled": false,
                    "multiple": false,
                    "redrawOn": "",
                    "tabindex": "",
                    "validate": {
                        "custom": "",
                        "unique": false,
                        "multiple": false,
                        "required": false,
                        "customPrivate": false,
                        "strictDateValidation": false
                    },
                    "autofocus": false,
                    "encrypted": false,
                    "hideLabel": false,
                    "modalEdit": false,
                    "protected": false,
                    "refreshOn": "",
                    "tableView": false,
                    "attributes": {},
                    "errorLabel": "",
                    "hideHeader": false,
                    "persistent": false,
                    "properties": {},
                    "validateOn": "change",
                    "clearOnHide": true,
                    "customClass": "",
                    "description": "",
                    "placeholder": "",
                    "defaultValue": null,
                    "dataGridLabel": false,
                    "labelPosition": "top",
                    "showCharCount": false,
                    "showWordCount": false,
                    "calculateValue": "",
                    "calculateServer": false,
                    "allowMultipleMasks": false,
                    "customDefaultValue": "",
                    "allowCalculateOverride": false
                },
                {
                    "components": [
                        {
                            "label": "Naam organisatie",
                            "tableView": true,
                            "validate": {
                                "required": true
                            },
                            "key": "naamOrganisatie",
                            "type": "textfield",
                            "input": true,
                            "prefill": {
                                "plugin": "",
                                "attribute": "",
                                "identifierRole": "main"
                            }
                        },
                        {
                            "label": "KvK inschrijfnummer",
                            "tableView": true,
                            "validateOn": "blur",
                            "validate": {
                                "required": true,
                                "minLength": 8,
                                "maxLength": 8,
                                "pattern": "^[0-9]*$",
                                "customMessage": "Een inschrijfnummer Kamer van Koophandel bevat 8 cijfers."
                            },
                            "key": "kvKInschrijfnummer",
                            "type": "textfield",
                            "input": true,
                            "prefill": {
                                "plugin": "",
                                "attribute": "",
                                "identifierRole": "main"
                            }
                        }
                    ],
                    "key": "fieldSet-1-2",
                    "type": "fieldset",
                    "label": "Field Set",
                    "tree": false,
                    "input": false,
                    "hidden": false,
                    "legend": "",
                    "prefix": "",
                    "suffix": "",
                    "unique": false,
                    "widget": null,
                    "dbIndex": false,
                    "overlay": {
                        "top": "",
                        "left": "",
                        "style": "",
                        "width": "",
                        "height": ""
                    },
                    "tooltip": "",
                    "disabled": false,
                    "multiple": false,
                    "redrawOn": "",
                    "tabindex": "",
                    "validate": {
                        "custom": "",
                        "unique": false,
                        "multiple": false,
                        "required": false,
                        "customPrivate": false,
                        "strictDateValidation": false
                    },
                    "autofocus": false,
                    "encrypted": false,
                    "hideLabel": false,
                    "modalEdit": false,
                    "protected": false,
                    "refreshOn": "",
                    "tableView": false,
                    "attributes": {},
                    "errorLabel": "",
                    "hideHeader": false,
                    "persistent": false,
                    "properties": {},
                    "validateOn": "change",
                    "clearOnHide": true,
                    "customClass": "",
                    "description": "",
                    "placeholder": "",
                    "defaultValue": null,
                    "dataGridLabel": false,
                    "labelPosition": "top",
                    "showCharCount": false,
                    "showWordCount": false,
                    "calculateValue": "",
                    "calculateServer": false,
                    "allowMultipleMasks": false,
                    "customDefaultValue": "",
                    "allowCalculateOverride": false
                },
                {
                    "label": "Bent u zelf de contactpersoon voor deze aanvraag?",
                    "optionsLabelPosition": "right",
                    "inline": false,
                    "tableView": false,
                    "values": [
                        {
                            "label": "ja",
                            "value": "ja",
                            "shortcut": ""
                        },
                        {
                            "label": "nee",
                            "value": "nee",
                            "shortcut": ""
                        }
                    ],
                    "validate": {
                        "required": true
                    },
                    "key": "bentUZelfDeContactpersoonVoorDezeAanvraag",
                    "type": "radio",
                    "input": true
                },
                {
                    "components": [
                        {
                            "label": "Naam contactpersoon",
                            "tableView": true,
                            "key": "naamContactpersoon",
                            "type": "textfield",
                            "input": true,
                            "prefill": {
                                "plugin": "",
                                "attribute": "",
                                "identifierRole": "main"
                            }
                        },
                        {
                            "label": "E-mailadres ",
                            "tableView": true,
                            "validateOn": "blur",
                            "key": "eMailadresContactpersoon",
                            "type": "email",
                            "input": true
                        },
                        {
                            "label": "Telefoonnummer",
                            "tableView": true,
                            "key": "telefoonnummerContactpersoon",
                            "type": "textfield",
                            "input": true,
                            "prefill": {
                                "plugin": "",
                                "attribute": "",
                                "identifierRole": "main"
                            }
                        }
                    ],
                    "key": "fieldSet-1",
                    "type": "fieldset",
                    "label": "Field Set",
                    "tree": false,
                    "input": false,
                    "hidden": false,
                    "legend": "",
                    "prefix": "",
                    "suffix": "",
                    "unique": false,
                    "widget": null,
                    "dbIndex": false,
                    "overlay": {
                        "top": "",
                        "left": "",
                        "style": "",
                        "width": "",
                        "height": ""
                    },
                    "tooltip": "",
                    "disabled": false,
                    "multiple": false,
                    "redrawOn": "",
                    "tabindex": "",
                    "validate": {
                        "custom": "",
                        "unique": false,
                        "multiple": false,
                        "required": false,
                        "customPrivate": false,
                        "strictDateValidation": false
                    },
                    "autofocus": false,
                    "encrypted": false,
                    "hideLabel": false,
                    "modalEdit": false,
                    "protected": false,
                    "refreshOn": "",
                    "tableView": false,
                    "attributes": {},
                    "errorLabel": "",
                    "hideHeader": false,
                    "persistent": false,
                    "properties": {},
                    "validateOn": "change",
                    "clearOnHide": true,
                    "customClass": "",
                    "description": "",
                    "placeholder": "",
                    "defaultValue": null,
                    "dataGridLabel": false,
                    "labelPosition": "top",
                    "showCharCount": false,
                    "showWordCount": false,
                    "calculateValue": "",
                    "calculateServer": false,
                    "allowMultipleMasks": false,
                    "customDefaultValue": "",
                    "allowCalculateOverride": false
                },
                {
                    "label": "Website organisatie",
                    "tableView": true,
                    "key": "websiteOrganisatie",
                    "type": "textfield",
                    "input": true,
                    "prefill": {
                        "plugin": "",
                        "attribute": "",
                        "identifierRole": "main"
                    }
                },
                {
                    "label": "Hoe wilt u dat de gemeente contact opneemt? Subsidie meerjarige culturele programma's aanvragen",
                    "optionsLabelPosition": "right",
                    "inline": false,
                    "tableView": false,
                    "values": [
                        {
                            "label": "Via email",
                            "value": "viaEmail",
                            "shortcut": ""
                        },
                        {
                            "label": "Via telefoon",
                            "value": "viaTelefoon",
                            "shortcut": ""
                        }
                    ],
                    "customDefaultValue": "component.label = 'Hoe wilt u dat de gemeente contact opneemt? ' + form.title;",
                    "key": "vervangMij",
                    "type": "radio",
                    "input": true,
                    "defaultValue": "viaEmail"
                },
                {
                    "label": "Radio_Nijmegen moet vervangen worden",
                    "optionsLabelPosition": "right",
                    "inline": false,
                    "tableView": false,
                    "values": [
                        {
                            "label": "Via email",
                            "value": "viaEmail",
                            "shortcut": ""
                        },
                        {
                            "label": "Via telefoon",
                            "value": "viaTelefoon",
                            "shortcut": ""
                        }
                    ],
                    "customDefaultValue": "component.label = 'Vervang mij' + form.title;",
                    "key": "radioNijmegenMoetVervangenWorden",
                    "type": "radio",
                    "input": true,
                    "defaultValue": "viaEmail"
                },
                {
                    "label": "Radio_Nijmegen",
                    "optionsLabelPosition": "right",
                    "inline": false,
                    "tableView": false,
                    "values": [
                        {
                            "label": "via e-mail",
                            "value": "viaEMail",
                            "shortcut": ""
                        },
                        {
                            "label": "via telefoon",
                            "value": "viaTelefoon",
                            "shortcut": ""
                        }
                    ],
                    "calculateValue": "component.label = 'TEST Hoe wilt u dat de gemeente contact met u opneemt over (' + form.title + ')",
                    "key": "radioNijmegen1",
                    "type": "radio",
                    "input": true
                },
                {
                    "html": "<p>Soms is de gemeente verplicht om via post contact met u op te nemen. Dan kan er geen rekening gehouden worden met hoe u het liefste contact wilt hebben.&nbsp;</p><p>Als u ook uw telefoonnummer invult kunnen wij sneller met u contact opnemen als dit nodig is.</p>",
                    "label": "Content",
                    "refreshOnChange": false,
                    "key": "content2",
                    "type": "content",
                    "input": false,
                    "tableView": false
                },
                {
                    "label": "E-mailadres",
                    "tableView": true,
                    "validateOn": "blur",
                    "validate": {
                        "required": true
                    },
                    "key": "eMailadres",
                    "type": "email",
                    "input": true
                },
                {
                    "label": "Telefoonnummer",
                    "tableView": true,
                    "key": "telefoonnummer",
                    "type": "textfield",
                    "input": true,
                    "prefill": {
                        "plugin": "",
                        "attribute": "",
                        "identifierRole": "main"
                    }
                },
                {
                    "label": "Telefoonnummer",
                    "tableView": true,
                    "validate": {
                        "required": true
                    },
                    "key": "telefoonnummer1",
                    "type": "textfield",
                    "input": true,
                    "prefill": {
                        "plugin": "",
                        "attribute": "",
                        "identifierRole": "main"
                    }
                },
                {
                    "label": "E-mailadres",
                    "tableView": true,
                    "validateOn": "blur",
                    "key": "eMailadres1",
                    "type": "email",
                    "input": true
                },
                {
                    "html": "<ul><li>als wij u niet kunnen bereiken via de telefoon dan sturen wij u een brief of een e-mail</li><li>als u een bericht wilt ontvangen dat uw aanvraag goed bij ons is aangekomen, vul dan uw e-mailadres in. U heeft dan een bewijs dat u een aanvraag heeft gedaan.</li></ul>",
                    "label": "Content",
                    "refreshOnChange": false,
                    "key": "content3",
                    "type": "content",
                    "input": false,
                    "tableView": false
                },
                {
                    "label": "Columns",
                    "columns": [
                        {
                            "components": [],
                            "width": 3,
                            "offset": 0,
                            "push": 0,
                            "pull": 0,
                            "size": "sm",
                            "currentWidth": 3
                        },
                        {
                            "components": [],
                            "width": 3,
                            "offset": 0,
                            "push": 0,
                            "pull": 0,
                            "size": "sm",
                            "currentWidth": 3
                        }
                    ],
                    "key": "columns",
                    "type": "columns",
                    "input": false,
                    "tableView": false
                }
            ]
        }
    },
    {
        "url": "http://localhost/api/v2/form-definitions/0582a418-6a3f-4c04-bdb8-f17726be316e",
        "uuid": "0582a418-6a3f-4c04-bdb8-f17726be316e",
        "name": "Bijlage(n)",
        "slug": "bijlagen",
        "configuration": {
            "display": "form",
            "components": [
                {
                    "label": "Toevoegen",
                    "description": "Toegestaan zijn .jpg, .png, .jpeg of .pdf documenten die niet groter zijn dan 20MB.",
                    "tableView": false,
                    "storage": "url",
                    "webcam": false,
                    "fileTypes": [
                        {
                            "label": "",
                            "value": ""
                        }
                    ],
                    "filePattern": ".jpg,.png,.jpeg,.pdf",
                    "fileMinSize": "1KB",
                    "fileMaxSize": "20MB",
                    "multiple": true,
                    "validate": {
                        "required": true,
                        "customMessage": "U moet een bijlage(n) meesturen"
                    },
                    "key": "toevoegen",
                    "type": "file",
                    "url": "/cloud/s3",
                    "input": true
                },
                {
                    "html": "<p>Ik heb deze bijlage(n) toegevoegd:</p>",
                    "label": "Content",
                    "refreshOnChange": false,
                    "key": "content",
                    "type": "content",
                    "input": false,
                    "tableView": false
                },
                {
                    "label": "Meerjarenbeleidsplan",
                    "tableView": false,
                    "validate": {
                        "required": true
                    },
                    "key": "meerjarenbeleidsplan",
                    "type": "checkbox",
                    "input": true,
                    "defaultValue": false
                },
                {
                    "label": "Overzicht inkomsten en kosten (begroting)",
                    "tableView": false,
                    "validate": {
                        "required": true
                    },
                    "key": "overzichtInkomstenEnKostenBegroting",
                    "type": "checkbox",
                    "input": true,
                    "defaultValue": false
                },
                {
                    "label": "Jaarverslag, jaarrekening en balans van het afgelopen jaar. Als u meer dan €20.000 subsidie aanvraagt: het jaarverslag, jaarrekening en balans van de afgelopen 2 jaren",
                    "tableView": false,
                    "validate": {
                        "required": true
                    },
                    "key": "jaarverslagJaarrekeningEnBalansVanHetAfgelopenJaar",
                    "type": "checkbox",
                    "input": true,
                    "defaultValue": false
                },
                {
                    "components": [
                        {
                            "label": "Kopie inschrijving Kamer van Koophandel (KvK)",
                            "tableView": false,
                            "defaultValue": false,
                            "validate": {
                                "required": true
                            },
                            "key": "kopieInschrijvingKamerVanKoophandelKvK",
                            "type": "checkbox",
                            "input": true
                        },
                        {
                            "label": "De nieuwste statuten",
                            "tableView": false,
                            "validate": {
                                "required": true
                            },
                            "key": "deNieuwsteStatuten",
                            "type": "checkbox",
                            "input": true,
                            "defaultValue": false
                        },
                        {
                            "label": "Het laatste rekeningafschrift",
                            "tableView": false,
                            "validate": {
                                "required": true
                            },
                            "key": "hetLaatsteRekeningafschrift",
                            "type": "checkbox",
                            "input": true,
                            "defaultValue": false
                        }
                    ],
                    "key": "fieldSet",
                    "type": "fieldset",
                    "label": "Field Set",
                    "tree": false,
                    "input": false,
                    "hidden": false,
                    "legend": "",
                    "prefix": "",
                    "suffix": "",
                    "unique": false,
                    "widget": null,
                    "dbIndex": false,
                    "overlay": {
                        "top": "",
                        "left": "",
                        "style": "",
                        "width": "",
                        "height": ""
                    },
                    "tooltip": "",
                    "disabled": false,
                    "multiple": false,
                    "redrawOn": "",
                    "tabindex": "",
                    "validate": {
                        "custom": "",
                        "unique": false,
                        "multiple": false,
                        "required": false,
                        "customPrivate": false,
                        "strictDateValidation": false
                    },
                    "autofocus": false,
                    "encrypted": false,
                    "hideLabel": false,
                    "modalEdit": false,
                    "protected": false,
                    "refreshOn": "",
                    "tableView": false,
                    "attributes": {},
                    "errorLabel": "",
                    "hideHeader": false,
                    "persistent": false,
                    "properties": {},
                    "validateOn": "change",
                    "clearOnHide": true,
                    "customClass": "",
                    "description": "",
                    "placeholder": "",
                    "defaultValue": null,
                    "dataGridLabel": false,
                    "labelPosition": "top",
                    "showCharCount": false,
                    "showWordCount": false,
                    "calculateValue": "",
                    "calculateServer": false,
                    "allowMultipleMasks": false,
                    "customDefaultValue": "",
                    "allowCalculateOverride": false
                },
                {
                    "label": "Columns",
                    "columns": [
                        {
                            "components": [],
                            "width": 3,
                            "offset": 0,
                            "push": 0,
                            "pull": 0,
                            "size": "sm",
                            "currentWidth": 3
                        },
                        {
                            "components": [],
                            "width": 3,
                            "offset": 0,
                            "push": 0,
                            "pull": 0,
                            "size": "sm",
                            "currentWidth": 3
                        }
                    ],
                    "key": "columns4",
                    "type": "columns",
                    "input": false,
                    "tableView": false
                }
            ]
        }
    }
]