[
    {
        "uuid": "44b22dd1-cf03-4df1-a47d-03b12baaa5cc",
        "name": "Subsidie voor monument aanvragen oud",
        "internal_name": "",
        "login_required": false,
        "authentication_backends": [],
        "slug": "subsidievoormonumentaanvragenoud",
        "url": "http://localhost/api/v2/forms/44b22dd1-cf03-4df1-a47d-03b12baaa5cc",
        "show_progress_indicator": true,
        "maintenance_mode": false,
        "active": true,
        "is_deleted": false,
        "suspension_allowed": true,
        "send_confirmation_email": true,
        "display_main_website_link": true,
        "required_fields_with_asterisk": true,
        "resume_link_lifetime": 7,
        "hide_non_applicable_steps": true
    }
]