[
    {
        "url": "http://localhost/api/v2/form-definitions/a4e3cc79-9891-4a58-b632-cc103e1b7559",
        "uuid": "a4e3cc79-9891-4a58-b632-cc103e1b7559",
        "name": "Subsidie",
        "slug": "subsidie",
        "configuration": {
            "display": "form",
            "components": [
                {
                    "label": "Wat wilt u doen?",
                    "optionsLabelPosition": "right",
                    "inline": false,
                    "tableView": false,
                    "values": [
                        {
                            "label": "contact met adviseur duurzame monumenten (vóórdat u subsidie aanvraagt)",
                            "value": "contactAdviseur",
                            "shortcut": ""
                        },
                        {
                            "label": "subsidie aanvragen",
                            "value": "subsidieAanvragen",
                            "shortcut": ""
                        },
                        {
                            "label": "werk gereed melden",
                            "value": "werkGereedMelden",
                            "shortcut": ""
                        }
                    ],
                    "validate": {
                        "required": true
                    },
                    "key": "watWiltUDoen",
                    "type": "radio",
                    "input": true
                },
                {
                    "label": "Heeft de adviseur duurzame monumenten uw geplande werk goedgekeurd?",
                    "optionsLabelPosition": "right",
                    "inline": false,
                    "tableView": false,
                    "values": [
                        {
                            "label": "ja",
                            "value": "ja",
                            "shortcut": ""
                        },
                        {
                            "label": "nee",
                            "value": "nee",
                            "shortcut": ""
                        }
                    ],
                    "validate": {
                        "required": true
                    },
                    "key": "adviseurWerkGoedgekeurd",
                    "type": "radio",
                    "input": true
                },
                {
                    "html": "<p>U kunt alleen subsidie aanvragen als de adviseur duurzame monumenten uw geplande werk heeft goedgekeurd. Kies bij de vorige vraag eerst voor contact met de adviseur.</p>",
                    "label": "Content",
                    "refreshOnChange": false,
                    "key": "content1",
                    "type": "content",
                    "input": false,
                    "tableView": false
                },
                {
                    "label": "Heeft u voor het geplande werk een vergunning aangevraagd?",
                    "optionsLabelPosition": "right",
                    "inline": false,
                    "tableView": false,
                    "values": [
                        {
                            "label": "ja",
                            "value": "ja",
                            "shortcut": ""
                        },
                        {
                            "label": "nee",
                            "value": "nee",
                            "shortcut": ""
                        }
                    ],
                    "validate": {
                        "required": true
                    },
                    "key": "vergunningAangevraagd",
                    "type": "radio",
                    "input": true
                },
                {
                    "label": "Zaaknummer",
                    "tableView": true,
                    "validate": {
                        "required": true
                    },
                    "key": "zaaknummer",
                    "type": "textfield",
                    "input": true,
                    "prefill": {
                        "plugin": "",
                        "attribute": "",
                        "identifierRole": "main"
                    }
                },
                {
                    "label": "Heeft u een omgevingsvergunning nodig voor het geplande werk (monumenten en/of verbouwen)?",
                    "optionsLabelPosition": "right",
                    "inline": false,
                    "tableView": false,
                    "values": [
                        {
                            "label": "ja",
                            "value": "ja",
                            "shortcut": ""
                        },
                        {
                            "label": "nee",
                            "value": "nee",
                            "shortcut": ""
                        }
                    ],
                    "validate": {
                        "required": true
                    },
                    "key": "heeftUEenOmgevingsvergunningNodigVoorHetGeplandeWerkMonumentenEnOfVerbouwen",
                    "customConditional": "show = false;\n\nif (data.adviseurWerkGoedgekeurd == 'ja') {\n  show = true;\n} else {\n  show = false;\n}",
                    "type": "radio",
                    "input": true
                },
                {
                    "label": "Columns",
                    "columns": [
                        {
                            "components": [],
                            "width": 3,
                            "offset": 0,
                            "push": 0,
                            "pull": 0,
                            "size": "sm",
                            "currentWidth": 3
                        },
                        {
                            "components": [],
                            "width": 3,
                            "offset": 0,
                            "push": 0,
                            "pull": 0,
                            "size": "sm",
                            "currentWidth": 3
                        }
                    ],
                    "key": "columns2",
                    "type": "columns",
                    "input": false,
                    "tableView": false
                }
            ]
        }
    },
    {
        "url": "http://localhost/api/v2/form-definitions/97af36ab-fdae-41ef-8a2b-8ff95c06ae68",
        "uuid": "97af36ab-fdae-41ef-8a2b-8ff95c06ae68",
        "name": "Gegevens monument",
        "slug": "gegevens-monument",
        "configuration": {
            "display": "form",
            "components": [
                {
                    "label": "Bent u zelf de eigenaar van het monument?",
                    "optionsLabelPosition": "right",
                    "inline": false,
                    "tableView": false,
                    "values": [
                        {
                            "label": "ja",
                            "value": "ja",
                            "shortcut": ""
                        },
                        {
                            "label": "nee",
                            "value": "nee",
                            "shortcut": ""
                        }
                    ],
                    "validate": {
                        "required": true
                    },
                    "key": "eigenaarMonument",
                    "type": "radio",
                    "input": true
                },
                {
                    "label": "Gegevens monument waarvoor u subsidie aanvraagt",
                    "disablestreetcity": false,
                    "validate": {
                        "required": true
                    },
                    "tableView": true,
                    "key": "gegevensMonumentWaarvoorUSubsidieAanvraagt",
                    "type": "adres",
                    "input": true
                },
                {
                    "label": "Columns",
                    "columns": [
                        {
                            "components": [],
                            "width": 3,
                            "offset": 0,
                            "push": 0,
                            "pull": 0,
                            "size": "sm",
                            "currentWidth": 3
                        },
                        {
                            "components": [],
                            "width": 3,
                            "offset": 0,
                            "push": 0,
                            "pull": 0,
                            "size": "sm",
                            "currentWidth": 3
                        }
                    ],
                    "key": "columns5",
                    "type": "columns",
                    "input": false,
                    "tableView": false
                }
            ]
        }
    },
    {
        "url": "http://localhost/api/v2/form-definitions/29ea1cb2-8b20-4175-97ee-4d087c07c5f6",
        "uuid": "29ea1cb2-8b20-4175-97ee-4d087c07c5f6",
        "name": "IBAN",
        "slug": "iban",
        "configuration": {
            "display": "form",
            "components": [
                {
                    "label": "IBAN waarop de subsidie mag komen",
                    "inputMask": "AA99AAAA9999999999",
                    "tableView": true,
                    "validateOn": "blur",
                    "validate": {
                        "required": true,
                        "customMessage": "Vul een geldig IBAN in."
                    },
                    "key": "ibanWaaropDeSubsidieMagKomen",
                    "type": "textfield",
                    "input": true,
                    "prefill": {
                        "plugin": "",
                        "attribute": "",
                        "identifierRole": "main"
                    }
                },
                {
                    "label": "Op naam van",
                    "tableView": true,
                    "validate": {
                        "required": true
                    },
                    "key": "opNaamVan",
                    "type": "textfield",
                    "input": true,
                    "prefill": {
                        "plugin": "",
                        "attribute": "",
                        "identifierRole": "main"
                    }
                },
                {
                    "label": "Columns",
                    "columns": [
                        {
                            "components": [],
                            "width": 3,
                            "offset": 0,
                            "push": 0,
                            "pull": 0,
                            "size": "sm",
                            "currentWidth": 3
                        },
                        {
                            "components": [],
                            "width": 3,
                            "offset": 0,
                            "push": 0,
                            "pull": 0,
                            "size": "sm",
                            "currentWidth": 3
                        }
                    ],
                    "key": "columns1",
                    "type": "columns",
                    "input": false,
                    "tableView": false
                }
            ]
        }
    },
    {
        "url": "http://localhost/api/v2/form-definitions/5e64b31e-d3f9-4f6f-a665-be4f25fd67ad",
        "uuid": "5e64b31e-d3f9-4f6f-a665-be4f25fd67ad",
        "name": "Uw gegevens",
        "slug": "uw-gegevens",
        "configuration": {
            "display": "form",
            "components": [
                {
                    "components": [
                        {
                            "label": "Naam",
                            "customClass": "naamingelogdegebruikerfieldnonhidden nonhiddenfield",
                            "tableView": true,
                            "persistent": false,
                            "key": "naamIngelogdeGebruiker",
                            "type": "textfield",
                            "input": true,
                            "prefill": {
                                "plugin": "haalcentraal",
                                "attribute": "verblijfplaats.huisnummer",
                                "identifierRole": "main"
                            }
                        },
                        {
                            "label": "Straatnaam",
                            "customClass": "straatnaamfieldnonhidden nonhiddenfield",
                            "tableView": true,
                            "persistent": false,
                            "key": "straatnaam",
                            "type": "textfield",
                            "input": true,
                            "prefill": {
                                "plugin": "haalcentraal",
                                "attribute": "verblijfplaats.woonplaats",
                                "identifierRole": "main"
                            }
                        },
                        {
                            "label": "Huisnummer",
                            "customClass": "huisnummerfieldnonhidden nonhiddenfield",
                            "tableView": true,
                            "persistent": false,
                            "key": "huisnummerfield",
                            "type": "textfield",
                            "input": true,
                            "prefill": {
                                "plugin": "haalcentraal",
                                "attribute": "verblijfplaats.huisnummer",
                                "identifierRole": "main"
                            }
                        },
                        {
                            "label": "Postcode",
                            "customClass": "postcodefieldnonhidden nonhiddenfield",
                            "tableView": true,
                            "persistent": false,
                            "key": "postcode",
                            "type": "textfield",
                            "input": true,
                            "prefill": {
                                "plugin": "haalcentraal",
                                "attribute": "verblijfplaats.huisnummer",
                                "identifierRole": "main"
                            }
                        },
                        {
                            "label": "Woonplaats",
                            "customClass": "woonplaatsfieldnonhidden nonhiddenfield",
                            "tableView": true,
                            "persistent": false,
                            "key": "woonplaats",
                            "type": "textfield",
                            "input": true,
                            "prefill": {
                                "plugin": "haalcentraal",
                                "attribute": "verblijfplaats.huisnummer",
                                "identifierRole": "main"
                            }
                        }
                    ],
                    "key": "fieldSet-1-2-3-4",
                    "type": "fieldset",
                    "label": "Field Set",
                    "tree": false,
                    "input": false,
                    "hidden": false,
                    "legend": "",
                    "prefix": "",
                    "suffix": "",
                    "unique": false,
                    "widget": null,
                    "dbIndex": false,
                    "overlay": {
                        "top": "",
                        "left": "",
                        "style": "",
                        "width": "",
                        "height": ""
                    },
                    "tooltip": "",
                    "disabled": false,
                    "multiple": false,
                    "redrawOn": "",
                    "tabindex": "",
                    "validate": {
                        "custom": "",
                        "unique": false,
                        "multiple": false,
                        "required": false,
                        "customPrivate": false,
                        "strictDateValidation": false
                    },
                    "autofocus": false,
                    "encrypted": false,
                    "hideLabel": false,
                    "modalEdit": false,
                    "protected": false,
                    "refreshOn": "",
                    "tableView": false,
                    "attributes": {},
                    "errorLabel": "",
                    "hideHeader": false,
                    "persistent": false,
                    "properties": {},
                    "validateOn": "change",
                    "clearOnHide": true,
                    "customClass": "",
                    "description": "",
                    "placeholder": "",
                    "defaultValue": null,
                    "dataGridLabel": false,
                    "labelPosition": "top",
                    "showCharCount": false,
                    "showWordCount": false,
                    "calculateValue": "",
                    "calculateServer": false,
                    "allowMultipleMasks": false,
                    "customDefaultValue": "",
                    "allowCalculateOverride": false,
                    "originalFormName": "nonhiddenfieldsform1"
                },
                {
                    "label": "Vraagt u subsidie aan namens een organisatie?",
                    "optionsLabelPosition": "right",
                    "inline": false,
                    "tableView": false,
                    "values": [
                        {
                            "label": "ja",
                            "value": "ja",
                            "shortcut": ""
                        },
                        {
                            "label": "nee",
                            "value": "nee",
                            "shortcut": ""
                        }
                    ],
                    "validate": {
                        "required": true
                    },
                    "key": "vraagtUSubsidieNamensEenOrganisatie",
                    "customConditional": "show = false;\n\nvar inlogDigid = data.inlogmiddel == 'digid' ? true:false;\nvar inlogYivi = data.inlogmiddel == 'irma' ? true:false;\nvar aanvraag = data.watWiltUDoen == 'subsidieAanvragen' ? true:false;\nvar advies = data.watWiltUDoen == 'contactAdviseur' ? true:false;\n\nif ((inlogDigid || inlogYivi) && (aanvraag || advies)) {\n  show = true;\n} else {\n  show = false;\n}",
                    "type": "radio",
                    "input": true
                },
                {
                    "components": [
                        {
                            "label": "Naam organisatie",
                            "tableView": true,
                            "validate": {
                                "required": true
                            },
                            "key": "naamOrganisatie",
                            "type": "textfield",
                            "input": true,
                            "prefill": {
                                "plugin": "",
                                "attribute": "",
                                "identifierRole": "main"
                            }
                        },
                        {
                            "label": "KvK inschrijfnummer",
                            "tableView": true,
                            "validateOn": "blur",
                            "validate": {
                                "required": true,
                                "minLength": 8,
                                "maxLength": 8,
                                "pattern": "^[0-9]*$",
                                "customMessage": "Een inschrijfnummer Kamer van Koophandel bevat 8 cijfers."
                            },
                            "key": "kvKInschrijfnummer",
                            "type": "textfield",
                            "input": true,
                            "prefill": {
                                "plugin": "",
                                "attribute": "",
                                "identifierRole": "main"
                            }
                        }
                    ],
                    "key": "fieldSet-1-2-3",
                    "type": "fieldset",
                    "label": "Field Set",
                    "tree": false,
                    "input": false,
                    "hidden": false,
                    "legend": "",
                    "prefix": "",
                    "suffix": "",
                    "unique": false,
                    "widget": null,
                    "dbIndex": false,
                    "overlay": {
                        "top": "",
                        "left": "",
                        "style": "",
                        "width": "",
                        "height": ""
                    },
                    "tooltip": "",
                    "disabled": false,
                    "multiple": false,
                    "redrawOn": "",
                    "tabindex": "",
                    "validate": {
                        "custom": "",
                        "unique": false,
                        "multiple": false,
                        "required": false,
                        "customPrivate": false,
                        "strictDateValidation": false
                    },
                    "autofocus": false,
                    "encrypted": false,
                    "hideLabel": false,
                    "modalEdit": false,
                    "protected": false,
                    "refreshOn": "",
                    "tableView": false,
                    "attributes": {},
                    "errorLabel": "",
                    "hideHeader": false,
                    "persistent": false,
                    "properties": {},
                    "validateOn": "change",
                    "clearOnHide": true,
                    "customClass": "",
                    "description": "",
                    "placeholder": "",
                    "defaultValue": null,
                    "dataGridLabel": false,
                    "labelPosition": "top",
                    "showCharCount": false,
                    "showWordCount": false,
                    "calculateValue": "",
                    "calculateServer": false,
                    "allowMultipleMasks": false,
                    "customDefaultValue": "",
                    "allowCalculateOverride": false
                },
                {
                    "components": [
                        {
                            "label": "Voornaam",
                            "tableView": true,
                            "key": "voornaam",
                            "type": "textfield",
                            "input": true,
                            "prefill": {
                                "plugin": "",
                                "attribute": "",
                                "identifierRole": "main"
                            }
                        },
                        {
                            "label": "Achternaam",
                            "tableView": true,
                            "validate": {
                                "required": true
                            },
                            "key": "achternaam",
                            "type": "textfield",
                            "input": true,
                            "prefill": {
                                "plugin": "",
                                "attribute": "",
                                "identifierRole": "main"
                            }
                        },
                        {
                            "label": "Adres",
                            "disablestreetcity": false,
                            "validate": {
                                "required": true
                            },
                            "tableView": true,
                            "key": "adres",
                            "type": "adres",
                            "input": true
                        }
                    ],
                    "key": "fieldSet-1-2",
                    "type": "fieldset",
                    "label": "Field Set",
                    "tree": false,
                    "input": false,
                    "hidden": false,
                    "legend": "",
                    "prefix": "",
                    "suffix": "",
                    "unique": false,
                    "widget": null,
                    "dbIndex": false,
                    "overlay": {
                        "top": "",
                        "left": "",
                        "style": "",
                        "width": "",
                        "height": ""
                    },
                    "tooltip": "",
                    "disabled": false,
                    "multiple": false,
                    "redrawOn": "",
                    "tabindex": "",
                    "validate": {
                        "custom": "",
                        "unique": false,
                        "multiple": false,
                        "required": false,
                        "customPrivate": false,
                        "strictDateValidation": false
                    },
                    "autofocus": false,
                    "encrypted": false,
                    "hideLabel": false,
                    "modalEdit": false,
                    "protected": false,
                    "refreshOn": "",
                    "tableView": false,
                    "attributes": {},
                    "errorLabel": "",
                    "hideHeader": false,
                    "persistent": false,
                    "properties": {},
                    "validateOn": "change",
                    "clearOnHide": true,
                    "customClass": "",
                    "description": "",
                    "placeholder": "",
                    "defaultValue": null,
                    "dataGridLabel": false,
                    "labelPosition": "top",
                    "showCharCount": false,
                    "showWordCount": false,
                    "calculateValue": "",
                    "calculateServer": false,
                    "allowMultipleMasks": false,
                    "customDefaultValue": "",
                    "allowCalculateOverride": false
                },
                {
                    "label": "Bent u zelf de contactpersoon voor deze aanvraag?",
                    "optionsLabelPosition": "right",
                    "inline": false,
                    "tableView": false,
                    "values": [
                        {
                            "label": "ja",
                            "value": "ja",
                            "shortcut": ""
                        },
                        {
                            "label": "nee",
                            "value": "nee",
                            "shortcut": ""
                        }
                    ],
                    "validate": {
                        "required": true
                    },
                    "key": "bentUZelfDeContactpersoonVoorDezeAanvraag",
                    "type": "radio",
                    "input": true
                },
                {
                    "components": [
                        {
                            "label": "Naam contactpersoon",
                            "tableView": true,
                            "key": "naamContactpersoon",
                            "type": "textfield",
                            "input": true,
                            "prefill": {
                                "plugin": "",
                                "attribute": "",
                                "identifierRole": "main"
                            }
                        },
                        {
                            "label": "E-mailadres ",
                            "tableView": true,
                            "validateOn": "blur",
                            "key": "eMailadresContactpersoon",
                            "type": "email",
                            "input": true
                        },
                        {
                            "label": "Telefoonnummer",
                            "tableView": true,
                            "key": "telefoonnummerContactpersoon",
                            "type": "textfield",
                            "input": true,
                            "prefill": {
                                "plugin": "",
                                "attribute": "",
                                "identifierRole": "main"
                            }
                        }
                    ],
                    "key": "fieldSet-1",
                    "type": "fieldset",
                    "label": "Field Set",
                    "tree": false,
                    "input": false,
                    "hidden": false,
                    "legend": "",
                    "prefix": "",
                    "suffix": "",
                    "unique": false,
                    "widget": null,
                    "dbIndex": false,
                    "overlay": {
                        "top": "",
                        "left": "",
                        "style": "",
                        "width": "",
                        "height": ""
                    },
                    "tooltip": "",
                    "disabled": false,
                    "multiple": false,
                    "redrawOn": "",
                    "tabindex": "",
                    "validate": {
                        "custom": "",
                        "unique": false,
                        "multiple": false,
                        "required": false,
                        "customPrivate": false,
                        "strictDateValidation": false
                    },
                    "autofocus": false,
                    "encrypted": false,
                    "hideLabel": false,
                    "modalEdit": false,
                    "protected": false,
                    "refreshOn": "",
                    "tableView": false,
                    "attributes": {},
                    "errorLabel": "",
                    "hideHeader": false,
                    "persistent": false,
                    "properties": {},
                    "validateOn": "change",
                    "clearOnHide": true,
                    "customClass": "",
                    "description": "",
                    "placeholder": "",
                    "defaultValue": null,
                    "dataGridLabel": false,
                    "labelPosition": "top",
                    "showCharCount": false,
                    "showWordCount": false,
                    "calculateValue": "",
                    "calculateServer": false,
                    "allowMultipleMasks": false,
                    "customDefaultValue": "",
                    "allowCalculateOverride": false
                },
                {
                    "label": "Hoe wilt u dat de gemeente contact met u opneemt over uw aanvraag als dat nodig is?",
                    "optionsLabelPosition": "right",
                    "inline": false,
                    "tableView": false,
                    "values": [
                        {
                            "label": "via e-mail",
                            "value": "eMail",
                            "shortcut": ""
                        },
                        {
                            "label": "via telefoon",
                            "value": "telefoon",
                            "shortcut": ""
                        }
                    ],
                    "validate": {
                        "required": true
                    },
                    "key": "gemeenteContact",
                    "type": "radio",
                    "input": true
                },
                {
                    "html": "<p>Soms is de gemeente verplicht om via post contact met u op te nemen. Dan kan er geen rekening gehouden worden met hoe u het liefste contact wilt hebben.</p>",
                    "label": "Content",
                    "refreshOnChange": false,
                    "key": "content2",
                    "type": "content",
                    "input": false,
                    "tableView": false
                },
                {
                    "label": "E-mailadres",
                    "tableView": true,
                    "validateOn": "blur",
                    "validate": {
                        "required": true
                    },
                    "key": "eMailadres",
                    "type": "email",
                    "input": true
                },
                {
                    "label": "Telefoonnummer",
                    "tableView": true,
                    "key": "telefoonnummer",
                    "type": "textfield",
                    "input": true,
                    "prefill": {
                        "plugin": "",
                        "attribute": "",
                        "identifierRole": "main"
                    }
                },
                {
                    "label": "Telefoonnummer",
                    "tableView": true,
                    "validate": {
                        "required": true
                    },
                    "key": "telefoonnummer1",
                    "type": "textfield",
                    "input": true,
                    "prefill": {
                        "plugin": "",
                        "attribute": "",
                        "identifierRole": "main"
                    }
                },
                {
                    "label": "E-mailadres",
                    "tableView": true,
                    "validateOn": "blur",
                    "key": "eMailadres1",
                    "type": "email",
                    "input": true
                },
                {
                    "html": "<ul><li>als wij u niet kunnen bereiken via de telefoon dan sturen wij u een brief of een e-mail</li><li>als u een bericht wilt ontvangen dat uw aanvraag goed bij ons is aangekomen, vul dan uw e-mailadres in</li></ul>",
                    "label": "Content",
                    "refreshOnChange": false,
                    "key": "content3",
                    "type": "content",
                    "input": false,
                    "tableView": false
                },
                {
                    "label": "Columns",
                    "columns": [
                        {
                            "components": [],
                            "width": 3,
                            "offset": 0,
                            "push": 0,
                            "pull": 0,
                            "size": "sm",
                            "currentWidth": 3
                        },
                        {
                            "components": [],
                            "width": 3,
                            "offset": 0,
                            "push": 0,
                            "pull": 0,
                            "size": "sm",
                            "currentWidth": 3
                        }
                    ],
                    "key": "columns",
                    "type": "columns",
                    "input": false,
                    "tableView": false
                }
            ]
        }
    },
    {
        "url": "http://localhost/api/v2/form-definitions/4eac15d5-e3f9-4414-96d5-e2280f0117fb",
        "uuid": "4eac15d5-e3f9-4414-96d5-e2280f0117fb",
        "name": "Bijlage(n)",
        "slug": "bijlagen",
        "configuration": {
            "display": "form",
            "components": [
                {
                    "label": "Toevoegen",
                    "description": "Toegestaan zijn .jpg, .png, .jpeg of .pdf documenten die niet groter zijn dan 20MB.",
                    "tableView": false,
                    "storage": "url",
                    "webcam": false,
                    "fileTypes": [
                        {
                            "label": "",
                            "value": ""
                        }
                    ],
                    "filePattern": ".jpg,.png,.jpeg,.pdf",
                    "fileMinSize": "1KB",
                    "fileMaxSize": "20MB",
                    "multiple": true,
                    "validate": {
                        "required": true,
                        "customMessage": "U moet een bijlage(n) meesturen"
                    },
                    "key": "toevoegen",
                    "type": "file",
                    "url": "/cloud/s3",
                    "input": true
                },
                {
                    "html": "<p>Ik heb deze bijlage(n) toegevoegd:</p>",
                    "label": "Content",
                    "refreshOnChange": false,
                    "key": "content",
                    "type": "content",
                    "input": false,
                    "tableView": false
                },
                {
                    "components": [
                        {
                            "label": "Omschrijving van het werk dat u gaat doen en de materialen die u gaat gebruiken. Omschrijf dit zo precies mogelijk",
                            "tableView": false,
                            "defaultValue": false,
                            "validate": {
                                "required": true
                            },
                            "key": "technischeOmschrijvingVanHetWerkEnDeMaterialenDieUWiltGebruiken",
                            "type": "checkbox",
                            "input": true
                        },
                        {
                            "label": "Begroting voor het geplande werk en de materialen die u wilt gebruiken",
                            "tableView": false,
                            "validate": {
                                "required": true
                            },
                            "key": "begrotingVoorHetGeplandeWerkEnDeMaterialenDieUWiltGebruiken",
                            "type": "checkbox",
                            "input": true,
                            "defaultValue": false
                        },
                        {
                            "label": "Foto’s van het monument",
                            "tableView": false,
                            "validate": {
                                "required": true
                            },
                            "key": "fotosVanHetMonument",
                            "type": "checkbox",
                            "input": true,
                            "defaultValue": false
                        },
                        {
                            "label": "Als u een rechtspersoon van een non-profit organisatie bent: kopie van de oprichtingsakte en statuten",
                            "tableView": false,
                            "key": "alsUEenRechtspersoonVanEenNonProfitOrganisatieBentKopieVanDeOprichtingsakteEnStatuten",
                            "type": "checkbox",
                            "input": true,
                            "defaultValue": false
                        }
                    ],
                    "key": "fieldSet",
                    "type": "fieldset",
                    "label": "Field Set",
                    "tree": false,
                    "input": false,
                    "hidden": false,
                    "legend": "",
                    "prefix": "",
                    "suffix": "",
                    "unique": false,
                    "widget": null,
                    "dbIndex": false,
                    "overlay": {
                        "top": "",
                        "left": "",
                        "style": "",
                        "width": "",
                        "height": ""
                    },
                    "tooltip": "",
                    "disabled": false,
                    "multiple": false,
                    "redrawOn": "",
                    "tabindex": "",
                    "validate": {
                        "custom": "",
                        "unique": false,
                        "multiple": false,
                        "required": false,
                        "customPrivate": false,
                        "strictDateValidation": false
                    },
                    "autofocus": false,
                    "encrypted": false,
                    "hideLabel": false,
                    "modalEdit": false,
                    "protected": false,
                    "refreshOn": "",
                    "tableView": false,
                    "attributes": {},
                    "errorLabel": "",
                    "hideHeader": false,
                    "persistent": false,
                    "properties": {},
                    "validateOn": "change",
                    "clearOnHide": true,
                    "customClass": "",
                    "description": "",
                    "placeholder": "",
                    "defaultValue": null,
                    "dataGridLabel": false,
                    "labelPosition": "top",
                    "showCharCount": false,
                    "showWordCount": false,
                    "calculateValue": "",
                    "calculateServer": false,
                    "allowMultipleMasks": false,
                    "customDefaultValue": "",
                    "allowCalculateOverride": false
                },
                {
                    "label": "Kopie besluit omgevingsvergunning",
                    "tableView": false,
                    "key": "kopieBesluitOmgevingsvergunning",
                    "type": "checkbox",
                    "input": true,
                    "defaultValue": false
                },
                {
                    "label": "Foto’s van het het monument tijdens en na (tijdens en na = dossier / fotoblad-document) het uitgevoerde werk ",
                    "tableView": false,
                    "defaultValue": false,
                    "validate": {
                        "required": true
                    },
                    "key": "fotosVanHetUitgevoerdeWerkAanHetMonumentWaarvoorUSubsidieHeeftGekregen",
                    "type": "checkbox",
                    "input": true
                },
                {
                    "label": "Rekening van het uitgevoerde werk",
                    "tableView": false,
                    "validate": {
                        "required": true
                    },
                    "key": "rekeningVanHetUitgevoerdeWerk",
                    "type": "checkbox",
                    "input": true,
                    "defaultValue": false
                },
                {
                    "label": "Columns",
                    "columns": [
                        {
                            "components": [],
                            "width": 3,
                            "offset": 0,
                            "push": 0,
                            "pull": 0,
                            "size": "sm",
                            "currentWidth": 3
                        },
                        {
                            "components": [],
                            "width": 3,
                            "offset": 0,
                            "push": 0,
                            "pull": 0,
                            "size": "sm",
                            "currentWidth": 3
                        }
                    ],
                    "key": "columns4",
                    "type": "columns",
                    "input": false,
                    "tableView": false
                }
            ]
        }
    }
]