[
    {
        "uuid": "5a3b0ba8-6cc3-4104-a783-e81fe049b1f5",
        "name": "Sport of beweegactiviteit aanbieden",
        "internal_name": "",
        "login_required": false,
        "authentication_backends": [],
        "slug": "sportofbeweegactiviteitaanbieden",
        "url": "http://localhost/api/v2/forms/5a3b0ba8-6cc3-4104-a783-e81fe049b1f5",
        "show_progress_indicator": true,
        "maintenance_mode": false,
        "active": true,
        "is_deleted": false,
        "suspension_allowed": true,
        "send_confirmation_email": true,
        "display_main_website_link": true,
        "required_fields_with_asterisk": true,
        "resume_link_lifetime": 7,
        "hide_non_applicable_steps": true
    }
]