[
    {
        "uuid": "d420805e-62d1-4481-aa21-67f6bba66636",
        "index": "0",
        "slug": "aanmelden",
        "form_definition": "http://localhost/api/v2/form-definitions/b9c07a1b-a590-42c1-aa62-6fb7e6cef894"
    },
    {
        "uuid": "aba6dbbc-f4e1-45cd-8a1e-83095d20c343",
        "index": "1",
        "slug": "locatie-1",
        "form_definition": "http://localhost/api/v2/form-definitions/5ba5733e-fd7b-4b51-964f-cfeb1b4c9907"
    },
    {
        "uuid": "973b196c-7e95-41b0-a72c-e6863676bde1",
        "index": "2",
        "slug": "locatie-2",
        "form_definition": "http://localhost/api/v2/form-definitions/a8802a2e-7db0-4a96-ac26-05dc1e8d162e"
    },
    {
        "uuid": "505a861a-1643-49c4-a65e-b27d2ab8eee3",
        "index": "3",
        "slug": "locatie-3",
        "form_definition": "http://localhost/api/v2/form-definitions/4d4148ff-2e52-44b9-af5c-fa7ed3fbf727"
    },
    {
        "uuid": "9987582c-475a-4731-80af-f95c4e3aebdf",
        "index": "4",
        "slug": "locatie-4",
        "form_definition": "http://localhost/api/v2/form-definitions/4851dc16-703e-40eb-b74e-a7bd64c1f8bc"
    },
    {
        "uuid": "5c4abf70-6b41-4a96-9fd9-ca7d3e66e566",
        "index": "5",
        "slug": "locatie-5",
        "form_definition": "http://localhost/api/v2/form-definitions/b1cffc6a-9b18-4d6a-880d-0604259397e6"
    },
    {
        "uuid": "fd3d83c0-519e-427a-a22c-5625d2ae4f03",
        "index": "6",
        "slug": "bijlagen",
        "form_definition": "http://localhost/api/v2/form-definitions/efa9e14d-9bc2-4f8e-b1c9-88d234ad42b5"
    },
    {
        "uuid": "f621dbc3-9095-4613-8731-33569e07cb6b",
        "index": "7",
        "slug": "contactgegevens",
        "form_definition": "http://localhost/api/v2/form-definitions/9016c76f-85b6-4dea-a7be-c3a570c30d50"
    },
    {
        "uuid": "15e422aa-db11-485c-8884-81fbd31e3b15",
        "index": "8",
        "slug": "toestemming",
        "form_definition": "http://localhost/api/v2/form-definitions/688063c4-05d6-4b77-9aed-7df1e4b601fc"
    }
]