[
    {
        "uuid": "257c583d-b4a5-41ba-9e53-a54f2cf324e5",
        "name": "Application to view personal data RNI",
        "internal_name": "",
        "login_required": false,
        "authentication_backends": [],
        "slug": "applicationtoviewpersonaldatarni",
        "url": "http://localhost/api/v2/forms/257c583d-b4a5-41ba-9e53-a54f2cf324e5",
        "show_progress_indicator": true,
        "maintenance_mode": false,
        "active": true,
        "is_deleted": false,
        "suspension_allowed": true,
        "send_confirmation_email": true,
        "display_main_website_link": true,
        "required_fields_with_asterisk": true,
        "resume_link_lifetime": 7,
        "hide_non_applicable_steps": true
    }
]