[
    {
        "uuid": "29fcf49f-4a32-4bc4-a3d0-b43bed00ef7d",
        "name": "Keuring gehandicaptenparkeerkaart aanvragen oud",
        "internal_name": "",
        "login_required": false,
        "authentication_backends": [],
        "slug": "keuringgehandicaptenparkeerkaartaanvragenoud",
        "url": "http://localhost/api/v2/forms/29fcf49f-4a32-4bc4-a3d0-b43bed00ef7d",
        "show_progress_indicator": true,
        "maintenance_mode": false,
        "active": true,
        "is_deleted": false,
        "suspension_allowed": true,
        "send_confirmation_email": true,
        "display_main_website_link": true,
        "required_fields_with_asterisk": true,
        "resume_link_lifetime": 7,
        "hide_non_applicable_steps": true
    }
]