[
    {
        "uuid": "2a2b9f30-178a-40c5-b33c-280fa3e359d9",
        "name": "Schadevergoeding aanvragen",
        "internal_name": "",
        "login_required": false,
        "authentication_backends": [],
        "slug": "schadevergoedingaanvragen",
        "url": "http://localhost/api/v2/forms/2a2b9f30-178a-40c5-b33c-280fa3e359d9",
        "show_progress_indicator": true,
        "maintenance_mode": false,
        "active": true,
        "is_deleted": false,
        "suspension_allowed": true,
        "send_confirmation_email": true,
        "display_main_website_link": true,
        "required_fields_with_asterisk": true,
        "resume_link_lifetime": 7,
        "hide_non_applicable_steps": true
    }
]