[
    {
        "uuid": "40ca2fb0-4e5d-420e-b9ed-927e3d0031b8",
        "name": "Vergunning aanvragen verhuren woonruimte",
        "internal_name": "",
        "login_required": false,
        "authentication_backends": [],
        "slug": "vergunningaanvragenverhurenwoonruimte",
        "url": "http://localhost/api/v2/forms/40ca2fb0-4e5d-420e-b9ed-927e3d0031b8",
        "show_progress_indicator": true,
        "maintenance_mode": false,
        "active": true,
        "is_deleted": false,
        "suspension_allowed": true,
        "send_confirmation_email": true,
        "display_main_website_link": true,
        "required_fields_with_asterisk": true,
        "resume_link_lifetime": 7,
        "hide_non_applicable_steps": true
    }
]