[
    {
        "uuid": "45cba3e9-8d3c-44e4-91c3-b021433d1bee",
        "name": "Aanpassing Wmo doorgeven",
        "internal_name": "",
        "login_required": false,
        "authentication_backends": [],
        "slug": "aanpassingwmodoorgeven",
        "url": "http://localhost/api/v2/forms/45cba3e9-8d3c-44e4-91c3-b021433d1bee",
        "show_progress_indicator": true,
        "maintenance_mode": false,
        "active": true,
        "is_deleted": false,
        "suspension_allowed": true,
        "send_confirmation_email": true,
        "display_main_website_link": true,
        "required_fields_with_asterisk": true,
        "resume_link_lifetime": 7,
        "hide_non_applicable_steps": true
    }
]