[
    {
        "uuid": "aca9fa2c-4bff-4532-a30e-ed5f5a343479",
        "name": "Zilveren waalbrugspeld aanvragen oud",
        "internal_name": "",
        "login_required": false,
        "authentication_backends": [],
        "slug": "zilverenwaalbrugspeldaanvragenoud",
        "url": "http://localhost/api/v2/forms/aca9fa2c-4bff-4532-a30e-ed5f5a343479",
        "show_progress_indicator": true,
        "maintenance_mode": false,
        "active": true,
        "is_deleted": false,
        "suspension_allowed": true,
        "send_confirmation_email": true,
        "display_main_website_link": true,
        "required_fields_with_asterisk": true,
        "resume_link_lifetime": 7,
        "hide_non_applicable_steps": true
    }
]