[
    {
        "uuid": "54646f78-f764-46f7-a518-f80a821fb8c2",
        "name": "Subsidie voor amateurkunst aanvragen",
        "internal_name": "",
        "login_required": false,
        "authentication_backends": [],
        "slug": "subsidievooramateurkunstaanvragen",
        "url": "http://localhost/api/v2/forms/54646f78-f764-46f7-a518-f80a821fb8c2",
        "show_progress_indicator": true,
        "maintenance_mode": false,
        "active": true,
        "is_deleted": false,
        "suspension_allowed": true,
        "send_confirmation_email": true,
        "display_main_website_link": true,
        "required_fields_with_asterisk": true,
        "resume_link_lifetime": 7,
        "hide_non_applicable_steps": true
    }
]