[
    {
        "uuid": "7ff8e717-a99b-413e-b7a5-c422dbb51039",
        "name": "Ontheffing metaaldetector aanvragen",
        "internal_name": "",
        "login_required": false,
        "authentication_backends": [],
        "slug": "ontheffingmetaaldetectoraanvragen",
        "url": "http://localhost/api/v2/forms/7ff8e717-a99b-413e-b7a5-c422dbb51039",
        "show_progress_indicator": true,
        "maintenance_mode": false,
        "active": true,
        "is_deleted": false,
        "suspension_allowed": true,
        "send_confirmation_email": true,
        "display_main_website_link": true,
        "required_fields_with_asterisk": true,
        "resume_link_lifetime": 7,
        "hide_non_applicable_steps": true
    }
]