[
    {
        "uuid": "4cedc0bb-7c49-4a47-88a3-30b8c2ecf0db",
        "index": "0",
        "slug": "ontheffing",
        "form_definition": "http://localhost/api/v2/form-definitions/7a7ed2e3-c4a8-4fa1-9a65-47ea37362f3c"
    },
    {
        "uuid": "f146ef54-62e3-4e74-8acb-850364edc9f9",
        "index": "1",
        "slug": "contactgegevens",
        "form_definition": "http://localhost/api/v2/form-definitions/c9812db5-cb8a-4910-97f7-edf55a5a8175"
    },
    {
        "uuid": "ae572907-069d-4c2d-a86a-14593d55b07a",
        "index": "2",
        "slug": "bijlagen",
        "form_definition": "http://localhost/api/v2/form-definitions/fa614475-509d-46b4-8d53-8d8dd5731c74"
    }
]