[
    {
        "url": "http://localhost/api/v2/form-definitions/7a7ed2e3-c4a8-4fa1-9a65-47ea37362f3c",
        "uuid": "7a7ed2e3-c4a8-4fa1-9a65-47ea37362f3c",
        "name": "Ontheffing",
        "slug": "ontheffing",
        "configuration": {
            "display": "form",
            "components": [
                {
                    "label": "Waar wilt u de metaaldetector gaan gebruiken? ",
                    "description": "Noem het adres. Als dit niet kan noem dan het adres dat het meest dichtbij is.",
                    "tableView": true,
                    "inputFormat": "plain",
                    "validate": {
                        "required": true
                    },
                    "key": "waarWiltUDeMetaaldetectorGaanGebruiken",
                    "type": "textarea",
                    "input": true,
                    "autoExpand": false
                },
                {
                    "html": "<p>Aan het einde van dit formulier moet u een kaart/tekening uploaden waarop staat waar u de metaaldetector wilt gaan gebruiken.</p>",
                    "label": "Content",
                    "refreshOnChange": false,
                    "key": "content-1-2",
                    "type": "content",
                    "input": false,
                    "tableView": false
                },
                {
                    "label": "Vanaf wanneer wilt u de metaaldetector gebruiken?",
                    "placeholder": "dag-maand-jaar",
                    "tableView": false,
                    "enableMinDateInput": false,
                    "datePicker": {
                        "disableWeekends": false,
                        "disableWeekdays": false
                    },
                    "enableMaxDateInput": false,
                    "timePicker": {
                        "hourStep": "",
                        "minuteStep": "",
                        "showMeridian": false
                    },
                    "validate": {
                        "required": true
                    },
                    "key": "vanafWanneerWiltUDeMetaaldetectorGebruiken",
                    "type": "datetime",
                    "input": true,
                    "widget": {
                        "type": "calendar",
                        "displayInTimezone": "viewer",
                        "locale": "nl",
                        "useLocaleSettings": false,
                        "allowInput": true,
                        "mode": "single",
                        "enableTime": false,
                        "noCalendar": false,
                        "format": "dd-MM-yyyy",
                        "time_24hr": true,
                        "minDate": null,
                        "disableWeekends": false,
                        "disableWeekdays": false,
                        "maxDate": null
                    }
                },
                {
                    "label": "Tot wanneer?",
                    "placeholder": "dag-maand-jaar",
                    "tableView": false,
                    "enableMinDateInput": false,
                    "datePicker": {
                        "disableWeekends": false,
                        "disableWeekdays": false
                    },
                    "enableMaxDateInput": false,
                    "timePicker": {
                        "hourStep": "",
                        "minuteStep": "",
                        "showMeridian": false
                    },
                    "validate": {
                        "required": true
                    },
                    "key": "totWanneer",
                    "type": "datetime",
                    "input": true,
                    "widget": {
                        "type": "calendar",
                        "displayInTimezone": "viewer",
                        "locale": "nl",
                        "useLocaleSettings": false,
                        "allowInput": true,
                        "mode": "single",
                        "enableTime": false,
                        "noCalendar": false,
                        "format": "dd-MM-yyyy",
                        "time_24hr": true,
                        "minDate": null,
                        "disableWeekends": false,
                        "disableWeekdays": false,
                        "maxDate": null
                    }
                },
                {
                    "label": "Beschrijf wat u gaat doen",
                    "tableView": true,
                    "inputFormat": "plain",
                    "validate": {
                        "required": true
                    },
                    "key": "beschrijfWatUGaatDoen",
                    "type": "textarea",
                    "input": true,
                    "autoExpand": false
                },
                {
                    "html": "<p>Aan het einde van dit formulier moet u een plan of een technische werkbeschrijving uploaden waarin staat hoe u de metaaldetector gaat gebruiken.</p>",
                    "label": "Content",
                    "refreshOnChange": false,
                    "key": "content1",
                    "type": "content",
                    "input": false,
                    "tableView": false
                },
                {
                    "label": "Columns",
                    "columns": [
                        {
                            "components": [],
                            "width": 3,
                            "offset": 0,
                            "push": 0,
                            "pull": 0,
                            "size": "sm",
                            "currentWidth": 3
                        },
                        {
                            "components": [],
                            "width": 6,
                            "offset": 0,
                            "push": 0,
                            "pull": 0,
                            "size": "md",
                            "currentWidth": 6
                        }
                    ],
                    "key": "columns",
                    "type": "columns",
                    "input": false,
                    "tableView": false
                }
            ]
        }
    },
    {
        "url": "http://localhost/api/v2/form-definitions/c9812db5-cb8a-4910-97f7-edf55a5a8175",
        "uuid": "c9812db5-cb8a-4910-97f7-edf55a5a8175",
        "name": "Contactgegevens",
        "slug": "contactgegevens",
        "configuration": {
            "display": "form",
            "components": [
                {
                    "label": "Naam",
                    "tableView": true,
                    "validate": {
                        "required": true
                    },
                    "key": "naam",
                    "type": "textfield",
                    "input": true,
                    "prefill": {
                        "plugin": "",
                        "attribute": "",
                        "identifierRole": "main"
                    }
                },
                {
                    "label": "Naam",
                    "tableView": true,
                    "validate": {
                        "required": true
                    },
                    "key": "naam1",
                    "type": "textfield",
                    "input": true,
                    "prefill": {
                        "plugin": "",
                        "attribute": "",
                        "identifierRole": "main"
                    }
                },
                {
                    "label": "Adres",
                    "disablestreetcity": false,
                    "validate": {
                        "required": true
                    },
                    "tableView": true,
                    "key": "adres",
                    "type": "adres",
                    "input": true
                },
                {
                    "label": "Naam contactpersoon",
                    "tableView": true,
                    "validate": {
                        "required": true
                    },
                    "key": "naamContactpersoon",
                    "type": "textfield",
                    "input": true,
                    "prefill": {
                        "plugin": "",
                        "attribute": "",
                        "identifierRole": "main"
                    }
                },
                {
                    "label": "E-mailadres contactpersoon",
                    "tableView": true,
                    "validateOn": "blur",
                    "validate": {
                        "required": true
                    },
                    "key": "eMailadresContactpersoon",
                    "type": "email",
                    "input": true
                },
                {
                    "label": "Hoe wilt u dat de gemeente contact met u opneemt over uw aanvraag als dat nodig is?",
                    "optionsLabelPosition": "right",
                    "description": "Soms is de gemeente verplicht om via post contact met u op te nemen. Dan kan er geen rekening gehouden worden met hoe u het liefste contact wilt hebben.",
                    "inline": false,
                    "tableView": false,
                    "values": [
                        {
                            "label": "via e-mail",
                            "value": "viaEMail",
                            "shortcut": ""
                        },
                        {
                            "label": "via telefoon",
                            "value": "viaTelefoon",
                            "shortcut": ""
                        }
                    ],
                    "validate": {
                        "required": true
                    },
                    "key": "hoeWiltUDatDeGemeenteContactMetUOpneemtOverUwAanvraagAlsDatNodigIs",
                    "type": "radio",
                    "input": true,
                    "lang": "nl"
                },
                {
                    "components": [
                        {
                            "label": "E-mailadres",
                            "tableView": true,
                            "validateOn": "blur",
                            "validate": {
                                "required": true
                            },
                            "key": "eMailadres",
                            "type": "email",
                            "input": true
                        },
                        {
                            "label": "Telefoonnummer",
                            "applyMaskOn": "change",
                            "tableView": true,
                            "key": "telefoonnummer",
                            "type": "textfield",
                            "input": true,
                            "prefill": {
                                "plugin": "",
                                "attribute": "",
                                "identifierRole": "main"
                            }
                        },
                        {
                            "html": "<p>Als u ook uw telefoonnummer invult kunnen wij sneller met u contact opnemen als dit nodig is.</p>",
                            "label": "Content",
                            "refreshOnChange": false,
                            "key": "content-1",
                            "type": "content",
                            "input": false,
                            "tableView": false
                        }
                    ],
                    "key": "fieldSet-1",
                    "type": "fieldset",
                    "label": "Field Set",
                    "tree": false,
                    "input": false,
                    "hidden": false,
                    "legend": "",
                    "prefix": "",
                    "suffix": "",
                    "unique": false,
                    "widget": null,
                    "dbIndex": false,
                    "overlay": {
                        "top": "",
                        "left": "",
                        "style": "",
                        "width": "",
                        "height": ""
                    },
                    "tooltip": "",
                    "disabled": false,
                    "multiple": false,
                    "redrawOn": "",
                    "tabindex": "",
                    "validate": {
                        "custom": "",
                        "unique": false,
                        "multiple": false,
                        "required": false,
                        "customPrivate": false,
                        "strictDateValidation": false
                    },
                    "autofocus": false,
                    "encrypted": false,
                    "hideLabel": false,
                    "modalEdit": false,
                    "protected": false,
                    "refreshOn": "",
                    "tableView": false,
                    "attributes": {},
                    "errorLabel": "",
                    "hideHeader": false,
                    "persistent": false,
                    "properties": {},
                    "validateOn": "change",
                    "clearOnHide": true,
                    "customClass": "",
                    "description": "",
                    "placeholder": "",
                    "defaultValue": null,
                    "dataGridLabel": false,
                    "labelPosition": "top",
                    "showCharCount": false,
                    "showWordCount": false,
                    "calculateValue": "",
                    "calculateServer": false,
                    "allowMultipleMasks": false,
                    "customDefaultValue": "",
                    "allowCalculateOverride": false
                },
                {
                    "components": [
                        {
                            "label": "Telefoonnummer",
                            "applyMaskOn": "change",
                            "tableView": true,
                            "validate": {
                                "required": true
                            },
                            "key": "telefoonnummer1",
                            "type": "textfield",
                            "input": true,
                            "prefill": {
                                "plugin": "",
                                "attribute": "",
                                "identifierRole": "main"
                            }
                        },
                        {
                            "label": "E-mailadres",
                            "applyMaskOn": "change",
                            "tableView": true,
                            "validateOn": "blur",
                            "key": "eMailadres1",
                            "type": "email",
                            "input": true
                        },
                        {
                            "html": "<ul><li>Als wij u niet kunnen bereiken via de telefoon dan sturen wij u een brief of een e-mail&nbsp;</li><li>Als u een bericht wilt ontvangen via e-mail dat uw aanvraag goed bij ons is aangekomen, vul dan uw e-mailadres in</li></ul>",
                            "label": "Content",
                            "refreshOnChange": false,
                            "key": "content",
                            "type": "content",
                            "input": false,
                            "tableView": false
                        }
                    ],
                    "key": "fieldSet",
                    "type": "fieldset",
                    "label": "Field Set",
                    "tree": false,
                    "input": false,
                    "hidden": false,
                    "legend": "",
                    "prefix": "",
                    "suffix": "",
                    "unique": false,
                    "widget": null,
                    "dbIndex": false,
                    "overlay": {
                        "top": "",
                        "left": "",
                        "style": "",
                        "width": "",
                        "height": ""
                    },
                    "tooltip": "",
                    "disabled": false,
                    "multiple": false,
                    "redrawOn": "",
                    "tabindex": "",
                    "validate": {
                        "custom": "",
                        "unique": false,
                        "multiple": false,
                        "required": false,
                        "customPrivate": false,
                        "strictDateValidation": false
                    },
                    "autofocus": false,
                    "encrypted": false,
                    "hideLabel": false,
                    "modalEdit": false,
                    "protected": false,
                    "refreshOn": "",
                    "tableView": false,
                    "attributes": {},
                    "errorLabel": "",
                    "hideHeader": false,
                    "persistent": false,
                    "properties": {},
                    "validateOn": "change",
                    "clearOnHide": true,
                    "customClass": "",
                    "description": "",
                    "placeholder": "",
                    "defaultValue": null,
                    "dataGridLabel": false,
                    "labelPosition": "top",
                    "showCharCount": false,
                    "showWordCount": false,
                    "calculateValue": "",
                    "calculateServer": false,
                    "allowMultipleMasks": false,
                    "customDefaultValue": "",
                    "allowCalculateOverride": false
                },
                {
                    "label": "Columns",
                    "columns": [
                        {
                            "components": [],
                            "width": 3,
                            "offset": 0,
                            "push": 0,
                            "pull": 0,
                            "size": "sm",
                            "currentWidth": 3
                        },
                        {
                            "components": [],
                            "width": 6,
                            "offset": 0,
                            "push": 0,
                            "pull": 0,
                            "size": "md",
                            "currentWidth": 6
                        }
                    ],
                    "key": "columns1",
                    "type": "columns",
                    "input": false,
                    "tableView": false
                }
            ]
        }
    },
    {
        "url": "http://localhost/api/v2/form-definitions/fa614475-509d-46b4-8d53-8d8dd5731c74",
        "uuid": "fa614475-509d-46b4-8d53-8d8dd5731c74",
        "name": "Bijlage(n)",
        "slug": "bijlagen",
        "configuration": {
            "display": "form",
            "components": [
                {
                    "label": "Toevoegen",
                    "description": "Toegestaan zijn .jpg, .png, .jpeg of .pdf documenten die niet groter zijn dan 20MB.",
                    "tableView": false,
                    "storage": "url",
                    "webcam": false,
                    "fileTypes": [
                        {
                            "label": "",
                            "value": ""
                        }
                    ],
                    "filePattern": ".jpg,.png,.jpeg,.pdf",
                    "fileMinSize": "1KB",
                    "fileMaxSize": "20MB",
                    "multiple": true,
                    "validate": {
                        "required": true,
                        "customMessage": "U moet een bijlage(n) meesturen."
                    },
                    "key": "toevoegen",
                    "type": "file",
                    "url": "/cloud/s3",
                    "input": true
                },
                {
                    "html": "<p>Ik heb deze bijlage(n) toegevoegd:</p>",
                    "label": "Content",
                    "refreshOnChange": false,
                    "key": "content2",
                    "type": "content",
                    "input": false,
                    "tableView": false
                },
                {
                    "label": "Kaart/tekening waarop staat waar u de metaaldetector wilt gaan gebruiken",
                    "tableView": false,
                    "validate": {
                        "required": true
                    },
                    "key": "kaartTekeningWaaropStaatWaarUDeMetaaldetectorWiltGaanGebruiken",
                    "type": "checkbox",
                    "input": true,
                    "defaultValue": false
                },
                {
                    "label": "Plan of een technische werkbeschrijving waarin staat hoe u de metaaldetector gaat gebruiken",
                    "tableView": false,
                    "validate": {
                        "required": true
                    },
                    "key": "planOfEenTechnischeWerkbeschrijvingWaarinStaatHoeUDeMetaaldetectorGaatGebruiken",
                    "type": "checkbox",
                    "input": true,
                    "defaultValue": false
                },
                {
                    "label": "Columns",
                    "columns": [
                        {
                            "components": [],
                            "width": 3,
                            "offset": 0,
                            "push": 0,
                            "pull": 0,
                            "size": "sm",
                            "currentWidth": 3
                        },
                        {
                            "components": [],
                            "width": 6,
                            "offset": 0,
                            "push": 0,
                            "pull": 0,
                            "size": "md",
                            "currentWidth": 6
                        }
                    ],
                    "key": "columns2",
                    "type": "columns",
                    "input": false,
                    "tableView": false
                }
            ]
        }
    }
]