[
    {
        "uuid": "51057f6b-7992-4d8a-8690-df90dac95cca",
        "name": "Onderwerp voor agenda gemeenteraad insturen",
        "internal_name": "",
        "login_required": false,
        "authentication_backends": [],
        "slug": "onderwerpvooragendagemeenteraadinsturen",
        "url": "http://localhost/api/v2/forms/51057f6b-7992-4d8a-8690-df90dac95cca",
        "show_progress_indicator": true,
        "maintenance_mode": false,
        "active": true,
        "is_deleted": false,
        "suspension_allowed": true,
        "send_confirmation_email": true,
        "display_main_website_link": true,
        "required_fields_with_asterisk": true,
        "resume_link_lifetime": 7,
        "hide_non_applicable_steps": true
    }
]