[
    {
        "uuid": "cbd2c30e-077e-4e12-83a1-509209f431b1",
        "name": "Registering for emergency shelter",
        "internal_name": "",
        "login_required": false,
        "authentication_backends": [],
        "slug": "registeringforemergencyshelter",
        "url": "http://localhost/api/v2/forms/cbd2c30e-077e-4e12-83a1-509209f431b1",
        "show_progress_indicator": true,
        "maintenance_mode": false,
        "active": true,
        "is_deleted": false,
        "suspension_allowed": true,
        "send_confirmation_email": true,
        "display_main_website_link": true,
        "required_fields_with_asterisk": true,
        "resume_link_lifetime": 7,
        "hide_non_applicable_steps": true
    }
]