[
    {
        "url": "http://localhost/api/v2/form-definitions/816b5597-c6d9-4982-88d8-e4c9018238f7",
        "uuid": "816b5597-c6d9-4982-88d8-e4c9018238f7",
        "name": "Your data",
        "slug": "your-data",
        "configuration": {
            "display": "form",
            "components": [
                {
                    "label": "Name",
                    "tableView": true,
                    "key": "naam",
                    "type": "textfield",
                    "input": true,
                    "prefill": {
                        "plugin": "",
                        "attribute": "",
                        "identifierRole": "main"
                    }
                },
                {
                    "label": "E-mail address",
                    "tableView": true,
                    "validateOn": "blur",
                    "validate": {
                        "required": true
                    },
                    "key": "eMailadres",
                    "type": "email",
                    "input": true
                },
                {
                    "label": "Telephone number",
                    "tableView": true,
                    "validate": {
                        "required": true
                    },
                    "key": "telefoonnummer",
                    "type": "textfield",
                    "input": true,
                    "prefill": {
                        "plugin": "",
                        "attribute": "",
                        "identifierRole": "main"
                    }
                },
                {
                    "label": "Details of contact person who speaks Dutch or English",
                    "tableView": true,
                    "inputFormat": "plain",
                    "key": "gegevensContactpersoonDieNederlandsOfEngelsSpreekt",
                    "type": "textarea",
                    "input": true,
                    "autoExpand": false
                },
                {
                    "label": "Columns",
                    "columns": [
                        {
                            "components": [],
                            "width": 3,
                            "offset": 0,
                            "push": 0,
                            "pull": 0,
                            "size": "sm",
                            "currentWidth": 3
                        },
                        {
                            "components": [],
                            "width": 6,
                            "offset": 0,
                            "push": 0,
                            "pull": 0,
                            "size": "md",
                            "currentWidth": 6
                        }
                    ],
                    "key": "columns2",
                    "type": "columns",
                    "input": false,
                    "tableView": false
                }
            ]
        }
    },
    {
        "url": "http://localhost/api/v2/form-definitions/14851905-98fb-41c8-8ac9-966cc1f2c4ec",
        "uuid": "14851905-98fb-41c8-8ac9-966cc1f2c4ec",
        "name": "Data persons for whom emergency shelter is reques",
        "slug": "data-persons-for-whom-emergency-shelter-is-requested",
        "configuration": {
            "display": "form",
            "components": [
                {
                    "label": "Who are you requesting emergency shelter for? Answer these questions for each person:",
                    "reorder": false,
                    "addAnotherPosition": "bottom",
                    "layoutFixed": false,
                    "enableRowGroups": false,
                    "initEmpty": false,
                    "tableView": false,
                    "defaultValue": [
                        {
                            "container": {
                                "voornaam": "",
                                "achternaam": "",
                                "leeftijd": ""
                            }
                        }
                    ],
                    "key": "voorWieVraagtUNoodopvangAan",
                    "type": "datagrid",
                    "input": true,
                    "components": [
                        {
                            "components": [
                                {
                                    "label": "First name",
                                    "tableView": true,
                                    "validate": {
                                        "required": true
                                    },
                                    "key": "voornaam",
                                    "type": "textfield",
                                    "input": true,
                                    "prefill": {
                                        "plugin": "",
                                        "attribute": "",
                                        "identifierRole": "main"
                                    }
                                },
                                {
                                    "label": "Surname",
                                    "tableView": true,
                                    "validate": {
                                        "required": true
                                    },
                                    "key": "achternaam",
                                    "type": "textfield",
                                    "input": true,
                                    "prefill": {
                                        "plugin": "",
                                        "attribute": "",
                                        "identifierRole": "main"
                                    }
                                },
                                {
                                    "label": "Age",
                                    "tableView": true,
                                    "validate": {
                                        "required": true
                                    },
                                    "key": "leeftijd",
                                    "type": "textfield",
                                    "input": true,
                                    "prefill": {
                                        "plugin": "",
                                        "attribute": "",
                                        "identifierRole": "main"
                                    }
                                }
                            ],
                            "key": "fieldSet-1",
                            "type": "fieldset",
                            "label": "Field Set",
                            "tree": false,
                            "input": false,
                            "hidden": false,
                            "legend": "",
                            "prefix": "",
                            "suffix": "",
                            "unique": false,
                            "widget": null,
                            "dbIndex": false,
                            "overlay": {
                                "top": "",
                                "left": "",
                                "style": "",
                                "width": "",
                                "height": ""
                            },
                            "tooltip": "",
                            "disabled": false,
                            "multiple": false,
                            "redrawOn": "",
                            "tabindex": "",
                            "validate": {
                                "custom": "",
                                "unique": false,
                                "multiple": false,
                                "required": false,
                                "customPrivate": false,
                                "strictDateValidation": false
                            },
                            "autofocus": false,
                            "encrypted": false,
                            "hideLabel": false,
                            "modalEdit": false,
                            "protected": false,
                            "refreshOn": "",
                            "tableView": false,
                            "attributes": {},
                            "errorLabel": "",
                            "hideHeader": false,
                            "persistent": false,
                            "properties": {},
                            "validateOn": "change",
                            "clearOnHide": true,
                            "conditional": {
                                "eq": "",
                                "show": null,
                                "when": null
                            },
                            "customClass": "",
                            "description": "",
                            "placeholder": "",
                            "defaultValue": null,
                            "dataGridLabel": false,
                            "labelPosition": "top",
                            "showCharCount": false,
                            "showWordCount": false,
                            "calculateValue": "",
                            "calculateServer": false,
                            "allowMultipleMasks": false,
                            "customDefaultValue": "",
                            "allowCalculateOverride": false
                        }
                    ]
                },
                {
                    "label": "Do these persons currently live (temporarily) in the muncipality of Nijmegen?",
                    "optionsLabelPosition": "right",
                    "inline": false,
                    "tableView": false,
                    "values": [
                        {
                            "label": "ja",
                            "value": "ja",
                            "shortcut": ""
                        },
                        {
                            "label": "nee",
                            "value": "nee",
                            "shortcut": ""
                        }
                    ],
                    "key": "wonenInGemeenteNijmegen",
                    "type": "radio",
                    "input": true
                },
                {
                    "html": "<p>The persons do not live in the municipality of Nijmegen. They cannot get emergency shelter in the municipality of Nijmegen. You can apply for emergency shelter in the municipality where the persons currently live (temporarily).</p>",
                    "label": "Content",
                    "refreshOnChange": false,
                    "key": "content",
                    "type": "content",
                    "input": false,
                    "tableView": false
                },
                {
                    "components": [
                        {
                            "label": "Are any of these persons currently in education?",
                            "optionsLabelPosition": "right",
                            "inline": false,
                            "tableView": false,
                            "values": [
                                {
                                    "label": "yes",
                                    "value": "ja",
                                    "shortcut": ""
                                },
                                {
                                    "label": "no",
                                    "value": "nee",
                                    "shortcut": ""
                                }
                            ],
                            "validate": {
                                "required": true
                            },
                            "key": "volgtEenOfMeerVanDezePersonenOpDitMomentOnderwijs",
                            "type": "radio",
                            "input": true
                        },
                        {
                            "label": "Where?",
                            "tableView": true,
                            "validate": {
                                "required": true
                            },
                            "key": "waar",
                            "conditional": {
                                "show": true,
                                "when": "personenWonenInNijmegen.volgtEenOfMeerVanDezePersonenOpDitMomentOnderwijs",
                                "eq": "ja"
                            },
                            "type": "textfield",
                            "input": true,
                            "prefill": {
                                "plugin": "",
                                "attribute": "",
                                "identifierRole": "main"
                            }
                        },
                        {
                            "label": "Do one or more of these persons currently have paid work?",
                            "optionsLabelPosition": "right",
                            "inline": false,
                            "tableView": false,
                            "values": [
                                {
                                    "label": "yes",
                                    "value": "ja",
                                    "shortcut": ""
                                },
                                {
                                    "label": "no",
                                    "value": "nee",
                                    "shortcut": ""
                                }
                            ],
                            "validate": {
                                "required": true
                            },
                            "key": "heeftEenOfMeerVanDezePersonenOpDitMomentBetaaldWerk",
                            "type": "radio",
                            "input": true
                        },
                        {
                            "label": "Where?",
                            "tableView": true,
                            "validate": {
                                "required": true
                            },
                            "key": "waar1",
                            "conditional": {
                                "show": true,
                                "when": "personenWonenInNijmegen.heeftEenOfMeerVanDezePersonenOpDitMomentBetaaldWerk",
                                "eq": "ja"
                            },
                            "type": "textfield",
                            "input": true,
                            "prefill": {
                                "plugin": "",
                                "attribute": "",
                                "identifierRole": "main"
                            }
                        },
                        {
                            "label": "Do these persons have pets?",
                            "optionsLabelPosition": "right",
                            "inline": false,
                            "tableView": false,
                            "values": [
                                {
                                    "label": "yes",
                                    "value": "ja",
                                    "shortcut": ""
                                },
                                {
                                    "label": "no",
                                    "value": "nee",
                                    "shortcut": ""
                                }
                            ],
                            "validate": {
                                "required": true
                            },
                            "key": "hebbenDezePersonenHuisdieren",
                            "type": "radio",
                            "input": true
                        },
                        {
                            "label": "Which pets?",
                            "tableView": true,
                            "validate": {
                                "required": true
                            },
                            "key": "welkeHuisdieren",
                            "conditional": {
                                "show": true,
                                "when": "personenWonenInNijmegen.hebbenDezePersonenHuisdieren",
                                "eq": "ja"
                            },
                            "type": "textfield",
                            "input": true,
                            "prefill": {
                                "plugin": "",
                                "attribute": "",
                                "identifierRole": "main"
                            }
                        },
                        {
                            "label": "Are there any medical conditions that make these persons want to go to a special home?",
                            "optionsLabelPosition": "right",
                            "description": "For example, a home that is wheelchair accessible or where special care is available.",
                            "inline": false,
                            "tableView": false,
                            "values": [
                                {
                                    "label": "yes",
                                    "value": "ja",
                                    "shortcut": ""
                                },
                                {
                                    "label": "no",
                                    "value": "nee",
                                    "shortcut": ""
                                }
                            ],
                            "key": "zijnErMedischeBijzonderhedenWaardoorDezePersonenNaarEenSpecialeWoningWillen",
                            "type": "radio",
                            "input": true
                        }
                    ],
                    "key": "fieldSet",
                    "type": "fieldset",
                    "label": "Field Set",
                    "tree": false,
                    "input": false,
                    "hidden": false,
                    "legend": "",
                    "prefix": "",
                    "suffix": "",
                    "unique": false,
                    "widget": null,
                    "dbIndex": false,
                    "overlay": {
                        "top": "",
                        "left": "",
                        "style": "",
                        "width": "",
                        "height": ""
                    },
                    "tooltip": "",
                    "disabled": false,
                    "multiple": false,
                    "redrawOn": "",
                    "tabindex": "",
                    "validate": {
                        "custom": "",
                        "unique": false,
                        "multiple": false,
                        "required": false,
                        "customPrivate": false,
                        "strictDateValidation": false
                    },
                    "autofocus": false,
                    "encrypted": false,
                    "hideLabel": false,
                    "modalEdit": false,
                    "protected": false,
                    "refreshOn": "",
                    "tableView": false,
                    "attributes": {},
                    "errorLabel": "",
                    "hideHeader": false,
                    "persistent": false,
                    "properties": {},
                    "validateOn": "change",
                    "clearOnHide": true,
                    "customClass": "",
                    "description": "",
                    "placeholder": "",
                    "defaultValue": null,
                    "dataGridLabel": false,
                    "labelPosition": "top",
                    "showCharCount": false,
                    "showWordCount": false,
                    "calculateValue": "",
                    "calculateServer": false,
                    "allowMultipleMasks": false,
                    "customDefaultValue": "",
                    "allowCalculateOverride": false
                },
                {
                    "label": "Columns",
                    "columns": [
                        {
                            "components": [],
                            "width": 3,
                            "offset": 0,
                            "push": 0,
                            "pull": 0,
                            "size": "sm",
                            "currentWidth": 3
                        },
                        {
                            "components": [],
                            "width": 6,
                            "offset": 0,
                            "push": 0,
                            "pull": 0,
                            "size": "md",
                            "currentWidth": 6
                        }
                    ],
                    "key": "columns",
                    "type": "columns",
                    "input": false,
                    "tableView": false
                }
            ]
        }
    }
]