[
    {
        "uuid": "430ccb0d-4c9a-4a29-a52f-b4cd4034391f",
        "index": "0",
        "slug": "uw-gegevens",
        "form_definition": "http://localhost/api/v2/form-definitions/211ce0df-a1aa-4b35-b83e-c303fa8a6cb0"
    },
    {
        "uuid": "35ffcb29-1dbe-44c6-98bf-e23f8ea7591f",
        "index": "1",
        "slug": "iban",
        "form_definition": "http://localhost/api/v2/form-definitions/46e19e42-0529-4505-a894-ad6cbaaf7f03"
    },
    {
        "uuid": "cb14a11e-f140-4a56-8b12-806c160c8b0a",
        "index": "2",
        "slug": "subsidie",
        "form_definition": "http://localhost/api/v2/form-definitions/c9d6d4a3-911b-48ac-b9d5-544cd0ce5f52"
    },
    {
        "uuid": "23ce2aaa-65fa-4d10-b9a9-2a59d536a67f",
        "index": "3",
        "slug": "bijlagen",
        "form_definition": "http://localhost/api/v2/form-definitions/2a8aeaef-bbb6-4a14-a3b3-ca042130c6a3"
    }
]