[
    {
        "uuid": "c0b45403-15c2-4513-ab06-51d52f5a592b",
        "name": "Subsidie migrantenorganisaties aanvragen of uitge",
        "internal_name": "",
        "login_required": false,
        "authentication_backends": [],
        "slug": "subsidiemigrantenorganisatiesaanvragenofuitgevoer",
        "url": "http://localhost/api/v2/forms/c0b45403-15c2-4513-ab06-51d52f5a592b",
        "show_progress_indicator": true,
        "maintenance_mode": false,
        "active": true,
        "is_deleted": false,
        "suspension_allowed": true,
        "send_confirmation_email": true,
        "display_main_website_link": true,
        "required_fields_with_asterisk": true,
        "resume_link_lifetime": 7,
        "hide_non_applicable_steps": true
    }
]