[
    {
        "uuid": "d3b2364e-0ab2-4977-9668-a72100c2279e",
        "index": "0",
        "slug": "uw-gegevens",
        "form_definition": "http://localhost/api/v2/form-definitions/0be2e35c-f9ff-4d83-821a-e9b92d86c67a"
    },
    {
        "uuid": "d26fda03-c6d0-40a4-973b-d61c8935314c",
        "index": "1",
        "slug": "gegevens-van-de-persoonbedrijf-waarvoor-u-een-overleg-aanvraagt",
        "form_definition": "http://localhost/api/v2/form-definitions/6c9da88c-121a-4877-bb31-5e69342a5c85"
    },
    {
        "uuid": "254a1b52-3079-4e43-b4f8-15bb1a07fc66",
        "index": "2",
        "slug": "informeren-van-de-buren",
        "form_definition": "http://localhost/api/v2/form-definitions/0a4e5e7b-dc6f-41e5-a79b-a9661a13c727"
    },
    {
        "uuid": "a3ebe21e-926f-44c1-8e8b-3c55430c5f95",
        "index": "3",
        "slug": "uw-plan",
        "form_definition": "http://localhost/api/v2/form-definitions/7be1039f-b5a6-46d4-ae80-036e36616db2"
    },
    {
        "uuid": "6b88ce92-6a05-4edf-9618-fcc9fe5bb13d",
        "index": "4",
        "slug": "bijlagen",
        "form_definition": "http://localhost/api/v2/form-definitions/63a10292-0ba1-491a-8d9f-ed7d5ae0a51c"
    }
]