[
    {
        "uuid": "07e4ac7f-8469-48f0-b9ff-50e7ef0c1e14",
        "name": "Vooroverleg omgevingsvergunning aanvragen",
        "internal_name": "",
        "login_required": false,
        "authentication_backends": [],
        "slug": "vooroverlegomgevingsvergunningaanvragen",
        "url": "http://localhost/api/v2/forms/07e4ac7f-8469-48f0-b9ff-50e7ef0c1e14",
        "show_progress_indicator": true,
        "maintenance_mode": false,
        "active": true,
        "is_deleted": false,
        "suspension_allowed": true,
        "send_confirmation_email": true,
        "display_main_website_link": true,
        "required_fields_with_asterisk": true,
        "resume_link_lifetime": 7,
        "hide_non_applicable_steps": true
    }
]