[
    {
        "uuid": "40993ece-ea89-43d9-a671-c9981253a844",
        "name": "leidinggevende alcoholvergunning aanpassen",
        "internal_name": "",
        "login_required": false,
        "authentication_backends": [],
        "slug": "leidinggevendealcoholvergunningaanpassen",
        "url": "http://localhost/api/v2/forms/40993ece-ea89-43d9-a671-c9981253a844",
        "show_progress_indicator": true,
        "maintenance_mode": false,
        "active": true,
        "is_deleted": false,
        "suspension_allowed": true,
        "send_confirmation_email": true,
        "display_main_website_link": true,
        "required_fields_with_asterisk": true,
        "resume_link_lifetime": 7,
        "hide_non_applicable_steps": true
    }
]