[
    {
        "uuid": "299a5d50-5515-459f-80df-135096e80ac6",
        "name": "Kenteken aanpassen gehandicaptenparkeerplaats oud",
        "internal_name": "",
        "login_required": false,
        "authentication_backends": [],
        "slug": "kentekenaanpassengehandicaptenparkeerplaatsoud",
        "url": "http://localhost/api/v2/forms/299a5d50-5515-459f-80df-135096e80ac6",
        "show_progress_indicator": true,
        "maintenance_mode": false,
        "active": true,
        "is_deleted": false,
        "suspension_allowed": true,
        "send_confirmation_email": true,
        "display_main_website_link": true,
        "required_fields_with_asterisk": true,
        "resume_link_lifetime": 7,
        "hide_non_applicable_steps": true
    }
]