[
    {
        "uuid": "d0818d58-bd6e-467e-bcea-35939eabd236",
        "name": "Subsidie sloop brom of snorfiets aanvragen oud",
        "internal_name": "",
        "login_required": false,
        "authentication_backends": [],
        "slug": "subsidiesloopbromofsnorfietsaanvragenoud",
        "url": "http://localhost/api/v2/forms/d0818d58-bd6e-467e-bcea-35939eabd236",
        "show_progress_indicator": true,
        "maintenance_mode": false,
        "active": true,
        "is_deleted": false,
        "suspension_allowed": true,
        "send_confirmation_email": true,
        "display_main_website_link": true,
        "required_fields_with_asterisk": true,
        "resume_link_lifetime": 7,
        "hide_non_applicable_steps": true
    }
]