[
    {
        "url": "http://localhost/api/v2/form-definitions/a2b25d13-132b-45c5-996f-89df44d662b4",
        "uuid": "a2b25d13-132b-45c5-996f-89df44d662b4",
        "name": "Algemeen",
        "slug": "algemeen",
        "configuration": {
            "display": "form",
            "components": [
                {
                    "html": "<h2>Subsidie sloop brom- of snorfiets aanvragen</h2>",
                    "label": "Content",
                    "refreshOnChange": false,
                    "key": "content-1",
                    "type": "content",
                    "input": false,
                    "tableView": false
                },
                {
                    "html": "<h3>Uw gegevens</h3>",
                    "label": "Content",
                    "refreshOnChange": false,
                    "key": "content1-1",
                    "type": "content",
                    "input": false,
                    "tableView": false
                },
                {
                    "components": [
                        {
                            "label": "Naam",
                            "customClass": "naamingelogdegebruikerfieldnonhidden nonhiddenfield",
                            "tableView": true,
                            "persistent": false,
                            "key": "naamIngelogdeGebruiker",
                            "type": "textfield",
                            "input": true,
                            "prefill": {
                                "plugin": "haalcentraal",
                                "attribute": "verblijfplaats.huisnummer",
                                "identifierRole": "main"
                            }
                        },
                        {
                            "label": "Straatnaam",
                            "customClass": "straatnaamfieldnonhidden nonhiddenfield",
                            "tableView": true,
                            "persistent": false,
                            "key": "straatnaam",
                            "type": "textfield",
                            "input": true,
                            "prefill": {
                                "plugin": "haalcentraal",
                                "attribute": "verblijfplaats.woonplaats",
                                "identifierRole": "main"
                            }
                        },
                        {
                            "label": "Huisnummer",
                            "customClass": "huisnummerfieldnonhidden nonhiddenfield",
                            "tableView": true,
                            "persistent": false,
                            "key": "huisnummerfield",
                            "type": "textfield",
                            "input": true,
                            "prefill": {
                                "plugin": "haalcentraal",
                                "attribute": "verblijfplaats.huisnummer",
                                "identifierRole": "main"
                            }
                        },
                        {
                            "label": "Postcode",
                            "customClass": "postcodefieldnonhidden nonhiddenfield",
                            "tableView": true,
                            "persistent": false,
                            "key": "postcode",
                            "type": "textfield",
                            "input": true,
                            "prefill": {
                                "plugin": "haalcentraal",
                                "attribute": "verblijfplaats.huisnummer",
                                "identifierRole": "main"
                            }
                        },
                        {
                            "label": "Woonplaats",
                            "customClass": "woonplaatsfieldnonhidden nonhiddenfield",
                            "tableView": true,
                            "persistent": false,
                            "key": "woonplaats",
                            "type": "textfield",
                            "input": true,
                            "prefill": {
                                "plugin": "haalcentraal",
                                "attribute": "verblijfplaats.huisnummer",
                                "identifierRole": "main"
                            }
                        }
                    ],
                    "key": "fieldSet-1-2-3-4-5-6",
                    "type": "fieldset",
                    "label": "Field Set",
                    "tree": false,
                    "input": false,
                    "hidden": false,
                    "legend": "",
                    "prefix": "",
                    "suffix": "",
                    "unique": false,
                    "widget": null,
                    "dbIndex": false,
                    "overlay": {
                        "top": "",
                        "left": "",
                        "style": "",
                        "width": "",
                        "height": ""
                    },
                    "tooltip": "",
                    "disabled": false,
                    "multiple": false,
                    "redrawOn": "",
                    "tabindex": "",
                    "validate": {
                        "custom": "",
                        "unique": false,
                        "multiple": false,
                        "required": false,
                        "customPrivate": false,
                        "strictDateValidation": false
                    },
                    "autofocus": false,
                    "encrypted": false,
                    "hideLabel": false,
                    "modalEdit": false,
                    "protected": false,
                    "refreshOn": "",
                    "tableView": false,
                    "attributes": {},
                    "errorLabel": "",
                    "hideHeader": false,
                    "persistent": false,
                    "properties": {},
                    "validateOn": "change",
                    "clearOnHide": true,
                    "customClass": "",
                    "description": "",
                    "placeholder": "",
                    "defaultValue": null,
                    "dataGridLabel": false,
                    "labelPosition": "top",
                    "showCharCount": false,
                    "showWordCount": false,
                    "calculateValue": "",
                    "calculateServer": false,
                    "allowMultipleMasks": false,
                    "customDefaultValue": "",
                    "allowCalculateOverride": false,
                    "originalFormName": "nonhiddenfieldsform1"
                },
                {
                    "label": "E-mailadres",
                    "tableView": true,
                    "validateOn": "blur",
                    "validate": {
                        "required": true
                    },
                    "key": "eMailadres",
                    "type": "email",
                    "input": true
                },
                {
                    "label": "Telefoonnummer",
                    "tableView": true,
                    "validate": {
                        "required": true
                    },
                    "key": "telefoonnummer",
                    "type": "textfield",
                    "input": true,
                    "prefill": {
                        "plugin": "",
                        "attribute": "",
                        "identifierRole": "main"
                    }
                },
                {
                    "label": "Ik vraag deze subsidie aan:",
                    "optionsLabelPosition": "right",
                    "inline": false,
                    "tableView": false,
                    "values": [
                        {
                            "label": "voor mijzelf",
                            "value": "mijzelf",
                            "shortcut": ""
                        },
                        {
                            "label": "als wettelijke vertegenwoordiger namens iemand van 16 of 17 jaar",
                            "value": "namensIemandAnders",
                            "shortcut": ""
                        }
                    ],
                    "validate": {
                        "required": true
                    },
                    "key": "ikVraagDezeSubsidieAan",
                    "type": "radio",
                    "input": true
                },
                {
                    "components": [
                        {
                            "label": "Naam",
                            "tableView": true,
                            "validate": {
                                "required": true
                            },
                            "key": "naam",
                            "type": "textfield",
                            "input": true,
                            "prefill": {
                                "plugin": "",
                                "attribute": "",
                                "identifierRole": "main"
                            }
                        },
                        {
                            "label": "Adres",
                            "disablestreetcity": false,
                            "validate": {
                                "required": true
                            },
                            "tableView": true,
                            "key": "adres",
                            "type": "adres",
                            "input": true
                        }
                    ],
                    "key": "fieldSet-1-2-3-4-5",
                    "type": "fieldset",
                    "label": "Field Set",
                    "tree": false,
                    "input": false,
                    "hidden": false,
                    "legend": "",
                    "prefix": "",
                    "suffix": "",
                    "unique": false,
                    "widget": null,
                    "dbIndex": false,
                    "overlay": {
                        "top": "",
                        "left": "",
                        "style": "",
                        "width": "",
                        "height": ""
                    },
                    "tooltip": "",
                    "disabled": false,
                    "multiple": false,
                    "redrawOn": "",
                    "tabindex": "",
                    "validate": {
                        "custom": "",
                        "unique": false,
                        "multiple": false,
                        "required": false,
                        "customPrivate": false,
                        "strictDateValidation": false
                    },
                    "autofocus": false,
                    "encrypted": false,
                    "hideLabel": false,
                    "modalEdit": false,
                    "protected": false,
                    "refreshOn": "",
                    "tableView": false,
                    "attributes": {},
                    "errorLabel": "",
                    "hideHeader": false,
                    "persistent": false,
                    "properties": {},
                    "validateOn": "change",
                    "clearOnHide": true,
                    "customClass": "",
                    "description": "",
                    "placeholder": "",
                    "defaultValue": null,
                    "dataGridLabel": false,
                    "labelPosition": "top",
                    "showCharCount": false,
                    "showWordCount": false,
                    "calculateValue": "",
                    "calculateServer": false,
                    "allowMultipleMasks": false,
                    "customDefaultValue": "",
                    "allowCalculateOverride": false
                },
                {
                    "label": "IBAN",
                    "inputMask": "AA99 AAAA 9999 9999 99",
                    "tableView": true,
                    "validateOn": "blur",
                    "validate": {
                        "required": true,
                        "customMessage": "Vul een geldig IBAN in."
                    },
                    "key": "iban",
                    "type": "textfield",
                    "input": true,
                    "prefill": {
                        "plugin": "",
                        "attribute": "",
                        "identifierRole": "main"
                    }
                },
                {
                    "label": "Op naam van",
                    "tableView": true,
                    "validate": {
                        "required": true
                    },
                    "key": "opNaamVan",
                    "type": "textfield",
                    "input": true,
                    "prefill": {
                        "plugin": "",
                        "attribute": "",
                        "identifierRole": "main"
                    }
                },
                {
                    "label": "Columns",
                    "columns": [
                        {
                            "components": [],
                            "width": 3,
                            "offset": 0,
                            "push": 0,
                            "pull": 0,
                            "size": "sm",
                            "currentWidth": 3
                        },
                        {
                            "components": [],
                            "width": 6,
                            "offset": 0,
                            "push": 0,
                            "pull": 0,
                            "size": "md",
                            "currentWidth": 6
                        }
                    ],
                    "key": "columns1",
                    "type": "columns",
                    "input": false,
                    "tableView": false
                }
            ]
        }
    },
    {
        "url": "http://localhost/api/v2/form-definitions/8c2d8bf9-e801-40fe-8edb-4f8230e0630b",
        "uuid": "8c2d8bf9-e801-40fe-8edb-4f8230e0630b",
        "name": "Subsidie",
        "slug": "subsidie",
        "configuration": {
            "display": "form",
            "components": [
                {
                    "html": "<h2>Subsidie sloop brom- of snorfiets aanvragen</h2>",
                    "label": "Content",
                    "refreshOnChange": false,
                    "key": "content2",
                    "type": "content",
                    "input": false,
                    "tableView": false
                },
                {
                    "label": "Ik vraag subsidie aan voor",
                    "optionsLabelPosition": "right",
                    "inline": false,
                    "tableView": false,
                    "values": [
                        {
                            "label": "slopen van een brom- of snorfiets",
                            "value": "slopen",
                            "shortcut": ""
                        },
                        {
                            "label": "kopen van een elektrische brom- of snorfiets of elektrische fiets",
                            "value": "kopen",
                            "shortcut": ""
                        },
                        {
                            "label": "slopen van een brom- of snorfiets <b>EN </b>kopen van een elektrische brom- of snorfiets of elektrische fiets",
                            "value": "slopenEnKopen",
                            "shortcut": ""
                        }
                    ],
                    "validate": {
                        "required": true
                    },
                    "key": "ikVraagSubsidieAanVoor",
                    "type": "radio",
                    "input": true
                },
                {
                    "components": [
                        {
                            "label": "Sloopverklaring",
                            "attrs": [
                                {
                                    "attr": "",
                                    "value": ""
                                }
                            ],
                            "content": "Aan het einde van dit formulier moet u uploaden:\n</br><ul>\n  <li>kopie voor- en achterkant kentekenbewijs</li>\n  <li>ingevulde en ondertekende <a href=\"https://www.nijmegen.nl/fileadmin/bestanden/diensten/subsidie/Sloopverklaring-gemeente-nijmegen.pdf\" target=\"_blank\">sloopverklaring</a> voor de gesloopte brom- of snorfiets</li>\n  <li>vrijwaringsbewijs</li>\n</ul>",
                            "refreshOnChange": false,
                            "key": "sloopverklaring",
                            "type": "content",
                            "input": false,
                            "tableView": false,
                            "html": "Aan het einde van dit formulier moet u uploaden:\n</br><ul>\n  <li>kopie voor- en achterkant kentekenbewijs</li>\n  <li>ingevulde en ondertekende <a href=\"https://www.nijmegen.nl/fileadmin/bestanden/diensten/subsidie/Sloopverklaring-gemeente-nijmegen.pdf\" target=\"_blank\">sloopverklaring</a> voor de gesloopte brom- of snorfiets</li>\n  <li>vrijwaringsbewijs</li>\n</ul>"
                        },
                        {
                            "label": "Krijgt u al een andere subsidie voor het slopen van uw brom- of snorfiets of een andere subsidie om een elektrische brom- / snorfiets of elektrische fiets te kopen?",
                            "optionsLabelPosition": "right",
                            "inline": false,
                            "tableView": false,
                            "values": [
                                {
                                    "label": "ja",
                                    "value": "ja",
                                    "shortcut": ""
                                },
                                {
                                    "label": "nee",
                                    "value": "nee",
                                    "shortcut": ""
                                }
                            ],
                            "validate": {
                                "required": true
                            },
                            "key": "krijgtUAlEenAndereSubsidieVoorSlopen",
                            "type": "radio",
                            "input": true
                        },
                        {
                            "label": "Van welke subsidieregeling krijgt u geld?",
                            "tableView": true,
                            "validate": {
                                "required": true
                            },
                            "key": "vanWelkeSubsidieregelingKrijgtUGeld",
                            "customConditional": "show = data.slopen && data.slopen.krijgtUAlEenAndereSubsidieVoorSlopen && data.slopen.krijgtUAlEenAndereSubsidieVoorSlopen == 'ja';",
                            "type": "textfield",
                            "input": true,
                            "prefill": {
                                "plugin": "",
                                "attribute": "",
                                "identifierRole": "main"
                            }
                        }
                    ],
                    "key": "fieldSet-1-2-3-4",
                    "type": "fieldset",
                    "label": "Field Set",
                    "tree": false,
                    "input": false,
                    "hidden": false,
                    "legend": "",
                    "prefix": "",
                    "suffix": "",
                    "unique": false,
                    "widget": null,
                    "dbIndex": false,
                    "overlay": {
                        "top": "",
                        "left": "",
                        "style": "",
                        "width": "",
                        "height": ""
                    },
                    "tooltip": "",
                    "disabled": false,
                    "multiple": false,
                    "redrawOn": "",
                    "tabindex": "",
                    "validate": {
                        "custom": "",
                        "unique": false,
                        "multiple": false,
                        "required": false,
                        "customPrivate": false,
                        "strictDateValidation": false
                    },
                    "autofocus": false,
                    "encrypted": false,
                    "hideLabel": false,
                    "modalEdit": false,
                    "protected": false,
                    "refreshOn": "",
                    "tableView": false,
                    "attributes": {},
                    "errorLabel": "",
                    "hideHeader": false,
                    "persistent": false,
                    "properties": {},
                    "validateOn": "change",
                    "clearOnHide": true,
                    "customClass": "",
                    "description": "",
                    "placeholder": "",
                    "defaultValue": null,
                    "dataGridLabel": false,
                    "labelPosition": "top",
                    "showCharCount": false,
                    "showWordCount": false,
                    "calculateValue": "",
                    "calculateServer": false,
                    "allowMultipleMasks": false,
                    "customDefaultValue": "",
                    "allowCalculateOverride": false
                },
                {
                    "components": [
                        {
                            "label": "Kreeg u eerder een subsidie voor het slopen van de brom- of snorfiets?",
                            "optionsLabelPosition": "right",
                            "inline": false,
                            "tableView": false,
                            "values": [
                                {
                                    "label": "ja",
                                    "value": "ja",
                                    "shortcut": ""
                                },
                                {
                                    "label": "nee",
                                    "value": "nee",
                                    "shortcut": ""
                                }
                            ],
                            "validate": {
                                "required": true
                            },
                            "key": "kreegUEerderEenSubsidie",
                            "conditional": {
                                "show": true,
                                "when": "ikVraagSubsidieAanVoor",
                                "eq": "kopen"
                            },
                            "type": "radio",
                            "input": true
                        },
                        {
                            "html": "<p><span style=\"background-color:rgb(255,255,255);color:rgb(0,0,0);\">Aan het einde van dit formulier moet u een betaalbewijs uploaden waarop staat wat er is gekocht, het merk en type van de elektrische brom- of snorfiets of elektrische fiets, wie het heeft gekocht en wanneer het is gekocht.</span></p>",
                            "label": "Content",
                            "refreshOnChange": false,
                            "key": "content",
                            "conditional": {
                                "show": true,
                                "when": "kopen.kreegUEerderEenSubsidie",
                                "eq": "ja"
                            },
                            "type": "content",
                            "input": false,
                            "tableView": false
                        },
                        {
                            "label": "Krijgt u al een andere subsidie om een elektrische brom- / snorfiets of elektrische fiets te kopen?",
                            "optionsLabelPosition": "right",
                            "inline": false,
                            "tableView": false,
                            "values": [
                                {
                                    "label": "ja",
                                    "value": "ja",
                                    "shortcut": ""
                                },
                                {
                                    "label": "nee",
                                    "value": "nee",
                                    "shortcut": ""
                                }
                            ],
                            "validate": {
                                "required": true
                            },
                            "key": "krijgtUAlEenAndereSubsidieOmTeKopen",
                            "conditional": {
                                "show": true,
                                "when": "kopen.kreegUEerderEenSubsidie",
                                "eq": "ja"
                            },
                            "type": "radio",
                            "input": true
                        },
                        {
                            "label": "Van welke subsidieregeling krijgt u geld?",
                            "tableView": true,
                            "validate": {
                                "required": true
                            },
                            "key": "vanWelkeSubsidieregelingKrijgtUGeld1",
                            "customConditional": "show = data.kopen && data.kopen.krijgtUAlEenAndereSubsidieOmTeKopen && data.kopen.krijgtUAlEenAndereSubsidieOmTeKopen == 'ja';",
                            "type": "textfield",
                            "input": true,
                            "prefill": {
                                "plugin": "",
                                "attribute": "",
                                "identifierRole": "main"
                            }
                        },
                        {
                            "html": "<p><span style=\"background-color:rgb(255,255,255);color:rgb(0,0,0);\">U kunt geen subsidie aanvragen. U kunt alleen subsidie aanvragen voor het kopen van een elektrische brom- of snorfiets of elektrische fiets, als u een brom- of snorfiets heeft laten slopen en daarvoor subsidie heeft ontvangen.</span></p>",
                            "label": "Content",
                            "refreshOnChange": false,
                            "key": "content1",
                            "conditional": {
                                "show": true,
                                "when": "kopen.kreegUEerderEenSubsidie",
                                "eq": "nee"
                            },
                            "type": "content",
                            "input": false,
                            "tableView": false
                        }
                    ],
                    "key": "fieldSet-1-2-3",
                    "type": "fieldset",
                    "label": "Field Set",
                    "tree": false,
                    "input": false,
                    "hidden": false,
                    "legend": "",
                    "prefix": "",
                    "suffix": "",
                    "unique": false,
                    "widget": null,
                    "dbIndex": false,
                    "overlay": {
                        "top": "",
                        "left": "",
                        "style": "",
                        "width": "",
                        "height": ""
                    },
                    "tooltip": "",
                    "disabled": false,
                    "multiple": false,
                    "redrawOn": "",
                    "tabindex": "",
                    "validate": {
                        "custom": "",
                        "unique": false,
                        "multiple": false,
                        "required": false,
                        "customPrivate": false,
                        "strictDateValidation": false
                    },
                    "autofocus": false,
                    "encrypted": false,
                    "hideLabel": false,
                    "modalEdit": false,
                    "protected": false,
                    "refreshOn": "",
                    "tableView": false,
                    "attributes": {},
                    "errorLabel": "",
                    "hideHeader": false,
                    "persistent": false,
                    "properties": {},
                    "validateOn": "change",
                    "clearOnHide": true,
                    "customClass": "",
                    "description": "",
                    "placeholder": "",
                    "defaultValue": null,
                    "dataGridLabel": false,
                    "labelPosition": "top",
                    "showCharCount": false,
                    "showWordCount": false,
                    "calculateValue": "",
                    "calculateServer": false,
                    "allowMultipleMasks": false,
                    "customDefaultValue": "",
                    "allowCalculateOverride": false
                },
                {
                    "components": [
                        {
                            "label": "Sloopverklaring bij slopen en kopen",
                            "attrs": [
                                {
                                    "attr": "",
                                    "value": ""
                                }
                            ],
                            "content": "Aan het einde van dit formulier moet u uploaden:\n</br><ul>\n  <li>kopie voor- en achterkant kentekenbewijs</li>\n  <li>ingevulde en ondertekende <a href=\"https://www.nijmegen.nl/fileadmin/bestanden/diensten/subsidie/Sloopverklaring-gemeente-nijmegen.pdf\" target=\"_blank\">sloopverklaring</a> voor de gesloopte brom- of snorfiets</li>\n  <li>vrijwaringsbewijs</li>\n  <li>een betaalbewijs waarop staat wat er is gekocht, het merk en type van de elektrische brom- of snorfiets of elektrische fiets, wie het heeft gekocht en wanneer het is gekocht.</li>\n</ul>",
                            "refreshOnChange": false,
                            "key": "sloopverklaring1",
                            "type": "content",
                            "input": false,
                            "tableView": false,
                            "html": "Aan het einde van dit formulier moet u uploaden:\n</br><ul>\n  <li>kopie voor- en achterkant kentekenbewijs</li>\n  <li>ingevulde en ondertekende <a href=\"https://www.nijmegen.nl/fileadmin/bestanden/diensten/subsidie/Sloopverklaring-gemeente-nijmegen.pdf\" target=\"_blank\">sloopverklaring</a> voor de gesloopte brom- of snorfiets</li>\n  <li>vrijwaringsbewijs</li>\n  <li>een betaalbewijs waarop staat wat er is gekocht, het merk en type van de elektrische brom- of snorfiets of elektrische fiets, wie het heeft gekocht en wanneer het is gekocht.</li>\n</ul>"
                        },
                        {
                            "label": "Krijgt u een andere subsidie voor het slopen van uw brom- of snorfiets of een andere subsidie om een elektrische brom- / snorfiets of elektrische fiets te kopen?",
                            "optionsLabelPosition": "right",
                            "inline": false,
                            "tableView": false,
                            "values": [
                                {
                                    "label": "ja",
                                    "value": "ja",
                                    "shortcut": ""
                                },
                                {
                                    "label": "nee",
                                    "value": "nee",
                                    "shortcut": ""
                                }
                            ],
                            "validate": {
                                "required": true
                            },
                            "key": "krijgtUEenAndereSubsidieVoorHetSlopenOfOmTeKopen",
                            "type": "radio",
                            "input": true
                        },
                        {
                            "label": "Van welke subsidieregeling krijgt u geld?",
                            "tableView": true,
                            "validate": {
                                "required": true
                            },
                            "key": "vanWelkeSubsidieregelingKrijgtUGeld2",
                            "customConditional": "show = data.slopenEnKopen && data.slopenEnKopen.krijgtUEenAndereSubsidieVoorHetSlopenOfOmTeKopen && data.slopenEnKopen.krijgtUEenAndereSubsidieVoorHetSlopenOfOmTeKopen == 'ja';",
                            "type": "textfield",
                            "input": true,
                            "prefill": {
                                "plugin": "",
                                "attribute": "",
                                "identifierRole": "main"
                            }
                        }
                    ],
                    "key": "fieldSet-1-2",
                    "type": "fieldset",
                    "label": "Field Set",
                    "tree": false,
                    "input": false,
                    "hidden": false,
                    "legend": "",
                    "prefix": "",
                    "suffix": "",
                    "unique": false,
                    "widget": null,
                    "dbIndex": false,
                    "overlay": {
                        "top": "",
                        "left": "",
                        "style": "",
                        "width": "",
                        "height": ""
                    },
                    "tooltip": "",
                    "disabled": false,
                    "multiple": false,
                    "redrawOn": "",
                    "tabindex": "",
                    "validate": {
                        "custom": "",
                        "unique": false,
                        "multiple": false,
                        "required": false,
                        "customPrivate": false,
                        "strictDateValidation": false
                    },
                    "autofocus": false,
                    "encrypted": false,
                    "hideLabel": false,
                    "modalEdit": false,
                    "protected": false,
                    "refreshOn": "",
                    "tableView": false,
                    "attributes": {},
                    "errorLabel": "",
                    "hideHeader": false,
                    "persistent": false,
                    "properties": {},
                    "validateOn": "change",
                    "clearOnHide": true,
                    "customClass": "",
                    "description": "",
                    "placeholder": "",
                    "defaultValue": null,
                    "dataGridLabel": false,
                    "labelPosition": "top",
                    "showCharCount": false,
                    "showWordCount": false,
                    "calculateValue": "",
                    "calculateServer": false,
                    "allowMultipleMasks": false,
                    "customDefaultValue": "",
                    "allowCalculateOverride": false
                },
                {
                    "components": [
                        {
                            "html": "<h3>Gegevens gesloopte brom- of snorfiets</h3>",
                            "label": "Content",
                            "refreshOnChange": false,
                            "key": "content3",
                            "type": "content",
                            "input": false,
                            "tableView": false
                        },
                        {
                            "label": "Kenteken van de gesloopte brom- of snorfiets",
                            "tableView": true,
                            "validate": {
                                "required": true
                            },
                            "key": "kentekenVanDeGesloopteBromOfSnorfiets",
                            "type": "textfield",
                            "input": true,
                            "prefill": {
                                "plugin": "",
                                "attribute": "",
                                "identifierRole": "main"
                            }
                        },
                        {
                            "label": "Naam van het bedrijf dat de brom- of snorfiets heeft gesloopt",
                            "tableView": true,
                            "validate": {
                                "required": true
                            },
                            "key": "naamVanHetBedrijfDatDeBromOfSnorfietsHeeftGesloopt",
                            "type": "textfield",
                            "input": true,
                            "prefill": {
                                "plugin": "",
                                "attribute": "",
                                "identifierRole": "main"
                            }
                        }
                    ],
                    "key": "fieldSet-1",
                    "type": "fieldset",
                    "label": "Field Set",
                    "tree": false,
                    "input": false,
                    "hidden": false,
                    "legend": "",
                    "prefix": "",
                    "suffix": "",
                    "unique": false,
                    "widget": null,
                    "dbIndex": false,
                    "overlay": {
                        "top": "",
                        "left": "",
                        "style": "",
                        "width": "",
                        "height": ""
                    },
                    "tooltip": "",
                    "disabled": false,
                    "multiple": false,
                    "redrawOn": "",
                    "tabindex": "",
                    "validate": {
                        "custom": "",
                        "unique": false,
                        "multiple": false,
                        "required": false,
                        "customPrivate": false,
                        "strictDateValidation": false
                    },
                    "autofocus": false,
                    "encrypted": false,
                    "hideLabel": false,
                    "modalEdit": false,
                    "protected": false,
                    "refreshOn": "",
                    "tableView": false,
                    "attributes": {},
                    "errorLabel": "",
                    "hideHeader": false,
                    "persistent": false,
                    "properties": {},
                    "validateOn": "change",
                    "clearOnHide": true,
                    "customClass": "",
                    "description": "",
                    "placeholder": "",
                    "defaultValue": null,
                    "dataGridLabel": false,
                    "labelPosition": "top",
                    "showCharCount": false,
                    "showWordCount": false,
                    "calculateValue": "",
                    "calculateServer": false,
                    "allowMultipleMasks": false,
                    "customDefaultValue": "",
                    "allowCalculateOverride": false
                },
                {
                    "label": "Columns",
                    "columns": [
                        {
                            "components": [],
                            "width": 3,
                            "offset": 0,
                            "push": 0,
                            "pull": 0,
                            "size": "sm",
                            "currentWidth": 3
                        },
                        {
                            "components": [],
                            "width": 6,
                            "offset": 0,
                            "push": 0,
                            "pull": 0,
                            "size": "md",
                            "currentWidth": 6
                        }
                    ],
                    "key": "columns",
                    "type": "columns",
                    "input": false,
                    "tableView": false
                }
            ]
        }
    },
    {
        "url": "http://localhost/api/v2/form-definitions/b86b7950-4006-442e-bb46-a45a2c405eac",
        "uuid": "b86b7950-4006-442e-bb46-a45a2c405eac",
        "name": "Bijlage(n)",
        "slug": "bijlagen",
        "configuration": {
            "display": "form",
            "components": [
                {
                    "label": "Toevoegen",
                    "description": "Toegestaan zijn .jpg, .png, .jpeg of .pdf documenten die niet groter zijn dan 20MB.",
                    "tableView": false,
                    "storage": "url",
                    "webcam": false,
                    "fileTypes": [
                        {
                            "label": "",
                            "value": ""
                        }
                    ],
                    "multiple": true,
                    "validate": {
                        "required": true
                    },
                    "key": "toevoegen",
                    "type": "file",
                    "url": "/cloud/s3",
                    "input": true
                },
                {
                    "html": "<p>Ik heb deze bijlage(n) toegevoegd:</p>",
                    "label": "Content",
                    "refreshOnChange": false,
                    "key": "content4",
                    "type": "content",
                    "input": false,
                    "tableView": false
                },
                {
                    "components": [
                        {
                            "label": "kopie voor- en achterkant kentekenbewijs",
                            "tableView": false,
                            "defaultValue": false,
                            "validate": {
                                "required": true
                            },
                            "key": "kopieVoorEnAchterkantKentekenbewijs",
                            "type": "checkbox",
                            "input": true
                        },
                        {
                            "label": "Sloopverklaring",
                            "tableView": false,
                            "defaultValue": false,
                            "validate": {
                                "required": true
                            },
                            "key": "sloopverklaringToevoegen",
                            "type": "checkbox",
                            "input": true
                        },
                        {
                            "label": "Vrijwaringsbewijs",
                            "tableView": false,
                            "defaultValue": false,
                            "validate": {
                                "required": true
                            },
                            "key": "vrijwaringsbewijs",
                            "type": "checkbox",
                            "input": true
                        }
                    ],
                    "key": "fieldSet",
                    "type": "fieldset",
                    "label": "Field Set",
                    "tree": false,
                    "input": false,
                    "hidden": false,
                    "legend": "",
                    "prefix": "",
                    "suffix": "",
                    "unique": false,
                    "widget": null,
                    "dbIndex": false,
                    "overlay": {
                        "top": "",
                        "left": "",
                        "style": "",
                        "width": "",
                        "height": ""
                    },
                    "tooltip": "",
                    "disabled": false,
                    "multiple": false,
                    "redrawOn": "",
                    "tabindex": "",
                    "validate": {
                        "custom": "",
                        "unique": false,
                        "multiple": false,
                        "required": false,
                        "customPrivate": false,
                        "strictDateValidation": false
                    },
                    "autofocus": false,
                    "encrypted": false,
                    "hideLabel": false,
                    "modalEdit": false,
                    "protected": false,
                    "refreshOn": "",
                    "tableView": false,
                    "attributes": {},
                    "errorLabel": "",
                    "hideHeader": false,
                    "persistent": false,
                    "properties": {},
                    "validateOn": "change",
                    "clearOnHide": true,
                    "customClass": "",
                    "description": "",
                    "placeholder": "",
                    "defaultValue": null,
                    "dataGridLabel": false,
                    "labelPosition": "top",
                    "showCharCount": false,
                    "showWordCount": false,
                    "calculateValue": "",
                    "calculateServer": false,
                    "allowMultipleMasks": false,
                    "customDefaultValue": "",
                    "allowCalculateOverride": false
                },
                {
                    "label": "Een betaalbewijs waarop staat wat er is gekocht, het merk en type van de elektrische brom- of snorfiets of elektrische fiets, wie het heeft gekocht en wanneer het is gekocht.",
                    "tableView": false,
                    "defaultValue": false,
                    "validate": {
                        "required": true
                    },
                    "key": "betaalbewijs",
                    "customConditional": "var isSloopEnAanschaf = data.ikVraagSubsidieAanVoor == 'slopenEnKopen' ? true:false;\nvar eerderSubsidieGekregen = data.kopen && data.kopen.kreegUEerderEenSubsidie && data.kopen.kreegUEerderEenSubsidie == 'ja' ? true:false;\n\nif (isSloopEnAanschaf || eerderSubsidieGekregen){\n  show = true;\n} else{\n  show = false;\n}",
                    "type": "checkbox",
                    "input": true
                },
                {
                    "label": "regel",
                    "attrs": [
                        {
                            "attr": "",
                            "value": ""
                        }
                    ],
                    "content": "</br>",
                    "refreshOnChange": false,
                    "key": "regel",
                    "type": "content",
                    "input": false,
                    "tableView": false,
                    "html": "</br>"
                },
                {
                    "label": "Columns",
                    "columns": [
                        {
                            "components": [],
                            "width": 3,
                            "offset": 0,
                            "push": 0,
                            "pull": 0,
                            "size": "sm",
                            "currentWidth": 3
                        },
                        {
                            "components": [],
                            "width": 6,
                            "offset": 0,
                            "push": 0,
                            "pull": 0,
                            "size": "md",
                            "currentWidth": 6
                        }
                    ],
                    "key": "columns2",
                    "type": "columns",
                    "input": false,
                    "tableView": false
                }
            ]
        }
    }
]