[
    {
        "uuid": "f8b4a936-af08-4ea5-b97d-94e90fb50963",
        "name": "Subsidie uit noodfonds aanvragen",
        "internal_name": "",
        "login_required": false,
        "authentication_backends": [],
        "slug": "subsidieuitnoodfondsaanvragen",
        "url": "http://localhost/api/v2/forms/f8b4a936-af08-4ea5-b97d-94e90fb50963",
        "show_progress_indicator": true,
        "maintenance_mode": false,
        "active": true,
        "is_deleted": false,
        "suspension_allowed": true,
        "send_confirmation_email": true,
        "display_main_website_link": true,
        "required_fields_with_asterisk": true,
        "resume_link_lifetime": 7,
        "hide_non_applicable_steps": true
    }
]