[
    {
        "url": "http://localhost/api/v2/form-definitions/1d200392-854a-43ca-a0a9-0810bcfd147e",
        "uuid": "1d200392-854a-43ca-a0a9-0810bcfd147e",
        "name": "Uw gegevens",
        "slug": "uw-gegevens",
        "configuration": {
            "display": "form",
            "components": [
                {
                    "components": [
                        {
                            "label": "Naam",
                            "customClass": "naamingelogdegebruikerfieldnonhidden nonhiddenfield",
                            "tableView": true,
                            "persistent": false,
                            "key": "naamIngelogdeGebruiker",
                            "type": "textfield",
                            "input": true,
                            "prefill": {
                                "plugin": "haalcentraal",
                                "attribute": "verblijfplaats.huisnummer",
                                "identifierRole": "main"
                            }
                        },
                        {
                            "label": "Straatnaam",
                            "customClass": "straatnaamfieldnonhidden nonhiddenfield",
                            "tableView": true,
                            "persistent": false,
                            "key": "straatnaam",
                            "type": "textfield",
                            "input": true,
                            "prefill": {
                                "plugin": "haalcentraal",
                                "attribute": "verblijfplaats.woonplaats",
                                "identifierRole": "main"
                            }
                        },
                        {
                            "label": "Huisnummer",
                            "customClass": "huisnummerfieldnonhidden nonhiddenfield",
                            "tableView": true,
                            "persistent": false,
                            "key": "huisnummerfield",
                            "type": "textfield",
                            "input": true,
                            "prefill": {
                                "plugin": "haalcentraal",
                                "attribute": "verblijfplaats.huisnummer",
                                "identifierRole": "main"
                            }
                        },
                        {
                            "label": "Postcode",
                            "customClass": "postcodefieldnonhidden nonhiddenfield",
                            "tableView": true,
                            "persistent": false,
                            "key": "postcode",
                            "type": "textfield",
                            "input": true,
                            "prefill": {
                                "plugin": "haalcentraal",
                                "attribute": "verblijfplaats.huisnummer",
                                "identifierRole": "main"
                            }
                        },
                        {
                            "label": "Woonplaats",
                            "customClass": "woonplaatsfieldnonhidden nonhiddenfield",
                            "tableView": true,
                            "persistent": false,
                            "key": "woonplaats",
                            "type": "textfield",
                            "input": true,
                            "prefill": {
                                "plugin": "haalcentraal",
                                "attribute": "verblijfplaats.huisnummer",
                                "identifierRole": "main"
                            }
                        }
                    ],
                    "key": "fieldSet-1-2",
                    "type": "fieldset",
                    "label": "Field Set",
                    "tree": false,
                    "input": false,
                    "hidden": false,
                    "legend": "",
                    "prefix": "",
                    "suffix": "",
                    "unique": false,
                    "widget": null,
                    "dbIndex": false,
                    "overlay": {
                        "top": "",
                        "left": "",
                        "style": "",
                        "width": "",
                        "height": ""
                    },
                    "tooltip": "",
                    "disabled": false,
                    "multiple": false,
                    "redrawOn": "",
                    "tabindex": "",
                    "validate": {
                        "custom": "",
                        "unique": false,
                        "multiple": false,
                        "required": false,
                        "customPrivate": false,
                        "strictDateValidation": false
                    },
                    "autofocus": false,
                    "encrypted": false,
                    "hideLabel": false,
                    "modalEdit": false,
                    "protected": false,
                    "refreshOn": "",
                    "tableView": false,
                    "attributes": {},
                    "errorLabel": "",
                    "hideHeader": false,
                    "persistent": false,
                    "properties": {},
                    "validateOn": "change",
                    "clearOnHide": true,
                    "customClass": "",
                    "description": "",
                    "placeholder": "",
                    "defaultValue": null,
                    "dataGridLabel": false,
                    "labelPosition": "top",
                    "showCharCount": false,
                    "showWordCount": false,
                    "calculateValue": "",
                    "calculateServer": false,
                    "allowMultipleMasks": false,
                    "customDefaultValue": "",
                    "allowCalculateOverride": false,
                    "originalFormName": "nonhiddenfieldsform1"
                },
                {
                    "components": [
                        {
                            "title": "Page 1",
                            "breadcrumbClickable": false,
                            "buttonSettings": {
                                "previous": false,
                                "cancel": false,
                                "next": false
                            },
                            "navigateOnEnter": false,
                            "saveOnEnter": false,
                            "scrollToTop": false,
                            "collapsible": false,
                            "key": "page1",
                            "type": "panel",
                            "label": "Page 1",
                            "components": [
                                {
                                    "label": "Volledig postbusadres",
                                    "tableView": true,
                                    "calculateValue": "value = data.volledigadres;",
                                    "key": "volledigPostbusadres",
                                    "customConditional": "show = data.inlogmiddel == 'eherkenning' && !(_.isEmpty(data.postbusnummer));",
                                    "type": "textfield",
                                    "input": true,
                                    "prefill": {
                                        "plugin": "",
                                        "attribute": "",
                                        "identifierRole": "main"
                                    }
                                },
                                {
                                    "label": "Uw naam",
                                    "tableView": true,
                                    "validate": {
                                        "required": true
                                    },
                                    "key": "uwNaam",
                                    "conditional": {
                                        "show": true,
                                        "conjunction": "all",
                                        "conditions": [
                                            {
                                                "component": "inlogmiddel",
                                                "operator": "isEqual",
                                                "value": "eherkenning"
                                            }
                                        ]
                                    },
                                    "type": "textfield",
                                    "input": true,
                                    "prefill": {
                                        "plugin": "",
                                        "attribute": "",
                                        "identifierRole": "main"
                                    }
                                },
                                {
                                    "label": "Uw functie in de organisatie",
                                    "tableView": true,
                                    "validate": {
                                        "required": true
                                    },
                                    "key": "uwFunctieInDeOrganisatie",
                                    "conditional": {
                                        "show": true,
                                        "conjunction": "all",
                                        "conditions": [
                                            {
                                                "component": "inlogmiddel",
                                                "operator": "isEqual",
                                                "value": "eherkenning"
                                            }
                                        ]
                                    },
                                    "type": "textfield",
                                    "input": true,
                                    "prefill": {
                                        "plugin": "",
                                        "attribute": "",
                                        "identifierRole": "main"
                                    }
                                },
                                {
                                    "label": "Uw e-mailadres",
                                    "autocomplete": "email",
                                    "tableView": true,
                                    "validateOn": "blur",
                                    "validate": {
                                        "required": true
                                    },
                                    "key": "eMailadres",
                                    "type": "email",
                                    "input": true
                                },
                                {
                                    "label": "Uw telefoonnummer",
                                    "autocomplete": "tel",
                                    "tableView": true,
                                    "validate": {
                                        "required": true
                                    },
                                    "key": "telefoonnummer",
                                    "type": "textfield",
                                    "input": true,
                                    "prefill": {
                                        "plugin": "",
                                        "attribute": "",
                                        "identifierRole": "main"
                                    }
                                },
                                {
                                    "label": "Naam organisatie",
                                    "applyMaskOn": "change",
                                    "tableView": true,
                                    "validate": {
                                        "required": true
                                    },
                                    "key": "naamOrganisatie",
                                    "customConditional": "show = data.bsn && data.bsn.length > 0;",
                                    "type": "textfield",
                                    "input": true,
                                    "prefill": {
                                        "plugin": "",
                                        "attribute": "",
                                        "identifierRole": "main"
                                    }
                                },
                                {
                                    "label": "KvK inschrijfnummer",
                                    "applyMaskOn": "change",
                                    "tableView": true,
                                    "validateOn": "blur",
                                    "validate": {
                                        "required": true,
                                        "pattern": "^[0-9]*$",
                                        "customMessage": "Een inschrijfnummer Kamer van Koophandel bevat 8 cijfers.",
                                        "minLength": 8,
                                        "maxLength": 8
                                    },
                                    "key": "kvKInschrijfnummer",
                                    "customConditional": "show = data.bsn && data.bsn > 0;",
                                    "type": "textfield",
                                    "input": true,
                                    "prefill": {
                                        "plugin": "",
                                        "attribute": "",
                                        "identifierRole": "main"
                                    }
                                },
                                {
                                    "label": "Uw functie in de organisatie",
                                    "applyMaskOn": "change",
                                    "tableView": true,
                                    "validate": {
                                        "required": true
                                    },
                                    "key": "uwFunctieInDeOrganisatie1",
                                    "customConditional": "show = data.bsn && data.bsn.length > 0;",
                                    "type": "textfield",
                                    "input": true,
                                    "prefill": {
                                        "plugin": "",
                                        "attribute": "",
                                        "identifierRole": "main"
                                    }
                                },
                                {
                                    "label": "Bent u zelf de contactpersoon voor deze aanvraag?",
                                    "optionsLabelPosition": "right",
                                    "inline": false,
                                    "tableView": false,
                                    "values": [
                                        {
                                            "label": "Ja",
                                            "value": "ja",
                                            "shortcut": ""
                                        },
                                        {
                                            "label": "Nee",
                                            "value": "nee",
                                            "shortcut": ""
                                        }
                                    ],
                                    "validate": {
                                        "required": true
                                    },
                                    "key": "bentUZelfDeContactpersoonVoorDezeAanvraag",
                                    "type": "radio",
                                    "input": true
                                },
                                {
                                    "label": "Naam contactpersoon",
                                    "tableView": true,
                                    "validate": {
                                        "required": true
                                    },
                                    "key": "naamContactpersoon",
                                    "conditional": {
                                        "show": true,
                                        "conjunction": "all",
                                        "conditions": [
                                            {
                                                "component": "bentUZelfDeContactpersoonVoorDezeAanvraag",
                                                "operator": "isEqual",
                                                "value": "nee"
                                            }
                                        ]
                                    },
                                    "type": "textfield",
                                    "input": true,
                                    "prefill": {
                                        "plugin": "",
                                        "attribute": "",
                                        "identifierRole": "main"
                                    }
                                },
                                {
                                    "label": "E-mailadres contactpersoon",
                                    "tableView": true,
                                    "validateOn": "blur",
                                    "validate": {
                                        "required": true
                                    },
                                    "key": "eMailadresContactpersoon",
                                    "conditional": {
                                        "show": true,
                                        "conjunction": "all",
                                        "conditions": [
                                            {
                                                "component": "bentUZelfDeContactpersoonVoorDezeAanvraag",
                                                "operator": "isEqual",
                                                "value": "nee"
                                            }
                                        ]
                                    },
                                    "type": "email",
                                    "input": true
                                },
                                {
                                    "label": "Telefoonnummer contactpersoon",
                                    "tableView": true,
                                    "validate": {
                                        "required": true
                                    },
                                    "key": "telefoonnummerContactpersoon",
                                    "conditional": {
                                        "show": true,
                                        "conjunction": "all",
                                        "conditions": [
                                            {
                                                "component": "bentUZelfDeContactpersoonVoorDezeAanvraag",
                                                "operator": "isEqual",
                                                "value": "nee"
                                            }
                                        ]
                                    },
                                    "type": "textfield",
                                    "input": true,
                                    "prefill": {
                                        "plugin": "",
                                        "attribute": "",
                                        "identifierRole": "main"
                                    }
                                }
                            ],
                            "input": false,
                            "tableView": false,
                            "allowPrevious": false
                        }
                    ],
                    "key": "fieldSet-1",
                    "type": "fieldset",
                    "label": "Field Set",
                    "tree": false,
                    "input": false,
                    "hidden": false,
                    "legend": "",
                    "prefix": "",
                    "suffix": "",
                    "unique": false,
                    "widget": null,
                    "dbIndex": false,
                    "overlay": {
                        "top": "",
                        "left": "",
                        "style": "",
                        "width": "",
                        "height": ""
                    },
                    "tooltip": "",
                    "disabled": false,
                    "multiple": false,
                    "redrawOn": "",
                    "tabindex": "",
                    "validate": {
                        "custom": "",
                        "unique": false,
                        "multiple": false,
                        "required": false,
                        "customPrivate": false,
                        "strictDateValidation": false
                    },
                    "autofocus": false,
                    "encrypted": false,
                    "hideLabel": false,
                    "modalEdit": false,
                    "protected": false,
                    "refreshOn": "",
                    "tableView": false,
                    "attributes": {},
                    "errorLabel": "",
                    "hideHeader": false,
                    "persistent": false,
                    "properties": {},
                    "validateOn": "change",
                    "clearOnHide": true,
                    "customClass": "",
                    "description": "",
                    "placeholder": "",
                    "defaultValue": null,
                    "dataGridLabel": false,
                    "labelPosition": "top",
                    "showCharCount": false,
                    "showWordCount": false,
                    "calculateValue": "",
                    "calculateServer": false,
                    "allowMultipleMasks": false,
                    "customDefaultValue": "",
                    "allowCalculateOverride": false,
                    "originalFormName": "subsidieGegevensBlokOrganisatieNew"
                },
                {
                    "label": "Columns",
                    "columns": [
                        {
                            "components": [],
                            "width": 3,
                            "offset": 0,
                            "push": 0,
                            "pull": 0,
                            "size": "sm",
                            "currentWidth": 3
                        },
                        {
                            "components": [],
                            "width": 6,
                            "offset": 0,
                            "push": 0,
                            "pull": 0,
                            "size": "md",
                            "currentWidth": 6
                        }
                    ],
                    "key": "columns",
                    "type": "columns",
                    "input": false,
                    "tableView": false
                }
            ]
        }
    },
    {
        "url": "http://localhost/api/v2/form-definitions/93b47a99-a2e9-49ff-96e5-ae628619002c",
        "uuid": "93b47a99-a2e9-49ff-96e5-ae628619002c",
        "name": "IBAN",
        "slug": "iban",
        "configuration": {
            "display": "form",
            "components": [
                {
                    "label": "IBAN waarop de subsidie mag komen",
                    "inputMask": "AA99AAAA9999999999",
                    "tableView": true,
                    "validateOn": "blur",
                    "validate": {
                        "required": true,
                        "customMessage": "Vul een geldig IBAN in."
                    },
                    "key": "iban",
                    "type": "textfield",
                    "input": true,
                    "prefill": {
                        "plugin": "",
                        "attribute": "",
                        "identifierRole": "main"
                    }
                },
                {
                    "label": "Op naam van",
                    "tableView": true,
                    "validate": {
                        "required": true
                    },
                    "key": "opNaamVan",
                    "type": "textfield",
                    "input": true,
                    "prefill": {
                        "plugin": "",
                        "attribute": "",
                        "identifierRole": "main"
                    }
                },
                {
                    "label": "Columns",
                    "columns": [
                        {
                            "components": [],
                            "width": 3,
                            "offset": 0,
                            "push": 0,
                            "pull": 0,
                            "size": "sm",
                            "currentWidth": 3
                        },
                        {
                            "components": [],
                            "width": 6,
                            "offset": 0,
                            "push": 0,
                            "pull": 0,
                            "size": "md",
                            "currentWidth": 6
                        }
                    ],
                    "key": "columns1",
                    "type": "columns",
                    "input": false,
                    "tableView": false
                }
            ]
        }
    },
    {
        "url": "http://localhost/api/v2/form-definitions/97cb4949-8640-4ae7-9be3-89e2b4d931d2",
        "uuid": "97cb4949-8640-4ae7-9be3-89e2b4d931d2",
        "name": "Subsidie",
        "slug": "subsidie",
        "configuration": {
            "display": "form",
            "components": [
                {
                    "label": "Vraagt u voor het eerst subsidie aan?",
                    "optionsLabelPosition": "right",
                    "inline": false,
                    "tableView": false,
                    "values": [
                        {
                            "label": "ja",
                            "value": "ja",
                            "shortcut": ""
                        },
                        {
                            "label": "nee",
                            "value": "nee",
                            "shortcut": ""
                        }
                    ],
                    "validate": {
                        "required": true
                    },
                    "key": "vraagtUVoorHetEerstSubsidieAan",
                    "type": "radio",
                    "input": true
                },
                {
                    "label": "Hoeveel subsidie wilt u ontvangen?",
                    "prefix": "€",
                    "tableView": true,
                    "validate": {
                        "required": true,
                        "pattern": "^\\d{0,7}(\\,\\d{0,2})?$",
                        "customMessage": "Vul een bedrag in."
                    },
                    "key": "hoeveelSubsidie",
                    "type": "textfield",
                    "input": true,
                    "prefill": {
                        "plugin": "",
                        "attribute": "",
                        "identifierRole": "main"
                    }
                },
                {
                    "label": "Waarom vraagt u subsidie aan?",
                    "tableView": true,
                    "inputFormat": "plain",
                    "validate": {
                        "required": true
                    },
                    "key": "waaromVraagtUSubsidieAan",
                    "type": "textarea",
                    "input": true,
                    "autoExpand": false
                },
                {
                    "label": "gegevens subsidieaanvraag",
                    "attrs": [
                        {
                            "attr": "",
                            "value": ""
                        }
                    ],
                    "content": "Wij hebben deze gegevens nodig om uw subsidieaanvraag te kunnen beoordelen:\n<ul><li>hoeveel energie u in de afgelopen jaren heeft gebruikt</li>\n<li>hoeveel energie u denkt te gebruiken tussen december 2022 en maart 2023</li>\n<li>Hoeveel geld u heeft om vrij uit te geven (dat nog niet voor iets anders is gereserveerd)</li>\n<li>•\twat u heeft gedaan of gaat doen om energie te besparen of uw energiekosten omlaag te brengen</li></ul>\nDownload hiervoor dit <a href=\"https://app5.nijmegen.nl/diensten/bijlage-subsidie-noodfonds-organisaties\" target=\"_blank\">formulier</a>, vul het in en stuur het als bijlage mee bij deze subsidieaanvraag.",
                    "refreshOnChange": false,
                    "key": "gegevensSubsidieaanvraag",
                    "type": "content",
                    "input": false,
                    "tableView": false,
                    "html": "Wij hebben deze gegevens nodig om uw subsidieaanvraag te kunnen beoordelen:\n<ul><li>hoeveel energie u in de afgelopen jaren heeft gebruikt</li>\n<li>hoeveel energie u denkt te gebruiken tussen december 2022 en maart 2023</li>\n<li>Hoeveel geld u heeft om vrij uit te geven (dat nog niet voor iets anders is gereserveerd)</li>\n<li>•\twat u heeft gedaan of gaat doen om energie te besparen of uw energiekosten omlaag te brengen</li></ul>\nDownload hiervoor dit <a href=\"https://app5.nijmegen.nl/diensten/bijlage-subsidie-noodfonds-organisaties\" target=\"_blank\">formulier</a>, vul het in en stuur het als bijlage mee bij deze subsidieaanvraag."
                },
                {
                    "label": "Columns",
                    "columns": [
                        {
                            "components": [],
                            "width": 3,
                            "offset": 0,
                            "push": 0,
                            "pull": 0,
                            "size": "sm",
                            "currentWidth": 3
                        },
                        {
                            "components": [],
                            "width": 6,
                            "offset": 0,
                            "push": 0,
                            "pull": 0,
                            "size": "md",
                            "currentWidth": 6
                        }
                    ],
                    "key": "columns7",
                    "type": "columns",
                    "input": false,
                    "tableView": false
                }
            ]
        }
    },
    {
        "url": "http://localhost/api/v2/form-definitions/01b5770d-6207-4411-b16f-77aa731d85b4",
        "uuid": "01b5770d-6207-4411-b16f-77aa731d85b4",
        "name": "Bijlage(n)",
        "slug": "bijlagen",
        "configuration": {
            "display": "form",
            "components": [
                {
                    "label": "Toevoegen",
                    "description": "Toegestaan zijn .jpg, .png, .jpeg of .pdf documenten die niet groter zijn dan 20MB.",
                    "tableView": false,
                    "storage": "url",
                    "webcam": false,
                    "fileTypes": [
                        {
                            "label": "",
                            "value": ""
                        }
                    ],
                    "filePattern": ".jpg,.png,.jpeg,.pdf",
                    "fileMinSize": "1KB",
                    "fileMaxSize": "20MB",
                    "multiple": true,
                    "validate": {
                        "required": true,
                        "customMessage": "U moet een bijlage(n) meesturen."
                    },
                    "key": "toevoegen",
                    "type": "file",
                    "url": "/cloud/s3",
                    "input": true
                },
                {
                    "html": "<p>Ik heb deze bijlage(n) toegevoegd:</p>",
                    "label": "Content",
                    "refreshOnChange": false,
                    "key": "content4",
                    "type": "content",
                    "input": false,
                    "tableView": false
                },
                {
                    "label": "Jaarrekeningen van 2019-2021",
                    "tableView": false,
                    "defaultValue": false,
                    "key": "jaarrekeningen",
                    "type": "checkbox",
                    "input": true
                },
                {
                    "label": "Energierekeningen 2019-2022",
                    "tableView": false,
                    "defaultValue": false,
                    "key": "energierekeningen",
                    "type": "checkbox",
                    "input": true
                },
                {
                    "label": "Overzicht van de inkomsten en kosten die u verwacht in 2022-2023 (begroting)",
                    "tableView": false,
                    "defaultValue": false,
                    "key": "begroting",
                    "type": "checkbox",
                    "input": true
                },
                {
                    "label": "Formulier 'Bijlage subsidie noodfonds organisaties",
                    "tableView": false,
                    "defaultValue": false,
                    "validate": {
                        "required": true
                    },
                    "key": "energiegebruik",
                    "type": "checkbox",
                    "input": true
                },
                {
                    "label": "Energiecontracten 2019 tot nu",
                    "tableView": false,
                    "validate": {
                        "required": true
                    },
                    "key": "energiecontracten2019TotNu",
                    "type": "checkbox",
                    "input": true,
                    "defaultValue": false
                },
                {
                    "components": [
                        {
                            "label": "Het nieuwste uittreksel Kamer van Koophandel (KvK)",
                            "tableView": false,
                            "validate": {
                                "required": true
                            },
                            "key": "hetNieuwsteUittrekselKamerVanKoophandelKvK",
                            "type": "checkbox",
                            "input": true,
                            "defaultValue": false
                        },
                        {
                            "label": "De nieuwste statuten (verantwoordelijkheden, doelstellingen en welke procedures er in uw bedrijf/organisatie zijn)",
                            "tableView": false,
                            "validate": {
                                "required": true
                            },
                            "key": "deNieuwsteStatutenVerantwoordelijkhedenDoelstellingenEnWelkeProceduresErInUwBedrijfOrganisatieZijn",
                            "type": "checkbox",
                            "input": true,
                            "defaultValue": false
                        },
                        {
                            "label": "Een recent bankafschrift",
                            "tableView": false,
                            "validate": {
                                "required": true
                            },
                            "key": "eenRecentBankafschrift",
                            "type": "checkbox",
                            "input": true,
                            "defaultValue": false
                        }
                    ],
                    "key": "fieldSet",
                    "type": "fieldset",
                    "label": "Field Set",
                    "tree": false,
                    "input": false,
                    "hidden": false,
                    "legend": "",
                    "prefix": "",
                    "suffix": "",
                    "unique": false,
                    "widget": null,
                    "dbIndex": false,
                    "overlay": {
                        "top": "",
                        "left": "",
                        "style": "",
                        "width": "",
                        "height": ""
                    },
                    "tooltip": "",
                    "disabled": false,
                    "multiple": false,
                    "redrawOn": "",
                    "tabindex": "",
                    "validate": {
                        "custom": "",
                        "unique": false,
                        "multiple": false,
                        "required": false,
                        "customPrivate": false,
                        "strictDateValidation": false
                    },
                    "autofocus": false,
                    "encrypted": false,
                    "hideLabel": false,
                    "modalEdit": false,
                    "protected": false,
                    "refreshOn": "",
                    "tableView": false,
                    "attributes": {},
                    "errorLabel": "",
                    "hideHeader": false,
                    "persistent": false,
                    "properties": {},
                    "validateOn": "change",
                    "clearOnHide": true,
                    "customClass": "",
                    "description": "",
                    "placeholder": "",
                    "defaultValue": null,
                    "dataGridLabel": false,
                    "labelPosition": "top",
                    "showCharCount": false,
                    "showWordCount": false,
                    "calculateValue": "",
                    "calculateServer": false,
                    "allowMultipleMasks": false,
                    "customDefaultValue": "",
                    "allowCalculateOverride": false
                },
                {
                    "label": "Columns",
                    "columns": [
                        {
                            "components": [],
                            "width": 3,
                            "offset": 0,
                            "push": 0,
                            "pull": 0,
                            "size": "sm",
                            "currentWidth": 3
                        },
                        {
                            "components": [],
                            "width": 6,
                            "offset": 0,
                            "push": 0,
                            "pull": 0,
                            "size": "md",
                            "currentWidth": 6
                        }
                    ],
                    "key": "columns5",
                    "type": "columns",
                    "input": false,
                    "tableView": false
                }
            ]
        }
    }
]