[
    {
        "uuid": "5bfaa2e1-799c-4f99-abae-245057306414",
        "index": "0",
        "slug": "uw-gegevens",
        "form_definition": "http://localhost/api/v2/form-definitions/26ea1bc6-2e27-429e-afcc-6988ef9e76b7"
    },
    {
        "uuid": "4596c892-0fd8-451d-9677-dc48ced1f85e",
        "index": "1",
        "slug": "eerder-toeslag-ontvangen",
        "form_definition": "http://localhost/api/v2/form-definitions/c59657db-f19e-4195-8ed4-574259882a5f"
    },
    {
        "uuid": "4de5e0f6-c63a-4142-89c6-937914296756",
        "index": "2",
        "slug": "inkomen",
        "form_definition": "http://localhost/api/v2/form-definitions/44fa0727-a5b8-4be9-ad55-c044c04dcfdc"
    },
    {
        "uuid": "fe95f1f0-92fe-4d83-9965-999cd3430042",
        "index": "3",
        "slug": "inkomen-partner",
        "form_definition": "http://localhost/api/v2/form-definitions/4db6417b-698d-41ff-8426-1bb422d1b50f"
    },
    {
        "uuid": "77c57af0-df1f-4267-a3d1-43bf3d71dbe3",
        "index": "4",
        "slug": "bank-en-bewindvoering",
        "form_definition": "http://localhost/api/v2/form-definitions/1543279b-847c-47c8-8b06-f4e0a9501fb9"
    },
    {
        "uuid": "d8e27801-e33a-4f43-9960-32c1053d6ea7",
        "index": "5",
        "slug": "wonen",
        "form_definition": "http://localhost/api/v2/form-definitions/c215afb7-5b11-4331-8dc0-ed1f05dfc002"
    },
    {
        "uuid": "d119e86b-dd87-4086-95a2-5f608519df99",
        "index": "6",
        "slug": "inkomen-vervolg",
        "form_definition": "http://localhost/api/v2/form-definitions/813370be-8651-4eab-9b6a-eb5a10642143"
    },
    {
        "uuid": "fc530d72-59c1-4353-afb3-00ceffc817ff",
        "index": "7",
        "slug": "vermogen",
        "form_definition": "http://localhost/api/v2/form-definitions/0e291d4c-2297-49ce-909f-66a545c818b9"
    },
    {
        "uuid": "bce4a1d1-3490-4517-af7f-939fae22fdd9",
        "index": "8",
        "slug": "opleiding",
        "form_definition": "http://localhost/api/v2/form-definitions/6e393326-7938-4fe9-8f7f-ab4160f46041"
    },
    {
        "uuid": "d16cbda0-245a-4f62-acc8-3fe254c4afd4",
        "index": "9",
        "slug": "besluit",
        "form_definition": "http://localhost/api/v2/form-definitions/c935d194-c19d-4c8d-9dce-6602a107e789"
    },
    {
        "uuid": "736a0450-8f74-47a8-9fde-0b1464752248",
        "index": "10",
        "slug": "opmerkingen",
        "form_definition": "http://localhost/api/v2/form-definitions/e640e2e6-09b4-41c8-9451-9ed3daffc9ee"
    },
    {
        "uuid": "c1e83ff6-23a9-46d6-837d-7e68047971a5",
        "index": "11",
        "slug": "bijlagen",
        "form_definition": "http://localhost/api/v2/form-definitions/17c6d8e8-4e7d-43a8-aee1-fcb7d48c3f6e"
    }
]