[
    {
        "uuid": "5c4d7773-cd44-4b46-ad7a-7e8188290c12",
        "name": "Individuele inkomenstoeslag aanvragen oud",
        "internal_name": "",
        "login_required": false,
        "authentication_backends": [],
        "slug": "individueleinkomenstoeslagaanvragenoud",
        "url": "http://localhost/api/v2/forms/5c4d7773-cd44-4b46-ad7a-7e8188290c12",
        "show_progress_indicator": true,
        "maintenance_mode": false,
        "active": true,
        "is_deleted": false,
        "suspension_allowed": true,
        "send_confirmation_email": true,
        "display_main_website_link": true,
        "required_fields_with_asterisk": true,
        "resume_link_lifetime": 7,
        "hide_non_applicable_steps": true
    }
]