[
    {
        "uuid": "30ae42de-f006-4c6f-8cf7-8fbbdf870c85",
        "name": "ZZOnderwerp voor agenda gemeenteraad ondersteunen",
        "internal_name": "",
        "login_required": false,
        "authentication_backends": [],
        "slug": "zzonderwerpvooragendagemeenteraadondersteunenveil",
        "url": "http://localhost/api/v2/forms/30ae42de-f006-4c6f-8cf7-8fbbdf870c85",
        "show_progress_indicator": true,
        "maintenance_mode": false,
        "active": true,
        "is_deleted": false,
        "suspension_allowed": true,
        "send_confirmation_email": true,
        "display_main_website_link": true,
        "required_fields_with_asterisk": true,
        "resume_link_lifetime": 7,
        "hide_non_applicable_steps": true
    }
]