[
    {
        "url": "http://localhost/api/v2/form-definitions/a58f9f30-c996-4ae6-9643-5ed8cd10c45a",
        "uuid": "a58f9f30-c996-4ae6-9643-5ed8cd10c45a",
        "name": "Uw gegevens",
        "slug": "uw-gegevens",
        "configuration": {
            "display": "form",
            "components": [
                {
                    "label": "Naam",
                    "tableView": true,
                    "key": "naam",
                    "type": "textfield",
                    "input": true,
                    "prefill": {
                        "plugin": "",
                        "attribute": "",
                        "identifierRole": "main"
                    }
                },
                {
                    "label": "E-mailadres",
                    "tableView": true,
                    "validateOn": "blur",
                    "validate": {
                        "required": true
                    },
                    "key": "eMailadres",
                    "type": "email",
                    "input": true
                },
                {
                    "label": "Telefoonnummer",
                    "tableView": true,
                    "validate": {
                        "required": true
                    },
                    "key": "telefoonnummer",
                    "type": "textfield",
                    "input": true,
                    "prefill": {
                        "plugin": "",
                        "attribute": "",
                        "identifierRole": "main"
                    }
                },
                {
                    "label": "Gegevens contactpersoon die Nederlands of Engels spreekt",
                    "tableView": true,
                    "inputFormat": "plain",
                    "key": "gegevensContactpersoonDieNederlandsOfEngelsSpreekt",
                    "type": "textarea",
                    "input": true,
                    "autoExpand": false
                },
                {
                    "label": "Columns",
                    "columns": [
                        {
                            "components": [],
                            "width": 3,
                            "offset": 0,
                            "push": 0,
                            "pull": 0,
                            "size": "sm",
                            "currentWidth": 3
                        },
                        {
                            "components": [],
                            "width": 6,
                            "offset": 0,
                            "push": 0,
                            "pull": 0,
                            "size": "md",
                            "currentWidth": 6
                        }
                    ],
                    "key": "columns2",
                    "type": "columns",
                    "input": false,
                    "tableView": false
                }
            ]
        }
    },
    {
        "url": "http://localhost/api/v2/form-definitions/46ddd613-6fb7-4a7e-b64f-6bdf892fb4f6",
        "uuid": "46ddd613-6fb7-4a7e-b64f-6bdf892fb4f6",
        "name": "Gegevens personen waarvoor noodopvang gevraagd wo",
        "slug": "gegevens-personen-waarvoor-noodopvang-gevraagd-wordt",
        "configuration": {
            "display": "form",
            "components": [
                {
                    "label": "Voor wie vraagt u noodopvang aan? Beantwoord voor iedere persoon deze vragen:",
                    "reorder": false,
                    "addAnotherPosition": "bottom",
                    "layoutFixed": false,
                    "enableRowGroups": false,
                    "initEmpty": false,
                    "tableView": false,
                    "defaultValue": [
                        {
                            "container": {
                                "voornaam": "",
                                "achternaam": "",
                                "leeftijd": ""
                            }
                        }
                    ],
                    "key": "voorWieVraagtUNoodopvangAan",
                    "type": "datagrid",
                    "input": true,
                    "components": [
                        {
                            "components": [
                                {
                                    "label": "Voornaam",
                                    "tableView": true,
                                    "validate": {
                                        "required": true
                                    },
                                    "key": "voornaam",
                                    "type": "textfield",
                                    "input": true,
                                    "prefill": {
                                        "plugin": "",
                                        "attribute": "",
                                        "identifierRole": "main"
                                    }
                                },
                                {
                                    "label": "Achternaam",
                                    "tableView": true,
                                    "validate": {
                                        "required": true
                                    },
                                    "key": "achternaam",
                                    "type": "textfield",
                                    "input": true,
                                    "prefill": {
                                        "plugin": "",
                                        "attribute": "",
                                        "identifierRole": "main"
                                    }
                                },
                                {
                                    "label": "Leeftijd",
                                    "tableView": true,
                                    "validate": {
                                        "required": true
                                    },
                                    "key": "leeftijd",
                                    "type": "textfield",
                                    "input": true,
                                    "prefill": {
                                        "plugin": "",
                                        "attribute": "",
                                        "identifierRole": "main"
                                    }
                                }
                            ],
                            "key": "fieldSet-1",
                            "type": "fieldset",
                            "label": "Field Set",
                            "tree": false,
                            "input": false,
                            "hidden": false,
                            "legend": "",
                            "prefix": "",
                            "suffix": "",
                            "unique": false,
                            "widget": null,
                            "dbIndex": false,
                            "overlay": {
                                "top": "",
                                "left": "",
                                "style": "",
                                "width": "",
                                "height": ""
                            },
                            "tooltip": "",
                            "disabled": false,
                            "multiple": false,
                            "redrawOn": "",
                            "tabindex": "",
                            "validate": {
                                "custom": "",
                                "unique": false,
                                "multiple": false,
                                "required": false,
                                "customPrivate": false,
                                "strictDateValidation": false
                            },
                            "autofocus": false,
                            "encrypted": false,
                            "hideLabel": false,
                            "modalEdit": false,
                            "protected": false,
                            "refreshOn": "",
                            "tableView": false,
                            "attributes": {},
                            "errorLabel": "",
                            "hideHeader": false,
                            "persistent": false,
                            "properties": {},
                            "validateOn": "change",
                            "clearOnHide": true,
                            "conditional": {
                                "eq": "",
                                "show": null,
                                "when": null
                            },
                            "customClass": "",
                            "description": "",
                            "placeholder": "",
                            "defaultValue": null,
                            "dataGridLabel": false,
                            "labelPosition": "top",
                            "showCharCount": false,
                            "showWordCount": false,
                            "calculateValue": "",
                            "calculateServer": false,
                            "allowMultipleMasks": false,
                            "customDefaultValue": "",
                            "allowCalculateOverride": false
                        }
                    ]
                },
                {
                    "label": "Wonen deze personen (tijdelijk) op dit moment in de gemeente Nijmegen?",
                    "optionsLabelPosition": "right",
                    "inline": false,
                    "tableView": false,
                    "values": [
                        {
                            "label": "ja",
                            "value": "ja",
                            "shortcut": ""
                        },
                        {
                            "label": "nee",
                            "value": "nee",
                            "shortcut": ""
                        }
                    ],
                    "key": "wonenInGemeenteNijmegen",
                    "type": "radio",
                    "input": true
                },
                {
                    "html": "<p>De personen wonen niet in de gemeente Nijmegen. Zij kunnen geen noodopvang krijgen in de gemeente Nijmegen. U kunt noodopvang aanvragen in de gemeente waar de personen nu (tijdelijk) wonen.</p>",
                    "label": "Content",
                    "refreshOnChange": false,
                    "key": "content",
                    "type": "content",
                    "input": false,
                    "tableView": false
                },
                {
                    "components": [
                        {
                            "label": "Volgt een of meer van deze personen op dit moment onderwijs?",
                            "optionsLabelPosition": "right",
                            "inline": false,
                            "tableView": false,
                            "values": [
                                {
                                    "label": "ja",
                                    "value": "ja",
                                    "shortcut": ""
                                },
                                {
                                    "label": "nee",
                                    "value": "nee",
                                    "shortcut": ""
                                }
                            ],
                            "validate": {
                                "required": true
                            },
                            "key": "volgtEenOfMeerVanDezePersonenOpDitMomentOnderwijs",
                            "type": "radio",
                            "input": true
                        },
                        {
                            "label": "Waar?",
                            "tableView": true,
                            "validate": {
                                "required": true
                            },
                            "key": "waar",
                            "conditional": {
                                "show": true,
                                "conjunction": "all",
                                "conditions": [
                                    {
                                        "component": "personenWonenInNijmegen.volgtEenOfMeerVanDezePersonenOpDitMomentOnderwijs",
                                        "operator": "isEqual",
                                        "value": "ja"
                                    }
                                ]
                            },
                            "type": "textfield",
                            "input": true,
                            "prefill": {
                                "plugin": "",
                                "attribute": "",
                                "identifierRole": "main"
                            }
                        },
                        {
                            "label": "Heeft een of meer van deze personen op dit moment betaald werk?",
                            "optionsLabelPosition": "right",
                            "inline": false,
                            "tableView": false,
                            "values": [
                                {
                                    "label": "ja",
                                    "value": "ja",
                                    "shortcut": ""
                                },
                                {
                                    "label": "nee",
                                    "value": "nee",
                                    "shortcut": ""
                                }
                            ],
                            "validate": {
                                "required": true
                            },
                            "key": "heeftEenOfMeerVanDezePersonenOpDitMomentBetaaldWerk",
                            "type": "radio",
                            "input": true
                        },
                        {
                            "label": "Waar?",
                            "tableView": true,
                            "validate": {
                                "required": true
                            },
                            "key": "waar1",
                            "conditional": {
                                "show": true,
                                "conjunction": "all",
                                "conditions": [
                                    {
                                        "component": "personenWonenInNijmegen.heeftEenOfMeerVanDezePersonenOpDitMomentBetaaldWerk",
                                        "operator": "isEqual",
                                        "value": "ja"
                                    }
                                ]
                            },
                            "type": "textfield",
                            "input": true,
                            "prefill": {
                                "plugin": "",
                                "attribute": "",
                                "identifierRole": "main"
                            }
                        },
                        {
                            "label": "Hebben deze personen huisdieren?",
                            "optionsLabelPosition": "right",
                            "inline": false,
                            "tableView": false,
                            "values": [
                                {
                                    "label": "ja",
                                    "value": "ja",
                                    "shortcut": ""
                                },
                                {
                                    "label": "nee",
                                    "value": "nee",
                                    "shortcut": ""
                                }
                            ],
                            "validate": {
                                "required": true
                            },
                            "key": "hebbenDezePersonenHuisdieren",
                            "type": "radio",
                            "input": true
                        },
                        {
                            "label": "Welke huisdieren?",
                            "tableView": true,
                            "validate": {
                                "required": true
                            },
                            "key": "welkeHuisdieren",
                            "conditional": {
                                "show": true,
                                "conjunction": "all",
                                "conditions": [
                                    {
                                        "component": "personenWonenInNijmegen.hebbenDezePersonenHuisdieren",
                                        "operator": "isEqual",
                                        "value": "ja"
                                    }
                                ]
                            },
                            "type": "textfield",
                            "input": true,
                            "prefill": {
                                "plugin": "",
                                "attribute": "",
                                "identifierRole": "main"
                            }
                        },
                        {
                            "label": "Zijn er medische bijzonderheden waardoor deze personen naar een speciale woning willen? ",
                            "optionsLabelPosition": "right",
                            "description": "Bijvoorbeeld een woning die rolstoeltoegankelijk is of waar speciale verzorging aanwezig is.",
                            "inline": false,
                            "tableView": false,
                            "values": [
                                {
                                    "label": "ja",
                                    "value": "ja",
                                    "shortcut": ""
                                },
                                {
                                    "label": "nee",
                                    "value": "nee",
                                    "shortcut": ""
                                }
                            ],
                            "key": "zijnErMedischeBijzonderhedenWaardoorDezePersonenNaarEenSpecialeWoningWillen",
                            "type": "radio",
                            "input": true
                        }
                    ],
                    "key": "fieldSet",
                    "type": "fieldset",
                    "label": "Field Set",
                    "tree": false,
                    "input": false,
                    "hidden": false,
                    "legend": "",
                    "prefix": "",
                    "suffix": "",
                    "unique": false,
                    "widget": null,
                    "dbIndex": false,
                    "overlay": {
                        "top": "",
                        "left": "",
                        "style": "",
                        "width": "",
                        "height": ""
                    },
                    "tooltip": "",
                    "disabled": false,
                    "multiple": false,
                    "redrawOn": "",
                    "tabindex": "",
                    "validate": {
                        "custom": "",
                        "unique": false,
                        "multiple": false,
                        "required": false,
                        "customPrivate": false,
                        "strictDateValidation": false
                    },
                    "autofocus": false,
                    "encrypted": false,
                    "hideLabel": false,
                    "modalEdit": false,
                    "protected": false,
                    "refreshOn": "",
                    "tableView": false,
                    "attributes": {},
                    "errorLabel": "",
                    "hideHeader": false,
                    "persistent": false,
                    "properties": {},
                    "validateOn": "change",
                    "clearOnHide": true,
                    "customClass": "",
                    "description": "",
                    "placeholder": "",
                    "defaultValue": null,
                    "dataGridLabel": false,
                    "labelPosition": "top",
                    "showCharCount": false,
                    "showWordCount": false,
                    "calculateValue": "",
                    "calculateServer": false,
                    "allowMultipleMasks": false,
                    "customDefaultValue": "",
                    "allowCalculateOverride": false
                },
                {
                    "label": "Columns",
                    "columns": [
                        {
                            "components": [],
                            "width": 3,
                            "offset": 0,
                            "push": 0,
                            "pull": 0,
                            "size": "sm",
                            "currentWidth": 3
                        },
                        {
                            "components": [],
                            "width": 6,
                            "offset": 0,
                            "push": 0,
                            "pull": 0,
                            "size": "md",
                            "currentWidth": 6
                        }
                    ],
                    "key": "columns",
                    "type": "columns",
                    "input": false,
                    "tableView": false
                }
            ]
        }
    }
]