[
    {
        "uuid": "fe68b304-9b1a-46b7-b183-ee7b1a5a4122",
        "index": "0",
        "slug": "uw-gegevens",
        "form_definition": "http://localhost/api/v2/form-definitions/a58f9f30-c996-4ae6-9643-5ed8cd10c45a"
    },
    {
        "uuid": "b55202c7-9de3-4148-8a9b-54aec55bf9a2",
        "index": "1",
        "slug": "gegevens-personen-waarvoor-noodopvang-gevraagd-wordt",
        "form_definition": "http://localhost/api/v2/form-definitions/46ddd613-6fb7-4a7e-b64f-6bdf892fb4f6"
    }
]