[
    {
        "uuid": "29c2ec0e-e2e6-478d-b25f-39dced819436",
        "name": "Kenteken aanpassen gehandicaptenparkeerplaats",
        "internal_name": "",
        "login_required": false,
        "authentication_backends": [],
        "slug": "kentekenaanpassengehandicaptenparkeerplaats",
        "url": "http://localhost/api/v2/forms/29c2ec0e-e2e6-478d-b25f-39dced819436",
        "show_progress_indicator": true,
        "maintenance_mode": false,
        "active": true,
        "is_deleted": false,
        "suspension_allowed": true,
        "send_confirmation_email": true,
        "display_main_website_link": true,
        "required_fields_with_asterisk": true,
        "resume_link_lifetime": 7,
        "hide_non_applicable_steps": true
    }
]