[
    {
        "uuid": "a7f9da5a-a318-4628-9c81-27392a5cc251",
        "index": "0",
        "slug": "uw-gegevens",
        "form_definition": "http://localhost/api/v2/form-definitions/d2a7b153-01d1-46ce-b7c9-8ccd66f90662"
    },
    {
        "uuid": "8acbbf6b-8e70-432f-b8ba-cb82b470e313",
        "index": "1",
        "slug": "belangrijk",
        "form_definition": "http://localhost/api/v2/form-definitions/72fb63ba-2f34-45b5-8746-c172dc768c63"
    },
    {
        "uuid": "17b764e6-4058-426e-9a54-a5cfb697506d",
        "index": "2",
        "slug": "studietoeslag",
        "form_definition": "http://localhost/api/v2/form-definitions/a7eef904-d72a-49a4-afcd-a8d310cde8ce"
    },
    {
        "uuid": "e81b8987-504d-4b86-b14a-d210c5c645b2",
        "index": "3",
        "slug": "uitkering",
        "form_definition": "http://localhost/api/v2/form-definitions/abaa0b82-b327-4547-a6e2-8a6b77085769"
    },
    {
        "uuid": "317b7bc8-ccae-47d1-94d0-5f67dfe54fa3",
        "index": "4",
        "slug": "werken",
        "form_definition": "http://localhost/api/v2/form-definitions/d18185d4-fda3-4c71-aa6b-baeb24e78fc9"
    },
    {
        "uuid": "53006d7d-b7a8-4135-8b03-f179306077b0",
        "index": "5",
        "slug": "studie",
        "form_definition": "http://localhost/api/v2/form-definitions/8e670525-4a64-4a18-86a3-ade455d8c7ac"
    },
    {
        "uuid": "f25c4c6e-faf0-4b56-ae1b-a7635b5c6c9f",
        "index": "6",
        "slug": "inkomen",
        "form_definition": "http://localhost/api/v2/form-definitions/c8cfaa08-8259-4309-a0a7-62705da1ede0"
    },
    {
        "uuid": "57ad4a60-4ad5-4909-b70e-69c7fcd1f9de",
        "index": "7",
        "slug": "bank-en-bewindvoering",
        "form_definition": "http://localhost/api/v2/form-definitions/f4829802-ccc6-4a5f-9063-1e32e420f89d"
    },
    {
        "uuid": "48cf0dfa-85d0-4e16-9c57-52b7c233d768",
        "index": "8",
        "slug": "besluit",
        "form_definition": "http://localhost/api/v2/form-definitions/c1005cce-4942-4d84-8a5b-bf9444f79d85"
    },
    {
        "uuid": "54f541a1-529c-49b9-8ffb-5d5097457a74",
        "index": "9",
        "slug": "opmerkingen",
        "form_definition": "http://localhost/api/v2/form-definitions/7685c0fe-6f06-4cfe-92bb-5c31f257e4fa"
    },
    {
        "uuid": "6db6e319-a997-4c82-92fb-fa5d000277a3",
        "index": "10",
        "slug": "bijlagen",
        "form_definition": "http://localhost/api/v2/form-definitions/8a707f3d-0989-4abc-918a-45524374002e"
    }
]