[
    {
        "uuid": "78817152-0ccd-4778-868f-59cc7be3f777",
        "name": "Studietoeslag aanvragen oud",
        "internal_name": "",
        "login_required": false,
        "authentication_backends": [],
        "slug": "studietoeslagaanvragenoud",
        "url": "http://localhost/api/v2/forms/78817152-0ccd-4778-868f-59cc7be3f777",
        "show_progress_indicator": true,
        "maintenance_mode": false,
        "active": true,
        "is_deleted": false,
        "suspension_allowed": true,
        "send_confirmation_email": true,
        "display_main_website_link": true,
        "required_fields_with_asterisk": true,
        "resume_link_lifetime": 7,
        "hide_non_applicable_steps": true
    }
]