[
    {
        "uuid": "8dda1fc1-b364-476c-849c-89ce07502508",
        "name": "Subsidie meerjarige culturele programma's aanvrag",
        "internal_name": "",
        "login_required": false,
        "authentication_backends": [],
        "slug": "subsidiemeerjarigecultureleprogrammasaanvragen",
        "url": "http://localhost/api/v2/forms/8dda1fc1-b364-476c-849c-89ce07502508",
        "show_progress_indicator": true,
        "maintenance_mode": false,
        "active": true,
        "is_deleted": false,
        "suspension_allowed": true,
        "send_confirmation_email": true,
        "display_main_website_link": true,
        "required_fields_with_asterisk": true,
        "resume_link_lifetime": 7,
        "hide_non_applicable_steps": true
    }
]