[
    {
        "uuid": "1658bfd9-67eb-4899-9722-051b6d08aa0d",
        "name": "Aanvragen vergoeding voor kosten na veranderen ge",
        "internal_name": "",
        "login_required": false,
        "authentication_backends": [],
        "slug": "aanvragenvergoedingvoorkostennaveranderengeslacht",
        "url": "http://localhost/api/v2/forms/1658bfd9-67eb-4899-9722-051b6d08aa0d",
        "show_progress_indicator": true,
        "maintenance_mode": false,
        "active": true,
        "is_deleted": false,
        "suspension_allowed": true,
        "send_confirmation_email": true,
        "display_main_website_link": true,
        "required_fields_with_asterisk": true,
        "resume_link_lifetime": 7,
        "hide_non_applicable_steps": true
    }
]