[
    {
        "uuid": "76acf13a-b502-41e4-8843-4cb2c1bf0476",
        "name": "Toestemming aanvragen gebruik busbaan",
        "internal_name": "",
        "login_required": false,
        "authentication_backends": [],
        "slug": "toestemmingaanvragengebruikbusbaan",
        "url": "http://localhost/api/v2/forms/76acf13a-b502-41e4-8843-4cb2c1bf0476",
        "show_progress_indicator": true,
        "maintenance_mode": false,
        "active": true,
        "is_deleted": false,
        "suspension_allowed": true,
        "send_confirmation_email": true,
        "display_main_website_link": true,
        "required_fields_with_asterisk": true,
        "resume_link_lifetime": 7,
        "hide_non_applicable_steps": true
    }
]