[
    {
        "uuid": "dc663c0d-ad2a-48e3-b19d-71f863d73f6c",
        "index": "0",
        "slug": "uw-gegevens",
        "form_definition": "http://localhost/api/v2/form-definitions/739ec163-dedc-4177-8bb8-8ecccb766d03"
    },
    {
        "uuid": "968388a4-0501-4d5f-bebe-9542821e28d8",
        "index": "1",
        "slug": "gegevens-zorgaanbieder",
        "form_definition": "http://localhost/api/v2/form-definitions/ec9e28e4-5bc7-4542-aff4-54d1091210eb"
    },
    {
        "uuid": "5c87c909-3849-4c97-9d4f-90c0be78a17a",
        "index": "2",
        "slug": "gegevens-client",
        "form_definition": "http://localhost/api/v2/form-definitions/648b120d-0aec-4b0c-9675-f237750a51f6"
    },
    {
        "uuid": "9b36c433-8dcd-485f-8460-e43f1919d74e",
        "index": "3",
        "slug": "poortwachter",
        "form_definition": "http://localhost/api/v2/form-definitions/b669c127-6608-4e96-9694-c9bdd3c3db40"
    },
    {
        "uuid": "4f5a98c8-f91d-4ea5-802d-3ea4a20d4b50",
        "index": "4",
        "slug": "maatwerkovereenkomst",
        "form_definition": "http://localhost/api/v2/form-definitions/9a3b2320-82eb-45d2-b991-38c1c2407b74"
    },
    {
        "uuid": "d6368587-c360-4713-a4a7-dc98314ea491",
        "index": "5",
        "slug": "onderbouwing",
        "form_definition": "http://localhost/api/v2/form-definitions/40d027cc-8dfa-4dd8-b403-492ea79b2f86"
    }
]