[
    {
        "uuid": "90fb0811-354c-43d9-a215-788c7b3bf1bd",
        "name": "Maatwerkovereenkomst jeugd en wmo aanvragen oud",
        "internal_name": "",
        "login_required": false,
        "authentication_backends": [],
        "slug": "maatwerkovereenkomstjeugdenwmoaanvragenoud",
        "url": "http://localhost/api/v2/forms/90fb0811-354c-43d9-a215-788c7b3bf1bd",
        "show_progress_indicator": true,
        "maintenance_mode": false,
        "active": true,
        "is_deleted": false,
        "suspension_allowed": true,
        "send_confirmation_email": true,
        "display_main_website_link": true,
        "required_fields_with_asterisk": true,
        "resume_link_lifetime": 7,
        "hide_non_applicable_steps": true
    }
]