[
    {
        "url": "http://localhost/api/v2/form-definitions/739ec163-dedc-4177-8bb8-8ecccb766d03",
        "uuid": "739ec163-dedc-4177-8bb8-8ecccb766d03",
        "name": "Uw gegevens",
        "slug": "uw-gegevens",
        "configuration": {
            "display": "form",
            "components": [
                {
                    "label": "Organisatie verwijzer",
                    "tableView": true,
                    "validate": {
                        "required": true
                    },
                    "key": "organisatieVerwijzer",
                    "type": "textfield",
                    "input": true,
                    "prefill": {
                        "plugin": "",
                        "attribute": "",
                        "identifierRole": "main"
                    }
                },
                {
                    "label": "Naam",
                    "autocomplete": "name",
                    "tableView": true,
                    "validate": {
                        "required": true
                    },
                    "key": "naam",
                    "type": "textfield",
                    "input": true,
                    "prefill": {
                        "plugin": "",
                        "attribute": "",
                        "identifierRole": "main"
                    }
                },
                {
                    "label": "Telefoonnummer",
                    "autocomplete": "tel",
                    "tableView": true,
                    "validate": {
                        "required": true
                    },
                    "key": "telefoonnummer",
                    "type": "textfield",
                    "input": true,
                    "prefill": {
                        "plugin": "",
                        "attribute": "",
                        "identifierRole": "main"
                    }
                },
                {
                    "label": "E-mailadres",
                    "autocomplete": "email",
                    "tableView": true,
                    "validateOn": "blur",
                    "validate": {
                        "required": true
                    },
                    "key": "eMailadres",
                    "type": "email",
                    "input": true
                },
                {
                    "label": "Columns",
                    "columns": [
                        {
                            "components": [],
                            "width": 3,
                            "offset": 0,
                            "push": 0,
                            "pull": 0,
                            "size": "sm",
                            "currentWidth": 3
                        },
                        {
                            "components": [],
                            "width": 6,
                            "offset": 0,
                            "push": 0,
                            "pull": 0,
                            "size": "md",
                            "currentWidth": 6
                        }
                    ],
                    "key": "columns",
                    "type": "columns",
                    "input": false,
                    "tableView": false
                }
            ]
        }
    },
    {
        "url": "http://localhost/api/v2/form-definitions/ec9e28e4-5bc7-4542-aff4-54d1091210eb",
        "uuid": "ec9e28e4-5bc7-4542-aff4-54d1091210eb",
        "name": "Gegevens Zorgaanbieder",
        "slug": "gegevens-zorgaanbieder",
        "configuration": {
            "display": "form",
            "components": [
                {
                    "label": "Gaat het om de aanvraag van één product bij dezelfde zorgaanbieder?",
                    "optionsLabelPosition": "right",
                    "inline": false,
                    "tableView": false,
                    "values": [
                        {
                            "label": "ja",
                            "value": "ja",
                            "shortcut": ""
                        },
                        {
                            "label": "nee",
                            "value": "nee",
                            "shortcut": ""
                        }
                    ],
                    "validate": {
                        "required": true
                    },
                    "key": "gaatHetOmDeAanvraagVanEenProductBijDezelfdeZorgaanbieder",
                    "customConditional": "var vandaag = new Date();\n  var datumGesloten = new Date(2022, 0, 1);\n  if (vandaag >= datumGesloten) {\n    show = false;\n  } else {\n    show = true;\n  }",
                    "type": "radio",
                    "input": true
                },
                {
                    "label": "Vul hier de zorgaanbieders in voor elk product:",
                    "reorder": false,
                    "addAnother": "Toevoegen",
                    "addAnotherPosition": "bottom",
                    "layoutFixed": false,
                    "enableRowGroups": false,
                    "initEmpty": false,
                    "tableView": false,
                    "defaultValue": [
                        {
                            "naamZorgaanbieder1": "",
                            "container": {
                                "textfieldNijmegen": "",
                                "naamProduct": "",
                                "naamZorgaanbieder1": "",
                                "eMailadres2": "",
                                "voldoetDeVoorgesteldeZorgaanbiederAanDeGesteldeEisenInDeBouwstenen1": ""
                            },
                            "naamProduct": ""
                        }
                    ],
                    "validate": {
                        "required": true,
                        "minLength": "1",
                        "customMessage": "voeg minimaal 1 zorgaanbieder aan de lijst"
                    },
                    "errorLabel": "voeg minimaal 1 zorgaanbieder aan de lijst",
                    "key": "vulHierDeZorgaanbiedersIn",
                    "type": "datagrid",
                    "input": true,
                    "components": [
                        {
                            "components": [
                                {
                                    "html": "<p>Als de producten bij verschillende zorgaanbieders worden ingezet moet u per zorgaanbieder een formulier invullen.</p>",
                                    "label": "Content",
                                    "refreshOnChange": false,
                                    "key": "content-1",
                                    "type": "content",
                                    "input": false,
                                    "tableView": false
                                },
                                {
                                    "label": "Naam product",
                                    "tableView": true,
                                    "validate": {
                                        "required": true
                                    },
                                    "key": "naamProduct",
                                    "type": "textfield",
                                    "input": true,
                                    "prefill": {
                                        "plugin": "",
                                        "attribute": "",
                                        "identifierRole": "main"
                                    }
                                },
                                {
                                    "label": "Naam zorgaanbieder",
                                    "tableView": true,
                                    "validate": {
                                        "required": true
                                    },
                                    "key": "naamZorgaanbieder1",
                                    "type": "textfield",
                                    "input": true,
                                    "prefill": {
                                        "plugin": "",
                                        "attribute": "",
                                        "identifierRole": "main"
                                    }
                                },
                                {
                                    "label": "E-mailadres",
                                    "description": "De maatwerkovereenkomst wordt naar dit e-mailadres gestuurd",
                                    "tableView": true,
                                    "validateOn": "blur",
                                    "validate": {
                                        "required": true
                                    },
                                    "key": "eMailadresMeerdereProducten",
                                    "type": "email",
                                    "input": true
                                },
                                {
                                    "label": "Voldoet de voorgestelde zorgaanbieder aan de gestelde eisen in de bouwstenen?",
                                    "optionsLabelPosition": "right",
                                    "description": "<a href=\"https://robregionijmegen.nl/bouwstenen-tarieven/\" target=\"_blank\">Bekijk het overzicht bouwstenen en tarieven</a>.",
                                    "inline": false,
                                    "tableView": false,
                                    "values": [
                                        {
                                            "label": "ja",
                                            "value": "ja",
                                            "shortcut": ""
                                        },
                                        {
                                            "label": "nee",
                                            "value": "nee",
                                            "shortcut": ""
                                        }
                                    ],
                                    "validate": {
                                        "required": true
                                    },
                                    "key": "voldoetDeVoorgesteldeZorgaanbiederAanDeGesteldeEisenInDeBouwstenen1",
                                    "type": "radio",
                                    "input": true
                                },
                                {
                                    "label": "Leg uit aan welke eisen niet wordt voldaan en waarom niet",
                                    "tableView": true,
                                    "inputFormat": "plain",
                                    "validate": {
                                        "required": true
                                    },
                                    "key": "legUitAanWelkeEisenNietWordtVoldaanEnWaaromNiet1",
                                    "conditional": {
                                        "show": true,
                                        "when": "voldoetDeVoorgesteldeZorgaanbiederAanDeGesteldeEisenInDeBouwstenen",
                                        "eq": "nee"
                                    },
                                    "type": "textarea",
                                    "input": true,
                                    "autoExpand": false
                                },
                                {
                                    "label": "Ingangsdatum maatregel",
                                    "placeholder": "dag-maand-jaar",
                                    "tableView": false,
                                    "enableMinDateInput": false,
                                    "datePicker": {
                                        "disableWeekends": false,
                                        "disableWeekdays": false
                                    },
                                    "enableMaxDateInput": false,
                                    "timePicker": {
                                        "hourStep": "",
                                        "minuteStep": "",
                                        "showMeridian": false
                                    },
                                    "validate": {
                                        "required": true
                                    },
                                    "key": "ingangsdatumMaatregel-1",
                                    "type": "datetime",
                                    "input": true,
                                    "widget": {
                                        "type": "calendar",
                                        "displayInTimezone": "viewer",
                                        "locale": "nl",
                                        "useLocaleSettings": false,
                                        "allowInput": true,
                                        "mode": "single",
                                        "enableTime": false,
                                        "noCalendar": false,
                                        "format": "dd-MM-yyyy",
                                        "time_24hr": true,
                                        "minDate": null,
                                        "disableWeekends": false,
                                        "disableWeekdays": false,
                                        "maxDate": null
                                    }
                                },
                                {
                                    "label": "Einddatum maatregel",
                                    "placeholder": "dag-maand-jaar",
                                    "tableView": false,
                                    "enableMinDateInput": false,
                                    "datePicker": {
                                        "disableWeekends": false,
                                        "disableWeekdays": false
                                    },
                                    "enableMaxDateInput": false,
                                    "timePicker": {
                                        "hourStep": "",
                                        "minuteStep": "",
                                        "showMeridian": false
                                    },
                                    "validate": {
                                        "required": true,
                                        "custom": "var start = data.maatregel && data.maatregel.ingangsdatumMaatregel;\nvar startFormatted = new Date(start.split('-')[2] + '-' + start.split('-')[1] + '-' + start.split('-')[0]).getTime();\nvar totWanneer = new Date(input.split('-')[2] + '-' + input.split('-')[1] + '-' + input.split('-')[0]).getTime();\n\nif(totWanneer >= startFormatted) {\nvalid = true;\n} else {\nvalid = 'Deze datum mag niet eerder zijn dan de datum waarop de maatregel start.';\n}"
                                    },
                                    "key": "einddatumMaatregel-1",
                                    "type": "datetime",
                                    "input": true,
                                    "widget": {
                                        "type": "calendar",
                                        "displayInTimezone": "viewer",
                                        "locale": "nl",
                                        "useLocaleSettings": false,
                                        "allowInput": true,
                                        "mode": "single",
                                        "enableTime": false,
                                        "noCalendar": false,
                                        "format": "dd-MM-yyyy",
                                        "time_24hr": true,
                                        "minDate": null,
                                        "disableWeekends": false,
                                        "disableWeekdays": false,
                                        "maxDate": null
                                    }
                                },
                                {
                                    "label": "Ingangsdatum indicatie zorg",
                                    "placeholder": "dag-maand-jaar",
                                    "tableView": false,
                                    "enableMinDateInput": false,
                                    "datePicker": {
                                        "disableWeekends": false,
                                        "disableWeekdays": false
                                    },
                                    "enableMaxDateInput": false,
                                    "timePicker": {
                                        "hourStep": "",
                                        "minuteStep": "",
                                        "showMeridian": false
                                    },
                                    "validate": {
                                        "required": true
                                    },
                                    "key": "ingangsdatumIndicatie-1",
                                    "type": "datetime",
                                    "input": true,
                                    "widget": {
                                        "type": "calendar",
                                        "displayInTimezone": "viewer",
                                        "locale": "nl",
                                        "useLocaleSettings": false,
                                        "allowInput": true,
                                        "mode": "single",
                                        "enableTime": false,
                                        "noCalendar": false,
                                        "format": "dd-MM-yyyy",
                                        "time_24hr": true,
                                        "minDate": null,
                                        "disableWeekends": false,
                                        "disableWeekdays": false,
                                        "maxDate": null
                                    }
                                },
                                {
                                    "label": "Einddatum indicatie zorg",
                                    "placeholder": "dag-maand-jaar",
                                    "tableView": false,
                                    "enableMinDateInput": false,
                                    "datePicker": {
                                        "disableWeekends": false,
                                        "disableWeekdays": false
                                    },
                                    "enableMaxDateInput": false,
                                    "timePicker": {
                                        "hourStep": "",
                                        "minuteStep": "",
                                        "showMeridian": false
                                    },
                                    "validate": {
                                        "required": true
                                    },
                                    "key": "einddatumIndicatie-1",
                                    "type": "datetime",
                                    "input": true,
                                    "widget": {
                                        "type": "calendar",
                                        "displayInTimezone": "viewer",
                                        "locale": "nl",
                                        "useLocaleSettings": false,
                                        "allowInput": true,
                                        "mode": "single",
                                        "enableTime": false,
                                        "noCalendar": false,
                                        "format": "dd-MM-yyyy",
                                        "time_24hr": true,
                                        "minDate": null,
                                        "disableWeekends": false,
                                        "disableWeekdays": false,
                                        "maxDate": null
                                    }
                                }
                            ],
                            "key": "fieldSet-1-2",
                            "type": "fieldset",
                            "label": "Field Set",
                            "tree": false,
                            "input": false,
                            "hidden": false,
                            "legend": "",
                            "prefix": "",
                            "suffix": "",
                            "unique": false,
                            "widget": null,
                            "dbIndex": false,
                            "overlay": {
                                "top": "",
                                "left": "",
                                "style": "",
                                "width": "",
                                "height": ""
                            },
                            "tooltip": "",
                            "disabled": false,
                            "multiple": false,
                            "redrawOn": "",
                            "tabindex": "",
                            "validate": {
                                "custom": "",
                                "unique": false,
                                "multiple": false,
                                "required": false,
                                "customPrivate": false,
                                "strictDateValidation": false
                            },
                            "autofocus": false,
                            "encrypted": false,
                            "hideLabel": false,
                            "modalEdit": false,
                            "protected": false,
                            "refreshOn": "",
                            "tableView": false,
                            "attributes": {},
                            "errorLabel": "",
                            "hideHeader": false,
                            "persistent": false,
                            "properties": {},
                            "validateOn": "change",
                            "clearOnHide": true,
                            "conditional": {
                                "eq": "",
                                "show": null,
                                "when": null
                            },
                            "customClass": "",
                            "description": "",
                            "placeholder": "",
                            "defaultValue": null,
                            "dataGridLabel": false,
                            "labelPosition": "top",
                            "showCharCount": false,
                            "showWordCount": false,
                            "calculateValue": "",
                            "calculateServer": false,
                            "allowMultipleMasks": false,
                            "customDefaultValue": "",
                            "allowCalculateOverride": false
                        }
                    ]
                },
                {
                    "components": [
                        {
                            "label": "Naam zorgaanbieder",
                            "tableView": true,
                            "validate": {
                                "required": true
                            },
                            "key": "naamZorgaanbieder",
                            "type": "textfield",
                            "input": true,
                            "prefill": {
                                "plugin": "",
                                "attribute": "",
                                "identifierRole": "main"
                            }
                        },
                        {
                            "label": "E-mailadres",
                            "description": "De maatwerkovereenkomst wordt naar dit e-mailadres gestuurd",
                            "tableView": true,
                            "validateOn": "blur",
                            "validate": {
                                "required": true
                            },
                            "key": "eMailadresProduct",
                            "type": "email",
                            "input": true
                        },
                        {
                            "label": "Voldoet de voorgestelde zorgaanbieder aan de gestelde eisen in de bouwstenen?",
                            "optionsLabelPosition": "right",
                            "description": "<a href=\"https://robregionijmegen.nl/bouwstenen-tarieven/\" target=\"_blank\">Bekijk het overzicht bouwstenen en tarieven</a>.",
                            "inline": false,
                            "tableView": false,
                            "values": [
                                {
                                    "label": "ja",
                                    "value": "ja",
                                    "shortcut": ""
                                },
                                {
                                    "label": "nee",
                                    "value": "nee",
                                    "shortcut": ""
                                }
                            ],
                            "validate": {
                                "required": true
                            },
                            "key": "voldoetDeVoorgesteldeZorgaanbiederAanDeGesteldeEisenInDeBouwstenen",
                            "type": "radio",
                            "input": true
                        },
                        {
                            "label": "Leg uit aan welke eisen niet wordt voldaan en waarom niet",
                            "tableView": true,
                            "inputFormat": "plain",
                            "validate": {
                                "required": true
                            },
                            "key": "legUitAanWelkeEisenNietWordtVoldaanEnWaaromNiet",
                            "conditional": {
                                "show": true,
                                "when": "voldoetDeVoorgesteldeZorgaanbiederAanDeGesteldeEisenInDeBouwstenen",
                                "eq": "nee"
                            },
                            "type": "textarea",
                            "input": true,
                            "autoExpand": false
                        }
                    ],
                    "key": "fieldSet-1",
                    "type": "fieldset",
                    "label": "Field Set",
                    "tree": false,
                    "input": false,
                    "hidden": false,
                    "legend": "",
                    "prefix": "",
                    "suffix": "",
                    "unique": false,
                    "widget": null,
                    "dbIndex": false,
                    "overlay": {
                        "top": "",
                        "left": "",
                        "style": "",
                        "width": "",
                        "height": ""
                    },
                    "tooltip": "",
                    "disabled": false,
                    "multiple": false,
                    "redrawOn": "",
                    "tabindex": "",
                    "validate": {
                        "custom": "",
                        "unique": false,
                        "multiple": false,
                        "required": false,
                        "customPrivate": false,
                        "strictDateValidation": false
                    },
                    "autofocus": false,
                    "encrypted": false,
                    "hideLabel": false,
                    "modalEdit": false,
                    "protected": false,
                    "refreshOn": "",
                    "tableView": false,
                    "attributes": {},
                    "errorLabel": "",
                    "hideHeader": false,
                    "persistent": false,
                    "properties": {},
                    "validateOn": "change",
                    "clearOnHide": true,
                    "customClass": "",
                    "description": "",
                    "placeholder": "",
                    "defaultValue": null,
                    "dataGridLabel": false,
                    "labelPosition": "top",
                    "showCharCount": false,
                    "showWordCount": false,
                    "calculateValue": "",
                    "calculateServer": false,
                    "allowMultipleMasks": false,
                    "customDefaultValue": "",
                    "allowCalculateOverride": false
                },
                {
                    "label": "Columns",
                    "columns": [
                        {
                            "components": [],
                            "width": 3,
                            "offset": 0,
                            "push": 0,
                            "pull": 0,
                            "size": "sm",
                            "currentWidth": 3
                        },
                        {
                            "components": [],
                            "width": 6,
                            "offset": 0,
                            "push": 0,
                            "pull": 0,
                            "size": "md",
                            "currentWidth": 6
                        }
                    ],
                    "key": "columns1",
                    "type": "columns",
                    "input": false,
                    "tableView": false
                }
            ]
        }
    },
    {
        "url": "http://localhost/api/v2/form-definitions/648b120d-0aec-4b0c-9675-f237750a51f6",
        "uuid": "648b120d-0aec-4b0c-9675-f237750a51f6",
        "name": "Gegevens cliënt",
        "slug": "gegevens-client",
        "configuration": {
            "display": "form",
            "components": [
                {
                    "label": "BSN cliënt",
                    "tableView": true,
                    "validateOn": "blur",
                    "validate": {
                        "required": true,
                        "minLength": 9,
                        "maxLength": 9,
                        "pattern": "^[0-9]*$",
                        "customMessage": "Vul het BSN in."
                    },
                    "key": "bsnClient",
                    "type": "textfield",
                    "input": true,
                    "prefill": {
                        "plugin": "",
                        "attribute": "",
                        "identifierRole": "main"
                    }
                },
                {
                    "label": "Geboortedatum",
                    "placeholder": "dag-maand-jaar",
                    "description": "Een ambulant jeugd-product kan aangevraagd worden tot het kind 18 jaar oud is, daarna niet meer",
                    "tableView": false,
                    "enableMinDateInput": false,
                    "datePicker": {
                        "disableWeekends": false,
                        "disableWeekdays": false
                    },
                    "enableMaxDateInput": false,
                    "timePicker": {
                        "hourStep": "",
                        "minuteStep": "",
                        "showMeridian": false
                    },
                    "validate": {
                        "required": true,
                        "custom": "var today = new Date();\nvar toekomst = new Date();\ntoekomst.setDate(today.getDate() + 0);\n\nvar dateSplitted = input.split('-');\nvar ingevuldeDatum = new Date(dateSplitted[2], dateSplitted[1] - 1, dateSplitted[0]);\n\nif(ingevuldeDatum <= toekomst ){\n  valid = true;\n} else{\n  valid = 'Ingevulde geboortedatum mag niet in de toekomst liggen';\n}"
                    },
                    "key": "geboortedatum",
                    "type": "datetime",
                    "input": true,
                    "widget": {
                        "type": "calendar",
                        "displayInTimezone": "viewer",
                        "locale": "nl",
                        "useLocaleSettings": false,
                        "allowInput": true,
                        "mode": "single",
                        "enableTime": false,
                        "noCalendar": false,
                        "format": "dd-MM-yyyy",
                        "time_24hr": true,
                        "minDate": null,
                        "disableWeekends": false,
                        "disableWeekdays": false,
                        "maxDate": null
                    }
                },
                {
                    "label": "Columns",
                    "columns": [
                        {
                            "components": [],
                            "width": 3,
                            "offset": 0,
                            "push": 0,
                            "pull": 0,
                            "size": "sm",
                            "currentWidth": 3
                        },
                        {
                            "components": [],
                            "width": 6,
                            "offset": 0,
                            "push": 0,
                            "pull": 0,
                            "size": "md",
                            "currentWidth": 6
                        }
                    ],
                    "key": "columns2",
                    "type": "columns",
                    "input": false,
                    "tableView": false
                }
            ]
        }
    },
    {
        "url": "http://localhost/api/v2/form-definitions/b669c127-6608-4e96-9694-c9bdd3c3db40",
        "uuid": "b669c127-6608-4e96-9694-c9bdd3c3db40",
        "name": "Poortwachter",
        "slug": "poortwachter",
        "configuration": {
            "display": "form",
            "components": [
                {
                    "label": "Namens wie verwijst u?",
                    "optionsLabelPosition": "right",
                    "inline": false,
                    "tableView": false,
                    "values": [
                        {
                            "label": "namens een gecertificeerde Instelling (GI)",
                            "value": "gi",
                            "shortcut": ""
                        },
                        {
                            "label": "namens een gemeente/lokaal team/regie",
                            "value": "gemeente",
                            "shortcut": ""
                        }
                    ],
                    "validate": {
                        "required": true
                    },
                    "key": "namensWieVerwijstU",
                    "type": "radio",
                    "input": true
                },
                {
                    "label": "Toelichting Naam GI of gemeente/lokaal team/regieteam",
                    "tableView": true,
                    "inputFormat": "plain",
                    "key": "toelichtingNaamGiOfGemeenteLokaalTeamRegieteam",
                    "customConditional": "show = data.namensWieVerwijstU == 'gi' || data.namensWieVerwijstU == 'gemeente';",
                    "type": "textarea",
                    "input": true,
                    "autoExpand": false
                },
                {
                    "label": "Welke gemeente is verantwoordelijk volgens het woonplaatsbeginsel?",
                    "tableView": true,
                    "validate": {
                        "required": true
                    },
                    "key": "welkeGemeenteIsVerantwoordelijkVolgensHetWoonplaatsbeginsel",
                    "type": "textfield",
                    "input": true,
                    "prefill": {
                        "plugin": "",
                        "attribute": "",
                        "identifierRole": "main"
                    }
                },
                {
                    "label": "Type zorg",
                    "optionsLabelPosition": "right",
                    "inline": false,
                    "tableView": false,
                    "values": [
                        {
                            "label": "Jeugdhulp met verblijf - regionaal zonder Wijchen",
                            "value": "a",
                            "shortcut": ""
                        },
                        {
                            "label": "Jeugdhulp met verblijf - Wijchen",
                            "value": "aa",
                            "shortcut": ""
                        },
                        {
                            "label": "Ambulant en jeugd - GGZ Berg en Dal",
                            "value": "b",
                            "shortcut": ""
                        },
                        {
                            "label": "Ambulant en jeugd - GGZ Beuningen",
                            "value": "c",
                            "shortcut": ""
                        },
                        {
                            "label": "Ambulant en jeugd - GGZ Druten",
                            "value": "d",
                            "shortcut": ""
                        },
                        {
                            "label": "Ambulant en jeugd - GGZ Heumen",
                            "value": "e",
                            "shortcut": ""
                        },
                        {
                            "label": "Ambulant en jeugd - GGZ Mook en Middelaar",
                            "value": "f",
                            "shortcut": ""
                        },
                        {
                            "label": "Ambulant en jeugd - GGZ Nijmegen",
                            "value": "g",
                            "shortcut": ""
                        },
                        {
                            "label": "Ambulant en jeugd - GGZ Wijchen",
                            "value": "h",
                            "shortcut": ""
                        }
                    ],
                    "validate": {
                        "required": true
                    },
                    "key": "typeZorg",
                    "type": "radio",
                    "input": true
                },
                {
                    "label": "Type zorg",
                    "optionsLabelPosition": "right",
                    "inline": false,
                    "tableView": false,
                    "values": [
                        {
                            "label": "Jeugdhulp met verblijf - regionaal zonder Wijchen",
                            "value": "i",
                            "shortcut": ""
                        },
                        {
                            "label": "Jeugdhulp met verblijf - Wijchen",
                            "value": "ii",
                            "shortcut": ""
                        },
                        {
                            "label": "Ambulant Berg en Dal - Jeugd & Wmo - Jeugd - GGZ",
                            "value": "j",
                            "shortcut": ""
                        },
                        {
                            "label": "Ambulant Beuningen - Jeugd & Wmo - Jeugd - GGZ",
                            "value": "k",
                            "shortcut": ""
                        },
                        {
                            "label": "Ambulant Druten - Jeugd & Wmo - Jeugd - GGZ",
                            "value": "l",
                            "shortcut": ""
                        },
                        {
                            "label": "Ambulant Heumen - Jeugd & Wmo - Jeugd - GGZ",
                            "value": "m",
                            "shortcut": ""
                        },
                        {
                            "label": "Ambulant Mook en Middelaar - Jeugd & Wmo - - Jeugd - GGZ",
                            "value": "n",
                            "shortcut": ""
                        },
                        {
                            "label": "Ambulant Nijmegen - Jeugd - Jeugd - GGZ",
                            "value": "o",
                            "shortcut": ""
                        },
                        {
                            "label": "Ambulant Nijmegen - Wmo",
                            "value": "p",
                            "shortcut": ""
                        },
                        {
                            "label": "Regieteams Nijmegen",
                            "value": "q",
                            "shortcut": ""
                        },
                        {
                            "label": "Ambulant Wijchen - Jeugd & Wmo - Jeugd - GGZ",
                            "value": "r",
                            "shortcut": ""
                        }
                    ],
                    "validate": {
                        "required": true
                    },
                    "key": "typeZorg1",
                    "type": "radio",
                    "input": true
                },
                {
                    "label": "Columns",
                    "columns": [
                        {
                            "components": [],
                            "width": 3,
                            "offset": 0,
                            "push": 0,
                            "pull": 0,
                            "size": "sm",
                            "currentWidth": 3
                        },
                        {
                            "components": [],
                            "width": 6,
                            "offset": 0,
                            "push": 0,
                            "pull": 0,
                            "size": "md",
                            "currentWidth": 6
                        }
                    ],
                    "key": "columns3",
                    "type": "columns",
                    "input": false,
                    "tableView": false
                }
            ]
        }
    },
    {
        "url": "http://localhost/api/v2/form-definitions/9a3b2320-82eb-45d2-b991-38c1c2407b74",
        "uuid": "9a3b2320-82eb-45d2-b991-38c1c2407b74",
        "name": "Maatwerkovereenkomst",
        "slug": "maatwerkovereenkomst",
        "configuration": {
            "display": "form",
            "components": [
                {
                    "label": "Welke jeugdbeschermingsmaatregel geldt er?",
                    "description": "Bijvoorbeeld OTS, Jeugdreclassering of Voogdij",
                    "tableView": true,
                    "validate": {
                        "required": true
                    },
                    "key": "welkeMaatregelGeldtEr",
                    "type": "textfield",
                    "input": true,
                    "prefill": {
                        "plugin": "",
                        "attribute": "",
                        "identifierRole": "main"
                    }
                },
                {
                    "components": [
                        {
                            "label": "Ingangsdatum jeugdbeschermingsmaatregel",
                            "placeholder": "dag-maand-jaar",
                            "tableView": false,
                            "enableMinDateInput": false,
                            "datePicker": {
                                "disableWeekends": false,
                                "disableWeekdays": false
                            },
                            "enableMaxDateInput": false,
                            "timePicker": {
                                "hourStep": "",
                                "minuteStep": "",
                                "showMeridian": false
                            },
                            "validate": {
                                "required": true
                            },
                            "key": "ingangsdatumMaatregel",
                            "type": "datetime",
                            "input": true,
                            "widget": {
                                "type": "calendar",
                                "displayInTimezone": "viewer",
                                "locale": "nl",
                                "useLocaleSettings": false,
                                "allowInput": true,
                                "mode": "single",
                                "enableTime": false,
                                "noCalendar": false,
                                "format": "dd-MM-yyyy",
                                "time_24hr": true,
                                "minDate": null,
                                "disableWeekends": false,
                                "disableWeekdays": false,
                                "maxDate": null
                            }
                        },
                        {
                            "label": "Einddatum jeugdbeschermingsmaatregel",
                            "placeholder": "dag-maand-jaar",
                            "tableView": false,
                            "enableMinDateInput": false,
                            "datePicker": {
                                "disableWeekends": false,
                                "disableWeekdays": false
                            },
                            "enableMaxDateInput": false,
                            "timePicker": {
                                "hourStep": "",
                                "minuteStep": "",
                                "showMeridian": false
                            },
                            "validate": {
                                "required": true,
                                "custom": "var start = data.maatregel && data.maatregel.ingangsdatumMaatregel;\nvar startFormatted = new Date(start.split('-')[2] + '-' + start.split('-')[1] + '-' + start.split('-')[0]).getTime();\nvar totWanneer = new Date(input.split('-')[2] + '-' + input.split('-')[1] + '-' + input.split('-')[0]).getTime();\n\nif(totWanneer >= startFormatted) {\nvalid = true;\n} else {\nvalid = 'Deze datum mag niet eerder zijn dan de datum waarop de maatregel start.';\n}"
                            },
                            "key": "einddatumMaatregel",
                            "type": "datetime",
                            "input": true,
                            "widget": {
                                "type": "calendar",
                                "displayInTimezone": "viewer",
                                "locale": "nl",
                                "useLocaleSettings": false,
                                "allowInput": true,
                                "mode": "single",
                                "enableTime": false,
                                "noCalendar": false,
                                "format": "dd-MM-yyyy",
                                "time_24hr": true,
                                "minDate": null,
                                "disableWeekends": false,
                                "disableWeekdays": false,
                                "maxDate": null
                            }
                        }
                    ],
                    "key": "fieldSet",
                    "type": "fieldset",
                    "label": "Field Set",
                    "tree": false,
                    "input": false,
                    "hidden": false,
                    "legend": "",
                    "prefix": "",
                    "suffix": "",
                    "unique": false,
                    "widget": null,
                    "dbIndex": false,
                    "overlay": {
                        "top": "",
                        "left": "",
                        "style": "",
                        "width": "",
                        "height": ""
                    },
                    "tooltip": "",
                    "disabled": false,
                    "multiple": false,
                    "redrawOn": "",
                    "tabindex": "",
                    "validate": {
                        "custom": "",
                        "unique": false,
                        "multiple": false,
                        "required": false,
                        "customPrivate": false,
                        "strictDateValidation": false
                    },
                    "autofocus": false,
                    "encrypted": false,
                    "hideLabel": false,
                    "modalEdit": false,
                    "protected": false,
                    "refreshOn": "",
                    "tableView": false,
                    "attributes": {},
                    "errorLabel": "",
                    "hideHeader": false,
                    "persistent": false,
                    "properties": {},
                    "validateOn": "change",
                    "clearOnHide": true,
                    "customClass": "",
                    "description": "",
                    "placeholder": "",
                    "defaultValue": null,
                    "dataGridLabel": false,
                    "labelPosition": "top",
                    "showCharCount": false,
                    "showWordCount": false,
                    "calculateValue": "",
                    "calculateServer": false,
                    "allowMultipleMasks": false,
                    "customDefaultValue": "",
                    "allowCalculateOverride": false
                },
                {
                    "label": "Ingangsdatum indicatie zorg",
                    "placeholder": "dag-maand-jaar",
                    "tableView": false,
                    "enableMinDateInput": false,
                    "datePicker": {
                        "disableWeekends": false,
                        "disableWeekdays": false
                    },
                    "enableMaxDateInput": false,
                    "timePicker": {
                        "hourStep": "",
                        "minuteStep": "",
                        "showMeridian": false
                    },
                    "validate": {
                        "required": true,
                        "custom": "var start = data.maatregel && data.maatregel.ingangsdatumMaatregel;\nvar startFormatted = new Date(start.split('-')[2] + '-' + start.split('-')[1] + '-' + start.split('-')[0]).getTime();\nvar vanafWanneerIndicatie = new Date(input.split('-')[2] + '-' + input.split('-')[1] + '-' + input.split('-')[0]).getTime();\n\nif(vanafWanneerIndicatie >= startFormatted) {\nvalid = true;\n} else {\nvalid = 'Deze datum mag niet eerder zijn dan de datum waarop de maatregel start.';\n}"
                    },
                    "key": "ingangsdatumIndicatie",
                    "type": "datetime",
                    "input": true,
                    "widget": {
                        "type": "calendar",
                        "displayInTimezone": "viewer",
                        "locale": "nl",
                        "useLocaleSettings": false,
                        "allowInput": true,
                        "mode": "single",
                        "enableTime": false,
                        "noCalendar": false,
                        "format": "dd-MM-yyyy",
                        "time_24hr": true,
                        "minDate": null,
                        "disableWeekends": false,
                        "disableWeekdays": false,
                        "maxDate": null
                    }
                },
                {
                    "label": "Einddatum indicatie zorg",
                    "placeholder": "dag-maand-jaar",
                    "tableView": false,
                    "enableMinDateInput": false,
                    "datePicker": {
                        "disableWeekends": false,
                        "disableWeekdays": false
                    },
                    "enableMaxDateInput": false,
                    "timePicker": {
                        "hourStep": "",
                        "minuteStep": "",
                        "showMeridian": false
                    },
                    "validate": {
                        "required": true,
                        "custom": "var startIndicatie = data.ingangsdatumIndicatie;\nvar startIndicatieFormatted = new Date(startIndicatie.split('-')[2] + '-' + startIndicatie.split('-')[1] + '-' + startIndicatie.split('-')[0]).getTime();\n\nvar eindeMaatregel = data.maatregel && data.maatregel.einddatumMaatregel;\nvar eindeMaatregelFormatted = new Date(eindeMaatregel.split('-')[2] + '-' + eindeMaatregel.split('-')[1] + '-' + eindeMaatregel.split('-')[0]).getTime();\n\nvar totWanneer = new Date(input.split('-')[2] + '-' + input.split('-')[1] + '-' + input.split('-')[0]).getTime();\n\nif (totWanneer <= startIndicatieFormatted) {\n  valid = 'Deze datum mag niet eerder zijn dan de datum waarop de indicatie start.';\n} else if (totWanneer >= eindeMaatregelFormatted) {\n  valid = 'Deze datum mag niet later zijn dan de datum waarop de maatregel eindigt.';\n} else {\n  valid = true;\n}"
                    },
                    "key": "einddatumIndicatie",
                    "type": "datetime",
                    "input": true,
                    "widget": {
                        "type": "calendar",
                        "displayInTimezone": "viewer",
                        "locale": "nl",
                        "useLocaleSettings": false,
                        "allowInput": true,
                        "mode": "single",
                        "enableTime": false,
                        "noCalendar": false,
                        "format": "dd-MM-yyyy",
                        "time_24hr": true,
                        "minDate": null,
                        "disableWeekends": false,
                        "disableWeekdays": false,
                        "maxDate": null
                    }
                },
                {
                    "html": "<p>Bij een jeugdbeschermingsmaatregel is dit voor de GI maximaal de einddatum van die maatregel</p>",
                    "label": "Content",
                    "refreshOnChange": false,
                    "key": "content",
                    "type": "content",
                    "input": false,
                    "tableView": false
                },
                {
                    "label": "Gaat het om een verlenging?",
                    "optionsLabelPosition": "right",
                    "inline": false,
                    "tableView": false,
                    "values": [
                        {
                            "label": "ja",
                            "value": "ja",
                            "shortcut": ""
                        },
                        {
                            "label": "nee",
                            "value": "nee",
                            "shortcut": ""
                        }
                    ],
                    "validate": {
                        "required": true
                    },
                    "key": "gaatHetOmEenVerlenging",
                    "type": "radio",
                    "input": true
                },
                {
                    "label": "Om welke zorg categorie gaat het?",
                    "optionsLabelPosition": "right",
                    "description": "Bekijk&nbsp<a href='https://robregionijmegen.nl/bouwstenen-tarieven/' target='_blank'>het productenoverzicht</a>.",
                    "tableView": false,
                    "defaultValue": {
                        "a": false,
                        "b": false,
                        "c": false,
                        "d": false,
                        "wmo": false,
                        "jeugd": false,
                        "jeugdhulp": false,
                        "anders": false
                    },
                    "values": [
                        {
                            "label": "Ambulante Wmo en Jeugd",
                            "value": "wmo",
                            "shortcut": ""
                        },
                        {
                            "label": "Jeugd GGZ",
                            "value": "jeugd",
                            "shortcut": ""
                        },
                        {
                            "label": "Jeugdhulp met verblijf",
                            "value": "jeugdhulp",
                            "shortcut": ""
                        },
                        {
                            "label": "Anders",
                            "value": "anders",
                            "shortcut": ""
                        }
                    ],
                    "validate": {
                        "required": true,
                        "onlyAvailableItems": false
                    },
                    "key": "omWelkeZorgCategorieGaatHet",
                    "type": "selectboxes",
                    "input": true,
                    "inputType": "checkbox"
                },
                {
                    "label": "Product voor Ambulante Wmo en Jeugd",
                    "optionsLabelPosition": "right",
                    "tableView": false,
                    "defaultValue": {
                        "10": false,
                        "11": false,
                        "12": false,
                        "13": false,
                        "14": false,
                        "15": false,
                        "16": false,
                        "17": false,
                        "18": false,
                        "19": false,
                        "20": false,
                        "21": false,
                        "22": false,
                        "01": false,
                        "02": false,
                        "03": false,
                        "04": false,
                        "05": false,
                        "06": false,
                        "07": false,
                        "08": false,
                        "09": false,
                        "wmo02A03": false,
                        "wmo02A05": false,
                        "wmo02A17": false,
                        "wmo02A20": false,
                        "wmo03A03": false,
                        "wmo07A03": false,
                        "wmo04A04": false,
                        "wmo02A21": false,
                        "wmo08A03": false,
                        "jw45A04": false,
                        "jw45A05": false,
                        "jw45A71": false,
                        "jw45A49": false,
                        "jw40A04": false,
                        "jw41A18": false,
                        "jw41A03": false,
                        "jw45A53": false,
                        "jw45A52": false,
                        "jw45A65": false,
                        "jw44A09": false,
                        "jw45A55": false,
                        "jw42A03": false,
                        "jw41A020": false,
                        "jw41A21": false,
                        "jw41A11": false,
                        "jw41A12": false,
                        "jw41A13": false,
                        "jwA69": false,
                        "jw45A69": false
                    },
                    "values": [
                        {
                            "label": "Reguliere Begeleiding Volwassenen - Wmo 02A03",
                            "value": "wmo02A03",
                            "shortcut": ""
                        },
                        {
                            "label": "Specialistische Begeleiding Volwassenen - Wmo 02A05",
                            "value": "wmo02A05",
                            "shortcut": ""
                        },
                        {
                            "label": "Reguliere Begeleiding in een groep Volwassenen - Wmo 02A17",
                            "value": "wmo02A17",
                            "shortcut": ""
                        },
                        {
                            "label": "Specialistische Begeleiding in een groep Volwassenen - Wmo 02A20",
                            "value": "wmo02A20",
                            "shortcut": ""
                        },
                        {
                            "label": "Persoonlijke Verzorging Volwassenen - Wmo 03A03",
                            "value": "wmo03A03",
                            "shortcut": ""
                        },
                        {
                            "label": "Dagbesteding Volwassenen - Wmo 07A03",
                            "value": "wmo07A03",
                            "shortcut": ""
                        },
                        {
                            "label": "Kortdurend Verblijf Volwassenen - Wmo 04A04",
                            "value": "wmo04A04",
                            "shortcut": ""
                        },
                        {
                            "label": "Casemanagement - Wmo 02A21",
                            "value": "wmo02A21",
                            "shortcut": ""
                        },
                        {
                            "label": "Vervoer Dagbesteding en Kortdurend Verblijf Volwassenen - Wmo 08A03",
                            "value": "wmo08A03",
                            "shortcut": ""
                        },
                        {
                            "label": "Reguliere Begeleiding Jeugd - Jw 45A04",
                            "value": "jw45A04",
                            "shortcut": ""
                        },
                        {
                            "label": "Specialistische Begeleiding Jeugd - Jw 45A05",
                            "value": "jw45A05",
                            "shortcut": ""
                        },
                        {
                            "label": "Reguliere Begeleiding in een groep Jeugd - Jw 45A71",
                            "value": "jw45A71",
                            "shortcut": ""
                        },
                        {
                            "label": "Specialistische Begeleiding in een groep Jeugd - Jw 45A49",
                            "value": "jw45A49",
                            "shortcut": ""
                        },
                        {
                            "label": "Verzorging en Begeleiding Jeugd - Jw 40A04",
                            "value": "jw40A04",
                            "shortcut": ""
                        },
                        {
                            "label": "BSO+ - JW 41A020",
                            "value": "jw41A020",
                            "shortcut": ""
                        },
                        {
                            "label": "Onderwijstoeleidende dagbesteding - JW 41A21",
                            "value": "jw41A21",
                            "shortcut": ""
                        },
                        {
                            "label": "Voorschoolse Dagbehandeling - JW 41A11",
                            "value": "jw41A11",
                            "shortcut": ""
                        },
                        {
                            "label": "Naschoolse Dagbehandeling - JW 41A12",
                            "value": "jw41A12",
                            "shortcut": ""
                        },
                        {
                            "label": "Naschoolse Dagbehandeling LVB+ - JW 41A13",
                            "value": "jw41A13",
                            "shortcut": ""
                        },
                        {
                            "label": "Vaktherapie - Jw 45A53",
                            "value": "jw45A53",
                            "shortcut": ""
                        },
                        {
                            "label": "Groepsgerichte vaktherapie - Jw 45A52",
                            "value": "jw45A52",
                            "shortcut": ""
                        },
                        {
                            "label": "Ambulante Behandeling J&O en J- LVG - Jw 45A65",
                            "value": "jw45A65",
                            "shortcut": ""
                        },
                        {
                            "label": "Ambulante Groepsgerichte Behandeling J&O en J-LVG - Jw 45A69",
                            "value": "jw45A69",
                            "shortcut": ""
                        },
                        {
                            "label": "Kortdurend Verblijf Jeugd (logeren) - Jw 44A09",
                            "value": "jw44A09",
                            "shortcut": ""
                        },
                        {
                            "label": "Casemanagement Jeugd - Jw 45A55",
                            "value": "jw45A55",
                            "shortcut": ""
                        },
                        {
                            "label": "Vervoer - Jw 42A03",
                            "value": "jw42A03",
                            "shortcut": ""
                        }
                    ],
                    "validate": {
                        "required": true,
                        "onlyAvailableItems": false
                    },
                    "key": "productAmbulateWmoJeugd",
                    "type": "selectboxes",
                    "input": true,
                    "inputType": "checkbox"
                },
                {
                    "label": "Product voor Jeugd GGZ",
                    "optionsLabelPosition": "right",
                    "tableView": false,
                    "defaultValue": {
                        "10": false,
                        "11": false,
                        "12": false,
                        "13": false,
                        "14": false,
                        "15": false,
                        "16": false,
                        "17": false,
                        "18": false,
                        "19": false,
                        "20": false,
                        "21": false,
                        "22": false,
                        "01": false,
                        "02": false,
                        "03": false,
                        "04": false,
                        "05": false,
                        "06": false,
                        "07": false,
                        "08": false,
                        "09": false,
                        "jw54001": false,
                        "jw54002": false
                    },
                    "values": [
                        {
                            "label": "Behandeling basis-ggz - Jw 54001",
                            "value": "jw54001",
                            "shortcut": ""
                        },
                        {
                            "label": "Behandeling specialistische-ggz - Jw54002",
                            "value": "jw54002",
                            "shortcut": ""
                        }
                    ],
                    "validate": {
                        "required": true,
                        "onlyAvailableItems": false
                    },
                    "key": "productJeugdGgz",
                    "type": "selectboxes",
                    "input": true,
                    "inputType": "checkbox"
                },
                {
                    "label": "Product voor Jeugdhulp met verblijf regionaal",
                    "optionsLabelPosition": "right",
                    "tableView": false,
                    "defaultValue": {
                        "10": false,
                        "11": false,
                        "12": false,
                        "13": false,
                        "14": false,
                        "15": false,
                        "16": false,
                        "17": false,
                        "18": false,
                        "19": false,
                        "20": false,
                        "21": false,
                        "22": false,
                        "01": false,
                        "02": false,
                        "03": false,
                        "04": false,
                        "05": false,
                        "06": false,
                        "07": false,
                        "08": false,
                        "09": false,
                        "jw43A12": false,
                        "jw43A06": false,
                        "jw43B15": false,
                        "jw44A52": false,
                        "jw43A56": false,
                        "jw43A57": false,
                        "jw43A38": false,
                        "jw43A39": false,
                        "jw43A55": false,
                        "jw44A45": false,
                        "jw44A28": false,
                        "jw44A27": false,
                        "jw44A29": false,
                        "jw44A30": false,
                        "jw44A31": false,
                        "jw44A07": false,
                        "jw35502": false,
                        "jw45A41": false,
                        "jw45A65": false,
                        "jw46A04": false,
                        "jw46A01": false
                    },
                    "values": [
                        {
                            "label": "Jeugdzorg plus - Jw 43A12",
                            "value": "jw43A12",
                            "shortcut": ""
                        },
                        {
                            "label": "Kleinschalige Jeugdzorg Plus (max.4) - Jw 43A06",
                            "value": "jw43A06",
                            "shortcut": ""
                        },
                        {
                            "label": "Kleinschalige Jeugdzorg Plus (max.6) - Jw 43B15",
                            "value": "jw43B15",
                            "shortcut": ""
                        },
                        {
                            "label": "Beschermd wonen Jeugd (GGZ en verslavingszorg) - Jw 44A52",
                            "value": "jw44A52",
                            "shortcut": ""
                        },
                        {
                            "label": "3 leefmilieusvoorzieningen  incl. behandeling en dagbesteding (4-LVG) - Jw 43A56",
                            "value": "jw43A56",
                            "shortcut": ""
                        },
                        {
                            "label": "3 leefmilieusvoorzieningen  incl. behandeling en dagbesteding (5-LVG) - Jw 43A57",
                            "value": "jw43A57",
                            "shortcut": ""
                        },
                        {
                            "label": "Behandelgroep 24 uur op terrein (VF7) - Jw 43A38",
                            "value": "jw43A38",
                            "shortcut": ""
                        },
                        {
                            "label": "Behandelgroep 24 uur op terrein (VF8) - Jw 43A39",
                            "value": "jw43A39",
                            "shortcut": ""
                        },
                        {
                            "label": "Behandelgroep incl. dagbesteding en behandeling (3LVG) - Jw 43A55",
                            "value": "jw43A55",
                            "shortcut": ""
                        },
                        {
                            "label": "Moeder Kind Huis (MKH) - Jw 44A45",
                            "value": "jw44A45",
                            "shortcut": ""
                        },
                        {
                            "label": "Fasehuis, leerhuis, behandelgroep in de wijk - Jw 44A28",
                            "value": "jw44A28",
                            "shortcut": ""
                        },
                        {
                            "label": "Kamertraining (KTC) - Jw 44A27",
                            "value": "jw44A27",
                            "shortcut": ""
                        },
                        {
                            "label": "Gezinshuis lichte begeleidingsintensiteit - Jw 44A29",
                            "value": "jw44A29",
                            "shortcut": ""
                        },
                        {
                            "label": "Gezinshuis middel begeleidingsintensiteit - Jw 44A30",
                            "value": "jw44A30",
                            "shortcut": ""
                        },
                        {
                            "label": "Gezinshuis zware begeleidingsintensiteit - Jw 44A31",
                            "value": "jw44A31",
                            "shortcut": ""
                        },
                        {
                            "label": "Pleegzorg 24uur - Jw 44A07",
                            "value": "jw44A07",
                            "shortcut": ""
                        },
                        {
                            "label": "Netwerkonderzoek bij Pleegzorg - Jw 35502",
                            "value": "jw35502",
                            "shortcut": ""
                        },
                        {
                            "label": "MST (Multi Systeem Therapie) - Jw 45A41",
                            "value": "jw45A41",
                            "shortcut": ""
                        },
                        {
                            "label": "Ambulante behandeling J&O en JLVG - Jw 45A65",
                            "value": "jw45A65",
                            "shortcut": ""
                        },
                        {
                            "label": "Spoedopvang J&O met verblijf (VF8) - Jw 46A04",
                            "value": "jw46A04",
                            "shortcut": ""
                        },
                        {
                            "label": "Spoedopvang J&O zonder verblijf  - Jw 46A01",
                            "value": "jw46A01",
                            "shortcut": ""
                        }
                    ],
                    "validate": {
                        "required": true,
                        "onlyAvailableItems": false
                    },
                    "key": "productJeugdhulpVerblijfRegionaal",
                    "type": "selectboxes",
                    "input": true,
                    "inputType": "checkbox"
                },
                {
                    "label": "Om welk product gaat het dan?",
                    "tableView": true,
                    "inputFormat": "plain",
                    "validate": {
                        "required": true
                    },
                    "key": "omWelkProductGaatHetDan",
                    "type": "textarea",
                    "input": true,
                    "autoExpand": false
                },
                {
                    "label": "Totaal aantal eenheden voor Ambulante Wmo en Jeugd (voor de hele looptijd)",
                    "tableView": true,
                    "validate": {
                        "required": true
                    },
                    "key": "totaalAantalEenhedenAmbulanteWmoEnJeugd",
                    "type": "textfield",
                    "input": true,
                    "prefill": {
                        "plugin": "",
                        "attribute": "",
                        "identifierRole": "main"
                    }
                },
                {
                    "label": "Eenheid",
                    "optionsLabelPosition": "right",
                    "inline": false,
                    "tableView": false,
                    "values": [
                        {
                            "label": "Minuut",
                            "value": "minWmo",
                            "shortcut": ""
                        },
                        {
                            "label": "Uur",
                            "value": "uurWmo",
                            "shortcut": ""
                        },
                        {
                            "label": "Etmaal",
                            "value": "etmaalWmo",
                            "shortcut": ""
                        },
                        {
                            "label": "Dagdeel",
                            "value": "dagdeelWmo",
                            "shortcut": ""
                        },
                        {
                            "label": "Stuk",
                            "value": "stukWmo",
                            "shortcut": ""
                        },
                        {
                            "label": "Traject",
                            "value": "trajectWmo",
                            "shortcut": ""
                        },
                        {
                            "label": "Maand",
                            "value": "maandWmo",
                            "shortcut": ""
                        }
                    ],
                    "validate": {
                        "required": true
                    },
                    "key": "eenheidAmbulanteWmoEnJeugd",
                    "type": "radio",
                    "input": true
                },
                {
                    "label": "Totaal aantal eenheden voor Jeugd GGZ (voor de hele looptijd)",
                    "tableView": true,
                    "validate": {
                        "required": true
                    },
                    "key": "totaalAantalEenhedenJeugd",
                    "type": "textfield",
                    "input": true,
                    "prefill": {
                        "plugin": "",
                        "attribute": "",
                        "identifierRole": "main"
                    }
                },
                {
                    "label": "Eenheid",
                    "optionsLabelPosition": "right",
                    "inline": false,
                    "tableView": false,
                    "values": [
                        {
                            "label": "Minuut",
                            "value": "minuutJeugd",
                            "shortcut": ""
                        },
                        {
                            "label": "Uur",
                            "value": "uurJeugd",
                            "shortcut": ""
                        },
                        {
                            "label": "Etmaal",
                            "value": "etmaalJeugd",
                            "shortcut": ""
                        },
                        {
                            "label": "Dagdeel",
                            "value": "dagdeelJeugd",
                            "shortcut": ""
                        },
                        {
                            "label": "Stuk",
                            "value": "stukJeugd",
                            "shortcut": ""
                        },
                        {
                            "label": "Traject",
                            "value": "trajectJeugd",
                            "shortcut": ""
                        },
                        {
                            "label": "Maand",
                            "value": "maandJeugd",
                            "shortcut": ""
                        }
                    ],
                    "validate": {
                        "required": true
                    },
                    "key": "eenheidJeugdGgz",
                    "type": "radio",
                    "input": true
                },
                {
                    "label": "Totaal aantal eenheden voor Jeugdhulp met verblijf regionaal (voor de hele looptijd)",
                    "tableView": true,
                    "validate": {
                        "required": true
                    },
                    "key": "totaalAantalEenhedenJeugdhulpMetVerblijfRegionaal",
                    "type": "textfield",
                    "input": true,
                    "prefill": {
                        "plugin": "",
                        "attribute": "",
                        "identifierRole": "main"
                    }
                },
                {
                    "label": "Eenheid",
                    "optionsLabelPosition": "right",
                    "inline": false,
                    "tableView": false,
                    "values": [
                        {
                            "label": "Minuut",
                            "value": "minuutJeugdhulp",
                            "shortcut": ""
                        },
                        {
                            "label": "Uur",
                            "value": "uurJeugdhulp",
                            "shortcut": ""
                        },
                        {
                            "label": "Etmaal",
                            "value": "etmaalJeugdhulp",
                            "shortcut": ""
                        },
                        {
                            "label": "Dagdeel",
                            "value": "dagdeelJeugdhulp",
                            "shortcut": ""
                        },
                        {
                            "label": "Stuk",
                            "value": "stukJeugdhulp",
                            "shortcut": ""
                        },
                        {
                            "label": "Traject",
                            "value": "trajcetJeugdhulp",
                            "shortcut": ""
                        },
                        {
                            "label": "Maand",
                            "value": "maandJeugdhulp",
                            "shortcut": ""
                        }
                    ],
                    "validate": {
                        "required": true
                    },
                    "key": "eenheidJeugdhulpmetVerblijfRegionaal",
                    "type": "radio",
                    "input": true
                },
                {
                    "label": "Totaal aantal eenheden bij andere zorg categorie (voor de hele looptijd)",
                    "tableView": true,
                    "validate": {
                        "required": true
                    },
                    "key": "totaalAantalEenhedenAnders",
                    "type": "textfield",
                    "input": true,
                    "prefill": {
                        "plugin": "",
                        "attribute": "",
                        "identifierRole": "main"
                    }
                },
                {
                    "label": "Eenheid",
                    "optionsLabelPosition": "right",
                    "inline": false,
                    "tableView": false,
                    "values": [
                        {
                            "label": "Minuut",
                            "value": "minuutAnders",
                            "shortcut": ""
                        },
                        {
                            "label": "Uur",
                            "value": "uurAnders",
                            "shortcut": ""
                        },
                        {
                            "label": "Etmaal",
                            "value": "etmaalAnders",
                            "shortcut": ""
                        },
                        {
                            "label": "Dagdeel",
                            "value": "dagdeelAnders",
                            "shortcut": ""
                        },
                        {
                            "label": "Stuk",
                            "value": "stukAnders",
                            "shortcut": ""
                        },
                        {
                            "label": "Traject",
                            "value": "trajectAnders",
                            "shortcut": ""
                        },
                        {
                            "label": "Maand",
                            "value": "maandAnders",
                            "shortcut": ""
                        }
                    ],
                    "validate": {
                        "required": true
                    },
                    "key": "eenheidAnders",
                    "type": "radio",
                    "input": true
                },
                {
                    "label": "Columns",
                    "columns": [
                        {
                            "components": [],
                            "width": 3,
                            "offset": 0,
                            "push": 0,
                            "pull": 0,
                            "size": "sm",
                            "currentWidth": 3
                        },
                        {
                            "components": [],
                            "width": 6,
                            "offset": 0,
                            "push": 0,
                            "pull": 0,
                            "size": "md",
                            "currentWidth": 6
                        }
                    ],
                    "key": "columns4",
                    "type": "columns",
                    "input": false,
                    "tableView": false
                }
            ]
        }
    },
    {
        "url": "http://localhost/api/v2/form-definitions/40d027cc-8dfa-4dd8-b403-492ea79b2f86",
        "uuid": "40d027cc-8dfa-4dd8-b403-492ea79b2f86",
        "name": "Onderbouwing",
        "slug": "onderbouwing",
        "configuration": {
            "display": "form",
            "components": [
                {
                    "label": "Welke jeugd- /Wmo-hulp doelen zijn er in deze casus gesteld?",
                    "tableView": true,
                    "inputFormat": "plain",
                    "validate": {
                        "required": true
                    },
                    "key": "welkeJeugdWmoHulpDoelenZijnErInDezeCasusGesteld",
                    "type": "textarea",
                    "input": true,
                    "autoExpand": false
                },
                {
                    "label": "Waarom kunnen deze doelen niet door (een van de) gecontracteerde zorgaanbieders opgepakt worden?",
                    "description": "<a href=\"https://robregionijmegen.nl/gecontracteerde-aanbieders-productcodes/\" target=\"_blank\">Bekijk het overzicht van gecontracteerde aanbieders</a>. Geef aan waarom geen van deze gecontracteerde zorgaanbieders geschikt is voor deze casus.",
                    "tableView": true,
                    "inputFormat": "plain",
                    "validate": {
                        "required": true
                    },
                    "key": "waaromKunnenDezeDoelenNietDoorEenVanDeGecontracteerdeZorgaanbiedersOpgepaktWorden",
                    "type": "textarea",
                    "input": true,
                    "autoExpand": false
                },
                {
                    "label": "In welke categorie passen de redenen waarom een niet-gecontracteerde zorgaanbieder moet worden ingezet?",
                    "optionsLabelPosition": "right",
                    "inline": false,
                    "tableView": false,
                    "values": [
                        {
                            "label": "hiaat in zorglandschap",
                            "value": "a",
                            "shortcut": ""
                        },
                        {
                            "label": "meerzorg op verblijfplek nodig (jeugd)",
                            "value": "b",
                            "shortcut": ""
                        },
                        {
                            "label": "gecontracteerd aanbod is vol (jeugdhulp met veblijf)",
                            "value": "c",
                            "shortcut": ""
                        },
                        {
                            "label": "crisis (jeugd)",
                            "value": "d",
                            "shortcut": ""
                        },
                        {
                            "label": "zorgcontinuïteit (Wmo of jeugd)",
                            "value": "e",
                            "shortcut": ""
                        },
                        {
                            "label": "overname woonplaatsbeginsel",
                            "value": "f",
                            "shortcut": ""
                        },
                        {
                            "label": "anders",
                            "value": "g",
                            "shortcut": ""
                        }
                    ],
                    "validate": {
                        "required": true
                    },
                    "key": "inWelkeCategoriePassenDeRedenenWaaromEenNietGecontracteerdeZorgaanbiederMoetWordenIngezet",
                    "type": "radio",
                    "input": true
                },
                {
                    "label": "Welke categorie dan?",
                    "tableView": true,
                    "validate": {
                        "required": true
                    },
                    "key": "welkeCategorieDan",
                    "type": "textfield",
                    "input": true,
                    "prefill": {
                        "plugin": "",
                        "attribute": "",
                        "identifierRole": "main"
                    }
                },
                {
                    "label": "Wat voegt de voorgestelde zorgaanbieder toe om de doelen uit het Wmo of Jeugdwet te halen waar de gecontracteerde zorgaanbieders geen passende oplossing voor bieden? ",
                    "tableView": true,
                    "inputFormat": "plain",
                    "validate": {
                        "required": true
                    },
                    "key": "watVoegtDeVoorgesteldeZorgaanbiederToeOmDeDoelenUitHetWmoOfJeugdwetTeHalenWaarDeGecontracteerdeZorgaanbiedersGeenPassendeOplossingVoorBieden",
                    "type": "textarea",
                    "input": true,
                    "autoExpand": false
                },
                {
                    "label": "Is deze casus besproken in een overlegtafel?",
                    "optionsLabelPosition": "right",
                    "inline": false,
                    "tableView": false,
                    "values": [
                        {
                            "label": "ja",
                            "value": "ja",
                            "shortcut": ""
                        },
                        {
                            "label": "nee",
                            "value": "nee",
                            "shortcut": ""
                        }
                    ],
                    "validate": {
                        "required": true
                    },
                    "key": "isDezeCasusBesprokenInEenOverlegtafel",
                    "type": "radio",
                    "input": true
                },
                {
                    "label": "Welke overlegtafel?",
                    "tableView": true,
                    "validate": {
                        "required": true
                    },
                    "key": "welkeOverlegtafel",
                    "type": "textfield",
                    "input": true,
                    "prefill": {
                        "plugin": "",
                        "attribute": "",
                        "identifierRole": "main"
                    }
                },
                {
                    "label": "Wat kan of doet het Buurtteam / Sociaal (wijk)team zelf in deze casus, eventueel in samenwerking met aanvullende zorg?",
                    "tableView": true,
                    "inputFormat": "plain",
                    "key": "watKanOfDoetHetBuurtteamSociaalWijkTeamZelfInDezeCasusEventueelInSamenwerkingMetAanvullendeZorg",
                    "type": "textarea",
                    "input": true,
                    "autoExpand": false
                },
                {
                    "label": "Wat is het perspectief van de cliënt?",
                    "tableView": true,
                    "inputFormat": "plain",
                    "validate": {
                        "required": true
                    },
                    "key": "watIsHetPerspectiefVanDeClient",
                    "type": "textarea",
                    "input": true,
                    "autoExpand": false
                },
                {
                    "label": "Wat is de reden dat PGB in deze casus geen oplossing biedt?",
                    "description": "geldt <strong>niet</strong> bij jeugd",
                    "tableView": true,
                    "inputFormat": "plain",
                    "validate": {
                        "required": true
                    },
                    "key": "watIsDeRedenDatPgbInDezeCasusGeenOplossingBiedtGeldtStrongNietStrongBijJeugd",
                    "type": "textarea",
                    "input": true,
                    "autoExpand": false
                },
                {
                    "label": "Opmerkingen",
                    "tableView": true,
                    "inputFormat": "plain",
                    "key": "opmerkingen",
                    "type": "textarea",
                    "input": true,
                    "autoExpand": false
                },
                {
                    "label": "Columns",
                    "columns": [
                        {
                            "components": [],
                            "width": 3,
                            "offset": 0,
                            "push": 0,
                            "pull": 0,
                            "size": "sm",
                            "currentWidth": 3
                        },
                        {
                            "components": [],
                            "width": 6,
                            "offset": 0,
                            "push": 0,
                            "pull": 0,
                            "size": "md",
                            "currentWidth": 6
                        }
                    ],
                    "key": "columns5",
                    "type": "columns",
                    "input": false,
                    "tableView": false
                }
            ]
        }
    }
]