[
    {
        "uuid": "ff45059e-2777-4b78-b49d-53f5d44f08ab",
        "name": "Toestemming aanvragen inrijden voetgangersgebied",
        "internal_name": "",
        "login_required": false,
        "authentication_backends": [],
        "slug": "toestemmingaanvrageninrijdenvoetgangersgebied",
        "url": "http://localhost/api/v2/forms/ff45059e-2777-4b78-b49d-53f5d44f08ab",
        "show_progress_indicator": true,
        "maintenance_mode": false,
        "active": true,
        "is_deleted": false,
        "suspension_allowed": true,
        "send_confirmation_email": true,
        "display_main_website_link": true,
        "required_fields_with_asterisk": true,
        "resume_link_lifetime": 7,
        "hide_non_applicable_steps": true
    }
]