[
    {
        "uuid": "eb68dd2d-d75f-4859-874d-0a3e791b4624",
        "index": "0",
        "slug": "algemeen",
        "form_definition": "http://localhost/api/v2/form-definitions/936ff760-1e2c-406f-8f21-1102a9250c86"
    },
    {
        "uuid": "762ad567-f9e6-46c1-a564-2d6c2d8e4dbd",
        "index": "1",
        "slug": "aanvraag",
        "form_definition": "http://localhost/api/v2/form-definitions/42404ad0-741f-4364-ad99-a331356e64d1"
    },
    {
        "uuid": "9c1d987d-f515-4192-9289-0dbb970f9305",
        "index": "2",
        "slug": "bijlagen",
        "form_definition": "http://localhost/api/v2/form-definitions/68522882-b560-4f9a-9a98-0e97fac6b2f9"
    }
]