[
    {
        "uuid": "f263eb12-50a2-472c-82f1-b0910913d9f5",
        "name": "Vergoeding aanvragen in verband met wijzigings ge",
        "internal_name": "",
        "login_required": false,
        "authentication_backends": [],
        "slug": "vergoedingaanvrageninverbandmetwijzigingsgeslacht",
        "url": "http://localhost/api/v2/forms/f263eb12-50a2-472c-82f1-b0910913d9f5",
        "show_progress_indicator": true,
        "maintenance_mode": false,
        "active": true,
        "is_deleted": false,
        "suspension_allowed": true,
        "send_confirmation_email": true,
        "display_main_website_link": true,
        "required_fields_with_asterisk": true,
        "resume_link_lifetime": 7,
        "hide_non_applicable_steps": true
    }
]