[
    {
        "uuid": "b8f2bf79-f2fa-4ab7-ae54-e18326e61152",
        "name": "Heb ik een vergunning nodig",
        "internal_name": "",
        "login_required": false,
        "authentication_backends": [],
        "slug": "hebikeenvergunningnodig",
        "url": "http://localhost/api/v2/forms/b8f2bf79-f2fa-4ab7-ae54-e18326e61152",
        "show_progress_indicator": true,
        "maintenance_mode": false,
        "active": true,
        "is_deleted": false,
        "suspension_allowed": true,
        "send_confirmation_email": true,
        "display_main_website_link": true,
        "required_fields_with_asterisk": true,
        "resume_link_lifetime": 7,
        "hide_non_applicable_steps": true
    }
]