[
    {
        "url": "http://localhost/api/v2/form-definitions/65689a1a-8344-4809-a6c5-cd6df9f96ec1",
        "uuid": "65689a1a-8344-4809-a6c5-cd6df9f96ec1",
        "name": "Vergunning",
        "slug": "vergunning",
        "configuration": {
            "display": "form",
            "components": [
                {
                    "label": "Wat wil je gaan doen",
                    "optionsLabelPosition": "right",
                    "inline": false,
                    "tableView": false,
                    "values": [
                        {
                            "label": "ik wil iets organiseren met vermaak (iets leuks)",
                            "value": "vermaak",
                            "shortcut": ""
                        },
                        {
                            "label": "ik wil alleen iets plaatsen",
                            "value": "plaatsen",
                            "shortcut": ""
                        },
                        {
                            "label": "ik wil 1x een plantjes-, antiek-, boek- of kerstmarkt organiseren (meer dan 7 kramen)",
                            "value": "markt",
                            "shortcut": ""
                        },
                        {
                            "label": "ik wil bakken, braden, kamperen of overnachten",
                            "value": "kamperen",
                            "shortcut": ""
                        }
                    ],
                    "validate": {
                        "required": true
                    },
                    "key": "watWilJeGaanDoen",
                    "type": "radio",
                    "input": true
                },
                {
                    "label": "Melding brandveilig gebruik",
                    "attrs": [
                        {
                            "attr": "",
                            "value": ""
                        }
                    ],
                    "content": "<a href=\"https://www.nijmegen.nl/diensten/evenementen/melding-brandveilig-gebruik/\" target=\"_blank\">Melding brandveilig gebruik</a>",
                    "refreshOnChange": false,
                    "key": "meldingBrandveiligGebruik",
                    "type": "content",
                    "input": false,
                    "tableView": false,
                    "html": "<a href=\"https://www.nijmegen.nl/diensten/evenementen/melding-brandveilig-gebruik/\" target=\"_blank\">Melding brandveilig gebruik</a>"
                },
                {
                    "label": "Gaat het om straatmuziek of straattheater dat niet binnen of tijdens een evenement is?",
                    "optionsLabelPosition": "right",
                    "inline": false,
                    "tableView": false,
                    "values": [
                        {
                            "label": "ja",
                            "value": "ja",
                            "shortcut": ""
                        },
                        {
                            "label": "nee",
                            "value": "nee",
                            "shortcut": ""
                        }
                    ],
                    "validate": {
                        "required": true
                    },
                    "key": "gaatHetOmStraatmuziekOfStraattheaterDatNietBinnenOfTijdensEenEvenementIs",
                    "type": "radio",
                    "input": true
                },
                {
                    "label": "Straatmuziek en straattheater",
                    "attrs": [
                        {
                            "attr": "",
                            "value": ""
                        }
                    ],
                    "content": "<a href=\"https://www.nijmegen.nl/diensten/vergunningen/straatmuziek-en-straattheater/\" target=\"_blank\">Straatmuziek en straattheater</a>",
                    "refreshOnChange": false,
                    "key": "straatmuziekEnStraattheater",
                    "type": "content",
                    "input": false,
                    "tableView": false,
                    "html": "<a href=\"https://www.nijmegen.nl/diensten/vergunningen/straatmuziek-en-straattheater/\" target=\"_blank\">Straatmuziek en straattheater</a>"
                },
                {
                    "label": "Evenementen melden of evenementenvergunning",
                    "attrs": [
                        {
                            "attr": "",
                            "value": ""
                        }
                    ],
                    "content": "<a href=\"https://www.nijmegen.nl/diensten/evenementen/evenement-melden-of-vergunning-aanvragen/\" target=\"_blank\">Evenementen melden of evenementenvergunning</a>",
                    "refreshOnChange": false,
                    "key": "evenementenMeldenOfEvenementenvergunning",
                    "type": "content",
                    "input": false,
                    "tableView": false,
                    "html": "<a href=\"https://www.nijmegen.nl/diensten/evenementen/evenement-melden-of-vergunning-aanvragen/\" target=\"_blank\">Evenementen melden of evenementenvergunning</a>"
                },
                {
                    "label": "Ga je iets verkopen?",
                    "optionsLabelPosition": "right",
                    "inline": false,
                    "tableView": false,
                    "values": [
                        {
                            "label": "ja",
                            "value": "ja",
                            "shortcut": ""
                        },
                        {
                            "label": "nee",
                            "value": "nee",
                            "shortcut": ""
                        }
                    ],
                    "validate": {
                        "required": true
                    },
                    "key": "gaJeIetsVerkopen",
                    "type": "radio",
                    "input": true
                },
                {
                    "label": "Dan gaat het over een 'standplaats'. Waar wil je iets plaatsen?",
                    "optionsLabelPosition": "right",
                    "inline": false,
                    "tableView": false,
                    "values": [
                        {
                            "label": "op eigen terrein",
                            "value": "eigenTerrein",
                            "shortcut": ""
                        },
                        {
                            "label": "in de openbare ruimte",
                            "value": "openbareRuimte",
                            "shortcut": ""
                        }
                    ],
                    "validate": {
                        "required": true
                    },
                    "key": "danGaatHetOverEenStandplaatsWaarWilJeIetsPlaatsen",
                    "type": "radio",
                    "input": true
                },
                {
                    "label": "Standplaatsvergunning op privéterrein",
                    "attrs": [
                        {
                            "attr": "",
                            "value": ""
                        }
                    ],
                    "content": "<a href=\"https://www.nijmegen.nl/diensten/vergunningen/standplaatsvergunningen/vergunning-standplaats/\" target=\"_blank\">Standplaatsvergunning (zie kopje “Standplaats op privéterrein”)</a>",
                    "refreshOnChange": false,
                    "key": "standplaatsvergunning",
                    "type": "content",
                    "input": false,
                    "tableView": false,
                    "html": "<a href=\"https://www.nijmegen.nl/diensten/vergunningen/standplaatsvergunningen/vergunning-standplaats/\" target=\"_blank\">Standplaatsvergunning (zie kopje “Standplaats op privéterrein”)</a>"
                },
                {
                    "label": "Dit kan alleen op vaste plekken. Welke standplaats wil je innemen?",
                    "optionsLabelPosition": "right",
                    "inline": false,
                    "tableView": false,
                    "values": [
                        {
                            "label": "standplaats op de weekmarkt in het centrum of in Hatert",
                            "value": "weekmarkt",
                            "shortcut": ""
                        },
                        {
                            "label": "standplaats tijdens de wintermaanden (november t/m januari)",
                            "value": "wintermaanden",
                            "shortcut": ""
                        },
                        {
                            "label": "standplaats op een kleine wijkmarkt",
                            "value": "wijkmarkt",
                            "shortcut": ""
                        },
                        {
                            "label": "standplaats tijdens een concert op de Goffert",
                            "value": "concert",
                            "shortcut": ""
                        },
                        {
                            "label": "standplaats tijdens Koningsdag",
                            "value": "koningsdag",
                            "shortcut": ""
                        },
                        {
                            "label": "standplaats tijdens de Vierdaagse",
                            "value": "vierdaagse",
                            "shortcut": ""
                        }
                    ],
                    "validate": {
                        "required": true
                    },
                    "key": "ditKanAlleenOpVastePlekkenWelkeStandplaatsWilJeInnemen",
                    "type": "radio",
                    "input": true
                },
                {
                    "label": "Standplaats op de weekmarkt in het centrum of in Hatert",
                    "attrs": [
                        {
                            "attr": "",
                            "value": ""
                        }
                    ],
                    "content": "<a href=\"https://www.nijmegen.nl/diensten/vergunningen/markt/marktplaatsvergunning/\" target=\"_blank\">Standplaats op de weekmarkt in het centrum of in Hatert</a>",
                    "refreshOnChange": false,
                    "key": "standplaatsOpDeWeekmarktInHetCentrumOfInHatert",
                    "type": "content",
                    "input": false,
                    "tableView": false,
                    "html": "<a href=\"https://www.nijmegen.nl/diensten/vergunningen/markt/marktplaatsvergunning/\" target=\"_blank\">Standplaats op de weekmarkt in het centrum of in Hatert</a>"
                },
                {
                    "label": "Standplaats tijdens de wintermaanden (november t/m januari)",
                    "attrs": [
                        {
                            "attr": "",
                            "value": ""
                        }
                    ],
                    "content": "<a href=\"https://www.nijmegen.nl/diensten/vergunningen/standplaatsvergunningen/vergunning-winterstandplaats/\" target=\"_blank\">Standplaats tijdens de wintermaanden (november t/m januari)</a>",
                    "refreshOnChange": false,
                    "key": "standplaatsTijdensDeWintermaandenNovemberTMJanuari",
                    "type": "content",
                    "input": false,
                    "tableView": false,
                    "html": "<a href=\"https://www.nijmegen.nl/diensten/vergunningen/standplaatsvergunningen/vergunning-winterstandplaats/\" target=\"_blank\">Standplaats tijdens de wintermaanden (november t/m januari)</a>"
                },
                {
                    "label": "Standplaats op een kleine wijkmarkt",
                    "attrs": [
                        {
                            "attr": "",
                            "value": ""
                        }
                    ],
                    "content": "<a href=\"https://www.nijmegen.nl/diensten/vergunningen/standplaatsvergunningen/vergunning-standplaats-wijkmarkt/\" target=\"_blank\">Standplaats op een kleine wijkmarkt</a>",
                    "refreshOnChange": false,
                    "key": "standplaatsOpEenKleineWijkmarkt",
                    "type": "content",
                    "input": false,
                    "tableView": false,
                    "html": "<a href=\"https://www.nijmegen.nl/diensten/vergunningen/standplaatsvergunningen/vergunning-standplaats-wijkmarkt/\" target=\"_blank\">Standplaats op een kleine wijkmarkt</a>"
                },
                {
                    "label": "Standplaats tijdens een concert op de Goffert",
                    "attrs": [
                        {
                            "attr": "",
                            "value": ""
                        }
                    ],
                    "content": "<a href = \"https://www.nijmegen.nl/diensten/vergunningen/standplaatsvergunningen/overzicht-standplaatsen/vrije-standplaatsen/stadspark-de-goffert-vrije-standplaats/\" target = \"_blank\">Standplaats tijdens een concert op de Goffert</a>",
                    "refreshOnChange": false,
                    "key": "standplaatsTijdensEenConcertOpDeGoffert",
                    "type": "content",
                    "input": false,
                    "tableView": false,
                    "html": "<a href = \"https://www.nijmegen.nl/diensten/vergunningen/standplaatsvergunningen/overzicht-standplaatsen/vrije-standplaatsen/stadspark-de-goffert-vrije-standplaats/\" target = \"_blank\">Standplaats tijdens een concert op de Goffert</a>"
                },
                {
                    "label": "Standplaats tijdens Koningsdag",
                    "attrs": [
                        {
                            "attr": "",
                            "value": ""
                        }
                    ],
                    "content": "<a href=\"https://www.nijmegen.nl/diensten/vergunningen/standplaatsvergunningen/standplaats-koningsdag/\" target=\"_blank\">Standplaats tijdens Koningsdag</a>",
                    "refreshOnChange": false,
                    "key": "standplaatsTijdensKoningsdag",
                    "type": "content",
                    "input": false,
                    "tableView": false,
                    "html": "<a href=\"https://www.nijmegen.nl/diensten/vergunningen/standplaatsvergunningen/standplaats-koningsdag/\" target=\"_blank\">Standplaats tijdens Koningsdag</a>"
                },
                {
                    "label": "Wil je een standplaats bij de Vierdaagse Feesten (Nijmegen Centrum) of langs de route van de Vierdaagse?",
                    "optionsLabelPosition": "right",
                    "inline": false,
                    "tableView": false,
                    "values": [
                        {
                            "label": "Vierdaagse Feesten (Nijmegen Centrum)",
                            "value": "vierdaagse",
                            "shortcut": ""
                        },
                        {
                            "label": "Langs de route van de Vierdaagse",
                            "value": "routeVierdaagse",
                            "shortcut": ""
                        }
                    ],
                    "validate": {
                        "required": true
                    },
                    "key": "wilJeEenStandplaatsBijDeVierdaagseFeestenOfLangsDeRouteVanDeVierdaagse",
                    "type": "radio",
                    "input": true
                },
                {
                    "label": "Vierdaagse Feesten",
                    "attrs": [
                        {
                            "attr": "",
                            "value": ""
                        }
                    ],
                    "content": "<a href=\"https://www.vierdaagsefeesten.nl/organisatoren/\" target=\"_blank\">Vierdaagse Feesten (Nijmegen Centrum)</a>",
                    "refreshOnChange": false,
                    "key": "vierdaagseFeesten",
                    "type": "content",
                    "input": false,
                    "tableView": false,
                    "html": "<a href=\"https://www.vierdaagsefeesten.nl/organisatoren/\" target=\"_blank\">Vierdaagse Feesten (Nijmegen Centrum)</a>"
                },
                {
                    "label": "Langs de route van de Vierdaagse",
                    "attrs": [
                        {
                            "attr": "",
                            "value": ""
                        }
                    ],
                    "content": "<a href=\"https://www.nijmegen.nl/diensten/vergunningen/standplaatsvergunningen/vierdaagse-vergunning-voor-langs-de-route/\" target=\"_blank\">Langs de route van de Vierdaagse</a>",
                    "refreshOnChange": false,
                    "key": "langsDeRouteVanDeVierdaagse",
                    "type": "content",
                    "input": false,
                    "tableView": false,
                    "html": "<a href=\"https://www.nijmegen.nl/diensten/vergunningen/standplaatsvergunningen/vierdaagse-vergunning-voor-langs-de-route/\" target=\"_blank\">Langs de route van de Vierdaagse</a>"
                },
                {
                    "label": "Plaats je het in de openbare ruimte?",
                    "optionsLabelPosition": "right",
                    "inline": false,
                    "tableView": false,
                    "values": [
                        {
                            "label": "ja",
                            "value": "ja",
                            "shortcut": ""
                        },
                        {
                            "label": "nee",
                            "value": "nee",
                            "shortcut": ""
                        }
                    ],
                    "validate": {
                        "required": true
                    },
                    "key": "plaatsJeHetInDeOpenbareRuimte",
                    "type": "radio",
                    "input": true
                },
                {
                    "components": [
                        {
                            "label": "Wil je een kraam op of aan de weg plaatsen met informatie voor mensen die langs lopen?",
                            "optionsLabelPosition": "right",
                            "inline": false,
                            "tableView": false,
                            "values": [
                                {
                                    "label": "ja",
                                    "value": "ja",
                                    "shortcut": ""
                                },
                                {
                                    "label": "nee",
                                    "value": "nee",
                                    "shortcut": ""
                                }
                            ],
                            "validate": {
                                "required": true
                            },
                            "key": "kraamOpenbareRuimte",
                            "conditional": {
                                "show": true,
                                "when": "plaatsJeHetInDeOpenbareRuimte",
                                "eq": "ja"
                            },
                            "type": "radio",
                            "input": true
                        },
                        {
                            "label": "Informatiekraam melden of vergunning aanvragen",
                            "attrs": [
                                {
                                    "attr": "",
                                    "value": ""
                                }
                            ],
                            "content": "<a href=\"https://www.nijmegen.nl/diensten/vergunningen/informatiekraam-melden-of-vergunning/\" target=\"_blank\">Informatiekraam melden of vergunning aanvragen</a>",
                            "refreshOnChange": false,
                            "key": "informatiekraamMeldenOfVergunningAanvragen",
                            "conditional": {
                                "show": true,
                                "when": "openbareRuimte.kraamOpenbareRuimte",
                                "eq": "ja"
                            },
                            "type": "content",
                            "input": false,
                            "tableView": false,
                            "html": "<a href=\"https://www.nijmegen.nl/diensten/vergunningen/informatiekraam-melden-of-vergunning/\" target=\"_blank\">Informatiekraam melden of vergunning aanvragen</a>"
                        },
                        {
                            "label": "Objectvergunning",
                            "attrs": [
                                {
                                    "attr": "",
                                    "value": ""
                                }
                            ],
                            "content": "<a href=\"https://www.nijmegen.nl/diensten/vergunningen/objectvergunning/\" target=\"_blank\">Objectvergunning</a>",
                            "refreshOnChange": false,
                            "key": "objectvergunning",
                            "conditional": {
                                "show": true,
                                "when": "openbareRuimte.kraamOpenbareRuimte",
                                "eq": "nee"
                            },
                            "type": "content",
                            "input": false,
                            "tableView": false,
                            "html": "<a href=\"https://www.nijmegen.nl/diensten/vergunningen/objectvergunning/\" target=\"_blank\">Objectvergunning</a>"
                        }
                    ],
                    "key": "fieldSet-1",
                    "type": "fieldset",
                    "label": "Field Set",
                    "tree": false,
                    "input": false,
                    "hidden": false,
                    "legend": "",
                    "prefix": "",
                    "suffix": "",
                    "unique": false,
                    "widget": null,
                    "dbIndex": false,
                    "overlay": {
                        "top": "",
                        "left": "",
                        "style": "",
                        "width": "",
                        "height": ""
                    },
                    "tooltip": "",
                    "disabled": false,
                    "multiple": false,
                    "redrawOn": "",
                    "tabindex": "",
                    "validate": {
                        "custom": "",
                        "unique": false,
                        "multiple": false,
                        "required": false,
                        "customPrivate": false,
                        "strictDateValidation": false
                    },
                    "autofocus": false,
                    "encrypted": false,
                    "hideLabel": false,
                    "modalEdit": false,
                    "protected": false,
                    "refreshOn": "",
                    "tableView": false,
                    "attributes": {},
                    "errorLabel": "",
                    "hideHeader": false,
                    "persistent": false,
                    "properties": {},
                    "validateOn": "change",
                    "clearOnHide": true,
                    "customClass": "",
                    "description": "",
                    "placeholder": "",
                    "defaultValue": null,
                    "dataGridLabel": false,
                    "labelPosition": "top",
                    "showCharCount": false,
                    "showWordCount": false,
                    "calculateValue": "",
                    "calculateServer": false,
                    "allowMultipleMasks": false,
                    "customDefaultValue": "",
                    "allowCalculateOverride": false
                },
                {
                    "label": "Is het voor direct publiek toegankelijk?",
                    "optionsLabelPosition": "right",
                    "inline": false,
                    "tableView": false,
                    "values": [
                        {
                            "label": "ja",
                            "value": "ja",
                            "shortcut": ""
                        },
                        {
                            "label": "nee",
                            "value": "nee",
                            "shortcut": ""
                        }
                    ],
                    "validate": {
                        "required": true
                    },
                    "key": "isHetVoorDirectPubliekToegankelijk",
                    "type": "radio",
                    "input": true
                },
                {
                    "components": [
                        {
                            "label": "Wil je een kraam op of aan de weg plaatsen met informatie voor mensen die langs lopen?",
                            "optionsLabelPosition": "right",
                            "inline": false,
                            "tableView": false,
                            "values": [
                                {
                                    "label": "ja",
                                    "value": "ja",
                                    "shortcut": ""
                                },
                                {
                                    "label": "nee",
                                    "value": "nee",
                                    "shortcut": ""
                                }
                            ],
                            "validate": {
                                "required": true
                            },
                            "key": "kraamDirectPubliekToegankelijk",
                            "conditional": {
                                "show": true,
                                "when": "isHetVoorDirectPubliekToegankelijk",
                                "eq": "ja"
                            },
                            "type": "radio",
                            "input": true
                        },
                        {
                            "label": "Informatiekraam melden of vergunning aanvragen",
                            "attrs": [
                                {
                                    "attr": "",
                                    "value": ""
                                }
                            ],
                            "content": "<a href=\"https://www.nijmegen.nl/diensten/vergunningen/informatiekraam-melden-of-vergunning/\" target=\"_blank\">Informatiekraam melden of vergunning aanvragen</a>",
                            "refreshOnChange": false,
                            "key": "informatiekraamMeldenOfVergunningAanvragen1",
                            "conditional": {
                                "show": true,
                                "when": "directPubliekToegankelijk.kraamDirectPubliekToegankelijk",
                                "eq": "ja"
                            },
                            "type": "content",
                            "input": false,
                            "tableView": false,
                            "html": "<a href=\"https://www.nijmegen.nl/diensten/vergunningen/informatiekraam-melden-of-vergunning/\" target=\"_blank\">Informatiekraam melden of vergunning aanvragen</a>"
                        },
                        {
                            "label": "Objectvergunning",
                            "attrs": [
                                {
                                    "attr": "",
                                    "value": ""
                                }
                            ],
                            "content": "<a href=\"https://www.nijmegen.nl/diensten/vergunningen/objectvergunning/\" target=\"_blank\">Objectvergunning</a>",
                            "refreshOnChange": false,
                            "key": "objectvergunning1",
                            "conditional": {
                                "show": true,
                                "when": "directPubliekToegankelijk.kraamDirectPubliekToegankelijk",
                                "eq": "nee"
                            },
                            "type": "content",
                            "input": false,
                            "tableView": false,
                            "html": "<a href=\"https://www.nijmegen.nl/diensten/vergunningen/objectvergunning/\" target=\"_blank\">Objectvergunning</a>"
                        }
                    ],
                    "key": "fieldSet",
                    "type": "fieldset",
                    "label": "Field Set",
                    "tree": false,
                    "input": false,
                    "hidden": false,
                    "legend": "",
                    "prefix": "",
                    "suffix": "",
                    "unique": false,
                    "widget": null,
                    "dbIndex": false,
                    "overlay": {
                        "top": "",
                        "left": "",
                        "style": "",
                        "width": "",
                        "height": ""
                    },
                    "tooltip": "",
                    "disabled": false,
                    "multiple": false,
                    "redrawOn": "",
                    "tabindex": "",
                    "validate": {
                        "custom": "",
                        "unique": false,
                        "multiple": false,
                        "required": false,
                        "customPrivate": false,
                        "strictDateValidation": false
                    },
                    "autofocus": false,
                    "encrypted": false,
                    "hideLabel": false,
                    "modalEdit": false,
                    "protected": false,
                    "refreshOn": "",
                    "tableView": false,
                    "attributes": {},
                    "errorLabel": "",
                    "hideHeader": false,
                    "persistent": false,
                    "properties": {},
                    "validateOn": "change",
                    "clearOnHide": true,
                    "customClass": "",
                    "description": "",
                    "placeholder": "",
                    "defaultValue": null,
                    "dataGridLabel": false,
                    "labelPosition": "top",
                    "showCharCount": false,
                    "showWordCount": false,
                    "calculateValue": "",
                    "calculateServer": false,
                    "allowMultipleMasks": false,
                    "customDefaultValue": "",
                    "allowCalculateOverride": false
                },
                {
                    "label": "Hiervoor heb je geen vergunning nodig",
                    "attrs": [
                        {
                            "attr": "",
                            "value": ""
                        }
                    ],
                    "content": "Hiervoor heb je geen vergunning nodig",
                    "refreshOnChange": false,
                    "key": "hiervoorHebJeGeenVergunningNodig",
                    "type": "content",
                    "input": false,
                    "tableView": false,
                    "html": "Hiervoor heb je geen vergunning nodig"
                },
                {
                    "label": "Ik wil eenmalig een plantjes-, antiek-, boek- of kerstmarkt organiseren",
                    "attrs": [
                        {
                            "attr": "",
                            "value": ""
                        }
                    ],
                    "content": "<a href=\"https://www.nijmegen.nl/diensten/vergunningen/markt/themamarktvergunning-organisatievergunning/\" target=\"_blank\">Ik wil eenmalig een plantjes-, antiek-, boek- of kerstmarkt organiseren</a>",
                    "refreshOnChange": false,
                    "key": "ikWilEenmaligEenPlantjesAntiekBoekOfKerstmarktOrganiseren",
                    "type": "content",
                    "input": false,
                    "tableView": false,
                    "html": "<a href=\"https://www.nijmegen.nl/diensten/vergunningen/markt/themamarktvergunning-organisatievergunning/\" target=\"_blank\">Ik wil eenmalig een plantjes-, antiek-, boek- of kerstmarkt organiseren</a>"
                }
            ]
        }
    }
]