[
    {
        "uuid": "4671aaa2-b677-4a25-a0a5-9127d253310d",
        "name": "Subsidie voor wijkactiviteiten aanvragen",
        "internal_name": "",
        "login_required": false,
        "authentication_backends": [],
        "slug": "subsidievoorwijkactiviteitenaanvragen",
        "url": "http://localhost/api/v2/forms/4671aaa2-b677-4a25-a0a5-9127d253310d",
        "show_progress_indicator": true,
        "maintenance_mode": false,
        "active": true,
        "is_deleted": false,
        "suspension_allowed": true,
        "send_confirmation_email": true,
        "display_main_website_link": true,
        "required_fields_with_asterisk": true,
        "resume_link_lifetime": 7,
        "hide_non_applicable_steps": true
    }
]