[
    {
        "uuid": "3f91e5f7-29d8-4de5-a9dd-f2c236049b5c",
        "name": "testformulier achtienplus",
        "internal_name": "",
        "login_required": false,
        "authentication_backends": [],
        "slug": "testformulierachtienplus",
        "url": "http://localhost/api/v2/forms/3f91e5f7-29d8-4de5-a9dd-f2c236049b5c",
        "show_progress_indicator": true,
        "maintenance_mode": false,
        "active": true,
        "is_deleted": false,
        "suspension_allowed": true,
        "send_confirmation_email": true,
        "display_main_website_link": true,
        "required_fields_with_asterisk": true,
        "resume_link_lifetime": 7,
        "hide_non_applicable_steps": true
    }
]