[
    {
        "url": "http://localhost/api/v2/form-definitions/3172ca1b-c523-4152-9f59-1bafed9aa5c6",
        "uuid": "3172ca1b-c523-4152-9f59-1bafed9aa5c6",
        "name": "Test op leeftijd",
        "slug": "test-op-leeftijd",
        "configuration": {
            "display": "form",
            "components": [
                {
                    "html": "<p>tekst bij 18 plus</p>",
                    "label": "Content",
                    "refreshOnChange": false,
                    "key": "content",
                    "customConditional": "let geboortedatum  = moment(data.geboortedatum, \"DD-MM-YYYY\");\nif(geboortedatum) {\n  let nu = moment();\n  let verschil = nu.diff(geboortedatum, 'years');\n  if(verschil >= 18) {\n    show = true\n  } else {\n    show = false;\n  } \n}",
                    "type": "content",
                    "input": false,
                    "tableView": false
                },
                {
                    "html": "<p>tekst bij jonger dan 18 jaar</p>",
                    "label": "Content",
                    "refreshOnChange": false,
                    "key": "content1",
                    "customConditional": "let geboortedatum  = moment(data.geboortedatum, \"DD-MM-YYYY\");\nif(geboortedatum) {\n  let nu = moment();\n  let verschil = nu.diff(geboortedatum, 'years');\n  if(verschil >= 18) {\n    show = false;\n  } else {\n    show = true;\n  } \n}",
                    "type": "content",
                    "input": false,
                    "tableView": false
                },
                {
                    "label": "Test Opslaan Verwijder Mij",
                    "applyMaskOn": "change",
                    "tableView": true,
                    "key": "testOpslaanVerwijderMij",
                    "type": "textfield",
                    "input": true,
                    "prefill": {
                        "plugin": "",
                        "attribute": "",
                        "identifierRole": "main"
                    }
                },
                {
                    "label": "TestContent",
                    "refreshOnChange": false,
                    "key": "testContent",
                    "type": "content",
                    "input": false,
                    "tableView": false
                },
                {
                    "label": "Weergave van het hidden field geboortedatum",
                    "tableView": true,
                    "calculateValue": "value = data.geboortedatum;",
                    "key": "weergaveGeboortedatum",
                    "type": "textfield",
                    "input": true,
                    "prefill": {
                        "plugin": "",
                        "attribute": "",
                        "identifierRole": "main"
                    }
                },
                {
                    "label": "Columns",
                    "columns": [
                        {
                            "components": [],
                            "width": 3,
                            "offset": 0,
                            "push": 0,
                            "pull": 0,
                            "size": "sm",
                            "currentWidth": 3
                        },
                        {
                            "components": [],
                            "width": 3,
                            "offset": 0,
                            "push": 0,
                            "pull": 0,
                            "size": "sm",
                            "currentWidth": 3
                        }
                    ],
                    "key": "columns",
                    "type": "columns",
                    "input": false,
                    "tableView": false,
                    "hideOnChildrenHidden": false
                }
            ]
        }
    }
]