[
    {
        "uuid": "e8a2cec9-7847-402a-ad35-9adf1ce75365",
        "name": "e2eprefill",
        "internal_name": "",
        "login_required": false,
        "authentication_backends": [],
        "slug": "e2eprefill",
        "url": "http://localhost/api/v2/forms/e8a2cec9-7847-402a-ad35-9adf1ce75365",
        "show_progress_indicator": true,
        "maintenance_mode": false,
        "active": true,
        "is_deleted": false,
        "suspension_allowed": true,
        "send_confirmation_email": true,
        "display_main_website_link": true,
        "required_fields_with_asterisk": true,
        "resume_link_lifetime": 7,
        "hide_non_applicable_steps": true
    }
]