[
    {
        "url": "http://localhost/api/v2/form-definitions/f998a28a-f238-445e-8094-d2e5404bbbd3",
        "uuid": "f998a28a-f238-445e-8094-d2e5404bbbd3",
        "name": "Page 1",
        "slug": "page-1",
        "configuration": {
            "display": "form",
            "components": [
                {
                    "label": "Periode tekst",
                    "tableView": true,
                    "calculateValue": "value = data.periode",
                    "key": "periodeTekst",
                    "type": "textfield",
                    "input": true,
                    "prefill": {
                        "plugin": "",
                        "attribute": "",
                        "identifierRole": "main"
                    }
                },
                {
                    "label": "Straatnaam",
                    "customClass": "straatnaamfieldnonhidden nonhiddenfield",
                    "tableView": true,
                    "persistent": false,
                    "key": "straatnaam",
                    "type": "textfield",
                    "input": true,
                    "lockKey": true,
                    "source": "62569d4a8fc9d95364ce0903",
                    "isNew": true,
                    "prefill": {
                        "plugin": "",
                        "attribute": "",
                        "identifierRole": "main"
                    }
                },
                {
                    "label": "Woonplaats",
                    "customClass": "woonplaatsfieldnonhidden nonhiddenfield",
                    "tableView": true,
                    "persistent": false,
                    "key": "woonplaats",
                    "type": "textfield",
                    "input": true,
                    "lockKey": true,
                    "source": "62569d4a8fc9d95364ce0903",
                    "isNew": true,
                    "prefill": {
                        "plugin": "",
                        "attribute": "",
                        "identifierRole": "main"
                    }
                }
            ]
        }
    },
    {
        "url": "http://localhost/api/v2/form-definitions/a000b1fc-d33f-4797-a510-077c4d3516c6",
        "uuid": "a000b1fc-d33f-4797-a510-077c4d3516c6",
        "name": "Page 2",
        "slug": "page-2",
        "configuration": {
            "display": "form",
            "components": [
                {
                    "label": "Samenvatting",
                    "tableView": false,
                    "key": "summary",
                    "type": "summary",
                    "input": true
                }
            ]
        }
    }
]