[
    {
        "uuid": "a41f5d76-87d3-4cd4-8035-0043339d0fed",
        "name": "Subsidie aanvragen verminderen overlast houtkache",
        "internal_name": "",
        "login_required": false,
        "authentication_backends": [],
        "slug": "subsidieaanvragenverminderenoverlasthoutkachelofh",
        "url": "http://localhost/api/v2/forms/a41f5d76-87d3-4cd4-8035-0043339d0fed",
        "show_progress_indicator": true,
        "maintenance_mode": false,
        "active": true,
        "is_deleted": false,
        "suspension_allowed": true,
        "send_confirmation_email": true,
        "display_main_website_link": true,
        "required_fields_with_asterisk": true,
        "resume_link_lifetime": 7,
        "hide_non_applicable_steps": true
    }
]