[
    {
        "url": "http://localhost/api/v2/form-definitions/4e008644-299c-4f45-a729-5c1fbaaed14d",
        "uuid": "4e008644-299c-4f45-a729-5c1fbaaed14d",
        "name": "Uw gegevens",
        "slug": "uw-gegevens",
        "configuration": {
            "display": "form",
            "components": [
                {
                    "components": [
                        {
                            "label": "Naam",
                            "customClass": "naamingelogdegebruikerfieldnonhidden nonhiddenfield",
                            "tableView": true,
                            "persistent": false,
                            "key": "naamIngelogdeGebruiker",
                            "type": "textfield",
                            "input": true,
                            "prefill": {
                                "plugin": "haalcentraal",
                                "attribute": "verblijfplaats.huisnummer",
                                "identifierRole": "main"
                            }
                        },
                        {
                            "label": "Straatnaam",
                            "customClass": "straatnaamfieldnonhidden nonhiddenfield",
                            "tableView": true,
                            "persistent": false,
                            "key": "straatnaam",
                            "type": "textfield",
                            "input": true,
                            "prefill": {
                                "plugin": "haalcentraal",
                                "attribute": "verblijfplaats.woonplaats",
                                "identifierRole": "main"
                            }
                        },
                        {
                            "label": "Huisnummer",
                            "customClass": "huisnummerfieldnonhidden nonhiddenfield",
                            "tableView": true,
                            "persistent": false,
                            "key": "huisnummerfield",
                            "type": "textfield",
                            "input": true,
                            "prefill": {
                                "plugin": "haalcentraal",
                                "attribute": "verblijfplaats.huisnummer",
                                "identifierRole": "main"
                            }
                        },
                        {
                            "label": "Postcode",
                            "customClass": "postcodefieldnonhidden nonhiddenfield",
                            "tableView": true,
                            "persistent": false,
                            "key": "postcode",
                            "type": "textfield",
                            "input": true,
                            "prefill": {
                                "plugin": "haalcentraal",
                                "attribute": "verblijfplaats.huisnummer",
                                "identifierRole": "main"
                            }
                        },
                        {
                            "label": "Woonplaats",
                            "customClass": "woonplaatsfieldnonhidden nonhiddenfield",
                            "tableView": true,
                            "persistent": false,
                            "key": "woonplaats",
                            "type": "textfield",
                            "input": true,
                            "prefill": {
                                "plugin": "haalcentraal",
                                "attribute": "verblijfplaats.huisnummer",
                                "identifierRole": "main"
                            }
                        }
                    ],
                    "key": "fieldSet-1-2-3-4-5-6",
                    "type": "fieldset",
                    "label": "Field Set",
                    "tree": false,
                    "input": false,
                    "hidden": false,
                    "legend": "",
                    "prefix": "",
                    "suffix": "",
                    "unique": false,
                    "widget": null,
                    "dbIndex": false,
                    "overlay": {
                        "top": "",
                        "left": "",
                        "style": "",
                        "width": "",
                        "height": ""
                    },
                    "tooltip": "",
                    "disabled": false,
                    "multiple": false,
                    "redrawOn": "",
                    "tabindex": "",
                    "validate": {
                        "custom": "",
                        "unique": false,
                        "multiple": false,
                        "required": false,
                        "customPrivate": false,
                        "strictDateValidation": false
                    },
                    "autofocus": false,
                    "encrypted": false,
                    "hideLabel": false,
                    "modalEdit": false,
                    "protected": false,
                    "refreshOn": "",
                    "tableView": false,
                    "attributes": {},
                    "errorLabel": "",
                    "hideHeader": false,
                    "persistent": false,
                    "properties": {},
                    "validateOn": "change",
                    "clearOnHide": true,
                    "customClass": "",
                    "description": "",
                    "placeholder": "",
                    "defaultValue": null,
                    "dataGridLabel": false,
                    "labelPosition": "top",
                    "showCharCount": false,
                    "showWordCount": false,
                    "calculateValue": "",
                    "calculateServer": false,
                    "allowMultipleMasks": false,
                    "customDefaultValue": "",
                    "allowCalculateOverride": false,
                    "originalFormName": "nonhiddenfieldsform1"
                },
                {
                    "components": [
                        {
                            "label": "E-mailadres",
                            "autocomplete": "email",
                            "tableView": true,
                            "validateOn": "blur",
                            "validate": {
                                "required": true
                            },
                            "key": "eMailadres",
                            "type": "email",
                            "input": true
                        },
                        {
                            "label": "Telefoonnummer",
                            "autocomplete": "tel",
                            "tableView": true,
                            "validate": {
                                "required": true
                            },
                            "key": "telefoonnummer",
                            "type": "textfield",
                            "input": true,
                            "prefill": {
                                "plugin": "",
                                "attribute": "",
                                "identifierRole": "main"
                            }
                        },
                        {
                            "label": "IBAN",
                            "inputMask": "AA99AAAA9999999999",
                            "tableView": true,
                            "validateOn": "blur",
                            "validate": {
                                "required": true,
                                "customMessage": "Vul een geldig IBAN in."
                            },
                            "key": "iban",
                            "type": "textfield",
                            "input": true,
                            "prefill": {
                                "plugin": "",
                                "attribute": "",
                                "identifierRole": "main"
                            }
                        }
                    ],
                    "key": "fieldSet-1-2-3-4-5",
                    "type": "fieldset",
                    "label": "Field Set",
                    "tree": false,
                    "input": false,
                    "hidden": false,
                    "legend": "",
                    "prefix": "",
                    "suffix": "",
                    "unique": false,
                    "widget": null,
                    "dbIndex": false,
                    "overlay": {
                        "top": "",
                        "left": "",
                        "style": "",
                        "width": "",
                        "height": ""
                    },
                    "tooltip": "",
                    "disabled": false,
                    "multiple": false,
                    "redrawOn": "",
                    "tabindex": "",
                    "validate": {
                        "custom": "",
                        "unique": false,
                        "multiple": false,
                        "required": false,
                        "customPrivate": false,
                        "strictDateValidation": false
                    },
                    "autofocus": false,
                    "encrypted": false,
                    "hideLabel": false,
                    "modalEdit": false,
                    "protected": false,
                    "refreshOn": "",
                    "tableView": false,
                    "attributes": {},
                    "errorLabel": "",
                    "hideHeader": false,
                    "persistent": false,
                    "properties": {},
                    "validateOn": "change",
                    "clearOnHide": true,
                    "customClass": "",
                    "description": "",
                    "placeholder": "",
                    "defaultValue": null,
                    "dataGridLabel": false,
                    "labelPosition": "top",
                    "showCharCount": false,
                    "showWordCount": false,
                    "calculateValue": "",
                    "calculateServer": false,
                    "allowMultipleMasks": false,
                    "customDefaultValue": "",
                    "allowCalculateOverride": false
                },
                {
                    "components": [
                        {
                            "label": "Naam contactpersoon",
                            "tableView": true,
                            "validate": {
                                "required": true
                            },
                            "key": "naamContactpersoon",
                            "type": "textfield",
                            "input": true,
                            "prefill": {
                                "plugin": "",
                                "attribute": "",
                                "identifierRole": "main"
                            }
                        },
                        {
                            "label": "E-mailadres",
                            "tableView": true,
                            "validateOn": "blur",
                            "validate": {
                                "required": true
                            },
                            "key": "eMailadres1",
                            "type": "email",
                            "input": true
                        },
                        {
                            "label": "Telefoonnummer",
                            "tableView": true,
                            "validate": {
                                "required": true
                            },
                            "key": "telefoonnummer1",
                            "type": "textfield",
                            "input": true,
                            "prefill": {
                                "plugin": "",
                                "attribute": "",
                                "identifierRole": "main"
                            }
                        },
                        {
                            "label": "Bankrekeningnummer waarop het subsidiebedrag mag komen",
                            "inputMask": "AA99 AAAA 9999 9999 99",
                            "tableView": true,
                            "validateOn": "blur",
                            "validate": {
                                "required": true,
                                "customMessage": "Vul een geldig IBAN in."
                            },
                            "key": "iban1",
                            "type": "textfield",
                            "input": true,
                            "prefill": {
                                "plugin": "",
                                "attribute": "",
                                "identifierRole": "main"
                            }
                        }
                    ],
                    "key": "fieldSet-1-2-3-4",
                    "type": "fieldset",
                    "label": "Field Set",
                    "tree": false,
                    "input": false,
                    "hidden": false,
                    "legend": "",
                    "prefix": "",
                    "suffix": "",
                    "unique": false,
                    "widget": null,
                    "dbIndex": false,
                    "overlay": {
                        "top": "",
                        "left": "",
                        "style": "",
                        "width": "",
                        "height": ""
                    },
                    "tooltip": "",
                    "disabled": false,
                    "multiple": false,
                    "redrawOn": "",
                    "tabindex": "",
                    "validate": {
                        "custom": "",
                        "unique": false,
                        "multiple": false,
                        "required": false,
                        "customPrivate": false,
                        "strictDateValidation": false
                    },
                    "autofocus": false,
                    "encrypted": false,
                    "hideLabel": false,
                    "modalEdit": false,
                    "protected": false,
                    "refreshOn": "",
                    "tableView": false,
                    "attributes": {},
                    "errorLabel": "",
                    "hideHeader": false,
                    "persistent": false,
                    "properties": {},
                    "validateOn": "change",
                    "clearOnHide": true,
                    "customClass": "",
                    "description": "",
                    "placeholder": "",
                    "defaultValue": null,
                    "dataGridLabel": false,
                    "labelPosition": "top",
                    "showCharCount": false,
                    "showWordCount": false,
                    "calculateValue": "",
                    "calculateServer": false,
                    "allowMultipleMasks": false,
                    "customDefaultValue": "",
                    "allowCalculateOverride": false
                },
                {
                    "label": "* = verplichte velden",
                    "attrs": [
                        {
                            "attr": "",
                            "value": ""
                        }
                    ],
                    "content": "<FONT COLOR=\"#ff0000\">*</font> = verplichte velden",
                    "refreshOnChange": false,
                    "key": "verplichteVelden",
                    "type": "content",
                    "input": false,
                    "tableView": false,
                    "html": "<FONT COLOR=\"#ff0000\">*</font> = verplichte velden"
                },
                {
                    "label": "Columns",
                    "columns": [
                        {
                            "components": [],
                            "width": 3,
                            "offset": 0,
                            "push": 0,
                            "pull": 0,
                            "size": "sm",
                            "currentWidth": 3
                        },
                        {
                            "components": [],
                            "width": 6,
                            "offset": 0,
                            "push": 0,
                            "pull": 0,
                            "size": "md",
                            "currentWidth": 6
                        }
                    ],
                    "key": "columns",
                    "type": "columns",
                    "input": false,
                    "tableView": false,
                    "hideOnChildrenHidden": false
                }
            ]
        }
    },
    {
        "url": "http://localhost/api/v2/form-definitions/f2b1fe09-f9b2-4c7b-84c5-79685af06704",
        "uuid": "f2b1fe09-f9b2-4c7b-84c5-79685af06704",
        "name": "Subsidie aanvraag",
        "slug": "subsidie-aanvraag",
        "configuration": {
            "display": "form",
            "components": [
                {
                    "components": [
                        {
                            "label": "Voor welke woning of pand zijn de werkzaamheden uitgevoerd?",
                            "disablestreetcity": false,
                            "validate": {
                                "required": true
                            },
                            "description": "Bij huisnummer: het volledige huisnummer, dus ook de huisnummer toevoeging(en) vermelden\n</br>Bijvoorbeeld 8C",
                            "tooltip": "Het volledige huisnummer, dus ook de huisnummer toevoeging(en) vermelden\r\nbijvoorbeeld 8B ",
                            "tableView": true,
                            "key": "voorWelkeWoningOfPandZijnDeWerkzaamhedenUitgevoerd",
                            "type": "adres",
                            "input": true
                        },
                        {
                            "label": "Bent u eigenaar van deze woning of pand?",
                            "optionsLabelPosition": "right",
                            "inline": false,
                            "tableView": false,
                            "values": [
                                {
                                    "label": "ja",
                                    "value": "ja",
                                    "shortcut": ""
                                },
                                {
                                    "label": "nee",
                                    "value": "nee",
                                    "shortcut": ""
                                }
                            ],
                            "validate": {
                                "required": true
                            },
                            "key": "woningeigenaar",
                            "type": "radio",
                            "input": true
                        },
                        {
                            "label": "Bent u huurder van deze woning of pand?",
                            "optionsLabelPosition": "right",
                            "inline": false,
                            "tableView": false,
                            "values": [
                                {
                                    "label": "ja",
                                    "value": "ja",
                                    "shortcut": ""
                                },
                                {
                                    "label": "nee",
                                    "value": "nee",
                                    "shortcut": ""
                                }
                            ],
                            "validate": {
                                "required": true
                            },
                            "key": "huurder",
                            "conditional": {
                                "show": true,
                                "when": "huurderOfWoningeigenaar.woningeigenaar",
                                "eq": "nee"
                            },
                            "type": "radio",
                            "input": true
                        },
                        {
                            "html": "<p>U geeft aan dat u zelf geen eigenaar of huurder bent van genoemde woning of pand. U komt dan niet in aanmerking voor deze subsidieregeling. U kunt het formulier nu verlaten via de uitlogknop rechtsboven.</p>",
                            "label": "Content",
                            "refreshOnChange": false,
                            "key": "content-1",
                            "conditional": {
                                "show": true,
                                "when": "huurderOfWoningeigenaar.huurder",
                                "eq": "nee"
                            },
                            "type": "content",
                            "input": false,
                            "tableView": false
                        }
                    ],
                    "key": "fieldSet-1-2-3",
                    "type": "fieldset",
                    "label": "Field Set",
                    "tree": false,
                    "input": false,
                    "hidden": false,
                    "legend": "",
                    "prefix": "",
                    "suffix": "",
                    "unique": false,
                    "widget": null,
                    "dbIndex": false,
                    "overlay": {
                        "top": "",
                        "left": "",
                        "style": "",
                        "width": "",
                        "height": ""
                    },
                    "tooltip": "",
                    "disabled": false,
                    "multiple": false,
                    "redrawOn": "",
                    "tabindex": "",
                    "validate": {
                        "custom": "",
                        "unique": false,
                        "multiple": false,
                        "required": false,
                        "customPrivate": false,
                        "strictDateValidation": false
                    },
                    "autofocus": false,
                    "encrypted": false,
                    "hideLabel": false,
                    "modalEdit": false,
                    "protected": false,
                    "refreshOn": "",
                    "tableView": false,
                    "attributes": {},
                    "errorLabel": "",
                    "hideHeader": false,
                    "persistent": false,
                    "properties": {},
                    "validateOn": "change",
                    "clearOnHide": true,
                    "customClass": "",
                    "description": "",
                    "placeholder": "",
                    "defaultValue": null,
                    "dataGridLabel": false,
                    "labelPosition": "top",
                    "showCharCount": false,
                    "showWordCount": false,
                    "calculateValue": "",
                    "calculateServer": false,
                    "allowMultipleMasks": false,
                    "customDefaultValue": "",
                    "allowCalculateOverride": false
                },
                {
                    "label": "Waarvoor vraagt u subsidie aan?",
                    "optionsLabelPosition": "right",
                    "inline": false,
                    "tableView": false,
                    "values": [
                        {
                            "label": "installeren ABCAT houtrook katalysator",
                            "value": "installeren",
                            "shortcut": ""
                        },
                        {
                            "label": "weghalen of definitief dichtmaken van de schoorsteen (rookgaskanaal)",
                            "value": "weghalen",
                            "shortcut": ""
                        }
                    ],
                    "validate": {
                        "required": true
                    },
                    "key": "waarvoorWoningeigenaar",
                    "type": "radio",
                    "input": true
                },
                {
                    "label": "Waarvoor vraagt u subsidie aan?",
                    "optionsLabelPosition": "right",
                    "inline": false,
                    "tableView": false,
                    "values": [
                        {
                            "label": "installeren ABCAT houtrook katalysator",
                            "value": "installeren",
                            "shortcut": ""
                        }
                    ],
                    "validate": {
                        "required": true
                    },
                    "key": "waarvoorHuurder",
                    "type": "radio",
                    "input": true
                },
                {
                    "label": "Voldoet uw haard/kachel aan de DIN-plus of Ecodesign-eisen?",
                    "optionsLabelPosition": "right",
                    "description": "U leest dit in de aankooppapieren van de haard of de kachel.",
                    "inline": false,
                    "tableView": false,
                    "values": [
                        {
                            "label": "ja",
                            "value": "ja",
                            "shortcut": ""
                        },
                        {
                            "label": "nee",
                            "value": "nee",
                            "shortcut": ""
                        }
                    ],
                    "validate": {
                        "required": true
                    },
                    "key": "voldoet",
                    "customConditional": "show = (data.waarvoorWoningeigenaar == 'installeren') || (data.waarvoorHuurder == 'installeren');",
                    "type": "radio",
                    "input": true
                },
                {
                    "html": "<p><span style=\"background-color:rgb(255,255,255);color:rgb(0,0,0);\">Als u een kachel heeft die werkt volgens de eisen van DIN-plus of Ecodesign dan is het niet nodig om een houtrook katalysator op uw schoorsteen te laten zetten. Met een DIN-plus- of Ecodesignkachel stookt u al met veel minder schadelijke rook. U kunt het formulier nu verlaten via de uitlogknop rechtsboven.</span></p>",
                    "label": "Content",
                    "refreshOnChange": false,
                    "key": "content",
                    "type": "content",
                    "input": false,
                    "tableView": false
                },
                {
                    "components": [
                        {
                            "label": "Mag de gemeente Nijmegen u benaderen voor deelname aan een onderzoek over houtstoken?",
                            "optionsLabelPosition": "right",
                            "inline": false,
                            "tableView": false,
                            "values": [
                                {
                                    "label": "ja",
                                    "value": "ja",
                                    "shortcut": ""
                                },
                                {
                                    "label": "nee",
                                    "value": "nee",
                                    "shortcut": ""
                                }
                            ],
                            "validate": {
                                "required": true
                            },
                            "key": "contactOnderzoek",
                            "type": "radio",
                            "input": true
                        },
                        {
                            "label": "Mag de gemeente Nijmegen u benaderen voor deelname aan een interview of andere voorlichting over houtstoken?",
                            "optionsLabelPosition": "right",
                            "inline": false,
                            "tableView": false,
                            "values": [
                                {
                                    "label": "ja",
                                    "value": "ja",
                                    "shortcut": ""
                                },
                                {
                                    "label": "nee",
                                    "value": "nee",
                                    "shortcut": ""
                                }
                            ],
                            "clearOnHide": false,
                            "validate": {
                                "required": true
                            },
                            "key": "contactInterview",
                            "type": "radio",
                            "input": true
                        }
                    ],
                    "key": "fieldSet-1-2",
                    "type": "fieldset",
                    "label": "Field Set",
                    "tree": false,
                    "input": false,
                    "hidden": false,
                    "legend": "",
                    "prefix": "",
                    "suffix": "",
                    "unique": false,
                    "widget": null,
                    "dbIndex": false,
                    "overlay": {
                        "top": "",
                        "left": "",
                        "style": "",
                        "width": "",
                        "height": ""
                    },
                    "tooltip": "",
                    "disabled": false,
                    "multiple": false,
                    "redrawOn": "",
                    "tabindex": "",
                    "validate": {
                        "custom": "",
                        "unique": false,
                        "multiple": false,
                        "required": false,
                        "customPrivate": false,
                        "strictDateValidation": false
                    },
                    "autofocus": false,
                    "encrypted": false,
                    "hideLabel": false,
                    "modalEdit": false,
                    "protected": false,
                    "refreshOn": "",
                    "tableView": false,
                    "attributes": {},
                    "errorLabel": "",
                    "hideHeader": false,
                    "persistent": false,
                    "properties": {},
                    "validateOn": "change",
                    "clearOnHide": true,
                    "customClass": "",
                    "description": "",
                    "placeholder": "",
                    "defaultValue": null,
                    "dataGridLabel": false,
                    "labelPosition": "top",
                    "showCharCount": false,
                    "showWordCount": false,
                    "calculateValue": "",
                    "calculateServer": false,
                    "allowMultipleMasks": false,
                    "customDefaultValue": "",
                    "allowCalculateOverride": false
                },
                {
                    "label": "* = verplichte velden",
                    "attrs": [
                        {
                            "attr": "",
                            "value": ""
                        }
                    ],
                    "content": "<FONT COLOR=\"#ff0000\">*</font> = verplichte velden",
                    "refreshOnChange": false,
                    "key": "verplichteVelden1",
                    "type": "content",
                    "input": false,
                    "tableView": false,
                    "html": "<FONT COLOR=\"#ff0000\">*</font> = verplichte velden"
                },
                {
                    "label": "Columns",
                    "columns": [
                        {
                            "components": [],
                            "width": 3,
                            "offset": 0,
                            "push": 0,
                            "pull": 0,
                            "size": "sm",
                            "currentWidth": 3
                        },
                        {
                            "components": [],
                            "width": 6,
                            "offset": 0,
                            "push": 0,
                            "pull": 0,
                            "size": "md",
                            "currentWidth": 6
                        }
                    ],
                    "key": "columns2",
                    "type": "columns",
                    "input": false,
                    "tableView": false
                }
            ]
        }
    },
    {
        "url": "http://localhost/api/v2/form-definitions/90e5d061-e8e7-4c9b-9ee3-248e5db4734e",
        "uuid": "90e5d061-e8e7-4c9b-9ee3-248e5db4734e",
        "name": "Bijlagen",
        "slug": "bijlagen",
        "configuration": {
            "display": "form",
            "components": [
                {
                    "label": "Toevoegen",
                    "description": "Toegestaan zijn .jpg, .png, .jpeg of .pdf bestanden die niet groter zijn dan 20MB.",
                    "tableView": false,
                    "storage": "url",
                    "webcam": false,
                    "fileTypes": [
                        {
                            "label": "",
                            "value": ""
                        }
                    ],
                    "filePattern": ".jpg,.png,.jpeg,.pdf",
                    "fileMinSize": "1KB",
                    "fileMaxSize": "20MB",
                    "multiple": true,
                    "validate": {
                        "required": true,
                        "customMessage": "U moet een bijlage toevoegen"
                    },
                    "key": "uMoetEenKopieVanEenKoopAanneemovereenkomstOfKoopcontractUploadenDezeMoetGetekendZijnDoorDeKoperEnDeVerkoper",
                    "type": "file",
                    "url": "/cloud/s3",
                    "input": true
                },
                {
                    "components": [
                        {
                            "label": "kopie rekening van de installateur die de ABCAT katalysator heeft geïnstalleerd. Hierop staat wanneer (datum) en waar (adres) de katalysator is geïnstalleerd",
                            "tableView": false,
                            "defaultValue": false,
                            "validate": {
                                "required": true
                            },
                            "key": "rekeningInstalleur",
                            "type": "checkbox",
                            "input": true
                        },
                        {
                            "label": "een bewijs dat u heeft meegedaan aan de stookcursus van de gemeente",
                            "tableView": false,
                            "defaultValue": false,
                            "validate": {
                                "required": true
                            },
                            "key": "bewijs",
                            "type": "checkbox",
                            "input": true
                        }
                    ],
                    "key": "fieldSet-1",
                    "type": "fieldset",
                    "label": "Field Set",
                    "tree": false,
                    "input": false,
                    "hidden": false,
                    "legend": "",
                    "prefix": "",
                    "suffix": "",
                    "unique": false,
                    "widget": null,
                    "dbIndex": false,
                    "overlay": {
                        "top": "",
                        "left": "",
                        "style": "",
                        "width": "",
                        "height": ""
                    },
                    "tooltip": "",
                    "disabled": false,
                    "multiple": false,
                    "redrawOn": "",
                    "tabindex": "",
                    "validate": {
                        "custom": "",
                        "unique": false,
                        "multiple": false,
                        "required": false,
                        "customPrivate": false,
                        "strictDateValidation": false
                    },
                    "autofocus": false,
                    "encrypted": false,
                    "hideLabel": false,
                    "modalEdit": false,
                    "protected": false,
                    "refreshOn": "",
                    "tableView": false,
                    "attributes": {},
                    "errorLabel": "",
                    "hideHeader": false,
                    "persistent": false,
                    "properties": {},
                    "validateOn": "change",
                    "clearOnHide": true,
                    "customClass": "",
                    "description": "",
                    "placeholder": "",
                    "defaultValue": null,
                    "dataGridLabel": false,
                    "labelPosition": "top",
                    "showCharCount": false,
                    "showWordCount": false,
                    "calculateValue": "",
                    "calculateServer": false,
                    "allowMultipleMasks": false,
                    "customDefaultValue": "",
                    "allowCalculateOverride": false
                },
                {
                    "components": [
                        {
                            "label": "kopie rekening van de aannemer die de schoorsteen (rookgaskanaal) heeft weggehaald of dichtgemaakt",
                            "tableView": false,
                            "defaultValue": false,
                            "validate": {
                                "required": true
                            },
                            "key": "rekeningAannemer",
                            "type": "checkbox",
                            "input": true
                        },
                        {
                            "label": "foto van situatie vóór het weghalen of dichtmaken van de schoorsteen",
                            "tableView": false,
                            "defaultValue": false,
                            "validate": {
                                "required": true
                            },
                            "key": "fotoSituatieVoorHetWeghalen",
                            "type": "checkbox",
                            "input": true
                        },
                        {
                            "label": "foto van situatie ná het weghalen of dichtmaken van de schoorsteen",
                            "tableView": false,
                            "defaultValue": false,
                            "validate": {
                                "required": true
                            },
                            "key": "fotoSituatieNaHetWeghalen",
                            "type": "checkbox",
                            "input": true
                        }
                    ],
                    "key": "fieldSet",
                    "type": "fieldset",
                    "label": "Field Set",
                    "tree": false,
                    "input": false,
                    "hidden": false,
                    "legend": "",
                    "prefix": "",
                    "suffix": "",
                    "unique": false,
                    "widget": null,
                    "dbIndex": false,
                    "overlay": {
                        "top": "",
                        "left": "",
                        "style": "",
                        "width": "",
                        "height": ""
                    },
                    "tooltip": "",
                    "disabled": false,
                    "multiple": false,
                    "redrawOn": "",
                    "tabindex": "",
                    "validate": {
                        "custom": "",
                        "unique": false,
                        "multiple": false,
                        "required": false,
                        "customPrivate": false,
                        "strictDateValidation": false
                    },
                    "autofocus": false,
                    "encrypted": false,
                    "hideLabel": false,
                    "modalEdit": false,
                    "protected": false,
                    "refreshOn": "",
                    "tableView": false,
                    "attributes": {},
                    "errorLabel": "",
                    "hideHeader": false,
                    "persistent": false,
                    "properties": {},
                    "validateOn": "change",
                    "clearOnHide": true,
                    "customClass": "",
                    "description": "",
                    "placeholder": "",
                    "defaultValue": null,
                    "dataGridLabel": false,
                    "labelPosition": "top",
                    "showCharCount": false,
                    "showWordCount": false,
                    "calculateValue": "",
                    "calculateServer": false,
                    "allowMultipleMasks": false,
                    "customDefaultValue": "",
                    "allowCalculateOverride": false
                },
                {
                    "label": "* = verplichte velden",
                    "attrs": [
                        {
                            "attr": "",
                            "value": ""
                        }
                    ],
                    "content": "<FONT COLOR=\"#ff0000\">*</font> = verplichte velden",
                    "refreshOnChange": false,
                    "key": "verplichteVelden2",
                    "type": "content",
                    "input": false,
                    "tableView": false,
                    "html": "<FONT COLOR=\"#ff0000\">*</font> = verplichte velden"
                },
                {
                    "label": "Columns",
                    "columns": [
                        {
                            "components": [],
                            "width": 3,
                            "offset": 0,
                            "push": 0,
                            "pull": 0,
                            "size": "sm",
                            "currentWidth": 3
                        },
                        {
                            "components": [],
                            "size": "sm",
                            "width": 3,
                            "offset": 0,
                            "push": 0,
                            "pull": 0,
                            "currentWidth": 3
                        }
                    ],
                    "key": "columns1",
                    "type": "columns",
                    "input": false,
                    "tableView": false,
                    "hideOnChildrenHidden": false
                }
            ]
        }
    }
]