[
    {
        "uuid": "c98ed6ab-33f9-4766-be1b-cf9245b94991",
        "name": "Bijstand zelfstandigen BBZ aanvragen",
        "internal_name": "",
        "login_required": false,
        "authentication_backends": [],
        "slug": "bijstandzelfstandigenbbzaanvragen",
        "url": "http://localhost/api/v2/forms/c98ed6ab-33f9-4766-be1b-cf9245b94991",
        "show_progress_indicator": true,
        "maintenance_mode": false,
        "active": true,
        "is_deleted": false,
        "suspension_allowed": true,
        "send_confirmation_email": true,
        "display_main_website_link": true,
        "required_fields_with_asterisk": true,
        "resume_link_lifetime": 7,
        "hide_non_applicable_steps": true
    }
]