[
    {
        "uuid": "f986da58-4c77-449e-bb24-2a77552f2b79",
        "name": "Camerabeelden buitenlands kenteken opvragen",
        "internal_name": "",
        "login_required": false,
        "authentication_backends": [],
        "slug": "camerabeeldenbuitenlandskentekenopvragen",
        "url": "http://localhost/api/v2/forms/f986da58-4c77-449e-bb24-2a77552f2b79",
        "show_progress_indicator": true,
        "maintenance_mode": false,
        "active": true,
        "is_deleted": false,
        "suspension_allowed": true,
        "send_confirmation_email": true,
        "display_main_website_link": true,
        "required_fields_with_asterisk": true,
        "resume_link_lifetime": 7,
        "hide_non_applicable_steps": true
    }
]