[
    {
        "url": "http://localhost/api/v2/form-definitions/9359da7d-6088-45f3-8119-7f0dd1e6cf50",
        "uuid": "9359da7d-6088-45f3-8119-7f0dd1e6cf50",
        "name": "Uw gegevens",
        "slug": "uw-gegevens",
        "configuration": {
            "display": "form",
            "components": [
                {
                    "components": [
                        {
                            "label": "Naam",
                            "customClass": "naamingelogdegebruikerfieldnonhidden nonhiddenfield",
                            "tableView": true,
                            "persistent": false,
                            "key": "naamIngelogdeGebruiker",
                            "type": "textfield",
                            "input": true,
                            "prefill": {
                                "plugin": "haalcentraal",
                                "attribute": "verblijfplaats.huisnummer",
                                "identifierRole": "main"
                            }
                        },
                        {
                            "label": "Straatnaam",
                            "customClass": "straatnaamfieldnonhidden nonhiddenfield",
                            "tableView": true,
                            "persistent": false,
                            "key": "straatnaam",
                            "type": "textfield",
                            "input": true,
                            "prefill": {
                                "plugin": "haalcentraal",
                                "attribute": "verblijfplaats.woonplaats",
                                "identifierRole": "main"
                            }
                        },
                        {
                            "label": "Huisnummer",
                            "customClass": "huisnummerfieldnonhidden nonhiddenfield",
                            "tableView": true,
                            "persistent": false,
                            "key": "huisnummerfield",
                            "type": "textfield",
                            "input": true,
                            "prefill": {
                                "plugin": "haalcentraal",
                                "attribute": "verblijfplaats.huisnummer",
                                "identifierRole": "main"
                            }
                        },
                        {
                            "label": "Postcode",
                            "customClass": "postcodefieldnonhidden nonhiddenfield",
                            "tableView": true,
                            "persistent": false,
                            "key": "postcode",
                            "type": "textfield",
                            "input": true,
                            "prefill": {
                                "plugin": "haalcentraal",
                                "attribute": "verblijfplaats.huisnummer",
                                "identifierRole": "main"
                            }
                        },
                        {
                            "label": "Woonplaats",
                            "customClass": "woonplaatsfieldnonhidden nonhiddenfield",
                            "tableView": true,
                            "persistent": false,
                            "key": "woonplaats",
                            "type": "textfield",
                            "input": true,
                            "prefill": {
                                "plugin": "haalcentraal",
                                "attribute": "verblijfplaats.huisnummer",
                                "identifierRole": "main"
                            }
                        }
                    ],
                    "key": "fieldSet-1-2-3-4-5-6",
                    "type": "fieldset",
                    "label": "Field Set",
                    "tree": false,
                    "input": false,
                    "hidden": false,
                    "legend": "",
                    "prefix": "",
                    "suffix": "",
                    "unique": false,
                    "widget": null,
                    "dbIndex": false,
                    "overlay": {
                        "top": "",
                        "left": "",
                        "style": "",
                        "width": "",
                        "height": ""
                    },
                    "tooltip": "",
                    "disabled": false,
                    "multiple": false,
                    "redrawOn": "",
                    "tabindex": "",
                    "validate": {
                        "custom": "",
                        "unique": false,
                        "multiple": false,
                        "required": false,
                        "customPrivate": false,
                        "strictDateValidation": false
                    },
                    "autofocus": false,
                    "encrypted": false,
                    "hideLabel": false,
                    "modalEdit": false,
                    "protected": false,
                    "refreshOn": "",
                    "tableView": false,
                    "attributes": {},
                    "errorLabel": "",
                    "hideHeader": false,
                    "persistent": false,
                    "properties": {},
                    "validateOn": "change",
                    "clearOnHide": true,
                    "customClass": "",
                    "description": "",
                    "placeholder": "",
                    "defaultValue": null,
                    "dataGridLabel": false,
                    "labelPosition": "top",
                    "showCharCount": false,
                    "showWordCount": false,
                    "calculateValue": "",
                    "calculateServer": false,
                    "allowMultipleMasks": false,
                    "customDefaultValue": "",
                    "allowCalculateOverride": false,
                    "originalFormName": "nonhiddenfieldsform1"
                },
                {
                    "label": "Vraagt u subsidie aan namens een organisatie?",
                    "optionsLabelPosition": "right",
                    "inline": false,
                    "tableView": false,
                    "values": [
                        {
                            "label": "ja",
                            "value": "ja",
                            "shortcut": ""
                        },
                        {
                            "label": "nee",
                            "value": "nee",
                            "shortcut": ""
                        }
                    ],
                    "validate": {
                        "required": true
                    },
                    "key": "vraagtUSubsidieAanNamensEenOrganisatie",
                    "customConditional": "show = data.bsn && data.bsn.length > 0;",
                    "type": "radio",
                    "input": true
                },
                {
                    "components": [
                        {
                            "label": "Naam organisatie",
                            "tableView": true,
                            "validate": {
                                "required": true
                            },
                            "key": "naamOrganisatie",
                            "type": "textfield",
                            "input": true,
                            "prefill": {
                                "plugin": "",
                                "attribute": "",
                                "identifierRole": "main"
                            }
                        },
                        {
                            "label": "KvK inschrijfnummer",
                            "tableView": true,
                            "validateOn": "blur",
                            "validate": {
                                "required": true,
                                "minLength": 8,
                                "maxLength": 8,
                                "pattern": "^[0-9]*$"
                            },
                            "errorLabel": "Een inschrijfnummer Kamer van Koophandel bevat 8 cijfers.",
                            "key": "kvKInschrijfnummer",
                            "type": "textfield",
                            "input": true,
                            "prefill": {
                                "plugin": "",
                                "attribute": "",
                                "identifierRole": "main"
                            }
                        },
                        {
                            "label": "Bent u zelf de contactpersoon voor deze aanvraag?",
                            "optionsLabelPosition": "right",
                            "inline": false,
                            "tableView": false,
                            "values": [
                                {
                                    "label": "ja",
                                    "value": "ja",
                                    "shortcut": ""
                                },
                                {
                                    "label": "nee",
                                    "value": "nee",
                                    "shortcut": ""
                                }
                            ],
                            "validate": {
                                "required": true
                            },
                            "key": "bentUZelfDeContactpersoonVoorDezeAanvraag",
                            "type": "radio",
                            "input": true
                        },
                        {
                            "components": [
                                {
                                    "label": "Naam contactpersoon",
                                    "tableView": true,
                                    "validate": {
                                        "required": true
                                    },
                                    "key": "naamContactpersoon",
                                    "type": "textfield",
                                    "input": true,
                                    "prefill": {
                                        "plugin": "",
                                        "attribute": "",
                                        "identifierRole": "main"
                                    }
                                },
                                {
                                    "label": "E-mailadres",
                                    "tableView": true,
                                    "validateOn": "blur",
                                    "validate": {
                                        "required": true
                                    },
                                    "key": "eMailadresContactpersoon",
                                    "type": "email",
                                    "input": true
                                },
                                {
                                    "label": "Telefoonnummer",
                                    "tableView": true,
                                    "validate": {
                                        "required": true
                                    },
                                    "key": "telefoonnummerContactpersoon",
                                    "type": "textfield",
                                    "input": true,
                                    "prefill": {
                                        "plugin": "",
                                        "attribute": "",
                                        "identifierRole": "main"
                                    }
                                }
                            ],
                            "key": "fieldSet-1-2-3-4-5",
                            "type": "fieldset",
                            "label": "Field Set",
                            "tree": false,
                            "input": false,
                            "hidden": false,
                            "legend": "",
                            "prefix": "",
                            "suffix": "",
                            "unique": false,
                            "widget": null,
                            "dbIndex": false,
                            "overlay": {
                                "top": "",
                                "left": "",
                                "style": "",
                                "width": "",
                                "height": ""
                            },
                            "tooltip": "",
                            "disabled": false,
                            "multiple": false,
                            "redrawOn": "",
                            "tabindex": "",
                            "validate": {
                                "custom": "",
                                "unique": false,
                                "multiple": false,
                                "required": false,
                                "customPrivate": false,
                                "strictDateValidation": false
                            },
                            "autofocus": false,
                            "encrypted": false,
                            "hideLabel": false,
                            "modalEdit": false,
                            "protected": false,
                            "refreshOn": "",
                            "tableView": false,
                            "attributes": {},
                            "errorLabel": "",
                            "hideHeader": false,
                            "persistent": false,
                            "properties": {},
                            "validateOn": "change",
                            "clearOnHide": true,
                            "conditional": {
                                "eq": "",
                                "show": null,
                                "when": null
                            },
                            "customClass": "",
                            "description": "",
                            "placeholder": "",
                            "defaultValue": null,
                            "dataGridLabel": false,
                            "labelPosition": "top",
                            "showCharCount": false,
                            "showWordCount": false,
                            "calculateValue": "",
                            "calculateServer": false,
                            "allowMultipleMasks": false,
                            "customDefaultValue": "",
                            "allowCalculateOverride": false
                        }
                    ],
                    "key": "fieldSet-1-2-3-4",
                    "type": "fieldset",
                    "label": "Field Set",
                    "tree": false,
                    "input": false,
                    "hidden": false,
                    "legend": "",
                    "prefix": "",
                    "suffix": "",
                    "unique": false,
                    "widget": null,
                    "dbIndex": false,
                    "overlay": {
                        "top": "",
                        "left": "",
                        "style": "",
                        "width": "",
                        "height": ""
                    },
                    "tooltip": "",
                    "disabled": false,
                    "multiple": false,
                    "redrawOn": "",
                    "tabindex": "",
                    "validate": {
                        "custom": "",
                        "unique": false,
                        "multiple": false,
                        "required": false,
                        "customPrivate": false,
                        "strictDateValidation": false
                    },
                    "autofocus": false,
                    "encrypted": false,
                    "hideLabel": false,
                    "modalEdit": false,
                    "protected": false,
                    "refreshOn": "",
                    "tableView": false,
                    "attributes": {},
                    "errorLabel": "",
                    "hideHeader": false,
                    "persistent": false,
                    "properties": {},
                    "validateOn": "change",
                    "clearOnHide": true,
                    "customClass": "",
                    "description": "",
                    "placeholder": "",
                    "defaultValue": null,
                    "dataGridLabel": false,
                    "labelPosition": "top",
                    "showCharCount": false,
                    "showWordCount": false,
                    "calculateValue": "",
                    "calculateServer": false,
                    "allowMultipleMasks": false,
                    "customDefaultValue": "",
                    "allowCalculateOverride": false
                },
                {
                    "label": "Hoe wilt u dat de gemeente contact met u opneemt over uw aanvraag als dat nodig is? ",
                    "optionsLabelPosition": "right",
                    "description": "Soms is de gemeente verplicht om via post contact met u op te nemen. Dan kan er geen rekening gehouden worden met hoe u het liefste contact wilt hebben.",
                    "inline": false,
                    "tableView": false,
                    "values": [
                        {
                            "label": "via e-mail",
                            "value": "viaEMail",
                            "shortcut": ""
                        },
                        {
                            "label": "via telefoon",
                            "value": "viaTelefoon",
                            "shortcut": ""
                        }
                    ],
                    "validate": {
                        "required": true
                    },
                    "key": "hoeWiltUDatDeGemeenteContactMetUOpneemtOverUwAanvraagAlsDatNodigIs",
                    "type": "radio",
                    "input": true
                },
                {
                    "components": [
                        {
                            "label": "E-mailadres",
                            "tableView": true,
                            "validateOn": "blur",
                            "validate": {
                                "required": true
                            },
                            "key": "eMailadres",
                            "type": "email",
                            "input": true
                        },
                        {
                            "label": "Telefoonnummer",
                            "tableView": true,
                            "key": "telefoonnummer",
                            "type": "textfield",
                            "input": true,
                            "prefill": {
                                "plugin": "",
                                "attribute": "",
                                "identifierRole": "main"
                            }
                        },
                        {
                            "html": "<p>Als u ook uw telefoonnummer invult kunnen wij sneller met u contact opnemen als dit nodig is.</p>",
                            "label": "Content",
                            "refreshOnChange": false,
                            "key": "content-1-2",
                            "type": "content",
                            "input": false,
                            "tableView": false
                        }
                    ],
                    "key": "fieldSet-1-2-3",
                    "type": "fieldset",
                    "label": "Field Set",
                    "tree": false,
                    "input": false,
                    "hidden": false,
                    "legend": "",
                    "prefix": "",
                    "suffix": "",
                    "unique": false,
                    "widget": null,
                    "dbIndex": false,
                    "overlay": {
                        "top": "",
                        "left": "",
                        "style": "",
                        "width": "",
                        "height": ""
                    },
                    "tooltip": "",
                    "disabled": false,
                    "multiple": false,
                    "redrawOn": "",
                    "tabindex": "",
                    "validate": {
                        "custom": "",
                        "unique": false,
                        "multiple": false,
                        "required": false,
                        "customPrivate": false,
                        "strictDateValidation": false
                    },
                    "autofocus": false,
                    "encrypted": false,
                    "hideLabel": false,
                    "modalEdit": false,
                    "protected": false,
                    "refreshOn": "",
                    "tableView": false,
                    "attributes": {},
                    "errorLabel": "",
                    "hideHeader": false,
                    "persistent": false,
                    "properties": {},
                    "validateOn": "change",
                    "clearOnHide": true,
                    "customClass": "",
                    "description": "",
                    "placeholder": "",
                    "defaultValue": null,
                    "dataGridLabel": false,
                    "labelPosition": "top",
                    "showCharCount": false,
                    "showWordCount": false,
                    "calculateValue": "",
                    "calculateServer": false,
                    "allowMultipleMasks": false,
                    "customDefaultValue": "",
                    "allowCalculateOverride": false
                },
                {
                    "components": [
                        {
                            "label": "Telefoonnummer",
                            "tableView": true,
                            "validate": {
                                "required": true
                            },
                            "key": "telefoonnummer1",
                            "type": "textfield",
                            "input": true,
                            "prefill": {
                                "plugin": "",
                                "attribute": "",
                                "identifierRole": "main"
                            }
                        },
                        {
                            "label": "E-mailadres",
                            "tableView": true,
                            "validateOn": "blur",
                            "key": "eMailadres1",
                            "type": "email",
                            "input": true
                        },
                        {
                            "html": "<ul><li>Als wij u niet kunnen bereiken via de telefoon dan sturen wij u een brief of een e-mail&nbsp;</li><li>Als u een bericht wilt ontvangen via e-mail dat uw aanvraag goed bij ons is aangekomen, vul dan uw e-mailadres in. U heeft dan een bewijs dat u een aanvraag heeft gedaan</li></ul>",
                            "label": "Content",
                            "refreshOnChange": false,
                            "key": "content-1",
                            "type": "content",
                            "input": false,
                            "tableView": false
                        }
                    ],
                    "key": "fieldSet-1-2",
                    "type": "fieldset",
                    "label": "Field Set",
                    "tree": false,
                    "input": false,
                    "hidden": false,
                    "legend": "",
                    "prefix": "",
                    "suffix": "",
                    "unique": false,
                    "widget": null,
                    "dbIndex": false,
                    "overlay": {
                        "top": "",
                        "left": "",
                        "style": "",
                        "width": "",
                        "height": ""
                    },
                    "tooltip": "",
                    "disabled": false,
                    "multiple": false,
                    "redrawOn": "",
                    "tabindex": "",
                    "validate": {
                        "custom": "",
                        "unique": false,
                        "multiple": false,
                        "required": false,
                        "customPrivate": false,
                        "strictDateValidation": false
                    },
                    "autofocus": false,
                    "encrypted": false,
                    "hideLabel": false,
                    "modalEdit": false,
                    "protected": false,
                    "refreshOn": "",
                    "tableView": false,
                    "attributes": {},
                    "errorLabel": "",
                    "hideHeader": false,
                    "persistent": false,
                    "properties": {},
                    "validateOn": "change",
                    "clearOnHide": true,
                    "customClass": "",
                    "description": "",
                    "placeholder": "",
                    "defaultValue": null,
                    "dataGridLabel": false,
                    "labelPosition": "top",
                    "showCharCount": false,
                    "showWordCount": false,
                    "calculateValue": "",
                    "calculateServer": false,
                    "allowMultipleMasks": false,
                    "customDefaultValue": "",
                    "allowCalculateOverride": false
                },
                {
                    "label": "Columns",
                    "columns": [
                        {
                            "components": [],
                            "width": 3,
                            "offset": 0,
                            "push": 0,
                            "pull": 0,
                            "size": "sm",
                            "currentWidth": 3
                        },
                        {
                            "components": [],
                            "width": 6,
                            "offset": 0,
                            "push": 0,
                            "pull": 0,
                            "size": "md",
                            "currentWidth": 6
                        }
                    ],
                    "key": "columns",
                    "type": "columns",
                    "input": false,
                    "tableView": false
                }
            ]
        }
    },
    {
        "url": "http://localhost/api/v2/form-definitions/12ef3e34-7055-499e-89ec-7ca2f7f7f376",
        "uuid": "12ef3e34-7055-499e-89ec-7ca2f7f7f376",
        "name": "Aanvraag",
        "slug": "aanvraag",
        "configuration": {
            "display": "form",
            "components": [
                {
                    "label": "De subsidie Verleden Beleefd bestaat uit 4 delen: subsidie Basis Erfgoed Infrastructuur, Waarderingssubsidie, Projectsubsidie en een subsidie Aanjaagfonds. Weet u al welke subsidie u wilt aanvragen?",
                    "optionsLabelPosition": "right",
                    "inline": false,
                    "tableView": false,
                    "values": [
                        {
                            "label": "ja ",
                            "value": "ja",
                            "shortcut": ""
                        },
                        {
                            "label": "nee ",
                            "value": "nee",
                            "shortcut": ""
                        }
                    ],
                    "validate": {
                        "required": true
                    },
                    "key": "weetUWelkeSubsidieUWiltAanvragen",
                    "type": "radio",
                    "input": true
                },
                {
                    "label": "Welke subsidie wilt u aanvragen?",
                    "optionsLabelPosition": "right",
                    "inline": false,
                    "tableView": false,
                    "values": [
                        {
                            "label": "Subsidie Basis Erfgoed Infrastructuur",
                            "value": "a",
                            "shortcut": ""
                        },
                        {
                            "label": "Waarderingssubsidie",
                            "value": "b",
                            "shortcut": ""
                        },
                        {
                            "label": "Projectsubsidie",
                            "value": "c",
                            "shortcut": ""
                        },
                        {
                            "label": "Subsidie Aanjaagfonds",
                            "value": "d",
                            "shortcut": ""
                        }
                    ],
                    "validate": {
                        "required": true
                    },
                    "key": "welkeSubsidieWiltUAanvragen",
                    "customConditional": "show = data.weetUWelkeSubsidieUWiltAanvragen == 'ja';",
                    "type": "radio",
                    "input": true
                },
                {
                    "label": "Vraagt u subsidie aan voor het laten maken van een gedenkteken of het uitgeven van een boek of publicatie?",
                    "optionsLabelPosition": "right",
                    "inline": false,
                    "tableView": false,
                    "values": [
                        {
                            "label": "ja",
                            "value": "ja",
                            "shortcut": ""
                        },
                        {
                            "label": "nee",
                            "value": "nee",
                            "shortcut": ""
                        }
                    ],
                    "validate": {
                        "required": true
                    },
                    "key": "vraagtUSubsidieAanVoorEenGedenkteken",
                    "customConditional": "show = data.weetUWelkeSubsidieUWiltAanvragen == 'nee';",
                    "type": "radio",
                    "input": true
                },
                {
                    "html": "<p>U kunt helaas geen subsidie aanvragen. Het uitgeven van boeken of (laten) maken van gedenktekens wordt niet gesubsidieerd.</p>",
                    "label": "Content",
                    "refreshOnChange": false,
                    "key": "content",
                    "type": "content",
                    "input": false,
                    "tableView": false
                },
                {
                    "label": "Wat wilt u aanvragen?",
                    "optionsLabelPosition": "right",
                    "inline": false,
                    "tableView": false,
                    "values": [
                        {
                            "label": "subsidie voor alle activiteiten, evenementen, meerjarenprogramma's, etc.",
                            "value": "a",
                            "shortcut": ""
                        },
                        {
                            "label": "subsidie om nieuwe mensen te bereiken voor een project. Of uitleg te geven over het project (educatie). Of het zoeken naar vrijwilligers voor het project/een activiteit. Of om te onderzoeken of een nieuw project succesvol kan zijn",
                            "value": "b",
                            "shortcut": ""
                        },
                        {
                            "label": "symbolische bijdrage (max €4.999,-) voor organisatie of structurele activiteiten van een vrijwilligersorganisatie",
                            "value": "c",
                            "shortcut": ""
                        }
                    ],
                    "validate": {
                        "required": true
                    },
                    "key": "watWiltUAanvragen",
                    "customConditional": "show = data.vraagtUSubsidieAanVoorEenGedenkteken == 'nee';",
                    "type": "radio",
                    "input": true
                },
                {
                    "label": "HTML",
                    "attrs": [
                        {
                            "attr": "",
                            "value": ""
                        }
                    ],
                    "content": "</br>",
                    "refreshOnChange": false,
                    "key": "deSubsidieDieUAanvraagtIs",
                    "customConditional": "show = data.watWiltUAanvragen && data.watWiltUAanvragen.length > 0;",
                    "type": "content",
                    "input": false,
                    "tableView": false,
                    "html": "</br>"
                },
                {
                    "html": "<p>De subsidie die u aanvraagt is: Projectsubsidie</p>",
                    "label": "Content",
                    "refreshOnChange": false,
                    "key": "content1",
                    "type": "content",
                    "input": false,
                    "tableView": false
                },
                {
                    "html": "<p>De subsidie die u aanvraagt is: subsidie Aanjaagfonds</p>",
                    "label": "Content",
                    "refreshOnChange": false,
                    "key": "content2",
                    "type": "content",
                    "input": false,
                    "tableView": false
                },
                {
                    "html": "<p>De subsidie die u aanvraagt is: Waarderingssubsidie</p>",
                    "label": "Content",
                    "refreshOnChange": false,
                    "key": "content3",
                    "type": "content",
                    "input": false,
                    "tableView": false
                },
                {
                    "components": [
                        {
                            "label": "Hoeveel subsidie wilt u ontvangen?",
                            "prefix": "€",
                            "applyMaskOn": "change",
                            "tableView": true,
                            "validate": {
                                "required": true,
                                "pattern": "^\\d{0,7}(\\,\\d{0,2})?$"
                            },
                            "key": "hoeveelSubsidieWiltUOntvangen",
                            "type": "textfield",
                            "input": true,
                            "prefill": {
                                "plugin": "",
                                "attribute": "",
                                "identifierRole": "main"
                            }
                        },
                        {
                            "html": "<p>U kunt geen Waarderingssubsidie aanvragen van meer dan € 4999,-.&nbsp;</p><p>U kunt het formulier nu sluiten</p>",
                            "label": "Content",
                            "refreshOnChange": false,
                            "key": "content5",
                            "customConditional": "show = false;\n\nif ((data.container && data.container.hoeveelSubsidieWiltUOntvangen) && (data.welkeSubsidieWiltUAanvragen)) {\n  var subsidie = parseFloat(data.container && data.container.hoeveelSubsidieWiltUOntvangen.replace(',', '.'));\n  if ((data.welkeSubsidieWiltUAanvragen == 'b') && subsidie > 4999) {\n    show = true;\n  }\n}\n\nif ((data.container && data.container.hoeveelSubsidieWiltUOntvangen) && (data.watWiltUAanvragen)) {\n  var isSubsidie = parseFloat(data.container && data.container.hoeveelSubsidieWiltUOntvangen.replace(',', '.'));\n  if ((data.watWiltUAanvragen == 'c') && isSubsidie > 4999) {\n    show = true;\n  }\n}",
                            "type": "content",
                            "input": false,
                            "tableView": false
                        },
                        {
                            "html": "<p>U kunt subsidie voor Aanjaagfonds alleen aanvragen tussen € 5.000,-. &nbsp;en &nbsp;€ 20.000,-</p><p>U kunt het formulier nu sluiten</p>",
                            "label": "Content",
                            "refreshOnChange": false,
                            "key": "content6",
                            "customConditional": "show = false;\n\nif ((data.container && data.container.hoeveelSubsidieWiltUOntvangen) && (data.welkeSubsidieWiltUAanvragen || data.watWiltUAanvragen)) {\n  var subsidie = parseFloat(data.container && data.container.hoeveelSubsidieWiltUOntvangen.replace(',', '.'));\n  if (((data.welkeSubsidieWiltUAanvragen == 'd') || (data.watWiltUAanvragen == 'b')) && subsidie < 5000) {\n    show = true;\n  }\n}\n\nif ((data.container && data.container.hoeveelSubsidieWiltUOntvangen) && (data.welkeSubsidieWiltUAanvragen || data.watWiltUAanvragen)) {\n  var isSubsidie = parseFloat(data.container && data.container.hoeveelSubsidieWiltUOntvangen.replace(',', '.'));\n  if (((data.welkeSubsidieWiltUAanvragen == 'd') || (data.watWiltUAanvragen == 'b')) && isSubsidie > 20000) {\n    show = true;\n  }\n}",
                            "type": "content",
                            "input": false,
                            "tableView": false
                        },
                        {
                            "components": [
                                {
                                    "label": "Waarvoor vraagt u precies subsidie aan? ",
                                    "description": "Geef dit zo duidelijk mogelijk aan",
                                    "tableView": true,
                                    "inputFormat": "plain",
                                    "validate": {
                                        "required": true
                                    },
                                    "key": "waarvoorVraagtUPreciesSubsidieAan",
                                    "type": "textarea",
                                    "input": true,
                                    "autoExpand": false
                                },
                                {
                                    "label": "Vraagt u deze subsidie voor het eerst aan?",
                                    "optionsLabelPosition": "right",
                                    "inline": false,
                                    "tableView": false,
                                    "values": [
                                        {
                                            "label": "ja",
                                            "value": "ja",
                                            "shortcut": ""
                                        },
                                        {
                                            "label": "nee",
                                            "value": "nee",
                                            "shortcut": ""
                                        }
                                    ],
                                    "validate": {
                                        "required": true
                                    },
                                    "key": "vraagtUDezeSubsidieVoorHetEerstAan",
                                    "type": "radio",
                                    "input": true
                                }
                            ],
                            "key": "fieldSet-1",
                            "type": "fieldset",
                            "label": "Field Set",
                            "tree": false,
                            "input": false,
                            "hidden": false,
                            "legend": "",
                            "prefix": "",
                            "suffix": "",
                            "unique": false,
                            "widget": null,
                            "dbIndex": false,
                            "overlay": {
                                "top": "",
                                "left": "",
                                "style": "",
                                "width": "",
                                "height": ""
                            },
                            "tooltip": "",
                            "disabled": false,
                            "multiple": false,
                            "redrawOn": "",
                            "tabindex": "",
                            "validate": {
                                "custom": "",
                                "unique": false,
                                "multiple": false,
                                "required": false,
                                "customPrivate": false,
                                "strictDateValidation": false
                            },
                            "autofocus": false,
                            "encrypted": false,
                            "hideLabel": false,
                            "modalEdit": false,
                            "protected": false,
                            "refreshOn": "",
                            "tableView": false,
                            "attributes": {},
                            "errorLabel": "",
                            "hideHeader": false,
                            "persistent": false,
                            "properties": {},
                            "validateOn": "change",
                            "clearOnHide": true,
                            "conditional": {
                                "eq": "",
                                "show": null,
                                "when": null
                            },
                            "customClass": "",
                            "description": "",
                            "placeholder": "",
                            "defaultValue": null,
                            "dataGridLabel": false,
                            "labelPosition": "top",
                            "showCharCount": false,
                            "showWordCount": false,
                            "calculateValue": "",
                            "calculateServer": false,
                            "allowMultipleMasks": false,
                            "customDefaultValue": "",
                            "allowCalculateOverride": false
                        }
                    ],
                    "key": "fieldSet",
                    "type": "fieldset",
                    "label": "Field Set",
                    "tree": false,
                    "input": false,
                    "hidden": false,
                    "legend": "",
                    "prefix": "",
                    "suffix": "",
                    "unique": false,
                    "widget": null,
                    "dbIndex": false,
                    "overlay": {
                        "top": "",
                        "left": "",
                        "style": "",
                        "width": "",
                        "height": ""
                    },
                    "tooltip": "",
                    "disabled": false,
                    "multiple": false,
                    "redrawOn": "",
                    "tabindex": "",
                    "validate": {
                        "custom": "",
                        "unique": false,
                        "multiple": false,
                        "required": false,
                        "customPrivate": false,
                        "strictDateValidation": false
                    },
                    "autofocus": false,
                    "encrypted": false,
                    "hideLabel": false,
                    "modalEdit": false,
                    "protected": false,
                    "refreshOn": "",
                    "tableView": false,
                    "attributes": {},
                    "errorLabel": "",
                    "hideHeader": false,
                    "persistent": false,
                    "properties": {},
                    "validateOn": "change",
                    "clearOnHide": true,
                    "customClass": "",
                    "description": "",
                    "placeholder": "",
                    "defaultValue": null,
                    "dataGridLabel": false,
                    "labelPosition": "top",
                    "showCharCount": false,
                    "showWordCount": false,
                    "calculateValue": "",
                    "calculateServer": false,
                    "allowMultipleMasks": false,
                    "customDefaultValue": "",
                    "allowCalculateOverride": false
                },
                {
                    "label": "Columns",
                    "columns": [
                        {
                            "components": [],
                            "width": 3,
                            "offset": 0,
                            "push": 0,
                            "pull": 0,
                            "size": "sm",
                            "currentWidth": 3
                        },
                        {
                            "components": [],
                            "width": 3,
                            "offset": 0,
                            "push": 0,
                            "pull": 0,
                            "size": "sm",
                            "currentWidth": 3
                        }
                    ],
                    "key": "columns1",
                    "type": "columns",
                    "input": false,
                    "tableView": false
                }
            ]
        }
    },
    {
        "url": "http://localhost/api/v2/form-definitions/6df419a7-9837-4f4e-a3f8-324ebc16b956",
        "uuid": "6df419a7-9837-4f4e-a3f8-324ebc16b956",
        "name": "IBAN",
        "slug": "iban",
        "configuration": {
            "display": "form",
            "components": [
                {
                    "label": "IBAN waarop de subsidie mag komen",
                    "inputMask": "AA99AAAA9999999999",
                    "tableView": true,
                    "validateOn": "blur",
                    "validate": {
                        "required": true
                    },
                    "key": "ibanWaaropDeSubsidieMagKomen",
                    "type": "textfield",
                    "input": true,
                    "prefill": {
                        "plugin": "",
                        "attribute": "",
                        "identifierRole": "main"
                    }
                },
                {
                    "label": "Op naam van",
                    "tableView": true,
                    "validate": {
                        "required": true
                    },
                    "key": "opNaamVan",
                    "type": "textfield",
                    "input": true,
                    "prefill": {
                        "plugin": "",
                        "attribute": "",
                        "identifierRole": "main"
                    }
                },
                {
                    "label": "Columns",
                    "columns": [
                        {
                            "components": [],
                            "width": 3,
                            "offset": 0,
                            "push": 0,
                            "pull": 0,
                            "size": "sm",
                            "currentWidth": 3
                        },
                        {
                            "components": [],
                            "width": 3,
                            "offset": 0,
                            "push": 0,
                            "pull": 0,
                            "size": "sm",
                            "currentWidth": 3
                        }
                    ],
                    "key": "columns2",
                    "type": "columns",
                    "input": false,
                    "tableView": false
                }
            ]
        }
    },
    {
        "url": "http://localhost/api/v2/form-definitions/472b5f55-085c-45a3-8464-004eae18a8fc",
        "uuid": "472b5f55-085c-45a3-8464-004eae18a8fc",
        "name": "Bijlage(n)",
        "slug": "bijlagen",
        "configuration": {
            "display": "form",
            "components": [
                {
                    "label": "Toevoegen",
                    "description": "Toegestaan zijn .jpg, .png, .jpeg of .pdf bestanden die niet groter zijn dan 20MB.",
                    "tableView": false,
                    "storage": "url",
                    "webcam": false,
                    "fileTypes": [
                        {
                            "label": "",
                            "value": ""
                        }
                    ],
                    "filePattern": ".jpg,.png,.jpeg,.pdf",
                    "fileMinSize": "1KB",
                    "fileMaxSize": "20MB",
                    "multiple": true,
                    "validate": {
                        "required": true,
                        "customMessage": "U moet een bijlage toevoegen."
                    },
                    "key": "toevoegen",
                    "type": "file",
                    "url": "/cloud/s3",
                    "input": true
                },
                {
                    "html": "<p>Ik heb deze bijlage(n) toegevoegd:</p>",
                    "label": "Content",
                    "refreshOnChange": false,
                    "key": "content4",
                    "type": "content",
                    "input": false,
                    "tableView": false
                },
                {
                    "label": "Een overzicht van de verwachte inkomsten en uitgaven (begroting) over de periode waarvoor u subsidie aanvraagt",
                    "tableView": false,
                    "validate": {
                        "required": true
                    },
                    "key": "eenOverzichtVanDeVerwachteInkomstenEnUitgavenBegrotingOverDePeriodeWaarvoorUSubsidieAanvraagt",
                    "type": "checkbox",
                    "input": true,
                    "defaultValue": false
                },
                {
                    "label": "Beleidsplan (meerjaren) over de periode waarvoor u subsidie aanvraagt",
                    "tableView": false,
                    "defaultValue": false,
                    "validate": {
                        "required": true
                    },
                    "key": "beleidsplanMeerjarenOverDePeriodeWaarvoorUSubsidieAanvraagt",
                    "type": "checkbox",
                    "input": true
                },
                {
                    "label": "Projectplan of meerjarenbeleidsplan over de periode waarvoor u subsidie aanvraagt",
                    "tableView": false,
                    "validate": {
                        "required": true
                    },
                    "key": "projectplanOfMeerjarenbeleidsplanOverDePeriodeWaarvoorUSubsidieAanvraagt",
                    "customConditional": "show = (data.welkeSubsidieWiltUAanvragen == 'b') || (data.watWiltUAanvragen == 'c');",
                    "type": "checkbox",
                    "input": true,
                    "lang": "nl",
                    "defaultValue": false
                },
                {
                    "label": "Projectplan over de periode waarvoor u subsidie aanvraagt",
                    "tableView": false,
                    "validate": {
                        "required": true
                    },
                    "key": "projectplanOverDePeriodeWaarvoorUSubsidieAanvraagt",
                    "customConditional": "show = false;\n\nvar isSubsidieC = data.welkeSubsidieWiltUAanvragen == 'c' ? true:false;\nvar isSubsidieD = data.welkeSubsidieWiltUAanvragen == 'd' ? true:false;\nvar isAanvraagA = data.watWiltUAanvragen == 'a' ? true:false;\nvar isAanvraagB = data.watWiltUAanvragen == 'b' ? true:false;\n\nif (isSubsidieC || isSubsidieD || isAanvraagA || isAanvraagB) {\n  show = true;\n} else {\n  show = false;\n}",
                    "type": "checkbox",
                    "input": true,
                    "defaultValue": false
                },
                {
                    "label": "Kopie bankafschrift, niet ouder dan 1 maand",
                    "tableView": false,
                    "defaultValue": false,
                    "key": "kopieBankafschriftNietOuderDanEenMaand",
                    "customConditional": "show = data.vraagtUDezeSubsidieVoorHetEerstAan == 'ja';",
                    "type": "checkbox",
                    "input": true,
                    "lang": "nl"
                },
                {
                    "label": "Columns",
                    "columns": [
                        {
                            "components": [],
                            "width": 3,
                            "offset": 0,
                            "push": 0,
                            "pull": 0,
                            "size": "sm",
                            "currentWidth": 3
                        },
                        {
                            "components": [],
                            "width": 3,
                            "offset": 0,
                            "push": 0,
                            "pull": 0,
                            "size": "sm",
                            "currentWidth": 3
                        }
                    ],
                    "key": "columns3",
                    "type": "columns",
                    "input": false,
                    "tableView": false
                }
            ]
        }
    }
]