[
    {
        "uuid": "318c70f5-1d05-40e7-9ed1-3fe1156a9ff3",
        "index": "0",
        "slug": "uw-gegevens",
        "form_definition": "http://localhost/api/v2/form-definitions/9359da7d-6088-45f3-8119-7f0dd1e6cf50"
    },
    {
        "uuid": "7a419d2a-718f-4e61-a836-50658b155550",
        "index": "1",
        "slug": "aanvraag",
        "form_definition": "http://localhost/api/v2/form-definitions/12ef3e34-7055-499e-89ec-7ca2f7f7f376"
    },
    {
        "uuid": "a4795cb9-dbdf-4051-b0ee-f972a6a69476",
        "index": "2",
        "slug": "iban",
        "form_definition": "http://localhost/api/v2/form-definitions/6df419a7-9837-4f4e-a3f8-324ebc16b956"
    },
    {
        "uuid": "d019b2bf-bafe-483f-9bdb-22a3b28cfa15",
        "index": "3",
        "slug": "bijlagen",
        "form_definition": "http://localhost/api/v2/form-definitions/472b5f55-085c-45a3-8464-004eae18a8fc"
    }
]