[
    {
        "uuid": "4cd03e15-68ef-4cf8-99b6-a3c681ef43a7",
        "index": "0",
        "slug": "uw-gegevens",
        "form_definition": "http://localhost/api/v2/form-definitions/377cc72f-5130-468b-9a9f-502fed75c98e"
    },
    {
        "uuid": "d7a19506-33d1-4559-a25d-f7caa085eafd",
        "index": "1",
        "slug": "zienswijze",
        "form_definition": "http://localhost/api/v2/form-definitions/cfe8bfa8-3176-4c8f-8bc7-23e24426b416"
    },
    {
        "uuid": "bdd03091-0172-43fc-a14c-273414b6a4a5",
        "index": "2",
        "slug": "bijlagen",
        "form_definition": "http://localhost/api/v2/form-definitions/60c0e2c2-d4d2-4369-a1da-625bb7fd517a"
    }
]