[
    {
        "uuid": "d92da072-44ac-43e1-ba33-e471e3193f78",
        "index": "0",
        "slug": "gegevens-van-de-persoon-die-ingelogd-heeft-met-digid-of-yivi",
        "form_definition": "http://localhost/api/v2/form-definitions/20331fee-0b85-4ffe-a944-862e7b915c6c"
    },
    {
        "uuid": "3758ebe1-deab-46ed-bb1e-d3036342d6eb",
        "index": "1",
        "slug": "gegevens-van-de-mantelzorger",
        "form_definition": "http://localhost/api/v2/form-definitions/a9accfbd-39fa-4eb3-a98f-3753718921e1"
    },
    {
        "uuid": "3caf47fd-9479-45e9-aff4-ac80663d48ef",
        "index": "2",
        "slug": "gegevens-van-de-zorgvrager",
        "form_definition": "http://localhost/api/v2/form-definitions/1ad16881-01b4-4796-a547-bb42ae997af3"
    },
    {
        "uuid": "2acd3896-fa50-430e-8687-18d69e9fee0d",
        "index": "3",
        "slug": "zorg",
        "form_definition": "http://localhost/api/v2/form-definitions/117f9205-03d4-439b-9ead-72034616957d"
    },
    {
        "uuid": "0fd8a453-b44c-4880-a90a-05b0debc8d38",
        "index": "4",
        "slug": "reisafstand",
        "form_definition": "http://localhost/api/v2/form-definitions/d0a46c21-2676-4165-a3f6-58f7cab64eb0"
    },
    {
        "uuid": "fd3d03d7-d99c-43cd-911a-2b96f2b654e9",
        "index": "5",
        "slug": "bijlagen",
        "form_definition": "http://localhost/api/v2/form-definitions/806d126e-9ad3-448c-a6bf-928f7fc3afe8"
    }
]