[
    {
        "uuid": "c5a0be6b-a7fb-4fda-98a6-a2d5e26edea8",
        "name": "Mantelzorgurgentie aanvragen",
        "internal_name": "",
        "login_required": false,
        "authentication_backends": [],
        "slug": "mantelzorgurgentieaanvragen",
        "url": "http://localhost/api/v2/forms/c5a0be6b-a7fb-4fda-98a6-a2d5e26edea8",
        "show_progress_indicator": true,
        "maintenance_mode": false,
        "active": true,
        "is_deleted": false,
        "suspension_allowed": true,
        "send_confirmation_email": true,
        "display_main_website_link": true,
        "required_fields_with_asterisk": true,
        "resume_link_lifetime": 7,
        "hide_non_applicable_steps": true
    }
]