[
    {
        "url": "http://localhost/api/v2/form-definitions/db923e95-a594-4ca0-ad80-a6e8d6e0c830",
        "uuid": "db923e95-a594-4ca0-ad80-a6e8d6e0c830",
        "name": "Algemeen",
        "slug": "algemeen",
        "configuration": {
            "display": "form",
            "components": [
                {
                    "components": [
                        {
                            "collapsible": false,
                            "key": "page1",
                            "type": "panel",
                            "label": "Panel",
                            "input": false,
                            "tableView": false,
                            "components": [
                                {
                                    "label": "Voor wie vraagt u aan?",
                                    "optionsLabelPosition": "right",
                                    "inline": false,
                                    "tableView": false,
                                    "values": [
                                        {
                                            "label": "mijzelf",
                                            "value": "mijzelf",
                                            "shortcut": ""
                                        },
                                        {
                                            "label": "een organisatie of bedrijf",
                                            "value": "organisatie",
                                            "shortcut": ""
                                        }
                                    ],
                                    "dataType": "auto",
                                    "validate": {
                                        "required": true
                                    },
                                    "key": "namensWieVraagtUEenOntheffingAan",
                                    "conditional": {
                                        "show": true,
                                        "when": "inlogmiddel",
                                        "eq": "digid"
                                    },
                                    "customConditional": "show = (data.bsn && data.bsn.length > 0) || (data.inlogmiddel == 'digid');",
                                    "type": "radio",
                                    "input": true
                                },
                                {
                                    "label": "Naam organisatie of bedrijf",
                                    "tableView": true,
                                    "validate": {
                                        "required": true
                                    },
                                    "key": "naamOrganisatieOfBedrijf",
                                    "properties": {
                                        "dms_key": "initiator.niet_natuurlijk_persoon.statutaireNaam"
                                    },
                                    "conditional": {
                                        "show": true,
                                        "when": "namensWieVraagtUEenOntheffingAan",
                                        "eq": "organisatie"
                                    },
                                    "type": "textfield",
                                    "input": true,
                                    "prefill": {
                                        "plugin": "",
                                        "attribute": "",
                                        "identifierRole": "main"
                                    }
                                },
                                {
                                    "label": "Inschrijfnummer Kamer van Koophandel",
                                    "tableView": true,
                                    "validateOn": "blur",
                                    "validate": {
                                        "required": true,
                                        "pattern": "^[0-9]*$",
                                        "customMessage": "Een inschrijfnummer Kamer van Koophandel bevat 8 cijfers.",
                                        "minLength": 8,
                                        "maxLength": 8
                                    },
                                    "key": "inschrijfnummerKamerVanKoophandel",
                                    "properties": {
                                        "vip_key": "kvk"
                                    },
                                    "conditional": {
                                        "show": true,
                                        "when": "namensWieVraagtUEenOntheffingAan",
                                        "eq": "organisatie"
                                    },
                                    "type": "textfield",
                                    "input": true,
                                    "prefill": {
                                        "plugin": "",
                                        "attribute": "",
                                        "identifierRole": "main"
                                    }
                                },
                                {
                                    "label": "Bent u zelf de contactpersoon van deze aanvraag?",
                                    "optionsLabelPosition": "right",
                                    "inline": false,
                                    "tableView": false,
                                    "values": [
                                        {
                                            "label": "ja",
                                            "value": "ja",
                                            "shortcut": ""
                                        },
                                        {
                                            "label": "nee",
                                            "value": "nee",
                                            "shortcut": ""
                                        }
                                    ],
                                    "validate": {
                                        "required": true
                                    },
                                    "key": "contactpersoon",
                                    "properties": {
                                        "vip_key": "initiator_is_contact"
                                    },
                                    "conditional": {
                                        "show": true,
                                        "when": "inlogmiddel",
                                        "eq": "digid"
                                    },
                                    "customConditional": "show = (data.bsn && data.bsn.length > 0) || (data.inlogmiddel == 'digid');",
                                    "type": "radio",
                                    "input": true
                                },
                                {
                                    "label": "Naam contactpersoon",
                                    "tableView": true,
                                    "validate": {
                                        "required": true
                                    },
                                    "key": "naamContactpersoon",
                                    "properties": {
                                        "vip_key": "name"
                                    },
                                    "customConditional": "show = false;\n\nif(data.inlogmiddel && data.inlogmiddel == 'eherkenning') {\n  show = true;\n}else if(data.contactpersoon && data.contactpersoon == 'nee') {\n  show = true;\n}",
                                    "type": "textfield",
                                    "input": true,
                                    "prefill": {
                                        "plugin": "",
                                        "attribute": "",
                                        "identifierRole": "main"
                                    }
                                },
                                {
                                    "label": "E-mailadres",
                                    "tableView": true,
                                    "validateOn": "blur",
                                    "validate": {
                                        "required": true
                                    },
                                    "key": "eMailadres",
                                    "properties": {
                                        "vip_key": "email",
                                        "oz_api": "zaakeigenschappen",
                                        "oz_name": "email_adres"
                                    },
                                    "type": "email",
                                    "input": true
                                },
                                {
                                    "label": "De gemeente mag dit e-mailadres gebruiken om te reageren op mijn aanvraag.",
                                    "optionsLabelPosition": "right",
                                    "inline": false,
                                    "tableView": false,
                                    "values": [
                                        {
                                            "label": "ja",
                                            "value": "ja",
                                            "shortcut": ""
                                        },
                                        {
                                            "label": "nee",
                                            "value": "nee",
                                            "shortcut": ""
                                        }
                                    ],
                                    "key": "deGemeenteMagDitEMailadresGebruikenOmTeReagerenOpMijnAanvraag",
                                    "type": "radio",
                                    "input": true
                                },
                                {
                                    "label": "Telefoonnummer",
                                    "tableView": true,
                                    "validate": {
                                        "required": true
                                    },
                                    "key": "telefoonnummer",
                                    "properties": {
                                        "vip_key": "phone",
                                        "oz_api": "zaakeigenschappen",
                                        "oz_name": "telefoonnummer"
                                    },
                                    "type": "textfield",
                                    "input": true,
                                    "prefill": {
                                        "plugin": "",
                                        "attribute": "",
                                        "identifierRole": "main"
                                    }
                                }
                            ]
                        }
                    ],
                    "key": "fieldSet-1-2-3-4",
                    "type": "fieldset",
                    "label": "Field Set",
                    "tree": false,
                    "input": false,
                    "hidden": false,
                    "legend": "",
                    "prefix": "",
                    "suffix": "",
                    "unique": false,
                    "widget": null,
                    "dbIndex": false,
                    "overlay": {
                        "top": "",
                        "left": "",
                        "style": "",
                        "width": "",
                        "height": ""
                    },
                    "tooltip": "",
                    "disabled": false,
                    "multiple": false,
                    "redrawOn": "",
                    "tabindex": "",
                    "validate": {
                        "custom": "",
                        "unique": false,
                        "multiple": false,
                        "required": false,
                        "customPrivate": false,
                        "strictDateValidation": false
                    },
                    "autofocus": false,
                    "encrypted": false,
                    "hideLabel": false,
                    "modalEdit": false,
                    "protected": false,
                    "refreshOn": "",
                    "tableView": false,
                    "attributes": {},
                    "errorLabel": "",
                    "hideHeader": false,
                    "persistent": false,
                    "properties": {},
                    "validateOn": "change",
                    "clearOnHide": true,
                    "customClass": "",
                    "description": "",
                    "placeholder": "",
                    "defaultValue": null,
                    "dataGridLabel": false,
                    "labelPosition": "top",
                    "showCharCount": false,
                    "showWordCount": false,
                    "calculateValue": "",
                    "calculateServer": false,
                    "allowMultipleMasks": false,
                    "customDefaultValue": "",
                    "allowCalculateOverride": false,
                    "originalFormName": "apvBlok2A"
                },
                {
                    "label": "Columns",
                    "columns": [
                        {
                            "components": [],
                            "width": 3,
                            "offset": 0,
                            "push": 0,
                            "pull": 0,
                            "size": "sm",
                            "currentWidth": 3
                        },
                        {
                            "components": [],
                            "width": 6,
                            "offset": 0,
                            "push": 0,
                            "pull": 0,
                            "size": "md",
                            "currentWidth": 6
                        }
                    ],
                    "key": "columns",
                    "type": "columns",
                    "input": false,
                    "tableView": false,
                    "hideOnChildrenHidden": false
                }
            ]
        }
    },
    {
        "url": "http://localhost/api/v2/form-definitions/c55db9db-fdef-499d-ab3f-2b3e69a29e1f",
        "uuid": "c55db9db-fdef-499d-ab3f-2b3e69a29e1f",
        "name": "Gegevens reservering",
        "slug": "gegevens-reservering",
        "configuration": {
            "display": "form",
            "components": [
                {
                    "label": "Naam van het evenement",
                    "tableView": true,
                    "validate": {
                        "required": true
                    },
                    "key": "naamVanHetEvenement",
                    "type": "textfield",
                    "input": true,
                    "prefill": {
                        "plugin": "",
                        "attribute": "",
                        "identifierRole": "main"
                    }
                },
                {
                    "label": "Plaats van het evenement",
                    "widget": "choicesjs",
                    "tableView": true,
                    "data": {
                        "values": [
                            {
                                "label": "Bastion",
                                "value": "bastion"
                            },
                            {
                                "label": "Ganzenheuvel",
                                "value": "ganzenheuvel"
                            },
                            {
                                "label": "Grote Markt",
                                "value": "groteMarkt"
                            },
                            {
                                "label": "Honig",
                                "value": "honig"
                            },
                            {
                                "label": "Hunnerpark",
                                "value": "hunnerpark"
                            },
                            {
                                "label": "Joris Ivensplein",
                                "value": "jorisIvensplein"
                            },
                            {
                                "label": "Julianapark",
                                "value": "julianapark"
                            },
                            {
                                "label": "Kelfkensbos",
                                "value": "kelfkensbos"
                            },
                            {
                                "label": "Klein Mariënburgplein",
                                "value": "kleinMarienburgplein"
                            },
                            {
                                "label": "Koningstraat",
                                "value": "koningstraat"
                            },
                            {
                                "label": "Kronenburgerpark",
                                "value": "kronenburgerpark"
                            },
                            {
                                "label": "Lentse Plas",
                                "value": "lentsePlas"
                            },
                            {
                                "label": "Lentse Uiterwaarden",
                                "value": "lentseUiterwaarden"
                            },
                            {
                                "label": "Lentse Warande",
                                "value": "lentseWarande"
                            },
                            {
                                "label": "Mariënburgplein",
                                "value": "marienburgplein"
                            },
                            {
                                "label": "Molenstraat",
                                "value": "molenstraat"
                            },
                            {
                                "label": "Nyma Vasim",
                                "value": "NymaVasim"
                            },
                            {
                                "label": "Nyma Waalplein",
                                "value": "nymaWaalplein"
                            },
                            {
                                "label": "Ossenwaard",
                                "value": "ossenwaard"
                            },
                            {
                                "label": "Park Brakkenstein",
                                "value": "parkBrakkenstein"
                            },
                            {
                                "label": "Plein 1944",
                                "value": "plein1944"
                            },
                            {
                                "label": "Raadhuishof",
                                "value": "raadhuishof"
                            },
                            {
                                "label": "St. Stevenskerkhof",
                                "value": "stStevenskerkhof"
                            },
                            {
                                "label": "Stadspark de Goffert",
                                "value": "stadsparkDeGoffert"
                            },
                            {
                                "label": "Valkhofpark",
                                "value": "valkhofpark"
                            },
                            {
                                "label": "Vierdaagseplein",
                                "value": "vierdaagseplein"
                            },
                            {
                                "label": "Waalkade Oost",
                                "value": "waalkadeOost"
                            },
                            {
                                "label": "Wedren",
                                "value": "wedren"
                            },
                            {
                                "label": "Andere locatie",
                                "value": "andereLocatie"
                            }
                        ]
                    },
                    "validate": {
                        "required": true
                    },
                    "key": "plaatsVanHetEvenement1",
                    "type": "select",
                    "input": true,
                    "searchThreshold": 0.3
                },
                {
                    "label": "Plaats van het evenement",
                    "description": "Geef een duidelijke omschrijving van de plaats. Bijvoorbeeld: Goffertweide; aan de kant van het stadion, bij de Schep. Of\r\nbij Rivierpark; de Ossewaard, harde kade of Bastion.",
                    "tableView": true,
                    "inputFormat": "plain",
                    "validate": {
                        "required": true
                    },
                    "key": "plaatsVanHetEvenement",
                    "type": "textarea",
                    "input": true,
                    "autoExpand": false
                },
                {
                    "label": "Beschrijf het soort evenement en geef een korte uitleg wat u gaat doen.",
                    "tableView": true,
                    "inputFormat": "plain",
                    "validate": {
                        "required": true
                    },
                    "key": "beschrijfHetSoortEvenementEnGeefEenKorteUitlegWatUGaatDoen",
                    "type": "textarea",
                    "input": true,
                    "autoExpand": false
                },
                {
                    "html": "<p><span style=\"background-color:rgb(255,255,255);color:rgb(0,0,0);\">Geef aan wanneer het evenement is. Vul de gegevens in per dag van het evenement op deze manier:&nbsp;</span><br><span style=\"background-color:rgb(255,255,255);color:rgb(0,0,0);\">(datum dag 1): start- en eindtijd <strong>opbouw</strong> evenement &nbsp;</span><br><span style=\"background-color:rgb(255,255,255);color:rgb(0,0,0);\">(datum dag 1): start- en eindtijd <strong>evenement</strong></span><br><span style=\"background-color:rgb(255,255,255);color:rgb(0,0,0);\">(datum dag 1): start- en eindtijd <strong>afbouw</strong> evenement&nbsp;</span><br><span style=\"background-color:rgb(255,255,255);color:rgb(0,0,0);\">(datum dag 2): start- en eindtijd opbouw evenement&nbsp;</span><br><span style=\"background-color:rgb(255,255,255);color:rgb(0,0,0);\">etc.&nbsp;</span></p><p>Voeg alle dagen van een evenement toe als het evenement meerdere dagen duurt. Duurt een evenement langer dan middernacht (00:00 uur) splits dan de dagen en tijden:</p><p>Dag 1: begintijd xx:xx uur, eindtijd 23:59 uur</p><p>Dag 2: begintijd 00:00 uur, eindtijd xx:xx uur</p>",
                    "label": "Content",
                    "refreshOnChange": false,
                    "key": "content9",
                    "type": "content",
                    "input": false,
                    "tableView": false
                },
                {
                    "label": " Datum en tijden",
                    "reorder": false,
                    "addAnother": "toevoegen",
                    "addAnotherPosition": "bottom",
                    "layoutFixed": false,
                    "enableRowGroups": false,
                    "initEmpty": false,
                    "tableView": false,
                    "defaultValue": [
                        {
                            "container": {
                                "datum": "",
                                "welkeActiviteitVindenOpDezeDagPlaatsMeerdereAntwoordenMogelijk": {
                                    "opbouwEvenement": false,
                                    "evenement": false,
                                    "afbrekenEvenement": false
                                }
                            }
                        }
                    ],
                    "validate": {
                        "minLength": "3"
                    },
                    "key": "geefAanWanneerHetEvenementIs",
                    "type": "datagrid",
                    "input": true,
                    "components": [
                        {
                            "components": [
                                {
                                    "label": "Datum",
                                    "placeholder": "dag-maand-jaar",
                                    "tableView": false,
                                    "enableMinDateInput": false,
                                    "datePicker": {
                                        "disableWeekends": false,
                                        "disableWeekdays": false
                                    },
                                    "enableMaxDateInput": false,
                                    "timePicker": {
                                        "showMeridian": false
                                    },
                                    "validate": {
                                        "required": true
                                    },
                                    "validateOn": "blur",
                                    "key": "datum",
                                    "type": "datetime",
                                    "input": true,
                                    "widget": {
                                        "type": "calendar",
                                        "displayInTimezone": "viewer",
                                        "locale": "nl",
                                        "useLocaleSettings": false,
                                        "allowInput": true,
                                        "mode": "single",
                                        "enableTime": false,
                                        "noCalendar": false,
                                        "format": "dd-MM-yyyy",
                                        "hourIncrement": 1,
                                        "minuteIncrement": 5,
                                        "time_24hr": true,
                                        "minDate": null,
                                        "disableWeekends": false,
                                        "disableWeekdays": false,
                                        "maxDate": null
                                    }
                                },
                                {
                                    "label": "Welke activiteit vinden op deze dag plaats? (Meerdere antwoorden mogelijk)",
                                    "optionsLabelPosition": "right",
                                    "inline": false,
                                    "tableView": false,
                                    "values": [
                                        {
                                            "label": "opbouw evenement",
                                            "value": "opbouwEvenement",
                                            "shortcut": ""
                                        },
                                        {
                                            "label": "evenement",
                                            "value": "evenement",
                                            "shortcut": ""
                                        },
                                        {
                                            "label": "afbreken evenement",
                                            "value": "afbrekenEvenement",
                                            "shortcut": ""
                                        }
                                    ],
                                    "validate": {
                                        "required": true
                                    },
                                    "key": "welkeActiviteitVindenOpDezeDagPlaatsMeerdereAntwoordenMogelijk",
                                    "type": "radio",
                                    "input": true
                                },
                                {
                                    "components": [
                                        {
                                            "label": "Starttijd opbouw evenement",
                                            "inputType": "text",
                                            "tableView": true,
                                            "dataFormat": "HH:mm",
                                            "validate": {
                                                "required": true
                                            },
                                            "validateOn": "blur",
                                            "key": "starttijdOpbouw",
                                            "type": "time",
                                            "input": true,
                                            "inputMask": "99:99"
                                        },
                                        {
                                            "label": "Eindtijd opbouw evenement",
                                            "inputType": "text",
                                            "tableView": true,
                                            "dataFormat": "HH:mm",
                                            "validate": {
                                                "required": true,
                                                "custom": "var valueToCheck = '';\r\nif (typeof row.container !== 'undefined') {\r\n  valueToCheck = row.container.starttijdOpbouw;\r\n} else {\r\n  valueToCheck = row.starttijdOpbouw;\r\n}\r\n\r\nif(valueToCheck == '') {\r\n valid = 'Vul eerst de tijd in wanneer u start met de opbouw van het evenement.';\r\n} else {\r\n  var start = moment(valueToCheck, \"HH:mm\");\r\n  var totWanneer = moment(input, \"HH:mm\");\r\n  if(totWanneer >= start) {\r\n    valid = true;\r\n  } else {\r\n  valid = 'De eindtijd moet later zijn dan de tijd waarop u start met de opbouw van het evenement.';\r\n  }\r\n}"
                                            },
                                            "validateOn": "blur",
                                            "key": "eindtijdOpbouwEvenement",
                                            "type": "time",
                                            "input": true,
                                            "inputMask": "99:99"
                                        }
                                    ],
                                    "key": "fieldSet-1-2-3",
                                    "type": "fieldset",
                                    "label": "Field Set",
                                    "tree": false,
                                    "input": false,
                                    "hidden": false,
                                    "legend": "",
                                    "prefix": "",
                                    "suffix": "",
                                    "unique": false,
                                    "widget": null,
                                    "dbIndex": false,
                                    "overlay": {
                                        "top": "",
                                        "left": "",
                                        "style": "",
                                        "width": "",
                                        "height": ""
                                    },
                                    "tooltip": "",
                                    "disabled": false,
                                    "multiple": false,
                                    "redrawOn": "",
                                    "tabindex": "",
                                    "validate": {
                                        "custom": "",
                                        "unique": false,
                                        "multiple": false,
                                        "required": false,
                                        "customPrivate": false,
                                        "strictDateValidation": false
                                    },
                                    "autofocus": false,
                                    "encrypted": false,
                                    "hideLabel": false,
                                    "modalEdit": false,
                                    "protected": false,
                                    "refreshOn": "",
                                    "tableView": false,
                                    "attributes": {},
                                    "errorLabel": "",
                                    "hideHeader": false,
                                    "persistent": false,
                                    "properties": {},
                                    "validateOn": "change",
                                    "clearOnHide": true,
                                    "conditional": {
                                        "eq": "",
                                        "show": null,
                                        "when": null
                                    },
                                    "customClass": "",
                                    "description": "",
                                    "placeholder": "",
                                    "defaultValue": null,
                                    "dataGridLabel": false,
                                    "labelPosition": "top",
                                    "showCharCount": false,
                                    "showWordCount": false,
                                    "calculateValue": "",
                                    "calculateServer": false,
                                    "allowMultipleMasks": false,
                                    "customDefaultValue": "",
                                    "allowCalculateOverride": false
                                },
                                {
                                    "components": [
                                        {
                                            "label": "Starttijd evenement",
                                            "inputType": "text",
                                            "tableView": true,
                                            "dataFormat": "HH:mm",
                                            "validate": {
                                                "required": true
                                            },
                                            "validateOn": "blur",
                                            "key": "starttijdEvenement",
                                            "type": "time",
                                            "input": true,
                                            "inputMask": "99:99"
                                        },
                                        {
                                            "label": "Eindtijd evenement",
                                            "inputType": "text",
                                            "tableView": true,
                                            "dataFormat": "HH:mm",
                                            "validate": {
                                                "required": true,
                                                "custom": "let valueToCheck = '';\r\nif (typeof row.container !== 'undefined') {\r\n  valueToCheck = row.container.starttijdEvenement;\r\n} else {\r\n  valueToCheck = row.starttijdEvenement;\r\n}\r\n\r\nif(!valueToCheck) {\r\n valid = 'Vul eerst de tijd in wanneer u start met het evenement.';\r\n} else {\r\n  let start = moment(valueToCheck, \"HH:mm\");\r\n  let totWanneer = moment(input, \"HH:mm\");\r\n  if(totWanneer >= start) {\r\n    valid = true;\r\n  } else {\r\n  valid = 'De eindtijd moet later zijn dan de tijd waarop u start met het evenement.';\r\n  }\r\n}"
                                            },
                                            "validateOn": "blur",
                                            "key": "eindtijdEvenement",
                                            "type": "time",
                                            "input": true,
                                            "inputMask": "99:99"
                                        },
                                        {
                                            "label": "Hoeveel bezoekers verwacht u in totaal op deze dag van het evenement?",
                                            "tableView": true,
                                            "key": "hoeveelBezoekersVerwachtUInTotaalOpDezeDagVanHetEvenement",
                                            "type": "textfield",
                                            "input": true,
                                            "prefill": {
                                                "plugin": "",
                                                "attribute": "",
                                                "identifierRole": "main"
                                            }
                                        }
                                    ],
                                    "key": "fieldSet-1-2",
                                    "type": "fieldset",
                                    "label": "Field Set",
                                    "tree": false,
                                    "input": false,
                                    "hidden": false,
                                    "legend": "",
                                    "prefix": "",
                                    "suffix": "",
                                    "unique": false,
                                    "widget": null,
                                    "dbIndex": false,
                                    "overlay": {
                                        "top": "",
                                        "left": "",
                                        "style": "",
                                        "width": "",
                                        "height": ""
                                    },
                                    "tooltip": "",
                                    "disabled": false,
                                    "multiple": false,
                                    "redrawOn": "",
                                    "tabindex": "",
                                    "validate": {
                                        "custom": "",
                                        "unique": false,
                                        "multiple": false,
                                        "required": false,
                                        "customPrivate": false,
                                        "strictDateValidation": false
                                    },
                                    "autofocus": false,
                                    "encrypted": false,
                                    "hideLabel": false,
                                    "modalEdit": false,
                                    "protected": false,
                                    "refreshOn": "",
                                    "tableView": false,
                                    "attributes": {},
                                    "errorLabel": "",
                                    "hideHeader": false,
                                    "persistent": false,
                                    "properties": {},
                                    "validateOn": "change",
                                    "clearOnHide": true,
                                    "conditional": {
                                        "eq": "",
                                        "show": null,
                                        "when": null
                                    },
                                    "customClass": "",
                                    "description": "",
                                    "placeholder": "",
                                    "defaultValue": null,
                                    "dataGridLabel": false,
                                    "labelPosition": "top",
                                    "showCharCount": false,
                                    "showWordCount": false,
                                    "calculateValue": "",
                                    "calculateServer": false,
                                    "allowMultipleMasks": false,
                                    "customDefaultValue": "",
                                    "allowCalculateOverride": false
                                },
                                {
                                    "components": [
                                        {
                                            "label": "Starttijd evenement afbreken",
                                            "inputType": "text",
                                            "tableView": true,
                                            "dataFormat": "HH:mm",
                                            "validate": {
                                                "required": true
                                            },
                                            "validateOn": "blur",
                                            "key": "starttijdEvenementAfbreken",
                                            "type": "time",
                                            "input": true,
                                            "inputMask": "99:99"
                                        },
                                        {
                                            "label": "Eindtijd evenement afbreken",
                                            "inputType": "text",
                                            "tableView": true,
                                            "dataFormat": "HH:mm",
                                            "validate": {
                                                "required": true,
                                                "custom": "let valueToCheck = '';\r\nif (typeof row.container !== 'undefined') {\r\n  valueToCheck = row.container.starttijdEvenementAfbreken;\r\n} else {\r\n  valueToCheck = row.starttijdEvenementAfbreken;\r\n}\r\n\r\nif(!valueToCheck) {\r\n valid = 'Vul eerst de tijd in wanneer u start met het afbreken van het evenement.';\r\n} else {\r\n  let start = moment(valueToCheck, \"HH:mm\");\r\n  let totWanneer = moment(input, \"HH:mm\");\r\n  if(totWanneer >= start) {\r\n    valid = true;\r\n  } else {\r\n  valid = 'De eindtijd moet later zijn dan de tijd waarop u start met het afbreken van het evenement.';\r\n  }\r\n}"
                                            },
                                            "validateOn": "blur",
                                            "key": "eindtijdEvenementAfbreken",
                                            "type": "time",
                                            "input": true,
                                            "inputMask": "99:99"
                                        }
                                    ],
                                    "key": "fieldSet-1",
                                    "type": "fieldset",
                                    "label": "Field Set",
                                    "tree": false,
                                    "input": false,
                                    "hidden": false,
                                    "legend": "",
                                    "prefix": "",
                                    "suffix": "",
                                    "unique": false,
                                    "widget": null,
                                    "dbIndex": false,
                                    "overlay": {
                                        "top": "",
                                        "left": "",
                                        "style": "",
                                        "width": "",
                                        "height": ""
                                    },
                                    "tooltip": "",
                                    "disabled": false,
                                    "multiple": false,
                                    "redrawOn": "",
                                    "tabindex": "",
                                    "validate": {
                                        "custom": "",
                                        "unique": false,
                                        "multiple": false,
                                        "required": false,
                                        "customPrivate": false,
                                        "strictDateValidation": false
                                    },
                                    "autofocus": false,
                                    "encrypted": false,
                                    "hideLabel": false,
                                    "modalEdit": false,
                                    "protected": false,
                                    "refreshOn": "",
                                    "tableView": false,
                                    "attributes": {},
                                    "errorLabel": "",
                                    "hideHeader": false,
                                    "persistent": false,
                                    "properties": {},
                                    "validateOn": "change",
                                    "clearOnHide": true,
                                    "conditional": {
                                        "eq": "",
                                        "show": null,
                                        "when": null
                                    },
                                    "customClass": "",
                                    "description": "",
                                    "placeholder": "",
                                    "defaultValue": null,
                                    "dataGridLabel": false,
                                    "labelPosition": "top",
                                    "showCharCount": false,
                                    "showWordCount": false,
                                    "calculateValue": "",
                                    "calculateServer": false,
                                    "allowMultipleMasks": false,
                                    "customDefaultValue": "",
                                    "allowCalculateOverride": false
                                }
                            ],
                            "key": "fieldSet",
                            "type": "fieldset",
                            "label": "Field Set",
                            "tree": false,
                            "input": false,
                            "hidden": false,
                            "legend": "",
                            "prefix": "",
                            "suffix": "",
                            "unique": false,
                            "widget": null,
                            "dbIndex": false,
                            "overlay": {
                                "top": "",
                                "left": "",
                                "style": "",
                                "width": "",
                                "height": ""
                            },
                            "tooltip": "",
                            "disabled": false,
                            "multiple": false,
                            "redrawOn": "",
                            "tabindex": "",
                            "validate": {
                                "custom": "",
                                "unique": false,
                                "multiple": false,
                                "required": false,
                                "customPrivate": false,
                                "strictDateValidation": false
                            },
                            "autofocus": false,
                            "encrypted": false,
                            "hideLabel": false,
                            "modalEdit": false,
                            "protected": false,
                            "refreshOn": "",
                            "tableView": false,
                            "attributes": {},
                            "errorLabel": "",
                            "hideHeader": false,
                            "persistent": false,
                            "properties": {},
                            "validateOn": "change",
                            "clearOnHide": true,
                            "conditional": {
                                "eq": "",
                                "show": null,
                                "when": null
                            },
                            "customClass": "",
                            "description": "",
                            "placeholder": "",
                            "defaultValue": null,
                            "dataGridLabel": false,
                            "labelPosition": "top",
                            "showCharCount": false,
                            "showWordCount": false,
                            "calculateValue": "",
                            "calculateServer": false,
                            "allowMultipleMasks": false,
                            "customDefaultValue": "",
                            "allowCalculateOverride": false
                        }
                    ]
                },
                {
                    "label": "HTML",
                    "attrs": [
                        {
                            "attr": "",
                            "value": ""
                        }
                    ],
                    "content": "Geef minimaal één moment voor de opbouw, één moment voor het evenement en één moment voor de afbouw aan om door te gaan.",
                    "refreshOnChange": false,
                    "key": "html",
                    "customConditional": "show = true;\n\nif(data.geefAanWanneerHetEvenementIs && Array.isArray(data.geefAanWanneerHetEvenementIs)) {\n\n  var opbouwFound = false;\n  var eventFound = false;\n  var afbouwFound = false;\n  \n  for (var i = 0; i < data.geefAanWanneerHetEvenementIs.length; i++) {\n      var item = data.geefAanWanneerHetEvenementIs[i];\n      var checkmarks = item.container.welkeActiviteitVindenOpDezeDagPlaatsMeerdereAntwoordenMogelijk;\n      \n      if(checkmarks.opbouwEvenement) {\n        opbouwFound = true;\n      }\n      if(checkmarks.evenement) {\n        eventFound = true;\n      }\n      if(checkmarks.afbrekenEvenement) {\n        afbouwFound = true;\n      }\n    }\n  \n  \n  if(opbouwFound && eventFound && afbouwFound) {\n    show = false;\n  }\n}",
                    "type": "content",
                    "input": false,
                    "tableView": false,
                    "html": "Geef minimaal één moment voor de opbouw, één moment voor het evenement en één moment voor de afbouw aan om door te gaan."
                },
                {
                    "label": "Opmerkingen",
                    "tableView": true,
                    "inputFormat": "plain",
                    "key": "opmerkingen",
                    "type": "textarea",
                    "input": true,
                    "autoExpand": false
                },
                {
                    "label": "Columns",
                    "columns": [
                        {
                            "components": [],
                            "width": 3,
                            "offset": 0,
                            "push": 0,
                            "pull": 0,
                            "size": "sm",
                            "currentWidth": 3
                        },
                        {
                            "components": [],
                            "size": "sm",
                            "width": 3,
                            "offset": 0,
                            "push": 0,
                            "pull": 0,
                            "currentWidth": 3
                        }
                    ],
                    "key": "columns7",
                    "type": "columns",
                    "input": false,
                    "tableView": false,
                    "hideOnChildrenHidden": false
                }
            ]
        }
    },
    {
        "url": "http://localhost/api/v2/form-definitions/ef499041-16a3-4b25-bf86-c6eae2038aba",
        "uuid": "ef499041-16a3-4b25-bf86-c6eae2038aba",
        "name": "Bijlagen",
        "slug": "bijlagen",
        "configuration": {
            "display": "form",
            "components": [
                {
                    "html": "<p>U kunt bijlagen uploaden om uw evenement duidelijker te omschrijven.</p>",
                    "label": "Content",
                    "refreshOnChange": false,
                    "key": "content",
                    "type": "content",
                    "input": false,
                    "tableView": false
                },
                {
                    "label": "Toevoegen",
                    "description": "Toegestaan zijn .jpg, .png, .jpeg of .pdf documenten die niet groter zijn dan 20MB.",
                    "tableView": false,
                    "storage": "url",
                    "webcam": false,
                    "fileTypes": [
                        {
                            "label": "",
                            "value": ""
                        }
                    ],
                    "filePattern": ".pdf,.png,.jpg,.jpeg",
                    "fileMinSize": "1KB",
                    "fileMaxSize": "20MB",
                    "multiple": true,
                    "key": "toevoegen",
                    "type": "file",
                    "url": "/cloud/s3",
                    "input": true
                },
                {
                    "label": "Columns",
                    "columns": [
                        {
                            "components": [],
                            "width": 3,
                            "offset": 0,
                            "push": 0,
                            "pull": 0,
                            "size": "sm",
                            "currentWidth": 3
                        },
                        {
                            "components": [],
                            "size": "sm",
                            "width": 3,
                            "offset": 0,
                            "push": 0,
                            "pull": 0,
                            "currentWidth": 3
                        }
                    ],
                    "key": "columns8",
                    "type": "columns",
                    "input": false,
                    "tableView": false,
                    "hideOnChildrenHidden": false
                }
            ]
        }
    }
]