[
    {
        "uuid": "d9f5c6e2-6670-41ea-99c1-e493ac96341f",
        "name": "Datum reserveren evenement",
        "internal_name": "",
        "login_required": false,
        "authentication_backends": [],
        "slug": "datumreserverenevenement",
        "url": "http://localhost/api/v2/forms/d9f5c6e2-6670-41ea-99c1-e493ac96341f",
        "show_progress_indicator": true,
        "maintenance_mode": false,
        "active": true,
        "is_deleted": false,
        "suspension_allowed": true,
        "send_confirmation_email": true,
        "display_main_website_link": true,
        "required_fields_with_asterisk": true,
        "resume_link_lifetime": 7,
        "hide_non_applicable_steps": true
    }
]