[
    {
        "uuid": "b0470b3d-79e9-4727-9d0b-a4f273c0052f",
        "name": "Contact over Wmo (verdwijnt)",
        "internal_name": "",
        "login_required": false,
        "authentication_backends": [],
        "slug": "contactoverwmoverdwijnt",
        "url": "http://localhost/api/v2/forms/b0470b3d-79e9-4727-9d0b-a4f273c0052f",
        "show_progress_indicator": true,
        "maintenance_mode": false,
        "active": true,
        "is_deleted": false,
        "suspension_allowed": true,
        "send_confirmation_email": true,
        "display_main_website_link": true,
        "required_fields_with_asterisk": true,
        "resume_link_lifetime": 7,
        "hide_non_applicable_steps": true
    }
]