[
    {
        "url": "http://localhost/api/v2/form-definitions/addc2530-0c38-4e3a-a526-b7f32e191f62",
        "uuid": "addc2530-0c38-4e3a-a526-b7f32e191f62",
        "name": "Uw gegevens",
        "slug": "uw-gegevens",
        "configuration": {
            "display": "form",
            "components": [
                {
                    "label": "Telefoonnummer",
                    "autocomplete": "tel",
                    "tableView": true,
                    "validate": {
                        "required": true
                    },
                    "key": "telefoonnummer",
                    "type": "textfield",
                    "input": true,
                    "prefill": {
                        "plugin": "",
                        "attribute": "",
                        "identifierRole": "main"
                    }
                },
                {
                    "label": "E-mailadres",
                    "autocomplete": "email",
                    "tableView": true,
                    "validateOn": "blur",
                    "key": "eMailadres",
                    "type": "email",
                    "input": true
                },
                {
                    "label": "Is iemand anders uw contactpersoon?",
                    "optionsLabelPosition": "right",
                    "inline": false,
                    "tableView": false,
                    "values": [
                        {
                            "label": "ja",
                            "value": "ja",
                            "shortcut": ""
                        },
                        {
                            "label": "nee",
                            "value": "nee",
                            "shortcut": ""
                        }
                    ],
                    "validate": {
                        "required": true
                    },
                    "key": "isIemandAndersUwContactpersoon",
                    "type": "radio",
                    "input": true
                },
                {
                    "components": [
                        {
                            "label": "Naam contactpersoon",
                            "tableView": true,
                            "key": "voornaam",
                            "type": "textfield",
                            "input": true,
                            "prefill": {
                                "plugin": "",
                                "attribute": "",
                                "identifierRole": "main"
                            }
                        },
                        {
                            "label": "Telefoonnummer",
                            "tableView": true,
                            "validate": {
                                "required": true
                            },
                            "key": "telefoonnummer1",
                            "type": "textfield",
                            "input": true,
                            "prefill": {
                                "plugin": "",
                                "attribute": "",
                                "identifierRole": "main"
                            }
                        },
                        {
                            "label": "E-mailadres",
                            "tableView": true,
                            "validateOn": "blur",
                            "validate": {
                                "required": true
                            },
                            "key": "eMailadresCP",
                            "type": "email",
                            "input": true
                        }
                    ],
                    "key": "fieldSet",
                    "type": "fieldset",
                    "label": "Field Set",
                    "tree": false,
                    "input": false,
                    "hidden": false,
                    "legend": "",
                    "prefix": "",
                    "suffix": "",
                    "unique": false,
                    "widget": null,
                    "dbIndex": false,
                    "overlay": {
                        "top": "",
                        "left": "",
                        "style": "",
                        "width": "",
                        "height": ""
                    },
                    "tooltip": "",
                    "disabled": false,
                    "multiple": false,
                    "redrawOn": "",
                    "tabindex": "",
                    "validate": {
                        "custom": "",
                        "unique": false,
                        "multiple": false,
                        "required": false,
                        "customPrivate": false,
                        "strictDateValidation": false
                    },
                    "autofocus": false,
                    "encrypted": false,
                    "hideLabel": false,
                    "modalEdit": false,
                    "protected": false,
                    "refreshOn": "",
                    "tableView": false,
                    "attributes": {},
                    "errorLabel": "",
                    "hideHeader": false,
                    "persistent": false,
                    "properties": {},
                    "validateOn": "change",
                    "clearOnHide": true,
                    "customClass": "",
                    "description": "",
                    "placeholder": "",
                    "defaultValue": null,
                    "dataGridLabel": false,
                    "labelPosition": "top",
                    "showCharCount": false,
                    "showWordCount": false,
                    "calculateValue": "",
                    "calculateServer": false,
                    "allowMultipleMasks": false,
                    "customDefaultValue": "",
                    "allowCalculateOverride": false
                },
                {
                    "label": "Columns",
                    "columns": [
                        {
                            "components": [],
                            "width": 3,
                            "offset": 0,
                            "push": 0,
                            "pull": 0,
                            "size": "sm",
                            "currentWidth": 3
                        },
                        {
                            "components": [],
                            "width": 6,
                            "offset": 0,
                            "push": 0,
                            "pull": 0,
                            "size": "md",
                            "currentWidth": 6
                        }
                    ],
                    "key": "columns",
                    "type": "columns",
                    "input": false,
                    "tableView": false,
                    "hideOnChildrenHidden": false
                }
            ]
        }
    },
    {
        "url": "http://localhost/api/v2/form-definitions/3a3c70bc-d731-4d66-98d6-5ef426167d38",
        "uuid": "3a3c70bc-d731-4d66-98d6-5ef426167d38",
        "name": "Uw vraag",
        "slug": "uw-vraag",
        "configuration": {
            "display": "form",
            "components": [
                {
                    "label": "Waarover heeft u een vraag?",
                    "optionsLabelPosition": "right",
                    "tableView": false,
                    "values": [
                        {
                            "label": "ik heb hulp nodig bij het huishouden",
                            "value": "ikHebHulpNodigBijHetHuishouden",
                            "shortcut": ""
                        },
                        {
                            "label": "ik heb hulp of een hulpmiddel nodig bij het vervoer",
                            "value": "ikHebHulpOfEenHulpmiddelNodigBijHetVervoer",
                            "shortcut": ""
                        },
                        {
                            "label": "ik heb een hulpmiddel of aanpassing in mijn woning nodig",
                            "value": "ikHebEenHulpmiddelOfAanpassingInMijnWoningNodig",
                            "shortcut": ""
                        },
                        {
                            "label": "anders",
                            "value": "anders",
                            "shortcut": ""
                        }
                    ],
                    "validate": {
                        "required": true,
                        "onlyAvailableItems": false
                    },
                    "key": "waaroverHeeftUEenVraag",
                    "type": "selectboxes",
                    "input": true,
                    "inputType": "checkbox"
                },
                {
                    "label": "Wat is uw vraag?",
                    "tableView": true,
                    "inputFormat": "plain",
                    "validate": {
                        "required": true
                    },
                    "key": "watIsUwVraag",
                    "type": "textarea",
                    "input": true,
                    "autoExpand": false
                },
                {
                    "label": "Columns",
                    "columns": [
                        {
                            "components": [],
                            "width": 3,
                            "offset": 0,
                            "push": 0,
                            "pull": 0,
                            "size": "sm",
                            "currentWidth": 3
                        },
                        {
                            "components": [],
                            "size": "sm",
                            "width": 3,
                            "offset": 0,
                            "push": 0,
                            "pull": 0,
                            "currentWidth": 3
                        }
                    ],
                    "key": "columns1",
                    "type": "columns",
                    "input": false,
                    "tableView": false,
                    "hideOnChildrenHidden": false
                }
            ]
        }
    },
    {
        "url": "http://localhost/api/v2/form-definitions/01706afa-30b4-4ad3-9661-d04191e0db56",
        "uuid": "01706afa-30b4-4ad3-9661-d04191e0db56",
        "name": "Bijlage",
        "slug": "bijlage",
        "configuration": {
            "display": "form",
            "components": [
                {
                    "html": "<p>U kunt bijlagen toevoegen om uw vraag duidelijker te maken.</p>",
                    "label": "Content",
                    "refreshOnChange": false,
                    "key": "content",
                    "type": "content",
                    "input": false,
                    "tableView": false
                },
                {
                    "label": "Toevoegen",
                    "description": "Toegestaan zijn .jpg, .png, .jpeg of .pdf documenten die niet groter zijn dan 20MB.",
                    "tableView": false,
                    "storage": "url",
                    "webcam": false,
                    "fileTypes": [
                        {
                            "label": "",
                            "value": ""
                        }
                    ],
                    "filePattern": ".jpg,.png,.jpeg,.pdf",
                    "fileMinSize": "1KB",
                    "fileMaxSize": "20MB",
                    "multiple": true,
                    "key": "toevoegen",
                    "type": "file",
                    "url": "/cloud/s3",
                    "input": true
                },
                {
                    "label": "Columns",
                    "columns": [
                        {
                            "components": [],
                            "width": 3,
                            "offset": 0,
                            "push": 0,
                            "pull": 0,
                            "size": "sm",
                            "currentWidth": 3
                        },
                        {
                            "components": [],
                            "size": "sm",
                            "width": 3,
                            "offset": 0,
                            "push": 0,
                            "pull": 0,
                            "currentWidth": 3
                        }
                    ],
                    "key": "columns2",
                    "type": "columns",
                    "input": false,
                    "tableView": false,
                    "hideOnChildrenHidden": false
                }
            ]
        }
    }
]