[
    {
        "uuid": "7cafbae4-a3a8-4eb0-a2e8-33e4faba43c7",
        "index": "0",
        "slug": "uw-gegevens",
        "form_definition": "http://localhost/api/v2/form-definitions/addc2530-0c38-4e3a-a526-b7f32e191f62"
    },
    {
        "uuid": "ffa54f04-4b5b-4b22-96cf-3a05d9659091",
        "index": "1",
        "slug": "uw-vraag",
        "form_definition": "http://localhost/api/v2/form-definitions/3a3c70bc-d731-4d66-98d6-5ef426167d38"
    },
    {
        "uuid": "4bb7ea3f-738a-44c1-bd91-a9eda78cdad0",
        "index": "2",
        "slug": "bijlage",
        "form_definition": "http://localhost/api/v2/form-definitions/01706afa-30b4-4ad3-9661-d04191e0db56"
    }
]