[
    {
        "uuid": "94e888b0-b86b-4c87-ab23-3c93a54bbb96",
        "name": "Uw vraag, wens of idee",
        "internal_name": "",
        "login_required": false,
        "authentication_backends": [],
        "slug": "uwvraagwensofidee",
        "url": "http://localhost/api/v2/forms/94e888b0-b86b-4c87-ab23-3c93a54bbb96",
        "show_progress_indicator": true,
        "maintenance_mode": false,
        "active": true,
        "is_deleted": false,
        "suspension_allowed": true,
        "send_confirmation_email": true,
        "display_main_website_link": true,
        "required_fields_with_asterisk": true,
        "resume_link_lifetime": 7,
        "hide_non_applicable_steps": true
    }
]