[
    {
        "uuid": "aae6b1e5-47c6-4192-b7cb-15cc2e43918a",
        "name": "Keuring gehandicaptenparkeerkaart aanvragen",
        "internal_name": "",
        "login_required": false,
        "authentication_backends": [],
        "slug": "keuringgehandicaptenparkeerkaartaanvragen",
        "url": "http://localhost/api/v2/forms/aae6b1e5-47c6-4192-b7cb-15cc2e43918a",
        "show_progress_indicator": true,
        "maintenance_mode": false,
        "active": true,
        "is_deleted": false,
        "suspension_allowed": true,
        "send_confirmation_email": true,
        "display_main_website_link": true,
        "required_fields_with_asterisk": true,
        "resume_link_lifetime": 7,
        "hide_non_applicable_steps": true
    }
]