[
    {
        "uuid": "d3b81ecc-27d0-4499-a015-87be14b22dfe",
        "index": "0",
        "slug": "algemeen",
        "form_definition": "http://localhost/api/v2/form-definitions/54b0e880-1ba1-4c69-a09e-367147afb5fd"
    },
    {
        "uuid": "536972c0-1a14-46c2-aa97-6b09a126901c",
        "index": "1",
        "slug": "documenten-meesturen",
        "form_definition": "http://localhost/api/v2/form-definitions/73bd006c-c5ea-4795-9afa-dcf3250fc5f1"
    },
    {
        "uuid": "e3c469be-0f72-4f66-823c-eb30f675599d",
        "index": "2",
        "slug": "aanvraag",
        "form_definition": "http://localhost/api/v2/form-definitions/27d2a614-8903-4813-b8ef-3c3b9816aad4"
    },
    {
        "uuid": "42c26b63-6dcb-47c0-9af0-ff0c547344eb",
        "index": "3",
        "slug": "uw-gegevens",
        "form_definition": "http://localhost/api/v2/form-definitions/73114e76-91c6-4f47-8bf7-3552308d00ad"
    },
    {
        "uuid": "a428079c-f29b-4f9d-85c8-03d1ef5eba34",
        "index": "4",
        "slug": "gegevens-kind",
        "form_definition": "http://localhost/api/v2/form-definitions/7df4d366-eeb6-47ac-a37a-262e75f62d5a"
    },
    {
        "uuid": "c8ba8663-89e9-445b-b763-319567994216",
        "index": "5",
        "slug": "contactgegevens",
        "form_definition": "http://localhost/api/v2/form-definitions/c50a40a8-19bc-4458-980a-406fd7ee49b9"
    },
    {
        "uuid": "de695bc0-2584-4f3d-8511-4d0fdb8d48a4",
        "index": "6",
        "slug": "bijlagen",
        "form_definition": "http://localhost/api/v2/form-definitions/2b54d694-1424-48f6-9968-44dfe3a4bb40"
    }
]