[
    {
        "uuid": "f036f5f4-3639-4e50-8f7f-70b41e58fcdc",
        "name": "Paspoort of identiteitskaart aanvragen voor Neder",
        "internal_name": "",
        "login_required": false,
        "authentication_backends": [],
        "slug": "paspoortofidentiteitskaartaanvragenvoornederlande",
        "url": "http://localhost/api/v2/forms/f036f5f4-3639-4e50-8f7f-70b41e58fcdc",
        "show_progress_indicator": true,
        "maintenance_mode": false,
        "active": true,
        "is_deleted": false,
        "suspension_allowed": true,
        "send_confirmation_email": true,
        "display_main_website_link": true,
        "required_fields_with_asterisk": true,
        "resume_link_lifetime": 7,
        "hide_non_applicable_steps": true
    }
]