[
    {
        "uuid": "083d5bef-09e3-4440-9928-271d9afff65e",
        "name": "Subsidie aanvragen om het Nijmeegse culturele net",
        "internal_name": "",
        "login_required": false,
        "authentication_backends": [],
        "slug": "subsidieaanvragenomhetnijmeegseculturelenetwerkte",
        "url": "http://localhost/api/v2/forms/083d5bef-09e3-4440-9928-271d9afff65e",
        "show_progress_indicator": true,
        "maintenance_mode": false,
        "active": true,
        "is_deleted": false,
        "suspension_allowed": true,
        "send_confirmation_email": true,
        "display_main_website_link": true,
        "required_fields_with_asterisk": true,
        "resume_link_lifetime": 7,
        "hide_non_applicable_steps": true
    }
]