[
    {
        "uuid": "a964f08c-9b94-4976-8f0f-b4641fb62e01",
        "index": "0",
        "slug": "uw-gegevens",
        "form_definition": "http://localhost/api/v2/form-definitions/76bc4890-0bf0-45b2-b166-9a7527c96000"
    },
    {
        "uuid": "74e19ea6-e2a5-45fb-b51b-d4c13f469b3d",
        "index": "1",
        "slug": "iban",
        "form_definition": "http://localhost/api/v2/form-definitions/e2c9e620-006b-4488-adc4-5f75277fee7f"
    },
    {
        "uuid": "dc1f767e-061f-41ba-88a9-5774ee855ad3",
        "index": "2",
        "slug": "subsidie",
        "form_definition": "http://localhost/api/v2/form-definitions/48c841a4-6d1d-4267-aa6b-d69c9dd2b0ef"
    },
    {
        "uuid": "42c69a09-bbbf-4427-b192-13d8c6f6bb1b",
        "index": "3",
        "slug": "bijlagen",
        "form_definition": "http://localhost/api/v2/form-definitions/5c84bdcc-c13f-4231-aacf-fada851db004"
    }
]