[
    {
        "uuid": "27bff9ad-ff31-4c64-860c-18dbdf217a55",
        "name": "Toestemming aanvragen fiets parkeren",
        "internal_name": "",
        "login_required": false,
        "authentication_backends": [],
        "slug": "toestemmingaanvragenfietsparkeren",
        "url": "http://localhost/api/v2/forms/27bff9ad-ff31-4c64-860c-18dbdf217a55",
        "show_progress_indicator": true,
        "maintenance_mode": false,
        "active": true,
        "is_deleted": false,
        "suspension_allowed": true,
        "send_confirmation_email": true,
        "display_main_website_link": true,
        "required_fields_with_asterisk": true,
        "resume_link_lifetime": 7,
        "hide_non_applicable_steps": true
    }
]