[
    {
        "uuid": "b90d1490-9f95-4a82-aa2c-877cd556a7cb",
        "name": "Doelgroepverklaring aanvragen",
        "internal_name": "",
        "login_required": false,
        "authentication_backends": [],
        "slug": "doelgroepverklaringaanvragen",
        "url": "http://localhost/api/v2/forms/b90d1490-9f95-4a82-aa2c-877cd556a7cb",
        "show_progress_indicator": true,
        "maintenance_mode": false,
        "active": true,
        "is_deleted": false,
        "suspension_allowed": true,
        "send_confirmation_email": true,
        "display_main_website_link": true,
        "required_fields_with_asterisk": true,
        "resume_link_lifetime": 7,
        "hide_non_applicable_steps": true
    }
]