[
    {
        "uuid": "186dcc6e-f039-445c-ab2e-2a6eda1dd6e6",
        "name": "tussentijdsopslaantestjoost",
        "internal_name": "",
        "login_required": false,
        "authentication_backends": [],
        "slug": "tussentijdsopslaantestjoost",
        "url": "http://localhost/api/v2/forms/186dcc6e-f039-445c-ab2e-2a6eda1dd6e6",
        "show_progress_indicator": true,
        "maintenance_mode": false,
        "active": true,
        "is_deleted": false,
        "suspension_allowed": true,
        "send_confirmation_email": true,
        "display_main_website_link": true,
        "required_fields_with_asterisk": true,
        "resume_link_lifetime": 7,
        "hide_non_applicable_steps": true
    }
]