[
    {
        "uuid": "9da47b0b-a8dc-4a35-bc48-edfe3f287d50",
        "name": "Stel uw vraag over sport en bewegen",
        "internal_name": "",
        "login_required": false,
        "authentication_backends": [],
        "slug": "steluwvraagoversportenbewegen",
        "url": "http://localhost/api/v2/forms/9da47b0b-a8dc-4a35-bc48-edfe3f287d50",
        "show_progress_indicator": true,
        "maintenance_mode": false,
        "active": true,
        "is_deleted": false,
        "suspension_allowed": true,
        "send_confirmation_email": true,
        "display_main_website_link": true,
        "required_fields_with_asterisk": true,
        "resume_link_lifetime": 7,
        "hide_non_applicable_steps": true
    }
]