[
    {
        "url": "http://localhost/api/v2/form-definitions/f9b44b8a-52b9-4ac4-bd5f-2cb1bd722c82",
        "uuid": "f9b44b8a-52b9-4ac4-bd5f-2cb1bd722c82",
        "name": "Uw vraag",
        "slug": "uw-vraag",
        "configuration": {
            "display": "form",
            "components": [
                {
                    "html": "<h2>Stel uw vraag over sport en bewegen</h2>",
                    "label": "Content",
                    "refreshOnChange": false,
                    "key": "content",
                    "type": "content",
                    "input": false,
                    "tableView": false
                },
                {
                    "label": "Voornaam",
                    "tableView": true,
                    "validate": {
                        "required": true
                    },
                    "key": "voornaam",
                    "type": "textfield",
                    "input": true,
                    "prefill": {
                        "plugin": "",
                        "attribute": "",
                        "identifierRole": "main"
                    }
                },
                {
                    "label": "Achternaam",
                    "tableView": true,
                    "validate": {
                        "required": true
                    },
                    "key": "achternaam",
                    "type": "textfield",
                    "input": true,
                    "prefill": {
                        "plugin": "",
                        "attribute": "",
                        "identifierRole": "main"
                    }
                },
                {
                    "label": "E-mailadres",
                    "tableView": true,
                    "validateOn": "blur",
                    "validate": {
                        "required": true
                    },
                    "key": "eMailadres",
                    "type": "email",
                    "input": true
                },
                {
                    "label": "Telefoonnummer",
                    "tableView": true,
                    "validate": {
                        "required": true
                    },
                    "key": "telefoonnummer",
                    "type": "textfield",
                    "input": true,
                    "prefill": {
                        "plugin": "",
                        "attribute": "",
                        "identifierRole": "main"
                    }
                },
                {
                    "label": "Ik heb",
                    "optionsLabelPosition": "right",
                    "inline": false,
                    "tableView": false,
                    "values": [
                        {
                            "label": "een vraag over sport en bewegen voor de buurtsportcoaches in mijn wijk ",
                            "value": "buurtsportcoach",
                            "shortcut": ""
                        },
                        {
                            "label": "een vraag over aangepast sporten voor mensen met een beperking ",
                            "value": "beperking",
                            "shortcut": ""
                        },
                        {
                            "label": "een andere vraag over sport en bewegen",
                            "value": "anders",
                            "shortcut": ""
                        }
                    ],
                    "validate": {
                        "required": true
                    },
                    "key": "vraag",
                    "type": "radio",
                    "input": true
                },
                {
                    "label": "Ik heb een vraag aan de buurtsportcoach van het team",
                    "optionsLabelPosition": "right",
                    "inline": false,
                    "tableView": false,
                    "values": [
                        {
                            "label": "Midden-Zuid",
                            "value": "middenZuid",
                            "shortcut": ""
                        },
                        {
                            "label": "Noord",
                            "value": "noord",
                            "shortcut": ""
                        },
                        {
                            "label": "Oost",
                            "value": "oost",
                            "shortcut": ""
                        },
                        {
                            "label": "Centrum",
                            "value": "centrum",
                            "shortcut": ""
                        },
                        {
                            "label": "Dukenburg",
                            "value": "dukenburg",
                            "shortcut": ""
                        },
                        {
                            "label": "Lindenholt",
                            "value": "lindenholt",
                            "shortcut": ""
                        },
                        {
                            "label": "West",
                            "value": "west",
                            "shortcut": ""
                        }
                    ],
                    "validate": {
                        "required": true
                    },
                    "key": "team",
                    "type": "radio",
                    "input": true
                },
                {
                    "label": "Mijn vraag",
                    "tableView": true,
                    "inputFormat": "plain",
                    "validate": {
                        "required": true
                    },
                    "key": "mijnVraag",
                    "type": "textarea",
                    "input": true,
                    "autoExpand": false
                },
                {
                    "label": "Columns",
                    "columns": [
                        {
                            "components": [],
                            "width": 3,
                            "offset": 0,
                            "push": 0,
                            "pull": 0,
                            "size": "sm",
                            "currentWidth": 3
                        },
                        {
                            "components": [],
                            "size": "md",
                            "width": 6,
                            "offset": 0,
                            "push": 0,
                            "pull": 0,
                            "currentWidth": 6
                        }
                    ],
                    "key": "columns",
                    "type": "columns",
                    "input": false,
                    "tableView": false
                }
            ]
        }
    }
]