[
    {
        "uuid": "fe8a167d-b295-4103-948d-5e48a77226dc",
        "name": "Aanmelden sportactiviteit oud",
        "internal_name": "",
        "login_required": false,
        "authentication_backends": [],
        "slug": "aanmeldensportactiviteitoud",
        "url": "http://localhost/api/v2/forms/fe8a167d-b295-4103-948d-5e48a77226dc",
        "show_progress_indicator": true,
        "maintenance_mode": false,
        "active": true,
        "is_deleted": false,
        "suspension_allowed": true,
        "send_confirmation_email": true,
        "display_main_website_link": true,
        "required_fields_with_asterisk": true,
        "resume_link_lifetime": 7,
        "hide_non_applicable_steps": true
    }
]