[
    {
        "url": "http://localhost/api/v2/form-definitions/ac863414-8a22-47bd-9d28-8085be8dd255",
        "uuid": "ac863414-8a22-47bd-9d28-8085be8dd255",
        "name": "Aanmelden",
        "slug": "aanmelden",
        "configuration": {
            "display": "form",
            "components": [
                {
                    "label": "Ik meld aan:",
                    "optionsLabelPosition": "right",
                    "inline": false,
                    "tableView": false,
                    "values": [
                        {
                            "label": "een volwassene (18 jaar of ouder)",
                            "value": "a",
                            "shortcut": ""
                        },
                        {
                            "label": "een kind (17 jaar of jonger)",
                            "value": "b",
                            "shortcut": ""
                        }
                    ],
                    "validate": {
                        "required": true
                    },
                    "key": "ikMeldAan",
                    "type": "radio",
                    "input": true
                },
                {
                    "label": "Columns",
                    "columns": [
                        {
                            "components": [],
                            "width": 3,
                            "offset": 0,
                            "push": 0,
                            "pull": 0,
                            "size": "sm",
                            "currentWidth": 3
                        },
                        {
                            "components": [],
                            "width": 6,
                            "offset": 0,
                            "push": 0,
                            "pull": 0,
                            "size": "md",
                            "currentWidth": 6
                        }
                    ],
                    "key": "columns",
                    "type": "columns",
                    "input": false,
                    "tableView": false
                }
            ]
        }
    },
    {
        "url": "http://localhost/api/v2/form-definitions/4aa1c030-d69e-45d0-9d5f-ca45ff806795",
        "uuid": "4aa1c030-d69e-45d0-9d5f-ca45ff806795",
        "name": "Gegevens kind",
        "slug": "gegevens-kind",
        "configuration": {
            "display": "form",
            "components": [
                {
                    "label": "Voornaam kind",
                    "tableView": true,
                    "validate": {
                        "required": true
                    },
                    "key": "voornaamKind",
                    "type": "textfield",
                    "input": true,
                    "prefill": {
                        "plugin": "",
                        "attribute": "",
                        "identifierRole": "main"
                    }
                },
                {
                    "label": "Achternaam kind",
                    "tableView": true,
                    "validate": {
                        "required": true
                    },
                    "key": "achternaamKind",
                    "type": "textfield",
                    "input": true,
                    "prefill": {
                        "plugin": "",
                        "attribute": "",
                        "identifierRole": "main"
                    }
                },
                {
                    "label": "Leeftijd kind",
                    "tableView": true,
                    "validate": {
                        "required": true,
                        "pattern": "1[0-7]|[1-9]",
                        "customMessage": "Vul hier alleen leeftijd in tussen 1 en 17 jaar"
                    },
                    "key": "leeftijdKind",
                    "type": "textfield",
                    "input": true,
                    "prefill": {
                        "plugin": "",
                        "attribute": "",
                        "identifierRole": "main"
                    }
                },
                {
                    "label": "Soort onderwijs dat uw kind volgt",
                    "optionsLabelPosition": "right",
                    "inline": false,
                    "tableView": false,
                    "values": [
                        {
                            "label": "basisonderwijs",
                            "value": "a",
                            "shortcut": ""
                        },
                        {
                            "label": "voortgezet onderwijs",
                            "value": "b",
                            "shortcut": ""
                        },
                        {
                            "label": "mijn kind volgt (nog) geen onderwijs",
                            "value": "c",
                            "shortcut": ""
                        }
                    ],
                    "validate": {
                        "required": true
                    },
                    "key": "soortOnderwijsDatUwKindVolgt",
                    "type": "radio",
                    "input": true
                },
                {
                    "components": [
                        {
                            "label": "School",
                            "widget": "choicesjs",
                            "tableView": true,
                            "data": {
                                "values": [
                                    {
                                        "label": "Brakkenstein",
                                        "value": "Brakkenstein"
                                    },
                                    {
                                        "label": "De Akker",
                                        "value": "de Akker"
                                    },
                                    {
                                        "label": "De Aldenhove",
                                        "value": "de Aldenhove"
                                    },
                                    {
                                        "label": "De Aquamarijn",
                                        "value": "de Aquamarijn"
                                    },
                                    {
                                        "label": "De Bloemberg",
                                        "value": "de Bloemberg"
                                    },
                                    {
                                        "label": "De Boomgaard",
                                        "value": "de Boomgaard"
                                    },
                                    {
                                        "label": "De Buut (Hugo de Grootstraat)",
                                        "value": "de Buut (Hugo de Grootstraat)"
                                    },
                                    {
                                        "label": "De Driemaster",
                                        "value": "de Driemaster"
                                    },
                                    {
                                        "label": "De Dukendonck",
                                        "value": "de Dukendonck"
                                    },
                                    {
                                        "label": "De Geldershof",
                                        "value": "de Geldershof"
                                    },
                                    {
                                        "label": "De Hazensprong",
                                        "value": "de Hazensprong"
                                    },
                                    {
                                        "label": "De Kleine Wereld",
                                        "value": "de Kleine Wereld"
                                    },
                                    {
                                        "label": "De Klokkenberg",
                                        "value": "de Klokkenberg"
                                    },
                                    {
                                        "label": "De Klumpert",
                                        "value": "de Klumpert"
                                    },
                                    {
                                        "label": "De Lanteerne",
                                        "value": "de Lanteerne"
                                    },
                                    {
                                        "label": "De Lindenhoeve",
                                        "value": "de Lindenhoeve"
                                    },
                                    {
                                        "label": "De Luithorst",
                                        "value": "de Luithorst"
                                    },
                                    {
                                        "label": "De Meiboom",
                                        "value": "de Meiboom"
                                    },
                                    {
                                        "label": "De Muze",
                                        "value": "de Muze"
                                    },
                                    {
                                        "label": "De Oversteek",
                                        "value": "de Oversteek"
                                    },
                                    {
                                        "label": "De Sterredans",
                                        "value": "de Sterredans"
                                    },
                                    {
                                        "label": "De Uitdaging",
                                        "value": "de Uitdaging"
                                    },
                                    {
                                        "label": "De Verbinding",
                                        "value": "de Verbinding"
                                    },
                                    {
                                        "label": "De Verwondering",
                                        "value": "de Verwondering"
                                    },
                                    {
                                        "label": "De Wieken",
                                        "value": "de Wieken"
                                    },
                                    {
                                        "label": "De Windroos (Goffert)",
                                        "value": "de Windroos (Goffert)"
                                    },
                                    {
                                        "label": "De Windroos (Lent)",
                                        "value": "de Windroos (Lent)"
                                    },
                                    {
                                        "label": "De Windroos SBO (Lindenholt)",
                                        "value": "de Windroos SBO (Lindenholt)"
                                    },
                                    {
                                        "label": "De Kleurencirkel",
                                        "value": "de Kleurencirkel"
                                    },
                                    {
                                        "label": "De Wingerd",
                                        "value": "de Wingerd"
                                    },
                                    {
                                        "label": "De Zonnewende",
                                        "value": "de Zonnewende"
                                    },
                                    {
                                        "label": "Entrea - Tapirstraat",
                                        "value": "Entrea - Tapirstraat"
                                    },
                                    {
                                        "label": "Het Kleurrijk",
                                        "value": "het Kleurrijk"
                                    },
                                    {
                                        "label": "TOON",
                                        "value": "Toon"
                                    },
                                    {
                                        "label": "Het Talent",
                                        "value": "het Talent"
                                    },
                                    {
                                        "label": "Hidaya",
                                        "value": "Hidaya"
                                    },
                                    {
                                        "label": "Klein Heyendaal",
                                        "value": "Klein Heyendaal"
                                    },
                                    {
                                        "label": "Martinus van Beek school ",
                                        "value": "Martinus van Beek school"
                                    },
                                    {
                                        "label": "Meander Vrijeschool voor Basisonderwijs",
                                        "value": "Meander Vrijeschool voor Basisonderwijs"
                                    },
                                    {
                                        "label": "Michiel De Ruyterschool",
                                        "value": "Michiel de Ruyterschool"
                                    },
                                    {
                                        "label": "Montessori Nijmegen",
                                        "value": "Montessori Nijmegen"
                                    },
                                    {
                                        "label": "Montessorischool Dukenburg",
                                        "value": "Montessorischool Dukenburg"
                                    },
                                    {
                                        "label": "Montessorischool Lindenholt",
                                        "value": "Montessorischool Lindenholt"
                                    },
                                    {
                                        "label": "Nijmeegse Schoolvereniging",
                                        "value": "Nijmeegse Schoolvereniging"
                                    },
                                    {
                                        "label": "Nutschool Lankforst",
                                        "value": "Nutschool Lankforst"
                                    },
                                    {
                                        "label": "Petrus Canisius",
                                        "value": "Petrus Canisius"
                                    },
                                    {
                                        "label": "Prins Clausschool",
                                        "value": "Prins Clausschool"
                                    },
                                    {
                                        "label": "Prins Mauritschool",
                                        "value": "Prins Mauritschool"
                                    },
                                    {
                                        "label": "Sint Nicolaasschool Nijmegen",
                                        "value": "Sint Nicolaasschool Nijmegen"
                                    },
                                    {
                                        "label": "Vossenburcht",
                                        "value": "Vossenburcht"
                                    },
                                    {
                                        "label": "SamSam",
                                        "value": "samSam"
                                    },
                                    {
                                        "label": "Anders",
                                        "value": "anders"
                                    }
                                ]
                            },
                            "validate": {
                                "required": true
                            },
                            "key": "basisonderwijs",
                            "type": "select",
                            "input": true,
                            "searchThreshold": 0.3
                        }
                    ],
                    "key": "fieldSet-1-2-3-4-5-6",
                    "type": "fieldset",
                    "label": "Field Set",
                    "tree": false,
                    "input": false,
                    "hidden": false,
                    "legend": "",
                    "prefix": "",
                    "suffix": "",
                    "unique": false,
                    "widget": null,
                    "dbIndex": false,
                    "overlay": {
                        "top": "",
                        "left": "",
                        "style": "",
                        "width": "",
                        "height": ""
                    },
                    "tooltip": "",
                    "disabled": false,
                    "multiple": false,
                    "redrawOn": "",
                    "tabindex": "",
                    "validate": {
                        "custom": "",
                        "unique": false,
                        "multiple": false,
                        "required": false,
                        "customPrivate": false,
                        "strictDateValidation": false
                    },
                    "autofocus": false,
                    "encrypted": false,
                    "hideLabel": false,
                    "modalEdit": false,
                    "protected": false,
                    "refreshOn": "",
                    "tableView": false,
                    "attributes": {},
                    "errorLabel": "",
                    "hideHeader": false,
                    "persistent": false,
                    "properties": {},
                    "validateOn": "change",
                    "clearOnHide": true,
                    "customClass": "",
                    "description": "",
                    "placeholder": "",
                    "defaultValue": null,
                    "dataGridLabel": false,
                    "labelPosition": "top",
                    "showCharCount": false,
                    "showWordCount": false,
                    "calculateValue": "",
                    "calculateServer": false,
                    "allowMultipleMasks": false,
                    "customDefaultValue": "",
                    "allowCalculateOverride": false
                },
                {
                    "components": [
                        {
                            "label": "School",
                            "widget": "choicesjs",
                            "tableView": true,
                            "data": {
                                "values": [
                                    {
                                        "label": "Canisius College",
                                        "value": "Canisius College"
                                    },
                                    {
                                        "label": "Citadel College (Dijkstraat)",
                                        "value": "Citadel College (Dijkstraat)"
                                    },
                                    {
                                        "label": "Citadel College (Griftdijk)",
                                        "value": "Citadel College (Griftdijk)"
                                    },
                                    {
                                        "label": "Dominicus College",
                                        "value": "Dominicus College"
                                    },
                                    {
                                        "label": "Flex College",
                                        "value": "Flex College"
                                    },
                                    {
                                        "label": "Helicon",
                                        "value": "Helicon"
                                    },
                                    {
                                        "label": "Hunnerberg (Kristallis)",
                                        "value": "Hunnerberg (Kristallis)"
                                    },
                                    {
                                        "label": "Joris Mavo",
                                        "value": "Joris Mavo"
                                    },
                                    {
                                        "label": "Kandinsky Malderburcht",
                                        "value": "Kandinsky Malderburcht"
                                    },
                                    {
                                        "label": "Karel de Grote College",
                                        "value": "Karel de Grote College"
                                    },
                                    {
                                        "label": "Kristallis H400",
                                        "value": "Kristallis H400"
                                    },
                                    {
                                        "label": "Kristallis PNB",
                                        "value": "Kristallis PNB"
                                    },
                                    {
                                        "label": "De Marwindt",
                                        "value": "de Marwindt"
                                    },
                                    {
                                        "label": "Modnial College (Leuvensbroek)",
                                        "value": "Modnial College (Leuvensbroek)"
                                    },
                                    {
                                        "label": "Mondial College (Meeuwse Acker)",
                                        "value": "Mondial College (MeeuwseAcker)"
                                    },
                                    {
                                        "label": "Montessori College ",
                                        "value": "Montessori College"
                                    },
                                    {
                                        "label": "NSG Groenewoud",
                                        "value": "NSG Groenewoud"
                                    },
                                    {
                                        "label": "Pontem College",
                                        "value": "Pontem College"
                                    },
                                    {
                                        "label": "Pro College",
                                        "value": "Pro College"
                                    },
                                    {
                                        "label": "Het Rijks (Goffert)",
                                        "value": "het Rijks (Goffert)"
                                    },
                                    {
                                        "label": "Het Rijks (Hatersteweg)",
                                        "value": "het Rijks (Hatersteweg)"
                                    },
                                    {
                                        "label": "SSGN",
                                        "value": "SSGN"
                                    },
                                    {
                                        "label": "Stedelijk Gymnasium",
                                        "value": "Stedelijk Gymnasium"
                                    },
                                    {
                                        "label": "Talita Koemi",
                                        "value": "Talita Koemi"
                                    },
                                    {
                                        "label": "Tarcisiusschool",
                                        "value": "Tarcisiusschool"
                                    },
                                    {
                                        "label": "Anders",
                                        "value": "anders"
                                    }
                                ]
                            },
                            "validate": {
                                "required": true
                            },
                            "key": "voortgezetOnderwijs",
                            "type": "select",
                            "input": true,
                            "searchThreshold": 0.3
                        }
                    ],
                    "key": "fieldSet-1-2-3-4-5",
                    "type": "fieldset",
                    "label": "Field Set",
                    "tree": false,
                    "input": false,
                    "hidden": false,
                    "legend": "",
                    "prefix": "",
                    "suffix": "",
                    "unique": false,
                    "widget": null,
                    "dbIndex": false,
                    "overlay": {
                        "top": "",
                        "left": "",
                        "style": "",
                        "width": "",
                        "height": ""
                    },
                    "tooltip": "",
                    "disabled": false,
                    "multiple": false,
                    "redrawOn": "",
                    "tabindex": "",
                    "validate": {
                        "custom": "",
                        "unique": false,
                        "multiple": false,
                        "required": false,
                        "customPrivate": false,
                        "strictDateValidation": false
                    },
                    "autofocus": false,
                    "encrypted": false,
                    "hideLabel": false,
                    "modalEdit": false,
                    "protected": false,
                    "refreshOn": "",
                    "tableView": false,
                    "attributes": {},
                    "errorLabel": "",
                    "hideHeader": false,
                    "persistent": false,
                    "properties": {},
                    "validateOn": "change",
                    "clearOnHide": true,
                    "customClass": "",
                    "description": "",
                    "placeholder": "",
                    "defaultValue": null,
                    "dataGridLabel": false,
                    "labelPosition": "top",
                    "showCharCount": false,
                    "showWordCount": false,
                    "calculateValue": "",
                    "calculateServer": false,
                    "allowMultipleMasks": false,
                    "customDefaultValue": "",
                    "allowCalculateOverride": false
                },
                {
                    "label": "Columns",
                    "columns": [
                        {
                            "components": [],
                            "width": 3,
                            "offset": 0,
                            "push": 0,
                            "pull": 0,
                            "size": "sm",
                            "currentWidth": 3
                        },
                        {
                            "components": [],
                            "width": 3,
                            "offset": 0,
                            "push": 0,
                            "pull": 0,
                            "size": "sm",
                            "currentWidth": 3
                        }
                    ],
                    "key": "columns3",
                    "type": "columns",
                    "input": false,
                    "tableView": false
                }
            ]
        }
    },
    {
        "url": "http://localhost/api/v2/form-definitions/3b9f7ac7-813f-4760-96d3-08b9fdd24e78",
        "uuid": "3b9f7ac7-813f-4760-96d3-08b9fdd24e78",
        "name": "Uw gegevens",
        "slug": "uw-gegevens",
        "configuration": {
            "display": "form",
            "components": [
                {
                    "label": "Voornaam",
                    "autocomplete": "given-name",
                    "tableView": true,
                    "validate": {
                        "required": true
                    },
                    "key": "voornaam",
                    "type": "textfield",
                    "input": true,
                    "prefill": {
                        "plugin": "",
                        "attribute": "",
                        "identifierRole": "main"
                    }
                },
                {
                    "label": "Achternaam",
                    "autocomplete": "family-name",
                    "tableView": true,
                    "validate": {
                        "required": true
                    },
                    "key": "achternaam",
                    "type": "textfield",
                    "input": true,
                    "prefill": {
                        "plugin": "",
                        "attribute": "",
                        "identifierRole": "main"
                    }
                },
                {
                    "label": "Geboortedatum",
                    "placeholder": "dag-maand-jaar",
                    "tableView": false,
                    "enableMinDateInput": false,
                    "datePicker": {
                        "disableWeekends": false,
                        "disableWeekdays": false
                    },
                    "enableMaxDateInput": false,
                    "timePicker": {
                        "hourStep": "",
                        "minuteStep": "",
                        "showMeridian": false
                    },
                    "validate": {
                        "required": true,
                        "custom": "var today = new Date();\n\nvar dateSplitted = input.split('-');\nvar ingevuldeDatum = new Date(dateSplitted[2], dateSplitted[1] - 1, dateSplitted[0]);\nvar verschil = new Date(new Date() - ingevuldeDatum).getFullYear() - 1970;\n\nif((verschil >= 18) && (verschil <= 99)){\n  valid = true;\n} else{\n  valid = 'Ingevulde geboortedatum mag niet jonger dan 18 jaar en ouder dan 99 jaar zijn';\n}"
                    },
                    "key": "geboortedatum",
                    "type": "datetime",
                    "input": true,
                    "widget": {
                        "type": "calendar",
                        "displayInTimezone": "viewer",
                        "locale": "nl",
                        "useLocaleSettings": false,
                        "allowInput": true,
                        "mode": "single",
                        "enableTime": false,
                        "noCalendar": false,
                        "format": "dd-MM-yyyy",
                        "time_24hr": true,
                        "minDate": null,
                        "disableWeekends": false,
                        "disableWeekdays": false,
                        "maxDate": null
                    }
                },
                {
                    "label": "Telefoonnummer",
                    "tableView": true,
                    "validate": {
                        "required": true
                    },
                    "key": "telefoonnummer",
                    "type": "textfield",
                    "input": true,
                    "prefill": {
                        "plugin": "",
                        "attribute": "",
                        "identifierRole": "main"
                    }
                },
                {
                    "label": "E-mailadres",
                    "tableView": true,
                    "validateOn": "blur",
                    "validate": {
                        "required": true
                    },
                    "key": "eMailadres",
                    "type": "email",
                    "input": true
                },
                {
                    "label": "Voornaam en achternaam van de persoon met wie contact opgenomen kan worden bij noodgevallen",
                    "tableView": true,
                    "validate": {
                        "required": true
                    },
                    "key": "contactpersoon",
                    "type": "textfield",
                    "input": true,
                    "prefill": {
                        "plugin": "",
                        "attribute": "",
                        "identifierRole": "main"
                    }
                },
                {
                    "label": "Telefoonnummer bij noodgevallen",
                    "tableView": true,
                    "validate": {
                        "required": true
                    },
                    "key": "telefoonnummerBijNoodgevallen",
                    "type": "textfield",
                    "input": true,
                    "prefill": {
                        "plugin": "",
                        "attribute": "",
                        "identifierRole": "main"
                    }
                },
                {
                    "label": "Columns",
                    "columns": [
                        {
                            "components": [],
                            "width": 3,
                            "offset": 0,
                            "push": 0,
                            "pull": 0,
                            "size": "sm",
                            "currentWidth": 3
                        },
                        {
                            "components": [],
                            "width": 3,
                            "offset": 0,
                            "push": 0,
                            "pull": 0,
                            "size": "sm",
                            "currentWidth": 3
                        }
                    ],
                    "key": "columns1",
                    "type": "columns",
                    "input": false,
                    "tableView": false
                }
            ]
        }
    },
    {
        "url": "http://localhost/api/v2/form-definitions/1d6206cf-92ca-4f21-8d9f-1b1f0b0cc01f",
        "uuid": "1d6206cf-92ca-4f21-8d9f-1b1f0b0cc01f",
        "name": "Gegevens 2e contactpersoon",
        "slug": "gegevens-2e-contactpersoon",
        "configuration": {
            "display": "form",
            "components": [
                {
                    "label": "Voornaam",
                    "tableView": true,
                    "key": "voornaam2",
                    "type": "textfield",
                    "input": true,
                    "prefill": {
                        "plugin": "",
                        "attribute": "",
                        "identifierRole": "main"
                    }
                },
                {
                    "label": "Achternaam",
                    "tableView": true,
                    "key": "achternaam2",
                    "type": "textfield",
                    "input": true,
                    "prefill": {
                        "plugin": "",
                        "attribute": "",
                        "identifierRole": "main"
                    }
                },
                {
                    "label": "Telefoonnummer",
                    "tableView": true,
                    "key": "telefoonnummer2",
                    "type": "textfield",
                    "input": true,
                    "prefill": {
                        "plugin": "",
                        "attribute": "",
                        "identifierRole": "main"
                    }
                },
                {
                    "label": "E-mailadres",
                    "tableView": true,
                    "validateOn": "blur",
                    "key": "eMailadres2",
                    "type": "email",
                    "input": true
                },
                {
                    "label": "Columns",
                    "columns": [
                        {
                            "components": [],
                            "width": 3,
                            "offset": 0,
                            "push": 0,
                            "pull": 0,
                            "size": "sm",
                            "currentWidth": 3
                        },
                        {
                            "components": [],
                            "width": 3,
                            "offset": 0,
                            "push": 0,
                            "pull": 0,
                            "size": "sm",
                            "currentWidth": 3
                        }
                    ],
                    "key": "columns5",
                    "type": "columns",
                    "input": false,
                    "tableView": false
                }
            ]
        }
    },
    {
        "url": "http://localhost/api/v2/form-definitions/e490848d-06e5-46b6-baf8-cb081e8de9a5",
        "uuid": "e490848d-06e5-46b6-baf8-cb081e8de9a5",
        "name": "Sportactiviteiten",
        "slug": "sportactiviteiten",
        "configuration": {
            "display": "form",
            "components": [
                {
                    "label": "In welk stadsdeel wilt u meedoen aan sportactiviteiten? Bekijk de stadsdelen.",
                    "attrs": [
                        {
                            "attr": "",
                            "value": ""
                        }
                    ],
                    "content": "In welk stadsdeel wilt u meedoen aan sportactiviteiten? Bekijk <a href=\"https://www.nijmegen.nl/diensten/wijken/stadsdelen-wijken-en-buurten\" target=\"_blank\">de stadsdelen</a>.",
                    "refreshOnChange": false,
                    "key": "inWelkStadsdeelWiltUMeedoenAanSportactiviteitenBekijkDeStadsdelen",
                    "type": "content",
                    "input": false,
                    "tableView": false,
                    "html": "In welk stadsdeel wilt u meedoen aan sportactiviteiten? Bekijk <a href=\"https://www.nijmegen.nl/diensten/wijken/stadsdelen-wijken-en-buurten\" target=\"_blank\">de stadsdelen</a>."
                },
                {
                    "label": "In welk stadsdeel wilt uw kind meedoen aan sportactiviteiten? Bekijk de stadsdelen.",
                    "attrs": [
                        {
                            "attr": "",
                            "value": ""
                        }
                    ],
                    "content": "In welk stadsdeel wilt uw kind meedoen aan sportactiviteiten? Bekijk <a href=\"https://www.nijmegen.nl/diensten/wijken/stadsdelen-wijken-en-buurten\" target=\"_blank\">de stadsdelen</a>.",
                    "refreshOnChange": false,
                    "key": "inWelkStadsdeelWiltUMeedoenAanSportactiviteitenBekijkDeStadsdelen1",
                    "type": "content",
                    "input": false,
                    "tableView": false,
                    "html": "In welk stadsdeel wilt uw kind meedoen aan sportactiviteiten? Bekijk <a href=\"https://www.nijmegen.nl/diensten/wijken/stadsdelen-wijken-en-buurten\" target=\"_blank\">de stadsdelen</a>."
                },
                {
                    "label": "Welke bouwmaterialen wilt u plaatsen? Beantwoordt per bouwmateriaal dat u gaat plaatsen deze vragen:",
                    "reorder": false,
                    "addAnotherPosition": "bottom",
                    "layoutFixed": false,
                    "enableRowGroups": false,
                    "initEmpty": false,
                    "tableView": false,
                    "defaultValue": [
                        {}
                    ],
                    "key": "welkeBouwmaterialenWiltUPlaatsenBeantwoordtPerBouwmateriaalDatUGaatPlaatsenDezeVragen",
                    "type": "datagrid",
                    "input": true,
                    "components": [
                        {
                            "components": [
                                {
                                    "label": "Stadsdeel",
                                    "widget": "choicesjs",
                                    "tableView": true,
                                    "data": {
                                        "values": [
                                            {
                                                "label": "steiger (per gebouw",
                                                "value": "i"
                                            },
                                            {
                                                "label": "hoogwerker",
                                                "value": "ii"
                                            },
                                            {
                                                "label": "puinbak",
                                                "value": "iii"
                                            },
                                            {
                                                "label": "afzetcontainer",
                                                "value": "iv"
                                            },
                                            {
                                                "label": "bouwkeet",
                                                "value": "v"
                                            },
                                            {
                                                "label": "verhuisliftvi",
                                                "value": "vi"
                                            },
                                            {
                                                "label": "pompinstallatie",
                                                "value": "vii"
                                            },
                                            {
                                                "label": "eco-toilet",
                                                "value": "viii"
                                            },
                                            {
                                                "label": "mobiele kraan",
                                                "value": "ix"
                                            },
                                            {
                                                "label": "big bag zand of cement",
                                                "value": "x"
                                            },
                                            {
                                                "label": "pallet stenen of tegels",
                                                "value": "xi"
                                            },
                                            {
                                                "label": "anders",
                                                "value": "anders"
                                            }
                                        ]
                                    },
                                    "valueProperty": "value",
                                    "clearOnHide": false,
                                    "validate": {
                                        "required": true
                                    },
                                    "key": "stadsdeel",
                                    "type": "select",
                                    "input": true,
                                    "searchThreshold": 0.3
                                },
                                {
                                    "components": [
                                        {
                                            "label": "Lengte",
                                            "applyMaskOn": "change",
                                            "tableView": true,
                                            "validate": {
                                                "required": true,
                                                "pattern": "^\\d{ 0,4} (\\,\\d{ 0,2} )?$"
                                            },
                                            "key": "lengte",
                                            "type": "textfield",
                                            "input": true,
                                            "lang": "nl",
                                            "prefill": {
                                                "plugin": "",
                                                "attribute": "",
                                                "identifierRole": "main"
                                            }
                                        }
                                    ],
                                    "key": "fieldSet-1-2-3-4",
                                    "type": "fieldset",
                                    "label": "Field Set",
                                    "tree": false,
                                    "input": false,
                                    "hidden": false,
                                    "legend": "",
                                    "prefix": "",
                                    "suffix": "",
                                    "unique": false,
                                    "widget": null,
                                    "dbIndex": false,
                                    "overlay": {
                                        "top": "",
                                        "left": "",
                                        "style": "",
                                        "width": "",
                                        "height": ""
                                    },
                                    "tooltip": "",
                                    "disabled": false,
                                    "multiple": false,
                                    "redrawOn": "",
                                    "tabindex": "",
                                    "validate": {
                                        "custom": "",
                                        "unique": false,
                                        "multiple": false,
                                        "required": false,
                                        "customPrivate": false,
                                        "strictDateValidation": false
                                    },
                                    "autofocus": false,
                                    "encrypted": false,
                                    "hideLabel": false,
                                    "modalEdit": false,
                                    "protected": false,
                                    "refreshOn": "",
                                    "tableView": false,
                                    "attributes": {},
                                    "errorLabel": "",
                                    "hideHeader": false,
                                    "persistent": false,
                                    "properties": {},
                                    "validateOn": "change",
                                    "clearOnHide": true,
                                    "conditional": {
                                        "eq": "",
                                        "show": null,
                                        "when": null
                                    },
                                    "customClass": "",
                                    "description": "",
                                    "placeholder": "",
                                    "defaultValue": null,
                                    "dataGridLabel": false,
                                    "labelPosition": "top",
                                    "showCharCount": false,
                                    "showWordCount": false,
                                    "calculateValue": "",
                                    "calculateServer": false,
                                    "allowMultipleMasks": false,
                                    "customDefaultValue": "",
                                    "allowCalculateOverride": false
                                }
                            ],
                            "key": "fieldSet-1-2-3",
                            "type": "fieldset",
                            "label": "Field Set",
                            "tree": false,
                            "input": false,
                            "hidden": false,
                            "legend": "",
                            "prefix": "",
                            "suffix": "",
                            "unique": false,
                            "widget": null,
                            "dbIndex": false,
                            "overlay": {
                                "top": "",
                                "left": "",
                                "style": "",
                                "width": "",
                                "height": ""
                            },
                            "tooltip": "",
                            "disabled": false,
                            "multiple": false,
                            "redrawOn": "",
                            "tabindex": "",
                            "validate": {
                                "custom": "",
                                "unique": false,
                                "multiple": false,
                                "required": false,
                                "customPrivate": false,
                                "strictDateValidation": false
                            },
                            "autofocus": false,
                            "encrypted": false,
                            "hideLabel": false,
                            "modalEdit": false,
                            "protected": false,
                            "refreshOn": "",
                            "tableView": false,
                            "attributes": {},
                            "errorLabel": "",
                            "hideHeader": false,
                            "persistent": false,
                            "properties": {},
                            "validateOn": "change",
                            "clearOnHide": true,
                            "conditional": {
                                "eq": "",
                                "show": null,
                                "when": null
                            },
                            "customClass": "",
                            "description": "",
                            "placeholder": "",
                            "defaultValue": null,
                            "dataGridLabel": false,
                            "labelPosition": "top",
                            "showCharCount": false,
                            "showWordCount": false,
                            "calculateValue": "",
                            "calculateServer": false,
                            "allowMultipleMasks": false,
                            "customDefaultValue": "",
                            "allowCalculateOverride": false
                        }
                    ]
                },
                {
                    "label": "Houdt u zich aan de nadere regels bouwobjecten?",
                    "optionsLabelPosition": "right",
                    "inline": false,
                    "tableView": false,
                    "values": [
                        {
                            "label": "ja",
                            "value": "ja",
                            "shortcut": ""
                        },
                        {
                            "label": "nee",
                            "value": "nee",
                            "shortcut": ""
                        }
                    ],
                    "validate": {
                        "required": true
                    },
                    "key": "houdtUZichAanDeNadereRegelsBouwobjecten",
                    "type": "radio",
                    "input": true,
                    "lang": "nl"
                },
                {
                    "components": [
                        {
                            "label": "Stadsdeel",
                            "widget": "choicesjs",
                            "tableView": true,
                            "data": {
                                "values": [
                                    {
                                        "label": "Nijmegen-Noord",
                                        "value": "nijmegenNoord"
                                    },
                                    {
                                        "label": "Nijmegen-Centrum",
                                        "value": "nijmegenCentrum"
                                    },
                                    {
                                        "label": "Nijmegen-Oost",
                                        "value": "nijmegenOost"
                                    },
                                    {
                                        "label": "Nijmegen-Midden & Zuid",
                                        "value": "nijmegenMiddenZuid"
                                    },
                                    {
                                        "label": "Nijmegen-Oud & Nieuw-West",
                                        "value": "nijmegenOudNieuwWest"
                                    },
                                    {
                                        "label": "Dukenburg",
                                        "value": "dukenburg"
                                    },
                                    {
                                        "label": "Lindenholt",
                                        "value": "lindenholt"
                                    }
                                ]
                            },
                            "validate": {
                                "required": true
                            },
                            "key": "stadsdeel1",
                            "type": "select",
                            "input": true,
                            "searchThreshold": 0.3
                        }
                    ],
                    "key": "fieldSet-1-2",
                    "type": "fieldset",
                    "label": "Field Set",
                    "tree": false,
                    "input": false,
                    "hidden": false,
                    "legend": "",
                    "prefix": "",
                    "suffix": "",
                    "unique": false,
                    "widget": null,
                    "dbIndex": false,
                    "overlay": {
                        "top": "",
                        "left": "",
                        "style": "",
                        "width": "",
                        "height": ""
                    },
                    "tooltip": "",
                    "disabled": false,
                    "multiple": false,
                    "redrawOn": "",
                    "tabindex": "",
                    "validate": {
                        "custom": "",
                        "unique": false,
                        "multiple": false,
                        "required": false,
                        "customPrivate": false,
                        "strictDateValidation": false
                    },
                    "autofocus": false,
                    "encrypted": false,
                    "hideLabel": false,
                    "modalEdit": false,
                    "protected": false,
                    "refreshOn": "",
                    "tableView": false,
                    "attributes": {},
                    "errorLabel": "",
                    "hideHeader": false,
                    "persistent": false,
                    "properties": {},
                    "validateOn": "change",
                    "clearOnHide": true,
                    "customClass": "",
                    "description": "",
                    "placeholder": "",
                    "defaultValue": null,
                    "dataGridLabel": false,
                    "labelPosition": "top",
                    "showCharCount": false,
                    "showWordCount": false,
                    "calculateValue": "",
                    "calculateServer": false,
                    "allowMultipleMasks": false,
                    "customDefaultValue": "",
                    "allowCalculateOverride": false
                },
                {
                    "label": "Aanmelden voor sportactiviteit A",
                    "optionsLabelPosition": "right",
                    "tableView": false,
                    "defaultValue": {
                        "a": false
                    },
                    "values": [
                        {
                            "label": "-",
                            "value": "a",
                            "shortcut": ""
                        }
                    ],
                    "validate": {
                        "required": true,
                        "onlyAvailableItems": false
                    },
                    "key": "aanmeldenVoorSportactiviteitA",
                    "customConditional": "show = false;\n\nif (data.stadsdeelVolwassen && data.stadsdeelVolwassen.stadsdeel == 'Nijmegen-Noord') {\n  show = true;\n}",
                    "type": "selectboxes",
                    "input": true,
                    "inputType": "checkbox"
                },
                {
                    "label": "Aanmelden voor sportactiviteit B",
                    "optionsLabelPosition": "right",
                    "tableView": false,
                    "defaultValue": {
                        "a": false
                    },
                    "values": [
                        {
                            "label": "-",
                            "value": "a",
                            "shortcut": ""
                        }
                    ],
                    "validate": {
                        "required": true,
                        "onlyAvailableItems": false
                    },
                    "key": "aanmeldenVoorSportactiviteitB",
                    "customConditional": "show = false;\n\nif (data.stadsdeelVolwassen && data.stadsdeelVolwassen.stadsdeel == 'Nijmegen-Centrum') {\n  show = true;\n}",
                    "type": "selectboxes",
                    "input": true,
                    "inputType": "checkbox"
                },
                {
                    "label": "Aanmelden voor sportactiviteit",
                    "optionsLabelPosition": "right",
                    "tableView": false,
                    "defaultValue": {
                        "a": false
                    },
                    "values": [
                        {
                            "label": "Onbeperkt Wijksporten",
                            "value": "a",
                            "shortcut": ""
                        }
                    ],
                    "validate": {
                        "required": true,
                        "onlyAvailableItems": false
                    },
                    "key": "aanmeldenVoorSportactiviteitC",
                    "customConditional": "show = false;\n\nif (data.stadsdeelVolwassen && data.stadsdeelVolwassen.stadsdeel == 'Nijmegen-Oost') {\n  show = true;\n}",
                    "type": "selectboxes",
                    "input": true,
                    "inputType": "checkbox"
                },
                {
                    "label": "Aanmelden voor sportactiviteit",
                    "optionsLabelPosition": "right",
                    "tableView": false,
                    "defaultValue": {
                        "a": false,
                        "b": false
                    },
                    "values": [
                        {
                            "label": "Kwiek wandelroute (Park Maldenborgh)",
                            "value": "a",
                            "shortcut": ""
                        },
                        {
                            "label": "Nationale (diabetes) Challenge (Goffert)",
                            "value": "b",
                            "shortcut": ""
                        }
                    ],
                    "validate": {
                        "required": true,
                        "onlyAvailableItems": false
                    },
                    "key": "aanmeldenVoorSportactiviteitD",
                    "customConditional": "show = false;\n\nif (data.stadsdeelVolwassen && data.stadsdeelVolwassen.stadsdeel == 'Nijmegen-Midden & Zuid') {\n  show = true;\n}",
                    "type": "selectboxes",
                    "input": true,
                    "inputType": "checkbox"
                },
                {
                    "label": "Aanmelden voor sportactiviteit",
                    "optionsLabelPosition": "right",
                    "tableView": false,
                    "defaultValue": {
                        "a": false
                    },
                    "values": [
                        {
                            "label": "MixSports",
                            "value": "a",
                            "shortcut": ""
                        }
                    ],
                    "validate": {
                        "required": true,
                        "onlyAvailableItems": false
                    },
                    "key": "aanmeldenVoorSportactiviteitE",
                    "customConditional": "show = false;\n\nif (data.stadsdeelVolwassen && data.stadsdeelVolwassen.stadsdeel == 'Nijmegen-Oud & Nieuw-West') {\n  show = true;\n}",
                    "type": "selectboxes",
                    "input": true,
                    "inputType": "checkbox"
                },
                {
                    "label": "Aanmelden voor sportactiviteit",
                    "optionsLabelPosition": "right",
                    "tableView": false,
                    "defaultValue": {
                        "a": false,
                        "b": false,
                        "c": false
                    },
                    "values": [
                        {
                            "label": "Onbeperkt Wijksporten (Sporthal Meijhorst)",
                            "value": "a",
                            "shortcut": ""
                        },
                        {
                            "label": "Sport & spel (Wijkcentrum Dukenburg)",
                            "value": "b",
                            "shortcut": ""
                        },
                        {
                            "label": "Sport & spel (Gymzaal Malvert)",
                            "value": "c",
                            "shortcut": ""
                        }
                    ],
                    "validate": {
                        "required": true,
                        "onlyAvailableItems": false
                    },
                    "key": "aanmeldenVoorSportactiviteitF",
                    "customConditional": "show = false;\n\nif (data.stadsdeelVolwassen && data.stadsdeelVolwassen.stadsdeel == 'Dukenburg') {\n  show = true;\n}",
                    "type": "selectboxes",
                    "input": true,
                    "inputType": "checkbox"
                },
                {
                    "label": "Aanmelden voor sportactiviteit",
                    "optionsLabelPosition": "right",
                    "tableView": false,
                    "defaultValue": {
                        "a": false
                    },
                    "values": [
                        {
                            "label": "Onbeperkt Wijksporten (Sporthal Horstacker)",
                            "value": "a",
                            "shortcut": ""
                        }
                    ],
                    "validate": {
                        "required": true,
                        "onlyAvailableItems": false
                    },
                    "key": "aanmeldenVoorSportactiviteitG",
                    "customConditional": "show = false;\n\nif (data.stadsdeelVolwassen && data.stadsdeelVolwassen.stadsdeel == 'Lindenholt') {\n  show = true;\n}",
                    "type": "selectboxes",
                    "input": true,
                    "inputType": "checkbox"
                },
                {
                    "label": "Naam ambulant begeleider",
                    "tableView": true,
                    "key": "naamAmbulantBegeleider",
                    "customConditional": "show = false;\n\nvar a = data.aanmeldenVoorSportactiviteitA && data.aanmeldenVoorSportactiviteitA.a ? true:false;\nvar b = data.aanmeldenVoorSportactiviteitB && data.aanmeldenVoorSportactiviteitB.a ? true:false;\nvar c = data.aanmeldenVoorSportactiviteitC && data.aanmeldenVoorSportactiviteitC.a ? true:false;\nvar e = data.aanmeldenVoorSportactiviteitE && data.aanmeldenVoorSportactiviteitE.a ? true:false;\nvar f = data.aanmeldenVoorSportactiviteitF && data.aanmeldenVoorSportactiviteitF.a ? true:false;\nvar g = data.aanmeldenVoorSportactiviteitG && data.aanmeldenVoorSportactiviteitG.a ? true:false;\n\nif (a || b || c || e || f || g) {\n  show = true;\n}",
                    "type": "textfield",
                    "input": true,
                    "prefill": {
                        "plugin": "",
                        "attribute": "",
                        "identifierRole": "main"
                    }
                },
                {
                    "label": "Organisatie ambulant begeleider",
                    "tableView": true,
                    "key": "organisatieAmbulantBegeleider1",
                    "customConditional": "show = false;\n\nvar a = data.aanmeldenVoorSportactiviteitA && data.aanmeldenVoorSportactiviteitA.a ? true:false;\nvar b = data.aanmeldenVoorSportactiviteitB && data.aanmeldenVoorSportactiviteitB.a ? true:false;\nvar c = data.aanmeldenVoorSportactiviteitC && data.aanmeldenVoorSportactiviteitC.a ? true:false;\nvar e = data.aanmeldenVoorSportactiviteitE && data.aanmeldenVoorSportactiviteitE.a ? true:false;\nvar f = data.aanmeldenVoorSportactiviteitF && data.aanmeldenVoorSportactiviteitF.a ? true:false;\nvar g = data.aanmeldenVoorSportactiviteitG && data.aanmeldenVoorSportactiviteitG.a ? true:false;\n\nif (a || b || c || e || f || g) {\n  show = true;\n}",
                    "type": "textfield",
                    "input": true,
                    "prefill": {
                        "plugin": "",
                        "attribute": "",
                        "identifierRole": "main"
                    }
                },
                {
                    "label": "Sport uw kind bij een sporvereniging?",
                    "optionsLabelPosition": "right",
                    "inline": false,
                    "tableView": false,
                    "values": [
                        {
                            "label": "ja",
                            "value": "ja",
                            "shortcut": ""
                        },
                        {
                            "label": "nee",
                            "value": "nee",
                            "shortcut": ""
                        }
                    ],
                    "validate": {
                        "required": true
                    },
                    "key": "sportUwKindBijEenSporvereniging",
                    "type": "radio",
                    "input": true
                },
                {
                    "label": "Columns",
                    "columns": [
                        {
                            "components": [],
                            "width": 3,
                            "offset": 0,
                            "push": 0,
                            "pull": 0,
                            "size": "sm",
                            "currentWidth": 3
                        },
                        {
                            "components": [],
                            "width": 3,
                            "offset": 0,
                            "push": 0,
                            "pull": 0,
                            "size": "sm",
                            "currentWidth": 3
                        }
                    ],
                    "key": "columns2",
                    "type": "columns",
                    "input": false,
                    "tableView": false
                }
            ]
        }
    },
    {
        "url": "http://localhost/api/v2/form-definitions/c0dd2c93-9acb-4760-a5e7-2006dd162973",
        "uuid": "c0dd2c93-9acb-4760-a5e7-2006dd162973",
        "name": "Toestemming",
        "slug": "toestemming",
        "configuration": {
            "display": "form",
            "components": [
                {
                    "components": [
                        {
                            "label": "Geeft u toestemming dat uw gegevens bewaard worden voor het seizoen 2023-2024?",
                            "optionsLabelPosition": "right",
                            "description": "Wij bewaren uw gegevens tot het einde van het seizoen. Daarna verwijderen wij de gegevens.",
                            "inline": false,
                            "tableView": false,
                            "values": [
                                {
                                    "label": "ja",
                                    "value": "ja",
                                    "shortcut": ""
                                },
                                {
                                    "label": "nee",
                                    "value": "nee",
                                    "shortcut": ""
                                }
                            ],
                            "validate": {
                                "required": true
                            },
                            "key": "geeftUToestemmingDatUwGegevensBewaardWordenVoorHetSeizoen",
                            "type": "radio",
                            "input": true
                        },
                        {
                            "label": "Geeft u toestemming voor het maken van foto’s bij de sportactiviteiten die misschien gebruikt worden voor reclame?",
                            "optionsLabelPosition": "right",
                            "inline": false,
                            "tableView": false,
                            "values": [
                                {
                                    "label": "ja",
                                    "value": "ja",
                                    "shortcut": ""
                                },
                                {
                                    "label": "nee",
                                    "value": "nee",
                                    "shortcut": ""
                                }
                            ],
                            "validate": {
                                "required": true
                            },
                            "key": "geeftUToestemmingVoorHetMakenVanFotosBijDeSportactiviteitenDieMisschienGebruiktWordenVoorReclame",
                            "type": "radio",
                            "input": true
                        },
                        {
                            "label": "Geeft u toestemming dat u gedurende seizoen 2023-2024 benaderd kan worden voor de promotie van andere sportactiviteiten?",
                            "optionsLabelPosition": "right",
                            "inline": false,
                            "tableView": false,
                            "values": [
                                {
                                    "label": "ja",
                                    "value": "ja",
                                    "shortcut": ""
                                },
                                {
                                    "label": "nee",
                                    "value": "nee",
                                    "shortcut": ""
                                }
                            ],
                            "validate": {
                                "required": true
                            },
                            "key": "geeftUToestemmingDatUGedurendeSeizoenBenaderdKanWordenVoorDePromotieVanAndereSportactiviteiten",
                            "type": "radio",
                            "input": true
                        },
                        {
                            "html": "<p>Meedoen aan een activiteit is op eigen risico: de gemeente Nijmegen is niet verantwoordelijk (aansprakelijk) voor schade of gewond raken.</p>",
                            "label": "Content",
                            "refreshOnChange": false,
                            "key": "content",
                            "type": "content",
                            "input": false,
                            "tableView": false
                        }
                    ],
                    "key": "fieldSet-1",
                    "type": "fieldset",
                    "label": "Field Set",
                    "tree": false,
                    "input": false,
                    "hidden": false,
                    "legend": "",
                    "prefix": "",
                    "suffix": "",
                    "unique": false,
                    "widget": null,
                    "dbIndex": false,
                    "overlay": {
                        "top": "",
                        "left": "",
                        "style": "",
                        "width": "",
                        "height": ""
                    },
                    "tooltip": "",
                    "disabled": false,
                    "multiple": false,
                    "redrawOn": "",
                    "tabindex": "",
                    "validate": {
                        "custom": "",
                        "unique": false,
                        "multiple": false,
                        "required": false,
                        "customPrivate": false,
                        "strictDateValidation": false
                    },
                    "autofocus": false,
                    "encrypted": false,
                    "hideLabel": false,
                    "modalEdit": false,
                    "protected": false,
                    "refreshOn": "",
                    "tableView": false,
                    "attributes": {},
                    "errorLabel": "",
                    "hideHeader": false,
                    "persistent": false,
                    "properties": {},
                    "validateOn": "change",
                    "clearOnHide": true,
                    "customClass": "",
                    "description": "",
                    "placeholder": "",
                    "defaultValue": null,
                    "dataGridLabel": false,
                    "labelPosition": "top",
                    "showCharCount": false,
                    "showWordCount": false,
                    "calculateValue": "",
                    "calculateServer": false,
                    "allowMultipleMasks": false,
                    "customDefaultValue": "",
                    "allowCalculateOverride": false
                },
                {
                    "components": [
                        {
                            "label": "Geeft u toestemming dat uw kind mag meedoen aan de sportactiviteiten en mogen wij daarover met u contact opnemen? ",
                            "optionsLabelPosition": "right",
                            "description": "Meedoen aan een activiteit is op eigen risico: de gemeente Nijmegen is niet verantwoordelijk (aansprakelijk) voor schade of gewond raken.",
                            "inline": false,
                            "tableView": false,
                            "values": [
                                {
                                    "label": "ja",
                                    "value": "ja",
                                    "shortcut": ""
                                },
                                {
                                    "label": "nee",
                                    "value": "nee",
                                    "shortcut": ""
                                }
                            ],
                            "validate": {
                                "required": true
                            },
                            "key": "geeftUToestemmingDatUwKindMagMeedoenAanDeSportactiviteitenEnMogenWijDaaroverMetUContactOpnemen",
                            "type": "radio",
                            "input": true
                        },
                        {
                            "label": "Geeft u toestemming dat de gegevens van uw kind bewaard worden voor het schooljaar 2023-2024?",
                            "optionsLabelPosition": "right",
                            "description": "De gegevens van uw kind bewaren wij tot het einde van het schooljaar. Daarna verwijderen wij de gegevens.",
                            "inline": false,
                            "tableView": false,
                            "values": [
                                {
                                    "label": "ja",
                                    "value": "ja",
                                    "shortcut": ""
                                },
                                {
                                    "label": "nee",
                                    "value": "nee",
                                    "shortcut": ""
                                }
                            ],
                            "validate": {
                                "required": true
                            },
                            "key": "geeftUToestemmingDatDeGegevensVanUwKindBewaardWordenVoorHetSchooljaar",
                            "type": "radio",
                            "input": true
                        },
                        {
                            "label": "Geeft u toestemming voor het maken van foto’s van uw kind die misschien gebruikt worden voor reclame?",
                            "optionsLabelPosition": "right",
                            "inline": false,
                            "tableView": false,
                            "values": [
                                {
                                    "label": "ja",
                                    "value": "ja",
                                    "shortcut": ""
                                },
                                {
                                    "label": "nee",
                                    "value": "nee",
                                    "shortcut": ""
                                }
                            ],
                            "validate": {
                                "required": true
                            },
                            "key": "geeftUToestemmingVoorHetMakenVanFotosVanUwKindDieMisschienGebruiktWordenVoorReclame",
                            "type": "radio",
                            "input": true
                        }
                    ],
                    "key": "fieldSet",
                    "type": "fieldset",
                    "label": "Field Set",
                    "tree": false,
                    "input": false,
                    "hidden": false,
                    "legend": "",
                    "prefix": "",
                    "suffix": "",
                    "unique": false,
                    "widget": null,
                    "dbIndex": false,
                    "overlay": {
                        "top": "",
                        "left": "",
                        "style": "",
                        "width": "",
                        "height": ""
                    },
                    "tooltip": "",
                    "disabled": false,
                    "multiple": false,
                    "redrawOn": "",
                    "tabindex": "",
                    "validate": {
                        "custom": "",
                        "unique": false,
                        "multiple": false,
                        "required": false,
                        "customPrivate": false,
                        "strictDateValidation": false
                    },
                    "autofocus": false,
                    "encrypted": false,
                    "hideLabel": false,
                    "modalEdit": false,
                    "protected": false,
                    "refreshOn": "",
                    "tableView": false,
                    "attributes": {},
                    "errorLabel": "",
                    "hideHeader": false,
                    "persistent": false,
                    "properties": {},
                    "validateOn": "change",
                    "clearOnHide": true,
                    "customClass": "",
                    "description": "",
                    "placeholder": "",
                    "defaultValue": null,
                    "dataGridLabel": false,
                    "labelPosition": "top",
                    "showCharCount": false,
                    "showWordCount": false,
                    "calculateValue": "",
                    "calculateServer": false,
                    "allowMultipleMasks": false,
                    "customDefaultValue": "",
                    "allowCalculateOverride": false
                },
                {
                    "label": "Opmerkingen",
                    "tableView": true,
                    "inputFormat": "plain",
                    "key": "opmerkingen",
                    "type": "textarea",
                    "input": true,
                    "autoExpand": false
                },
                {
                    "label": "Columns",
                    "columns": [
                        {
                            "components": [],
                            "width": 3,
                            "offset": 0,
                            "push": 0,
                            "pull": 0,
                            "size": "sm",
                            "currentWidth": 3
                        },
                        {
                            "components": [],
                            "width": 3,
                            "offset": 0,
                            "push": 0,
                            "pull": 0,
                            "size": "sm",
                            "currentWidth": 3
                        }
                    ],
                    "key": "columns6",
                    "type": "columns",
                    "input": false,
                    "tableView": false
                }
            ]
        }
    }
]