[
    {
        "uuid": "44fb8c89-04f4-4ce4-8028-32e86e205c9e",
        "index": "0",
        "slug": "algemeen",
        "form_definition": "http://localhost/api/v2/form-definitions/a990809e-45ca-410d-8d7e-f4fa88247207"
    },
    {
        "uuid": "82817274-4846-4b78-9f83-e9ff42869db2",
        "index": "1",
        "slug": "uw-gegevens",
        "form_definition": "http://localhost/api/v2/form-definitions/226f6760-73ca-4537-9348-43121f053f46"
    },
    {
        "uuid": "9d444cb0-e26e-4171-a157-d58c62ccc1c7",
        "index": "2",
        "slug": "gegevens-kind",
        "form_definition": "http://localhost/api/v2/form-definitions/06247cd9-b48f-4bc6-9c36-939401c898ba"
    },
    {
        "uuid": "3ddf322f-2e3c-4ba3-bdf7-6b4c0d58ba2a",
        "index": "3",
        "slug": "gegevens-ouder-verzorger",
        "form_definition": "http://localhost/api/v2/form-definitions/10b6c554-2b23-4f98-b2f4-f8444da82cf9"
    },
    {
        "uuid": "96d5406c-c9f6-4d9d-abd7-739ebbdd9590",
        "index": "4",
        "slug": "gegevens-2e-contactpersoon",
        "form_definition": "http://localhost/api/v2/form-definitions/155a54a8-92ee-47eb-aaab-bd25b83a0bef"
    },
    {
        "uuid": "6889ce09-dcc4-4abe-9fff-8ff5d7144ab4",
        "index": "5",
        "slug": "sportactiviteiten",
        "form_definition": "http://localhost/api/v2/form-definitions/08f307ad-98e3-4014-9f17-b5a6017d630d"
    },
    {
        "uuid": "62e8db25-579c-439e-b519-cde9dcb5c616",
        "index": "6",
        "slug": "toestemming",
        "form_definition": "http://localhost/api/v2/form-definitions/1564e558-db2e-4988-b1ff-1c637923558c"
    },
    {
        "uuid": "ce9488e1-2636-4206-ade5-04bef0a000c8",
        "index": "7",
        "slug": "contactgegevens",
        "form_definition": "http://localhost/api/v2/form-definitions/3b98e28b-cc74-4925-813a-9348b7a3cd65"
    }
]