[
    {
        "uuid": "74e86a27-fb2a-4aae-b26e-0d46e4c905b9",
        "name": "Aanmelden sportactiviteit (voorbeeld)",
        "internal_name": "",
        "login_required": false,
        "authentication_backends": [],
        "slug": "aanmeldensportactiviteitvoorbeeld",
        "url": "http://localhost/api/v2/forms/74e86a27-fb2a-4aae-b26e-0d46e4c905b9",
        "show_progress_indicator": true,
        "maintenance_mode": false,
        "active": true,
        "is_deleted": false,
        "suspension_allowed": true,
        "send_confirmation_email": true,
        "display_main_website_link": true,
        "required_fields_with_asterisk": true,
        "resume_link_lifetime": 7,
        "hide_non_applicable_steps": true
    }
]