[
    {
        "uuid": "d26b20c0-b763-4516-9b9d-33ad565cb8f1",
        "name": "Toestemming vervoer gevaarlijke stoffen aanvragen",
        "internal_name": "",
        "login_required": false,
        "authentication_backends": [],
        "slug": "toestemmingvervoergevaarlijkestoffenaanvragen",
        "url": "http://localhost/api/v2/forms/d26b20c0-b763-4516-9b9d-33ad565cb8f1",
        "show_progress_indicator": true,
        "maintenance_mode": false,
        "active": true,
        "is_deleted": false,
        "suspension_allowed": true,
        "send_confirmation_email": true,
        "display_main_website_link": true,
        "required_fields_with_asterisk": true,
        "resume_link_lifetime": 7,
        "hide_non_applicable_steps": true
    }
]