[
    {
        "uuid": "c75d401b-3a14-4083-9f9e-b1e0a59eb811",
        "index": "0",
        "slug": "uw-gegevens",
        "form_definition": "http://localhost/api/v2/form-definitions/35b1300d-282c-4027-98fe-c648e77300a6"
    },
    {
        "uuid": "c33bf8b7-f4bc-407c-80f6-b2e8bd20c400",
        "index": "1",
        "slug": "iban",
        "form_definition": "http://localhost/api/v2/form-definitions/a87288d6-515f-4cbb-bf75-a8aacdd0ef77"
    },
    {
        "uuid": "5364a8ad-d242-4034-9c81-f055d4278ec7",
        "index": "2",
        "slug": "subsidie-en-plan",
        "form_definition": "http://localhost/api/v2/form-definitions/5fc255c1-fe87-4f28-8dd7-e71b6de9ef73"
    },
    {
        "uuid": "61439c89-cfe1-4f2b-83ea-1a5c0859fa67",
        "index": "3",
        "slug": "planning",
        "form_definition": "http://localhost/api/v2/form-definitions/b24052e4-323e-4209-ac90-c088f27986d1"
    },
    {
        "uuid": "b760485e-9e2e-4b83-9460-c7265956cbe6",
        "index": "4",
        "slug": "inkomsten-en-kosten",
        "form_definition": "http://localhost/api/v2/form-definitions/783b0cfd-0b4d-46a6-bddc-fb64388f31c0"
    },
    {
        "uuid": "9d643545-e0c4-4597-abc4-41f77e4298e7",
        "index": "5",
        "slug": "bijlagen",
        "form_definition": "http://localhost/api/v2/form-definitions/a39323b5-4d0a-4c5f-a549-17c74eb7398e"
    }
]