[
    {
        "uuid": "3e6f7755-d75f-455c-90c7-680ad91e3601",
        "name": "Subsidie uit ondernemersfonds aanvragen",
        "internal_name": "",
        "login_required": false,
        "authentication_backends": [],
        "slug": "subsidieuitondernemersfondsaanvragen",
        "url": "http://localhost/api/v2/forms/3e6f7755-d75f-455c-90c7-680ad91e3601",
        "show_progress_indicator": true,
        "maintenance_mode": false,
        "active": true,
        "is_deleted": false,
        "suspension_allowed": true,
        "send_confirmation_email": true,
        "display_main_website_link": true,
        "required_fields_with_asterisk": true,
        "resume_link_lifetime": 7,
        "hide_non_applicable_steps": true
    }
]