[
    {
        "uuid": "6f19439d-fe4f-4f31-b38e-2367d006016f",
        "name": "Energietoeslag aanvragen",
        "internal_name": "",
        "login_required": false,
        "authentication_backends": [],
        "slug": "energietoeslagaanvragen",
        "url": "http://localhost/api/v2/forms/6f19439d-fe4f-4f31-b38e-2367d006016f",
        "show_progress_indicator": true,
        "maintenance_mode": false,
        "active": true,
        "is_deleted": false,
        "suspension_allowed": true,
        "send_confirmation_email": true,
        "display_main_website_link": true,
        "required_fields_with_asterisk": true,
        "resume_link_lifetime": 7,
        "hide_non_applicable_steps": true
    }
]