[
    {
        "uuid": "bdbb294e-ad08-447c-9cde-2d26cee3d95f",
        "index": "0",
        "slug": "uw-gegevens",
        "form_definition": "http://localhost/api/v2/form-definitions/96c97ce9-a7b7-48d4-9f0d-96bc45f10868"
    },
    {
        "uuid": "b52c1797-8bf2-43a3-ba8f-5d772d205551",
        "index": "1",
        "slug": "iban",
        "form_definition": "http://localhost/api/v2/form-definitions/a629ed2b-cb54-4db6-b8dc-ea0cbd69cb41"
    },
    {
        "uuid": "f602a467-90bc-49d2-8900-900d3a4cdb7b",
        "index": "2",
        "slug": "subsidie",
        "form_definition": "http://localhost/api/v2/form-definitions/b9eae073-dd29-4da4-b25b-358945ada771"
    },
    {
        "uuid": "971b9507-66ea-4ba2-955c-c2b560a43462",
        "index": "3",
        "slug": "plan",
        "form_definition": "http://localhost/api/v2/form-definitions/39df4429-e26f-48f5-b178-3bd22ba6d0bc"
    },
    {
        "uuid": "7858e04e-125d-45d7-a8f1-1ff3bce6c263",
        "index": "4",
        "slug": "uitvoeren-plan",
        "form_definition": "http://localhost/api/v2/form-definitions/7a17397e-e51c-4e91-8247-6b0317b5ccba"
    },
    {
        "uuid": "deac0fec-be0b-415d-a8ad-548cacb5dd71",
        "index": "5",
        "slug": "inkomsten-en-kosten",
        "form_definition": "http://localhost/api/v2/form-definitions/47bbb6f9-b3c9-4f1b-af23-bebeb9df2057"
    },
    {
        "uuid": "ea3c3e02-e00a-4c5c-a48e-d7c8bd2747f0",
        "index": "6",
        "slug": "bijlagen",
        "form_definition": "http://localhost/api/v2/form-definitions/85659f44-a577-4ba1-adcb-75bf224ef5eb"
    }
]