[
    {
        "uuid": "bf414d8a-0756-45e4-85e7-f93587b7ff0d",
        "name": "Subsidie lhbti aanvragen oud",
        "internal_name": "",
        "login_required": false,
        "authentication_backends": [],
        "slug": "subsidielhbtiaanvragenoud",
        "url": "http://localhost/api/v2/forms/bf414d8a-0756-45e4-85e7-f93587b7ff0d",
        "show_progress_indicator": true,
        "maintenance_mode": false,
        "active": true,
        "is_deleted": false,
        "suspension_allowed": true,
        "send_confirmation_email": true,
        "display_main_website_link": true,
        "required_fields_with_asterisk": true,
        "resume_link_lifetime": 7,
        "hide_non_applicable_steps": true
    }
]